date,retail_and_recreation_percent_change_from_baseline,grocery_and_pharmacy_percent_change_from_baseline,parks_percent_change_from_baseline,transit_stations_percent_change_from_baseline,workplaces_percent_change_from_baseline,residential_percent_change_from_baseline
2020-02-15,-6.569536423841059,-2.630252100840336,-15.68284789644013,-14.753086419753087,5.266272189349112,1.2616822429906542
2020-02-16,-5.907801418439717,1.0185185185185186,-14.738853503184714,-17.493827160493826,-0.29850746268656714,2.5
2020-02-17,-4.377952755905512,1.1363636363636365,-7.422641509433962,2.8974358974358974,15.296296296296296,-1.288
2020-02-18,-4.661417322834645,-1.6238532110091743,-7.338403041825095,1.7733333333333334,16.084656084656086,-1.6507936507936507
2020-02-19,-5.909090909090909,-4.467889908256881,-8.819852941176471,0.4358974358974359,13.041450777202073,-1.905511811023622
2020-02-20,-5.28030303030303,-4.715596330275229,-8.2,0.02631578947368421,6.791878172588833,-0.4435483870967742
2020-02-21,-7.093525179856115,-4.769911504424779,-10.111486486486486,1.3333333333333333,12.526881720430108,-0.5166666666666667
2020-02-22,-7.8933333333333335,-5.857142857142857,-11.948717948717949,-4.609756097560975,3.8265895953757227,0.5
2020-02-23,-8.070921985815604,-5.296296296296297,-12.613924050632912,-8.417721518987342,-1.736842105263158,1.880952380952381
2020-02-24,-9.536,-7.072727272727272,-12.952029520295204,-2.569620253164557,9.765625,-0.21951219512195122
2020-02-25,-10.515873015873016,-8.481481481481481,-13.408088235294118,-2.324675324675325,10.735751295336788,-0.48760330578512395
2020-02-26,-7.809160305343512,-6.10091743119266,-7.808988764044944,-2.151898734177215,13.46875,-1.453125
2020-02-27,-6.572519083969466,-3.308411214953271,-10.523297491039427,-2.1772151898734178,13.828125,-1.3565891472868217
2020-02-28,-2.9214285714285713,3.5982142857142856,-9.25,-1.1219512195121952,21.405555555555555,-2.48
2020-02-29,0.673469387755102,7.285714285714286,-6.629032258064516,-5.105882352941176,9.802395209580839,-1.0458715596330275
2020-03-01,0.05714285714285714,10.166666666666666,-8.079617834394904,-7.3875,3.282442748091603,0.7142857142857143
2020-03-02,-2.3622047244094486,6.216216216216216,-7.6992481203007515,1.6153846153846154,17.79787234042553,-1.8253968253968254
2020-03-03,-3.48,2.5555555555555554,-8.198529411764707,-0.32051282051282054,18.29100529100529,-1.8818897637795275
2020-03-04,-3.1893939393939394,1.4907407407407407,-6.159259259259259,-1.5316455696202531,16.036082474226806,-2.0076923076923077
2020-03-05,-3.046153846153846,1.5700934579439252,-5.9781818181818185,-0.4358974358974359,15.796875,-1.9384615384615385
2020-03-06,-3.978102189781022,-0.6071428571428571,-9.683501683501683,0.13253012048192772,22.229508196721312,-2.256
2020-03-07,-2.08,2.191666666666667,-9.72168284789644,-6.662650602409639,10.275449101796408,-0.22727272727272727
2020-03-08,6.571428571428571,4.972222222222222,-5.118971061093248,-10.234567901234568,4.369230769230769,0.7469879518072289
2020-03-09,-8.173228346456693,-2.8440366972477062,-12.325925925925926,-2.367088607594937,16.827225130890053,-0.8188976377952756
2020-03-10,-8.89763779527559,-4.675925925925926,-12.092592592592593,-3.7875,17.29100529100529,-1.0714285714285714
2020-03-11,-8.17557251908397,-3.853211009174312,-10.549815498154981,-3.576923076923077,14.762886597938145,-1.2734375
2020-03-12,-8.378787878787879,-3.7757009345794392,-10.83754512635379,-5.5625,13.96875,-0.9291338582677166
2020-03-13,-9.935714285714285,-3.232142857142857,-14.542087542087542,-7.7682926829268295,19.666666666666668,-1.024390243902439
2020-03-14,-8.271523178807946,2.2016806722689077,-14.047923322683706,-14.714285714285714,9.065868263473053,0.9814814814814815
2020-03-15,-14.211267605633802,5.138888888888889,-16.47151898734177,-20.75,0.7575757575757576,3.5357142857142856
2020-03-16,-14.88,8.785046728971963,-17.442379182156134,-14.531645569620252,-0.21649484536082475,4.436974789915967
2020-03-17,-22.488188976377952,6.5754716981132075,-20.658273381294965,-20.012048192771083,-7.569306930693069,7.521367521367521
2020-03-18,-27.401574803149607,0.7757009345794392,-22.581227436823106,-24.34567901234568,-14.25615763546798,10.157894736842104
2020-03-19,-29.480916030534353,-3.2115384615384617,-24.258064516129032,-26.6125,-18.009615384615383,11.247787610619469
2020-03-20,-47.765151515151516,-17.84070796460177,-38.92255892255892,-47.833333333333336,-28.253658536585366,17.75
2020-03-21,-76.16030534351145,-54.0,-65.839590443686,-66.3108108108108,-55.801980198019805,27.575342465753426
2020-03-22,-82.53488372093024,-64.50877192982456,-71.68904593639576,-72.02857142857142,-52.603658536585364,24.16393442622951
2020-03-23,-82.58928571428571,-66.34513274336283,-68.56078431372549,-72.38028169014085,-71.9253112033195,34.64705882352941
2020-03-24,-65.02479338842976,-41.11818181818182,-53.38831615120275,-58.888888888888886,-51.043668122270745,24.583333333333332
2020-03-25,-81.25438596491227,-66.3963963963964,-69.39636363636363,-77.72307692307692,-65.92561983471074,32.901234567901234
2020-03-26,-80.1304347826087,-63.27272727272727,-68.15901060070671,-76.49253731343283,-66.0860655737705,33.358024691358025
2020-03-27,-80.8130081300813,-62.46551724137931,-69.01027397260275,-77.94444444444444,-63.170212765957444,35.19753086419753
2020-03-28,-81.68702290076335,-63.50806451612903,-71.92307692307692,-77.5072463768116,-60.980582524271846,30.315068493150687
2020-03-29,-85.784,-70.27433628318585,-76.02898550724638,-82.55737704918033,-56.8855421686747,25.466666666666665
2020-03-30,-76.80701754385964,-58.69642857142857,-65.61267605633803,-75.26865671641791,-62.6228813559322,32.0
2020-03-31,-75.64406779661017,-55.234234234234236,-63.59722222222222,-73.08450704225352,-62.24686192468619,30.988235294117647
2020-04-01,-75.45689655172414,-54.92727272727273,-63.4135593220339,-74.45945945945945,-63.09623430962343,31.44047619047619
2020-04-02,-75.34188034188034,-54.52252252252252,-62.98976109215017,-72.79729729729729,-62.99586776859504,31.797619047619047
2020-04-03,-77.68,-57.0948275862069,-66.1887417218543,-75.9342105263158,-60.16228070175438,33.795180722891565
2020-04-04,-81.12878787878788,-63.34426229508197,-71.17218543046357,-77.5,-59.610837438423644,30.144736842105264
2020-04-05,-85.39024390243902,-70.4424778761062,-76.21223021582733,-81.81967213114754,-55.75449101796407,25.271186440677965
2020-04-06,-75.81981981981981,-57.71296296296296,-64.58741258741259,-73.95774647887323,-61.51063829787234,31.80722891566265
2020-04-07,-74.47826086956522,-53.55045871559633,-61.67465753424658,-72.70270270270271,-60.94957983193277,30.470588235294116
2020-04-08,-73.32743362831859,-50.26168224299065,-60.5016835016835,-72.3972602739726,-61.38559322033898,29.5
2020-04-09,-83.55555555555556,-65.13207547169812,-71.07575757575758,-79.56060606060606,-74.00398406374502,35.405797101449274
2020-04-10,-88.54237288135593,-76.77678571428571,-77.40663900414938,-86.17460317460318,-76.74285714285715,39.5
2020-04-11,-84.44881889763779,-71.575,-73.81428571428572,-79.98484848484848,-63.37623762376238,31.542857142857144
2020-04-12,-87.2542372881356,-76.52830188679245,-77.76014760147602,-82.47540983606558,-57.50595238095238,25.945454545454545
2020-04-13,-74.53571428571429,-56.77777777777778,-63.50530035335689,-72.79729729729729,-58.11965811965812,30.770114942528735
2020-04-14,-74.82300884955752,-56.56481481481482,-63.14335664335665,-73.39473684210526,-58.48068669527897,30.96511627906977
2020-04-15,-73.86607142857143,-54.642201834862384,-62.14878892733564,-71.33333333333333,-58.00429184549356,29.934782608695652
2020-04-16,-73.29824561403508,-53.91818181818182,-61.61724137931034,-72.21333333333334,-58.219917012448136,30.38888888888889
2020-04-17,-74.10655737704919,-53.23684210526316,-63.76158940397351,-73.41025641025641,-54.8675799086758,31.666666666666668
2020-04-18,-81.84375,-68.9090909090909,-71.85958904109589,-77.13888888888889,-56.81218274111675,30.03846153846154
2020-04-19,-86.53846153846153,-76.33636363636364,-76.09420289855072,-80.51612903225806,-54.95092024539877,25.372881355932204
2020-04-20,-72.73451327433628,-54.925925925925924,-61.75609756097561,-72.28,-54.51293103448276,29.604395604395606
2020-04-21,-73.42608695652174,-55.846846846846844,-62.82332155477032,-72.23287671232876,-55.53913043478261,29.73913043478261
2020-04-22,-72.84955752212389,-55.44859813084112,-61.80565371024735,-71.97297297297297,-54.935064935064936,29.096774193548388
2020-04-23,-72.84210526315789,-54.88073394495413,-62.00687285223368,-70.37662337662337,-55.413502109704645,29.387096774193548
2020-04-24,-73.26229508196721,-54.31304347826087,-63.81395348837209,-72.26829268292683,-51.325581395348834,30.65934065934066
2020-04-25,-79.3875968992248,-67.15833333333333,-70.3840830449827,-74.94594594594595,-52.91959798994975,28.75609756097561
2020-04-26,-84.98290598290598,-74.53211009174312,-74.94306049822065,-79.25373134328358,-51.28395061728395,24.37704918032787
2020-04-27,-68.08620689655173,-51.23148148148148,-59.295138888888886,-68.34615384615384,-48.12888888888889,27.357894736842105
2020-04-28,-67.67241379310344,-49.870370370370374,-57.8259385665529,-67.7125,-49.062222222222225,26.231578947368423
2020-04-29,-66.36752136752136,-47.842592592592595,-57.02721088435374,-66.61538461538461,-49.118942731277535,26.357894736842105
2020-04-30,-64.23728813559322,-43.626168224299064,-54.658940397350996,-66.34615384615384,-48.47826086956522,25.627659574468087
2020-05-01,-76.08264462809917,-57.19827586206897,-64.8961937716263,-75.33766233766234,-62.0,34.123456790123456
2020-05-02,-76.11538461538461,-61.94957983193277,-66.8703071672355,-73.33783783783784,-49.75257731958763,27.176470588235293
2020-05-03,-83.44444444444444,-72.2909090909091,-73.48905109489051,-78.42647058823529,-49.77215189873418,23.79032258064516
2020-05-04,-63.6695652173913,-43.9811320754717,-54.744897959183675,-65.67948717948718,-44.5,25.36
2020-05-05,-63.016949152542374,-43.22857142857143,-53.84137931034483,-64.9493670886076,-44.54504504504504,25.435643564356436
2020-05-06,-61.91525423728814,-41.55140186915888,-51.42567567567568,-63.55696202531646,-44.21621621621622,25.217821782178216
2020-05-07,-61.6551724137931,-40.211009174311926,-50.629629629629626,-62.35,-44.18340611353712,25.455445544554454
2020-05-08,-62.19047619047619,-37.94736842105263,-52.700325732899024,-63.96341463414634,-39.576190476190476,26.33
2020-05-09,-71.86363636363636,-54.831932773109244,-60.691275167785236,-68.4,-42.723958333333336,25.174418604651162
2020-05-10,-77.3984375,-66.92592592592592,-66.08503401360544,-72.3,-40.74193548387097,21.53846153846154
2020-05-11,-60.39316239316239,-41.08411214953271,-50.774744027303754,-61.22784810126582,-39.63084112149533,24.019607843137255
2020-05-12,-60.12931034482759,-40.42307692307692,-50.43402777777778,-61.7625,-39.31651376146789,24.254901960784313
2020-05-13,-60.05128205128205,-40.370370370370374,-50.399328859060404,-62.4375,-40.09090909090909,24.16346153846154
2020-05-14,-59.66386554621849,-38.93636363636364,-50.0066889632107,-61.425,-40.683035714285715,23.778846153846153
2020-05-15,-60.41935483870968,-36.608695652173914,-51.04575163398693,-62.707317073170735,-36.2200956937799,24.5
2020-05-16,-69.76119402985074,-52.24166666666667,-59.38943894389439,-67.11392405063292,-38.526315789473685,23.586206896551722
2020-05-17,-79.73170731707317,-66.44036697247707,-68.0721649484536,-73.24285714285715,-41.8974358974359,22.045454545454547
2020-05-18,-56.067796610169495,-35.22727272727273,-48.02739726027397,-59.65822784810127,-35.49523809523809,22.672897196261683
2020-05-19,-57.65546218487395,-37.594339622641506,-48.85467128027682,-59.34146341463415,-36.36405529953917,23.35576923076923
2020-05-20,-56.082644628099175,-34.74074074074074,-45.766891891891895,-58.734939759036145,-36.593607305936075,22.632075471698112
2020-05-21,-56.0,-34.79816513761468,-45.96969696969697,-58.575,-37.02714932126697,23.160377358490567
2020-05-22,-57.7421875,-34.00877192982456,-48.3453947368421,-60.30952380952381,-31.783653846153847,23.533333333333335
2020-05-23,-68.74264705882354,-51.752066115702476,-57.28990228013029,-66.29629629629629,-33.9468085106383,22.617977528089888
2020-05-24,-77.83870967741936,-65.69444444444444,-66.5050505050505,-72.3913043478261,-38.86538461538461,21.348484848484848
2020-05-25,-72.98275862068965,-56.648148148148145,-58.96376811594203,-71.0657894736842,-60.65384615384615,30.430232558139537
2020-05-26,-53.91596638655462,-32.990566037735846,-43.8719723183391,-57.45,-31.348837209302324,20.818181818181817
2020-05-27,-53.260504201680675,-32.074074074074076,-43.36518771331058,-57.23456790123457,-33.02325581395349,21.833333333333332
2020-05-28,-53.8,-32.018181818181816,-44.19191919191919,-56.95,-32.83796296296296,22.0
2020-05-29,-53.71653543307087,-28.321739130434782,-44.95424836601307,-57.6144578313253,-27.66829268292683,22.411214953271028
2020-05-30,-65.52941176470588,-46.239669421487605,-55.31511254019293,-64.37974683544304,-27.335135135135136,21.417582417582416
2020-05-31,-73.592,-57.828828828828826,-62.2983606557377,-69.56410256410257,-28.881944444444443,20.01388888888889
2020-06-01,-48.91596638655462,-25.509090909090908,-40.55709342560554,-54.171052631578945,-27.28708133971292,20.035714285714285
2020-06-02,-48.611570247933884,-25.457142857142856,-40.51903114186851,-53.5679012345679,-27.74056603773585,20.2972972972973
2020-06-03,-50.333333333333336,-27.293577981651374,-42.69830508474576,-54.3,-29.53080568720379,20.544642857142858
2020-06-04,-47.86991869918699,-24.935185185185187,-39.14675767918089,-52.05128205128205,-28.46511627906977,20.241071428571427
2020-06-05,-50.267716535433074,-25.04385964912281,-43.21311475409836,-54.22093023255814,-23.813725490196077,20.925925925925927
2020-06-06,-60.08759124087591,-39.14876033057851,-51.881410256410255,-59.52439024390244,-22.49171270718232,18.87912087912088
2020-06-07,-71.1259842519685,-55.663636363636364,-60.700325732899024,-67.72151898734177,-26.19047619047619,18.54054054054054
2020-06-08,-47.15702479338843,-26.666666666666668,-40.95189003436426,-53.44303797468354,-20.34915254237288,19.330357142857142
2020-06-09,-48.66115702479339,-28.39814814814815,-41.796491228070174,-53.67088607594937,-21.57046979865772,19.71171171171171
2020-06-10,-47.16129032258065,-27.72897196261682,-41.027303754266214,-54.25609756097561,-22.546666666666667,19.6
2020-06-11,-47.073170731707314,-27.9009009009009,-40.186440677966104,-53.4125,-23.14569536423841,19.6875
2020-06-12,-48.823076923076925,-25.75438596491228,-42.45779220779221,-54.15294117647059,-16.783505154639176,20.09090909090909
2020-06-13,-55.82014388489208,-32.429752066115704,-48.03846153846154,-57.74698795180723,-13.055762081784387,17.5
2020-06-14,-69.03875968992249,-53.41284403669725,-59.79807692307692,-68.27272727272727,-19.10169491525424,18.38961038961039
2020-06-15,-67.2051282051282,-51.763636363636365,-54.48432055749129,-68.4054054054054,-49.353135313531354,27.98913043478261
2020-06-16,-42.552845528455286,-21.54368932038835,-36.86411149825784,-50.275,-18.494983277591974,17.62162162162162
2020-06-17,-43.82113821138211,-22.825688073394495,-39.56701030927835,-52.575,-21.57718120805369,18.585585585585587
2020-06-18,-45.20967741935484,-25.009345794392523,-39.17171717171717,-52.3625,-23.04983388704319,18.792792792792792
2020-06-19,-39.6640625,-13.234234234234235,-38.0328947368421,-51.51807228915663,-14.934027777777779,17.30909090909091
2020-06-20,-53.888888888888886,-29.425,-46.78683385579937,-56.829268292682926,-11.317164179104477,16.632653061224488
2020-06-21,-65.63846153846154,-48.43518518518518,-55.85031847133758,-65.42666666666666,-11.201754385964913,16.3375
2020-06-22,-67.47008547008546,-53.84403669724771,-55.52797202797203,-68.59210526315789,-51.08552631578947,27.471910112359552
2020-06-23,-43.71311475409836,-23.429906542056074,-38.39446366782007,-52.81012658227848,-20.163333333333334,17.56756756756757
2020-06-24,-43.43089430894309,-23.1,-36.704861111111114,-52.7,-20.68896321070234,17.508928571428573
2020-06-25,-43.7578125,-23.49074074074074,-37.03716216216216,-51.65822784810127,-22.219269102990033,18.2972972972973
2020-06-26,-45.542635658914726,-21.831858407079647,-39.8,-52.166666666666664,-16.313993174061434,18.927272727272726
2020-06-27,-51.56028368794326,-27.69747899159664,-44.774294670846395,-54.41975308641975,-11.973282442748092,15.793814432989691
2020-06-28,-66.67441860465117,-50.403669724770644,-57.40514469453376,-65.88311688311688,-19.244725738396625,17.766233766233768
2020-06-29,-62.40677966101695,-46.154545454545456,-50.12982456140351,-65.05194805194805,-49.28947368421053,26.096774193548388
2020-06-30,-37.808,-14.923076923076923,-32.0,-49.12658227848101,-18.389261744966444,16.207207207207208
2020-07-01,-37.976,-14.944444444444445,-33.15679442508711,-52.151898734177216,-20.31313131313131,16.776785714285715
2020-07-02,-38.52,-14.548076923076923,-32.5,-49.864197530864196,-21.627906976744185,17.37837837837838
2020-07-03,-40.30534351145038,-16.1858407079646,-35.03986710963455,-51.23809523809524,-15.31958762886598,18.06422018348624
2020-07-04,-50.84892086330935,-27.722689075630253,-44.73667711598746,-54.55421686746988,-12.07089552238806,16.135416666666668
2020-07-05,-62.906976744186046,-45.30909090909091,-53.608150470219435,-62.45,-16.99570815450644,16.77922077922078
2020-07-06,-39.8130081300813,-19.825688073394495,-37.10104529616725,-51.4625,-19.95286195286195,17.576576576576578
2020-07-07,-41.00813008130081,-20.895238095238096,-36.745644599303134,-50.148148148148145,-21.516778523489933,17.54954954954955
2020-07-08,-42.0,-22.66355140186916,-36.74825174825175,-53.74683544303797,-21.792642140468228,17.396396396396398
2020-07-09,-41.92857142857143,-22.57943925233645,-36.275510204081634,-50.9625,-22.85430463576159,17.675675675675677
2020-07-10,-45.42307692307692,-22.885964912280702,-39.90879478827362,-52.734939759036145,-16.85958904109589,18.53211009174312
2020-07-11,-52.51063829787234,-33.15702479338843,-46.587859424920126,-55.475,-14.416974169741698,16.389473684210525
2020-07-12,-64.3125,-49.68518518518518,-55.44551282051282,-64.32894736842105,-19.60683760683761,17.207792207792206
2020-07-13,-43.33050847457627,-25.18348623853211,-39.0551724137931,-53.8974358974359,-21.681208053691275,18.10091743119266
2020-07-14,-43.892561983471076,-24.64761904761905,-39.07342657342657,-53.21518987341772,-22.856666666666666,18.19090909090909
2020-07-15,-44.26229508196721,-23.185185185185187,-39.313793103448276,-53.55696202531646,-22.803333333333335,18.009174311926607
2020-07-16,-43.76229508196721,-22.504761904761907,-38.30612244897959,-54.148148148148145,-25.066225165562916,18.145454545454545
2020-07-17,-50.2109375,-26.95575221238938,-43.92483660130719,-56.626506024096386,-20.183673469387756,20.69158878504673
2020-07-18,-59.76978417266187,-39.86776859504132,-52.29073482428115,-60.15853658536585,-19.80811808118081,18.846153846153847
2020-07-19,-72.20161290322581,-58.862385321100916,-61.495114006514655,-70.76712328767124,-26.247899159663866,19.63888888888889
2020-07-20,-71.55652173913043,-60.56363636363636,-58.56583629893238,-70.79220779220779,-54.588815789473685,29.524390243902438
2020-07-21,-44.35,-24.533333333333335,-40.648275862068964,-53.4125,-21.872909698996654,17.34862385321101
2020-07-22,-44.85123966942149,-24.9811320754717,-40.363013698630134,-54.358024691358025,-23.74750830564784,18.373831775700936
2020-07-23,-45.15447154471545,-25.84259259259259,-40.333333333333336,-54.04938271604938,-24.237623762376238,18.87962962962963
2020-07-24,-51.1,-30.096491228070175,-44.85016286644951,-58.083333333333336,-20.316326530612244,21.564814814814813
2020-07-25,-61.6241134751773,-45.048780487804876,-53.46325878594249,-60.901234567901234,-20.62043795620438,20.526881720430108
2020-07-26,-71.7265625,-59.788990825688074,-60.58412698412698,-69.2051282051282,-24.810344827586206,19.767123287671232
2020-07-27,-43.86440677966102,-24.936363636363637,-39.78892733564014,-53.717948717948715,-21.926174496644297,18.46788990825688
2020-07-28,-44.48360655737705,-24.754716981132077,-39.46689895470383,-53.34177215189873,-22.5752508361204,18.727272727272727
2020-07-29,-44.107438016528924,-23.869158878504674,-38.80487804878049,-52.9,-23.707641196013288,18.39814814814815
2020-07-30,-43.766129032258064,-22.15740740740741,-38.4054054054054,-52.6625,-25.151815181518153,18.85185185185185
2020-07-31,-47.627906976744185,-23.628318584070797,-40.30491803278689,-56.098765432098766,-19.707482993197278,20.485981308411215
2020-08-01,-57.09489051094891,-37.083333333333336,-47.22857142857143,-58.0,-18.650557620817843,18.79787234042553
2020-08-02,-69.2265625,-53.870370370370374,-57.52063492063492,-68.25641025641026,-25.037974683544302,18.60810810810811
2020-08-03,-42.596638655462186,-20.74774774774775,-37.13380281690141,-53.62820512820513,-22.42809364548495,18.327102803738317
2020-08-04,-41.483333333333334,-19.36190476190476,-35.42198581560284,-52.1,-22.11705685618729,18.27777777777778
2020-08-05,-41.27642276422764,-18.63888888888889,-34.12587412587413,-53.58227848101266,-22.88372093023256,17.906542056074766
2020-08-06,-38.403225806451616,-12.485714285714286,-31.12323943661972,-49.8125,-22.970394736842106,16.166666666666668
2020-08-07,-67.144,-51.20338983050848,-51.540983606557376,-68.36585365853658,-43.53973509933775,29.311827956989248
2020-08-08,-63.50359712230216,-48.55,-50.2031746031746,-61.353658536585364,-23.602150537634408,21.06741573033708
2020-08-09,-72.85496183206106,-61.54545454545455,-58.313291139240505,-68.91025641025641,-26.518987341772153,19.27777777777778
2020-08-10,-41.390243902439025,-20.98181818181818,-35.477031802120145,-53.67948717948718,-20.956521739130434,17.0
2020-08-11,-42.00806451612903,-22.42452830188679,-36.25,-52.2,-22.156666666666666,17.854545454545455
2020-08-12,-43.28,-23.925233644859812,-36.109154929577464,-54.285714285714285,-22.294314381270905,17.788990825688074
2020-08-13,-44.113821138211385,-24.192660550458715,-37.14334470989761,-52.382716049382715,-23.589403973509935,18.146788990825687
2020-08-14,-45.87786259541985,-22.47787610619469,-38.00990099009901,-54.24691358024691,-17.61433447098976,18.47222222222222
2020-08-15,-58.22142857142857,-39.93388429752066,-46.05993690851735,-55.7125,-18.4,18.75531914893617
2020-08-16,-68.92366412213741,-55.171171171171174,-55.69206349206349,-65.63291139240506,-23.533898305084747,17.986301369863014
2020-08-17,-72.91228070175438,-57.851851851851855,-65.79411764705883,-79.27586206896552,-65.67961165048544,27.892857142857142
2020-08-18,-45.094339622641506,-20.235294117647058,-38.92063492063492,-56.96296296296296,-28.0989010989011,16.117117117117118
2020-08-19,-47.370370370370374,-25.1,-42.0,-59.55555555555556,-31.329787234042552,17.69724770642202
2020-08-20,-45.925925925925924,-23.74,-39.890625,-59.333333333333336,-31.138297872340427,17.423423423423422
2020-08-21,-50.0,-25.867924528301888,-42.492753623188406,-60.689655172413794,-26.58888888888889,18.685185185185187
2020-08-22,-58.87096774193548,-37.15,-49.94047619047619,-60.714285714285715,-21.3625,17.16842105263158
2020-08-23,-69.50847457627118,-52.38181818181818,-60.2906976744186,-71.25,-23.879310344827587,17.216216216216218
2020-08-24,-47.735849056603776,-28.03921568627451,-42.306451612903224,-59.51851851851852,-28.391304347826086,17.39814814814815
2020-08-25,-46.370370370370374,-25.11764705882353,-40.523809523809526,-58.15384615384615,-28.824175824175825,17.36036036036036
2020-08-26,-46.44444444444444,-25.50980392156863,-39.507936507936506,-58.55555555555556,-29.053763440860216,16.91743119266055
2020-08-27,-45.888888888888886,-24.28,-39.04838709677419,-58.44444444444444,-29.043010752688172,16.91891891891892
2020-08-28,-47.27272727272727,-23.0,-38.75757575757576,-58.44827586206897,-24.168539325842698,17.333333333333332
2020-08-29,-54.064516129032256,-30.379310344827587,-45.535714285714285,-57.2962962962963,-17.125,14.916666666666666
2020-08-30,-62.898305084745765,-42.0,-52.02469135802469,-67.25,-19.403508771929825,14.736842105263158
2020-08-31,-43.54716981132076,-21.431372549019606,-37.706896551724135,-56.65384615384615,-26.835164835164836,16.036363636363635
2020-09-01,-38.64150943396226,-12.791666666666666,-33.5,-49.16,-26.934065934065934,15.324324324324325
2020-09-02,-39.611111111111114,-15.479166666666666,-35.40983606557377,-51.03846153846154,-28.41304347826087,15.081818181818182
2020-09-03,-38.25925925925926,-14.395833333333334,-34.5,-51.5,-28.50537634408602,15.2
2020-09-04,-40.574074074074076,-16.102040816326532,-34.96969696969697,-50.964285714285715,-23.292134831460675,15.49074074074074
2020-09-05,-39.666666666666664,-14.115384615384615,-32.4025974025974,-47.84615384615385,-12.397435897435898,11.121212121212121
2020-09-06,-47.732142857142854,-25.44,-37.85333333333333,-54.26923076923077,-12.716981132075471,10.272727272727273
2020-09-07,-38.924528301886795,-18.541666666666668,-35.526315789473685,-49.52,-27.175824175824175,14.495495495495495
2020-09-08,-39.60377358490566,-18.551020408163264,-35.5,-49.64,-27.63736263736264,14.927272727272728
2020-09-09,-39.425925925925924,-19.0625,-34.067796610169495,-50.11538461538461,-27.21505376344086,14.20183486238532
2020-09-10,-38.01851851851852,-18.040816326530614,-32.50847457627118,-49.64,-28.06382978723404,14.63302752293578
2020-09-11,-36.429577464788736,-18.700934579439252,-28.77257525083612,-41.40963855421687,-15.465986394557824,15.289719626168225
2020-09-12,-36.9741935483871,-16.92982456140351,-26.608974358974358,-37.925,-8.332075471698113,11.0
2020-09-13,-44.04761904761905,-28.317307692307693,-30.5625,-41.64102564102564,-12.14410480349345,10.168831168831169
2020-09-14,-32.6875,-17.935185185185187,-26.89667896678967,-41.41025641025641,-15.016949152542374,13.909090909090908
2020-09-15,-31.870229007633586,-14.84,-25.96309963099631,-41.103896103896105,-15.719063545150501,14.432432432432432
2020-09-16,-32.64179104477612,-15.74757281553398,-26.70479704797048,-40.69230769230769,-17.548494983277592,14.172727272727272
2020-09-17,-31.723880597014926,-14.46078431372549,-26.19217081850534,-38.87012987012987,-19.033112582781456,14.427272727272728
2020-09-18,-33.683098591549296,-13.084905660377359,-27.717171717171716,-40.44444444444444,-12.20274914089347,14.407407407407407
2020-09-19,-31.246753246753247,-10.383928571428571,-21.929032258064517,-35.1125,-5.6273764258555135,9.693069306930694
2020-09-20,-40.326530612244895,-24.15686274509804,-28.2625,-40.586666666666666,-8.782222222222222,8.657894736842104
2020-09-21,-34.91538461538462,-17.78301886792453,-27.022140221402214,-40.8051948051948,-17.622895622895623,14.623853211009175
2020-09-22,-35.56488549618321,-13.732673267326733,-25.157509157509157,-39.7875,-17.333333333333332,14.136363636363637
2020-09-23,-38.60769230769231,-15.676470588235293,-27.471014492753625,-42.20253164556962,-17.983333333333334,14.434782608695652
2020-09-24,-37.8,-15.188118811881187,-27.307420494699645,-41.962025316455694,-19.933774834437084,14.640287769784173
2020-09-25,-37.71830985915493,-12.814814814814815,-27.78716216216216,-39.845238095238095,-12.267123287671232,14.385185185185184
2020-09-26,-37.380645161290325,-10.513274336283185,-24.256493506493506,-35.949367088607595,-5.347328244274809,10.62992125984252
2020-09-27,-43.601351351351354,-22.74757281553398,-29.021875,-36.88461538461539,-10.362445414847162,9.79245283018868
2020-09-28,-36.338582677165356,-12.00943396226415,-26.61764705882353,-39.07692307692308,-15.525423728813559,13.823529411764707
2020-09-29,-37.37593984962406,-11.603960396039604,-27.29090909090909,-38.96296296296296,-16.613333333333333,13.818840579710145
2020-09-30,-35.09701492537314,-6.509615384615385,-27.10181818181818,-40.57692307692308,-18.266666666666666,12.278571428571428
2020-10-01,-33.208955223880594,-0.27722772277227725,-24.512455516014235,-37.8875,-16.990066225165563,11.035460992907801
2020-10-02,-32.9645390070922,-0.5794392523364486,-26.640677966101695,-36.90243902439025,-11.479310344827587,11.335766423357665
2020-10-03,-33.4671052631579,-2.9391304347826086,-25.103896103896105,-32.825,-6.665413533834586,8.220472440944881
2020-10-04,-38.78472222222222,-12.613861386138614,-26.671875,-33.96103896103896,-10.26086956521739,7.7924528301886795
2020-10-05,-31.171875,-2.766990291262136,-23.954716981132076,-34.75,-16.58724832214765,10.333333333333334
2020-10-06,-30.46564885496183,-3.782178217821782,-22.83703703703704,-34.55,-16.426666666666666,10.485507246376812
2020-10-07,-31.28030303030303,-6.805825242718447,-24.594890510948904,-35.14102564102564,-15.297658862876254,11.021428571428572
2020-10-08,-30.215384615384615,-5.294117647058823,-23.842293906810035,-31.727272727272727,-16.239202657807308,11.640287769784173
2020-10-09,-31.922535211267604,-5.849056603773585,-24.44557823129252,-32.17283950617284,-10.411149825783973,11.720588235294118
2020-10-10,-29.433333333333334,-4.04424778761062,-15.524590163934427,-23.936708860759495,-3.3601532567049808,8.023622047244094
2020-10-11,-30.80821917808219,-12.54639175257732,-9.597402597402597,-26.466666666666665,-6.4734513274336285,6.8584905660377355
2020-10-12,-41.16528925619835,-26.0,-19.275590551181104,-37.266666666666666,-48.55115511551155,16.03676470588235
2020-10-13,-32.30534351145038,-8.0,-27.912087912087912,-32.311688311688314,-14.003344481605351,11.855072463768115
2020-10-14,-31.91044776119403,-6.805825242718447,-28.08695652173913,-33.55128205128205,-13.90268456375839,12.66906474820144
2020-10-15,-29.84732824427481,-1.396039603960396,-24.90909090909091,-32.9,-14.849498327759198,12.618705035971223
2020-10-16,-32.02097902097902,-1.7641509433962264,-26.361486486486488,-32.81481481481482,-8.754325259515571,12.897058823529411
2020-10-17,-31.908496732026144,-2.026086956521739,-25.844660194174757,-29.75,-2.4923664122137406,9.527559055118111
2020-10-18,-37.81506849315068,-11.980392156862745,-27.77602523659306,-30.384615384615383,-5.142857142857143,8.710280373831775
2020-10-19,-33.66153846153846,-6.078431372549019,-29.78148148148148,-33.43421052631579,-13.783783783783784,12.933823529411764
2020-10-20,-32.223076923076924,-7.12621359223301,-27.52,-35.075949367088604,-14.08361204013378,13.072463768115941
2020-10-21,-32.2442748091603,-6.855769230769231,-25.69485294117647,-36.775,-13.393939393939394,12.7
2020-10-22,-30.872180451127818,-5.772277227722772,-24.145985401459853,-37.11538461538461,-14.34448160535117,12.446043165467627
2020-10-23,-33.423611111111114,-7.261682242990654,-26.714285714285715,-36.69135802469136,-8.39655172413793,12.801470588235293
2020-10-24,-32.43421052631579,-5.008771929824562,-23.613636363636363,-33.93827160493827,-0.8494208494208494,9.362204724409448
2020-10-25,-35.75694444444444,-12.413461538461538,-23.174193548387098,-32.69230769230769,-3.017857142857143,8.065420560747663
2020-10-26,-31.251968503937007,-4.538461538461538,-24.91417910447761,-36.13157894736842,-11.66554054054054,11.884057971014492
2020-10-27,-32.18320610687023,-6.401960784313726,-27.025547445255473,-36.25,-12.657718120805368,12.398550724637682
2020-10-28,-31.548872180451127,-6.485714285714286,-28.90974729241877,-34.734177215189874,-12.02020202020202,12.215827338129497
2020-10-29,-29.46153846153846,-3.414141414141414,-28.659574468085108,-32.58441558441559,-12.979933110367893,11.942446043165468
2020-10-30,-31.69503546099291,-0.18867924528301888,-30.08135593220339,-32.59756097560975,-6.832752613240418,11.985294117647058
2020-10-31,-35.48051948051948,-1.1293103448275863,-29.92207792207792,-31.363636363636363,-3.0884615384615386,10.307086614173228
2020-11-01,-36.98601398601399,-9.8,-26.555555555555557,-35.973684210526315,-5.869955156950673,9.485714285714286
2020-11-02,-38.86290322580645,-17.596153846153847,-24.15730337078652,-40.56,-46.073089700996675,17.514705882352942
2020-11-03,-26.124031007751938,3.77,-24.617100371747213,-29.974683544303797,-10.177257525083611,10.417266187050359
2020-11-04,-27.80916030534351,-1.5728155339805825,-27.653429602888085,-33.24050632911393,-11.267796610169492,11.521428571428572
2020-11-05,-27.643939393939394,-1.4509803921568627,-27.516014234875446,-32.42307692307692,-12.652173913043478,11.725352112676056
2020-11-06,-30.43661971830986,-4.222222222222222,-30.87837837837838,-33.26829268292683,-6.693379790940766,12.183823529411764
2020-11-07,-28.94039735099338,-3.6315789473684212,-28.583870967741934,-28.049382716049383,1.2334630350194553,8.777777777777779
2020-11-08,-34.23776223776224,-11.657142857142857,-28.584126984126986,-31.0126582278481,-0.6772727272727272,8.566037735849056
2020-11-09,-30.653543307086615,-7.25,-31.967391304347824,-33.14666666666667,-11.067796610169491,12.194244604316546
2020-11-10,-29.94573643410853,-7.098039215686274,-31.294545454545453,-33.86842105263158,-11.498316498316498,12.195652173913043
2020-11-11,-29.689393939393938,-6.747572815533981,-30.25357142857143,-32.82051282051282,-11.448979591836734,11.886524822695035
2020-11-12,-27.610687022900763,-4.368932038834951,-29.0,-31.272727272727273,-12.06312292358804,11.71830985915493
2020-11-13,-30.70921985815603,-5.768518518518518,-32.683673469387756,-30.430379746835442,-6.666666666666667,12.043795620437956
2020-11-14,-24.56,2.3893805309734515,-21.45928338762215,-19.4875,-0.8416988416988417,7.952755905511811
2020-11-15,-25.006849315068493,-2.372549019607843,-14.49185667752443,-24.792207792207794,0.7235023041474654,6.712962962962963
2020-11-16,-35.288,-19.19047619047619,-24.886363636363637,-34.333333333333336,-45.60132890365448,16.065693430656935
2020-11-17,-28.161538461538463,-3.320388349514563,-29.818181818181817,-27.842105263157894,-10.575250836120402,10.485714285714286
2020-11-18,-26.015151515151516,-0.6057692307692307,-27.487364620938628,-26.576923076923077,-9.810169491525423,10.893617021276595
2020-11-19,-25.12121212121212,-1.5196078431372548,-27.339285714285715,-27.935897435897434,-10.876254180602007,11.174825174825175
2020-11-20,-26.4822695035461,-0.34579439252336447,-29.489795918367346,-28.209876543209877,-4.221830985915493,11.102189781021897
2020-11-21,-20.973856209150327,6.752212389380531,-22.717041800643088,-24.666666666666668,5.75390625,6.74015748031496
2020-11-22,-27.734265734265733,-4.451923076923077,-24.28525641025641,-26.08974358974359,3.9907834101382487,7.2592592592592595
2020-11-23,-25.1640625,0.20192307692307693,-26.94074074074074,-27.17105263157895,-7.900343642611684,10.342857142857143
2020-11-24,-25.784615384615385,-2.372549019607843,-27.71062271062271,-26.5,-8.634228187919463,10.702898550724637
2020-11-25,-22.90909090909091,1.6470588235294117,-23.75735294117647,-28.03846153846154,-7.6938775510204085,10.085106382978724
2020-11-26,-21.209302325581394,3.504950495049505,-23.136690647482013,-26.766233766233768,-8.22635135135135,9.734265734265735
2020-11-27,-22.901408450704224,4.158878504672897,-29.10472972972973,-29.098765432098766,-3.221052631578947,9.72463768115942
2020-11-28,-22.45098039215686,4.911504424778761,-24.074193548387097,-20.3375,6.104651162790698,6.393700787401575
2020-11-29,-22.544827586206896,4.303921568627451,-21.45016077170418,-22.675324675324674,7.283720930232558,5.842592592592593
2020-11-30,-18.787401574803148,10.153846153846153,-21.561338289962826,-24.186666666666667,-5.396551724137931,8.863309352517986
2020-12-01,-16.643410852713178,13.303030303030303,-19.53159851301115,-22.573333333333334,-5.889261744966443,8.570422535211268
2020-12-02,-17.18045112781955,12.764705882352942,-19.794117647058822,-24.350649350649352,-5.136518771331058,8.711267605633802
2020-12-03,-15.292307692307693,13.27450980392157,-17.869090909090907,-21.105263157894736,-6.087837837837838,8.51048951048951
2020-12-04,-17.71631205673759,12.283018867924529,-19.97945205479452,-21.382716049382715,0.5444839857651246,7.985611510791367
2020-12-05,-16.013513513513512,12.366071428571429,-15.752475247524753,-15.55,8.960474308300395,4.6141732283464565
2020-12-06,-18.30344827586207,8.28,-13.893203883495145,-22.77922077922078,11.41904761904762,4.787037037037037
2020-12-07,-9.472,23.92079207920792,-0.8661417322834646,-19.66216216216216,-4.958477508650519,5.535714285714286
2020-12-08,-31.285714285714285,-12.54368932038835,-15.524904214559387,-37.56410256410256,-38.45514950166113,15.16058394160584
2020-12-09,-21.251908396946565,6.03921568627451,-19.307407407407407,-21.736842105263158,-5.85374149659864,7.563380281690141
2020-12-10,-20.023255813953487,7.764705882352941,-17.20740740740741,-21.54054054054054,-6.882943143812709,8.035211267605634
2020-12-11,-22.46153846153846,6.934579439252336,-19.387543252595155,-24.4375,-0.09574468085106383,8.613138686131387
2020-12-12,-22.575163398692812,6.543859649122807,-13.892508143322475,-18.68354430379747,9.368627450980393,5.645669291338582
2020-12-13,-23.53793103448276,1.8514851485148516,-13.363636363636363,-17.037974683544302,12.400943396226415,5.37962962962963
2020-12-14,-19.96031746031746,7.745098039215686,-17.75,-18.63013698630137,-5.123711340206185,8.042857142857143
2020-12-15,-16.748031496062993,12.25,-15.438202247191011,-20.13157894736842,-5.437288135593221,7.742857142857143
2020-12-16,-16.20769230769231,15.442307692307692,-13.1787072243346,-18.605263157894736,-3.955631399317406,7.1063829787234045
2020-12-17,-15.782945736434108,14.9,-14.164233576642335,-18.64,-6.03030303030303,7.574468085106383
2020-12-18,-18.735714285714284,12.75,-16.49310344827586,-22.08974358974359,0.528169014084507,7.528985507246377
2020-12-19,-18.192052980132452,14.628318584070797,-11.986798679867986,-13.23076923076923,11.10236220472441,4.15748031496063
2020-12-20,-18.06896551724138,13.405940594059405,-12.320261437908497,-12.525641025641026,18.047846889952154,3.9166666666666665
2020-12-21,-8.707317073170731,23.20952380952381,-9.4,-14.64864864864865,-3.290657439446367,6.192857142857143
2020-12-22,-6.7063492063492065,27.484848484848484,-7.311538461538461,-10.569444444444445,-4.723905723905724,5.706293706293707
2020-12-23,-1.2575757575757576,40.87,0.47104247104247104,-8.054794520547945,-3.3055555555555554,4.1328671328671325
2020-12-24,-5.175572519083969,52.857142857142854,7.983805668016195,-17.972972972972972,-12.568561872909699,4.986111111111111
2020-12-25,-61.27007299270073,-52.61607142857143,-37.69580419580419,-57.835443037974684,-57.82214765100671,21.619402985074625
2020-12-26,-30.218543046357617,-2.2719298245614037,-17.07308970099668,-27.170731707317074,-9.316981132075473,9.362204724409448
2020-12-27,-32.0,-7.1826923076923075,-17.54901960784314,-20.0,7.144859813084112,7.822429906542056
2020-12-28,-15.52,14.451923076923077,-10.456349206349206,-17.18918918918919,-9.091525423728813,9.16546762589928
2020-12-29,-10.92741935483871,21.343434343434343,-4.109375,-14.136986301369863,-9.35016835016835,7.907801418439717
2020-12-30,-2.6692913385826773,38.101010101010104,6.851851851851852,-12.853333333333333,-8.041237113402062,5.943661971830986
2020-12-31,-7.778625954198473,50.865979381443296,17.4235807860262,-22.315068493150687,-19.65551839464883,6.395833333333333
2021-01-01,-66.44776119402985,-59.07142857142857,-31.610714285714284,-59.171052631578945,-61.98679867986799,21.59259259259259
2021-01-02,-44.23809523809524,-22.008849557522122,-16.295681063122924,-34.888888888888886,-31.089285714285715,15.11111111111111
2021-01-03,-33.21678321678322,-11.679611650485437,-8.532467532467532,-11.567567567567568,-6.207207207207207,6.794392523364486
2021-01-04,-19.258064516129032,11.932038834951456,-5.028225806451613,-15.383561643835616,-14.377104377104377,9.97841726618705
2021-01-05,-20.866141732283463,8.431372549019608,-8.374501992031872,-17.786666666666665,-15.100334448160535,11.08695652173913
2021-01-06,-21.886363636363637,5.666666666666667,-9.691699604743082,-22.59493670886076,-14.60738255033557,11.192857142857143
2021-01-07,-21.419847328244273,7.490196078431373,-11.965648854961833,-18.62162162162162,-15.612040133779264,11.25531914893617
2021-01-08,-31.195652173913043,1.9150943396226414,-22.17993079584775,-27.621951219512194,-12.513793103448275,13.576642335766424
2021-01-09,-47.42567567567568,-24.043478260869566,-34.84466019417476,-36.2962962962963,-13.290076335877863,16.44
2021-01-10,-53.858156028368796,-34.68571428571428,-36.833333333333336,-38.83116883116883,-13.86784140969163,14.666666666666666
2021-01-11,-55.725806451612904,-38.9622641509434,-38.8364312267658,-42.63636363636363,-50.082508250825086,22.970588235294116
2021-01-12,-22.26923076923077,4.43,-19.078358208955223,-22.486842105263158,-10.722408026755852,8.778571428571428
2021-01-13,-27.098484848484848,-1.5436893203883495,-25.27106227106227,-26.766233766233768,-14.31438127090301,8.539007092198581
2021-01-14,-29.007575757575758,-5.533980582524272,-28.454873646209386,-27.855263157894736,-18.665562913907284,9.02836879432624
2021-01-15,-32.45,-5.944444444444445,-31.282392026578073,-31.875,-15.42123287671233,9.861313868613138
2021-01-16,-42.24,-16.80701754385965,-37.26198083067093,-34.80952380952381,-13.39179104477612,11.238095238095237
2021-01-17,-52.708333333333336,-33.15238095238095,-41.359375,-38.78481012658228,-17.038961038961038,11.485714285714286
2021-01-18,-29.92063492063492,-4.915094339622642,-30.033088235294116,-28.506849315068493,-16.505050505050505,9.122302158273381
2021-01-19,-31.046153846153846,-7.147058823529412,-30.67753623188406,-29.253333333333334,-17.723333333333333,9.683453237410072
2021-01-20,-30.856060606060606,-7.514285714285714,-29.783882783882785,-29.858974358974358,-16.94333333333333,9.985714285714286
2021-01-21,-30.587786259541986,-7.621359223300971,-30.50179211469534,-30.266666666666666,-17.579470198675498,10.278571428571428
2021-01-22,-33.73943661971831,-8.933962264150944,-33.979729729729726,-31.89156626506024,-11.479452054794521,10.846715328467154
2021-01-23,-38.70779220779221,-16.17241379310345,-34.70096463022508,-31.470588235294116,-9.162264150943397,10.344
2021-01-24,-48.302158273381295,-34.61904761904762,-38.78456591639871,-36.48101265822785,-15.58974358974359,10.314285714285715
2021-01-25,-30.818897637795274,-6.628571428571429,-30.183150183150182,-28.62162162162162,-13.752542372881356,9.798561151079136
2021-01-26,-30.742424242424242,-7.029411764705882,-30.71062271062271,-29.85333333333333,-15.013377926421406,10.18705035971223
2021-01-27,-29.541353383458645,-5.696078431372549,-29.701818181818183,-30.12987012987013,-13.782608695652174,10.00709219858156
2021-01-28,-28.466165413533833,-3.6310679611650487,-28.314285714285713,-27.263157894736842,-14.825082508250825,9.787234042553191
2021-01-29,-28.5625,-0.4392523364485981,-27.301369863013697,-28.597560975609756,-8.70242214532872,8.773722627737227
2021-01-30,-26.20945945945946,5.8584070796460175,-21.990228013029316,-23.817073170731707,-1.103846153846154,4.866141732283465
2021-01-31,-30.753521126760564,-2.8349514563106797,-22.825242718446603,-23.21518987341772,-3.0358744394618835,4.268518518518518
2021-02-01,-26.325396825396826,6.0,-25.166037735849056,-26.506493506493506,-12.366101694915255,7.492857142857143
2021-02-02,-24.74418604651163,5.362745098039215,-24.192592592592593,-26.276315789473685,-12.973333333333333,7.74468085106383
2021-02-03,-26.68421052631579,0.3786407766990291,-27.04074074074074,-28.90909090909091,-13.53,8.056737588652481
2021-02-04,-26.696969696969695,-0.5714285714285714,-27.314079422382672,-28.571428571428573,-14.920265780730897,8.415492957746478
2021-02-05,-28.958333333333332,-1.4074074074074074,-28.47138047138047,-30.604938271604937,-8.653979238754324,8.598540145985401
2021-02-06,-27.16774193548387,-0.23008849557522124,-23.840255591054312,-24.679012345679013,-1.6045627376425855,5.173228346456693
2021-02-07,-32.190140845070424,-10.792079207920793,-24.303514376996805,-21.844155844155843,-3.8080357142857144,4.685185185185185
2021-02-08,-28.274193548387096,-1.320754716981132,-29.566666666666666,-28.27027027027027,-12.922558922558922,8.321428571428571
2021-02-09,-27.412213740458014,-1.4903846153846154,-29.18888888888889,-28.039473684210527,-13.0,8.657142857142857
2021-02-10,-27.432835820895523,-2.188679245283019,-28.800738007380073,-29.960526315789473,-12.551839464882944,8.72340425531915
2021-02-11,-26.484848484848484,-0.8058252427184466,-27.809352517985612,-28.72,-13.443708609271523,8.394366197183098
2021-02-12,-29.52777777777778,-2.827272727272727,-31.14814814814815,-29.469135802469136,-7.465277777777778,8.518248175182482
2021-02-13,-27.19736842105263,1.2212389380530972,-26.01916932907348,-25.68354430379747,-1.7307692307692308,4.9375
2021-02-14,-31.1875,-9.184466019417476,-26.248407643312103,-22.818181818181817,-3.1339285714285716,4.779816513761468
2021-02-15,-25.357142857142858,4.805555555555555,-28.01115241635688,-24.684931506849313,-10.983221476510067,7.539007092198582
2021-02-16,-23.49618320610687,7.603960396039604,-25.75824175824176,-24.94736842105263,-11.583892617449665,7.549295774647887
2021-02-17,-23.862595419847327,6.480392156862745,-23.47037037037037,-25.571428571428573,-9.989864864864865,7.50354609929078
2021-02-18,-25.053030303030305,2.9019607843137254,-28.87900355871886,-25.397260273972602,-12.152823920265782,8.160839160839162
2021-02-19,-26.342657342657343,2.682242990654206,-28.44256756756757,-25.11111111111111,-5.041811846689895,7.9489051094890515
2021-02-20,-23.513333333333332,5.4375,-22.779935275080906,-20.397435897435898,1.2230769230769232,4.417322834645669
2021-02-21,-27.174825174825173,-2.872549019607843,-22.62619808306709,-18.31168831168831,-0.9817351598173516,4.175925925925926
2021-02-22,-26.182539682539684,3.8425925925925926,-28.80811808118081,-22.2972972972973,-8.810169491525423,7.780141843971631
2021-02-23,-24.114503816793892,4.631067961165049,-25.996350364963504,-23.773333333333333,-8.976510067114093,7.851063829787234
2021-02-24,-25.061068702290076,3.3398058252427183,-26.604395604395606,-23.973333333333333,-9.305084745762711,7.486111111111111
2021-02-25,-22.709923664122137,5.9411764705882355,-25.23913043478261,-22.706666666666667,-9.762541806020067,7.6923076923076925
2021-02-26,-22.244755244755243,9.703703703703704,-24.56756756756757,-22.275,-2.289198606271777,6.956521739130435
2021-02-27,-18.673333333333332,15.858407079646017,-19.781758957654723,-16.44871794871795,4.070038910505836,3.1328125
2021-02-28,-20.229166666666668,10.27450980392157,-19.17948717948718,-11.881578947368421,2.403669724770642,2.7314814814814814
2021-03-01,-21.6260162601626,12.30841121495327,-26.683823529411764,-18.0,-7.615120274914089,6.964539007092198
2021-03-02,-19.9921875,15.05940594059406,-24.047970479704798,-20.527027027027028,-7.646464646464646,7.091549295774648
2021-03-03,-20.229007633587788,13.333333333333334,-23.12313432835821,-20.818181818181817,-7.959322033898305,7.084507042253521
2021-03-04,-20.96946564885496,10.805825242718447,-24.401459854014597,-20.28,-9.272727272727273,7.391608391608392
2021-03-05,-21.377622377622377,11.601851851851851,-24.150170648464165,-21.925,-1.7665505226480835,6.771428571428571
2021-03-06,-18.44295302013423,13.513274336283185,-18.84090909090909,-16.636363636363637,4.436293436293436,3.2734375
2021-03-07,-22.62937062937063,4.950980392156863,-20.655844155844157,-16.243589743589745,2.5324074074074074,3.611111111111111
2021-03-08,-14.758064516129032,13.276190476190477,-22.401459854014597,-20.48611111111111,-6.268041237113402,6.457142857142857
2021-03-09,-22.515625,7.718446601941747,-24.863468634686345,-22.013333333333332,-7.591216216216216,7.321678321678322
2021-03-10,-24.67669172932331,5.238095238095238,-27.383763837638377,-22.94736842105263,-7.648648648648648,7.97887323943662
2021-03-11,-24.06153846153846,6.048543689320389,-26.824817518248175,-21.513513513513512,-8.63973063973064,8.111888111888112
2021-03-12,-24.90909090909091,5.666666666666667,-27.71864406779661,-21.6375,-1.916083916083916,7.913669064748201
2021-03-13,-21.483221476510067,10.356521739130434,-22.260450160771704,-18.151898734177216,5.011627906976744,4.453125
2021-03-14,-24.098591549295776,3.8932038834951457,-21.30448717948718,-16.88157894736842,2.793577981651376,4.203703703703703
2021-03-15,-23.227642276422763,10.839622641509434,-25.79850746268657,-19.09722222222222,-5.440273037542662,7.485714285714286
2021-03-16,-21.078125,13.75,-23.177777777777777,-19.22222222222222,-6.013513513513513,7.345070422535211
2021-03-17,-21.16030534351145,12.196078431372548,-24.25461254612546,-19.493506493506494,-5.149152542372882,7.563380281690141
2021-03-18,-21.412213740458014,10.392156862745098,-25.32846715328467,-15.58108108108108,-6.3355704697986575,7.93006993006993
2021-03-19,-18.140845070422536,13.592592592592593,-21.367346938775512,-17.126582278481013,1.9755244755244756,6.392857142857143
2021-03-20,-17.36551724137931,14.522522522522523,-13.836601307189543,-9.697368421052632,6.073643410852713,3.5826771653543306
2021-03-21,-16.445205479452056,8.333333333333334,-4.850162866449511,-14.706666666666667,4.247663551401869,2.9722222222222223
2021-03-22,-32.224,-10.914285714285715,-22.416988416988417,-25.61111111111111,-45.5625,14.147058823529411
2021-03-23,-21.770992366412212,10.941176470588236,-22.2,-16.06756756756757,-3.9322033898305087,6.222222222222222
2021-03-24,-23.439393939393938,7.29126213592233,-24.73507462686567,-19.342105263157894,-5.2312925170068025,7.809859154929577
2021-03-25,-19.801526717557252,12.56,-21.192028985507246,-15.933333333333334,-5.203389830508475,7.2377622377622375
2021-03-26,-21.598591549295776,12.787037037037036,-24.222972972972972,-18.126582278481013,1.3496503496503496,7.23021582733813
2021-03-27,-20.106666666666666,15.230088495575222,-18.579804560260587,-14.063291139240507,8.603112840466926,4.3515625
2021-03-28,-22.401408450704224,6.990196078431373,-15.960912052117264,-15.894736842105264,7.627358490566038,4.953703703703703
2021-03-29,-14.693548387096774,20.115384615384617,-13.965384615384615,-13.63888888888889,-6.7406143344709895,6.4071428571428575
2021-03-30,-8.420634920634921,26.455445544554454,-7.786561264822135,-12.112676056338028,-7.794612794612795,5.549295774647887
2021-03-31,-2.62015503875969,40.42857142857143,-0.6639344262295082,-3.2816901408450705,-11.628378378378379,3.9160839160839163
2021-04-01,-25.375,10.153061224489797,-1.049792531120332,-27.27777777777778,-47.29545454545455,13.920289855072463
2021-04-02,-49.04477611940298,-27.220183486238533,-15.635379061371841,-49.3780487804878,-57.17880794701987,21.977099236641223
2021-04-03,-23.034013605442176,8.614678899082568,-4.8,-21.15,-14.318352059925093,7.133858267716535
2021-04-04,-28.685714285714287,-0.32673267326732675,-18.10097719869707,-4.541666666666667,0.2777777777777778,4.196261682242991
2021-04-05,-19.227642276422763,19.176470588235293,-19.969924812030076,-8.86111111111111,-4.550173010380623,7.148936170212766
2021-04-06,-20.70769230769231,16.264705882352942,-21.273408239700373,-14.36,-5.634228187919463,8.26950354609929
2021-04-07,-23.272727272727273,12.572815533980583,-22.67037037037037,-19.394736842105264,-7.2687074829931975,8.809859154929578
2021-04-08,-20.23846153846154,13.777777777777779,-22.23826714801444,-17.586666666666666,-6.614093959731544,8.232394366197184
2021-04-09,-29.666666666666668,3.1018518518518516,-30.905405405405407,-25.7,-4.625,11.620437956204379
2021-04-10,-33.266666666666666,-1.9478260869565218,-31.588424437299036,-29.6875,-1.8007662835249043,10.664
2021-04-11,-39.05673758865248,-12.716981132075471,-32.85436893203884,-32.513513513513516,-5.577981651376147,10.261682242990654
2021-04-12,-24.3739837398374,8.226415094339623,-26.37037037037037,-22.680555555555557,-6.482993197278912,9.872340425531915
2021-04-13,-22.0,9.872549019607844,-23.081180811808117,-19.863013698630137,-5.093645484949833,8.464788732394366
2021-04-14,-21.646616541353385,8.679611650485437,-23.227106227106226,-20.207792207792206,-6.233898305084746,8.936170212765957
2021-04-15,-18.412213740458014,15.545454545454545,-21.573529411764707,-18.04054054054054,-5.8361204013377925,8.471830985915492
2021-04-16,-26.56338028169014,12.726415094339623,-29.431972789115648,-25.9625,-6.111111111111111,11.671532846715328
2021-04-17,-36.3445945945946,-1.1391304347826088,-35.16932907348243,-31.475,-7.430188679245283,12.08
2021-04-18,-43.52857142857143,-14.75,-40.68064516129032,-35.054054054054056,-12.551111111111112,11.68867924528302
2021-04-19,-18.8,16.028846153846153,-21.288888888888888,-18.253521126760564,-3.1883561643835616,8.602836879432624
2021-04-20,-20.566929133858267,12.902912621359222,-22.24074074074074,-18.333333333333332,-4.365771812080537,9.333333333333334
2021-04-21,-19.654135338345863,12.339805825242719,-21.74169741697417,-19.186666666666667,-5.033898305084746,9.205673758865249
2021-04-22,-18.946153846153845,13.0,-21.169741697416974,-16.791666666666668,-5.3624161073825505,8.950704225352112
2021-04-23,-27.47586206896552,9.57943925233645,-28.35593220338983,-27.963414634146343,-4.706293706293707,12.37410071942446
2021-04-24,-34.6530612244898,-0.5130434782608696,-31.055016181229774,-31.205128205128204,-3.7164750957854404,11.626984126984127
2021-04-25,-43.18115942028985,-16.29126213592233,-37.63461538461539,-33.891891891891895,-9.650442477876107,11.433962264150944
2021-04-26,-21.580645161290324,11.152380952380952,-24.470149253731343,-17.444444444444443,-3.7653061224489797,9.4822695035461
2021-04-27,-24.884615384615383,7.970588235294118,-29.157509157509157,-19.52054794520548,-6.606060606060606,10.685714285714285
2021-04-28,-33.38461538461539,-3.1538461538461537,-29.00738007380074,-34.72,-13.766891891891891,14.735714285714286
2021-04-29,-25.213740458015266,9.4,-27.760714285714286,-26.236842105263158,-9.983333333333333,12.178571428571429
2021-04-30,-30.6013986013986,14.849056603773585,-30.87457627118644,-30.185185185185187,-9.689895470383275,14.656934306569344
2021-05-01,-50.705479452054796,-15.321739130434782,-40.59485530546624,-45.5974025974026,-28.195571955719558,19.524590163934427
2021-05-02,-54.93478260869565,-26.155339805825243,-47.66346153846154,-44.50666666666667,-20.214912280701753,16.173076923076923
2021-05-03,-23.275590551181104,21.11881188118812,-22.2,-24.095890410958905,-9.065292096219931,12.392857142857142
2021-05-04,-23.0,22.10891089108911,-21.40740740740741,-28.945945945945947,-9.0,12.371428571428572
2021-05-05,-32.09090909090909,8.01923076923077,-26.948339483394832,-36.037974683544306,-15.823728813559322,15.985611510791367
2021-05-06,-27.604477611940297,10.509803921568627,-28.200716845878137,-35.18421052631579,-13.73913043478261,14.304964539007091
2021-05-07,-27.6056338028169,6.522935779816514,-28.23728813559322,-36.1125,-4.776223776223776,14.065693430656934
2021-05-08,-35.244897959183675,-1.0689655172413792,-33.86900958466454,-37.84615384615385,-3.20532319391635,12.896
2021-05-09,-32.33783783783784,-4.805825242718447,-32.49523809523809,-39.88157894736842,0.386046511627907,10.773584905660377
2021-05-10,-24.088,6.710280373831775,-27.14963503649635,-27.958904109589042,-8.878378378378379,12.532374100719425
2021-05-11,-19.869230769230768,10.882352941176471,-23.784671532846716,-25.041095890410958,-7.523648648648648,11.683453237410072
2021-05-12,-23.12213740458015,6.548076923076923,-23.122222222222224,-32.39473684210526,-10.73469387755102,13.178571428571429
2021-05-13,-18.6484375,10.38,-22.39855072463768,-26.472972972972972,-8.565656565656566,11.371428571428572
2021-05-14,-18.56338028169014,14.626168224299066,-21.621160409556314,-23.18421052631579,-1.4685314685314685,10.985401459854014
2021-05-15,-20.027027027027028,13.625,-19.405228758169933,-18.103896103896105,3.330769230769231,7.984251968503937
2021-05-16,-21.380281690140844,4.551020408163265,-17.224025974025974,-27.948051948051948,3.229357798165138,7.859813084112149
2021-05-17,-32.688,-10.711538461538462,-28.565055762081784,-33.21052631578947,-46.47194719471947,18.635036496350367
2021-05-18,-15.606299212598426,20.485148514851485,-17.144981412639407,-17.0,-3.7972972972972974,9.378571428571428
2021-05-19,-19.2,11.864077669902912,-17.816479400749063,-26.56578947368421,-6.51360544217687,12.335714285714285
2021-05-20,-14.19083969465649,15.11111111111111,-16.20740740740741,-19.445945945945947,-4.594594594594595,11.01418439716312
2021-05-21,-16.739436619718308,13.08411214953271,-17.424137931034483,-21.641025641025642,3.5815602836879434,11.316176470588236
2021-05-22,-18.206666666666667,10.894736842105264,-17.291803278688526,-17.76923076923077,9.31764705882353,8.642857142857142
2021-05-23,-22.58503401360544,1.1287128712871286,-19.555555555555557,-17.054054054054053,5.981481481481482,9.009345794392523
2021-05-24,-15.76,11.80952380952381,-17.98134328358209,-15.835616438356164,-2.8793103448275863,11.371428571428572
2021-05-25,-14.968503937007874,13.59,-16.838345864661655,-17.068493150684933,-2.1122448979591835,11.07857142857143
2021-05-26,-13.01526717557252,15.631067961165048,-14.030075187969924,-19.86842105263158,-3.993150684931507,11.24822695035461
2021-05-27,-10.705426356589147,18.32323232323232,-15.598513011152416,-15.945205479452055,-4.047297297297297,10.654929577464788
2021-05-28,-16.183098591549296,15.703703703703704,-16.061855670103093,-23.907894736842106,1.3594306049822065,12.883211678832117
2021-05-29,-10.878378378378379,25.495495495495497,-13.567213114754098,-11.131578947368421,9.244094488188976,7.746031746031746
2021-05-30,-11.2,17.22,-13.666666666666666,-12.432432432432432,7.3842592592592595,7.140186915887851
2021-05-31,-6.827868852459017,27.376237623762375,-11.968992248062015,-9.694444444444445,-0.6931034482758621,9.942446043165468
2021-06-01,-4.317460317460317,30.264705882352942,-8.565384615384616,-9.342465753424657,-0.7431506849315068,9.808510638297872
2021-06-02,-4.99236641221374,27.585858585858585,-7.461240310077519,-7.6438356164383565,-1.6310344827586207,9.865248226950355
2021-06-03,-3.618320610687023,27.87878787878788,-8.347169811320756,-7.3561643835616435,-1.3877551020408163,9.390070921985815
2021-06-04,-6.572463768115942,26.981308411214954,-10.094736842105263,-7.276315789473684,6.473118279569892,9.575539568345324
2021-06-05,-3.462068965517241,29.7,-2.554054054054054,1.144736842105263,11.996047430830039,5.582677165354331
2021-06-06,-5.8493150684931505,17.214285714285715,-2.871287128712871,-7.291666666666667,5.455399061032864,5.934579439252336
2021-06-07,-16.1900826446281,4.866666666666666,-9.154150197628459,-17.333333333333332,-43.09966777408638,16.639705882352942
2021-06-08,-7.579365079365079,22.480392156862745,-12.295454545454545,-5.830985915492958,0.6723549488054608,9.007142857142858
2021-06-09,-7.161538461538462,22.26,-10.534615384615385,-8.205479452054794,-1.5155709342560553,10.106382978723405
2021-06-10,-2.9923664122137406,26.454545454545453,-7.153846153846154,-4.845070422535211,-0.030716723549488054,9.167832167832168
2021-06-11,-7.823529411764706,21.99056603773585,-11.482517482517483,-4.302631578947368,6.202846975088968,8.905797101449275
2021-06-12,-5.903448275862069,23.87272727272727,-5.386666666666667,6.946666666666666,9.413385826771654,5.133858267716535
2021-06-13,-7.054794520547945,13.090909090909092,-1.8494983277591974,-4.756756756756757,4.181395348837209,5.87037037037037
2021-06-14,-17.41176470588235,0.6571428571428571,-9.975708502024291,-12.445945945945946,-44.90397350993378,15.430656934306569
2021-06-15,-1.984,28.900990099009903,-6.049808429118774,-2.739130434782609,-0.3720136518771331,7.184397163120567
2021-06-16,-0.10852713178294573,29.9,-4.81640625,-4.675675675675675,-2.9278350515463916,6.265734265734266
2021-06-17,-5.2748091603053435,22.858585858585858,-10.679245283018869,-5.6,-5.167785234899329,7.640845070422535
2021-06-18,-7.072463768115942,23.0188679245283,-12.29020979020979,-8.75,1.9787234042553192,7.625899280575539
2021-06-19,-4.394557823129252,27.44954128440367,-7.445182724252492,0.0,7.883268482490273,3.937007874015748
2021-06-20,-9.545454545454545,14.267326732673267,-15.858552631578947,-5.027777777777778,2.916279069767442,4.644859813084112
2021-06-21,-4.414634146341464,24.794117647058822,-8.552941176470588,0.08450704225352113,-5.370748299319728,7.535714285714286
2021-06-22,-5.992063492063492,22.257425742574256,-9.261538461538462,-4.4411764705882355,-5.0,8.01418439716312
2021-06-23,-6.992307692307692,17.643564356435643,-12.190114068441064,-4.1866666666666665,-5.326599326599327,8.014285714285714
2021-06-24,-3.707692307692308,20.455445544554454,-10.31203007518797,-0.5633802816901409,-6.36,8.204225352112676
2021-06-25,-5.110294117647059,23.132075471698112,-10.91637630662021,-4.878378378378378,1.367132867132867,7.970802919708029
2021-06-26,-4.149659863945578,24.178571428571427,-7.1650165016501655,1.56,7.1141732283464565,4.875
2021-06-27,-5.081632653061225,16.816326530612244,-7.059210526315789,-0.1388888888888889,2.908256880733945,4.685185185185185
2021-06-28,-1.5901639344262295,27.099009900990097,-6.604743083003952,1.943661971830986,-3.8156996587030716,5.6
2021-06-29,-2.048,26.24,-5.934108527131783,-2.7681159420289854,-4.527027027027027,6.288732394366197
2021-06-30,5.3,36.05050505050505,-2.83984375,-1.0273972602739727,-3.279863481228669,6.673758865248227
2021-07-01,9.263565891472869,42.4639175257732,0.91015625,2.764705882352941,-3.3703703703703702,6.398601398601398
2021-07-02,6.962121212121212,42.627450980392155,0.24,6.54054054054054,4.659574468085107,6.179856115107913
2021-07-03,5.357142857142857,36.04807692307692,3.982638888888889,17.91780821917808,9.023622047244094,3.1181102362204722
2021-07-04,9.978260869565217,29.041666666666668,15.96245733788396,12.75,3.7972350230414746,2.388888888888889
2021-07-05,-2.8583333333333334,16.553398058252426,4.624472573839663,-1.3088235294117647,-44.401315789473685,11.26086956521739
2021-07-06,6.344,37.8469387755102,2.1195219123505975,6.279411764705882,1.0170068027210883,4.8125
2021-07-07,5.8671875,36.04040404040404,0.8,3.888888888888889,-1.4137931034482758,5.776223776223776
2021-07-08,5.449612403100775,34.535353535353536,0.09765625,3.380281690140845,-1.2372881355932204,6.0979020979020975
2021-07-09,-2.6074074074074076,25.58490566037736,-9.146853146853147,-1.1466666666666667,5.67741935483871,7.114285714285714
2021-07-10,-0.6013986013986014,29.144144144144143,-4.299003322259137,7.753246753246753,12.0597609561753,4.173228346456693
2021-07-11,-1.8689655172413793,21.55,-3.1419141914191417,7.472222222222222,6.827102803738318,4.555555555555555
2021-07-12,1.5447154471544715,31.544554455445546,-4.031746031746032,4.915492957746479,1.4878048780487805,6.091549295774648
2021-07-13,1.0806451612903225,29.49019607843137,-3.306201550387597,3.8529411764705883,1.0547945205479452,6.468531468531468
2021-07-14,5.05511811023622,30.01,-2.4126984126984126,3.763888888888889,1.9930555555555556,6.083916083916084
2021-07-15,8.682170542635658,36.51020408163265,1.7628458498023716,5.840579710144928,2.945392491467577,5.503496503496503
2021-07-16,6.619402985074627,36.20192307692308,0.25274725274725274,6.24,10.492805755395683,5.178571428571429
2021-07-17,7.907801418439717,35.45283018867924,2.989864864864865,15.813333333333333,14.036144578313253,2.6328125
2021-07-18,3.832167832167832,25.36082474226804,2.433333333333333,9.931506849315069,8.896713615023474,3.564814814814815
2021-07-19,12.016528925619834,40.303030303030305,8.59349593495935,8.884057971014492,0.6206896551724138,5.390070921985815
2021-07-20,-10.024590163934427,9.95,-2.6983471074380163,-15.25,-38.16,16.32846715328467
2021-07-21,4.565891472868217,33.515151515151516,-1.562992125984252,5.52054794520548,4.840277777777778,5.492957746478873
2021-07-22,3.8217054263565893,30.336734693877553,-2.5328185328185326,2.5211267605633805,4.170068027210885,6.405594405594406
2021-07-23,2.1791044776119404,29.349056603773583,-5.2562277580071175,6.121621621621622,12.985507246376812,6.23404255319149
2021-07-24,-0.2671232876712329,26.153153153153152,-7.316666666666666,9.453333333333333,15.244979919678714,4.748031496062992
2021-07-25,-4.643356643356643,18.091836734693878,-10.587458745874587,10.506849315068493,8.070754716981131,5.703703703703703
2021-07-26,2.3983739837398375,32.04,-5.592156862745098,8.159420289855072,6.475694444444445,6.326241134751773
2021-07-27,3.16,30.900990099009903,-4.909448818897638,3.4,6.962068965517242,6.584507042253521
2021-07-28,7.0078740157480315,33.22222222222222,-0.9881422924901185,3.6216216216216215,7.671328671328672,5.7622377622377625
2021-07-29,6.62015503875969,32.14141414141414,-2.7859922178988326,4.185714285714286,7.061855670103093,6.118881118881119
2021-07-30,7.67910447761194,37.25961538461539,-3.631768953068592,5.346666666666667,15.121323529411764,5.264285714285714
2021-07-31,14.136690647482014,46.25471698113208,6.315254237288135,16.08,19.41869918699187,1.6171875
2021-08-01,10.514084507042254,38.252631578947366,5.420529801324503,15.771428571428572,12.138755980861244,2.0925925925925926
2021-08-02,9.869918699186991,44.656565656565654,0.568,12.485714285714286,8.862676056338028,5.24822695035461
2021-08-03,7.745901639344262,40.795918367346935,1.0717131474103585,10.371428571428572,8.54006968641115,5.527777777777778
2021-08-04,10.555555555555555,39.45454545454545,1.5101214574898785,7.958904109589041,9.203508771929824,5.027972027972028
2021-08-05,10.255813953488373,37.91919191919192,1.34375,9.507246376811594,8.26962457337884,5.062937062937063
2021-08-06,10.969696969696969,39.87378640776699,1.4981549815498154,11.013698630136986,15.934065934065934,4.170212765957447
2021-08-07,5.408759124087592,29.555555555555557,5.9520547945205475,11.575342465753424,-4.328185328185328,5.937007874015748
2021-08-08,4.748251748251748,26.79381443298969,2.596026490066225,14.217391304347826,9.679425837320574,2.9166666666666665
2021-08-09,7.639344262295082,37.4,-0.8725099601593626,11.577464788732394,10.68904593639576,4.936619718309859
2021-08-10,6.2682926829268295,34.13265306122449,-1.2292490118577075,6.720588235294118,10.390243902439025,5.576388888888889
2021-08-11,8.015873015873016,32.49,-1.311023622047244,7.905405405405405,10.143859649122806,5.188811188811189
2021-08-12,6.286821705426356,31.15,-3.4941634241245136,6.685714285714286,9.38013698630137,5.153846153846154
2021-08-13,7.348484848484849,34.65714285714286,-2.6911764705882355,14.378378378378379,16.197802197802197,4.74468085106383
2021-08-14,11.532374100719425,37.532710280373834,7.5121107266435985,25.264705882352942,15.758064516129032,2.201550387596899
2021-08-15,17.51094890510949,34.73626373626374,24.577854671280278,17.942028985507246,10.004739336492891,1.1851851851851851
2021-08-16,0.2796610169491525,18.147058823529413,6.901287553648069,8.308823529411764,-41.35761589403973,11.151079136690647
2021-08-17,9.570247933884298,41.1958762886598,3.516,17.253731343283583,10.982578397212544,3.7655172413793103
2021-08-18,8.785714285714286,36.5,0.5928853754940712,11.301369863013699,14.169611307420494,4.79020979020979
2021-08-19,5.496124031007752,31.15,-4.922480620155039,6.845070422535211,12.36551724137931,5.457746478873239
2021-08-20,5.916666666666667,32.714285714285715,-5.1678832116788325,7.706666666666667,20.166051660516604,4.836879432624113
2021-08-21,8.184397163120567,34.6822429906542,0.46621621621621623,15.92,20.70731707317073,3.0390625
2021-08-22,5.881118881118881,28.867346938775512,2.363036303630363,11.211267605633802,13.086538461538462,3.4537037037037037
2021-08-23,4.360655737704918,32.48039215686274,-5.130434782608695,11.385714285714286,13.884892086330936,5.28169014084507
2021-08-24,2.346774193548387,28.46,-5.152941176470589,5.985714285714286,13.369718309859154,5.6223776223776225
2021-08-25,7.611111111111111,31.693069306930692,-3.5098814229249014,8.242857142857142,13.73851590106007,5.215277777777778
2021-08-26,8.465116279069768,33.69,-1.416342412451362,7.845070422535211,12.327586206896552,5.375
2021-08-27,8.446969696969697,34.7047619047619,-3.0,7.946666666666666,21.82527881040892,4.425531914893617
2021-08-28,10.198581560283689,37.85321100917431,2.2210884353741496,15.36,21.29268292682927,2.255813953488372
2021-08-29,4.468531468531468,28.216494845360824,-0.8098360655737705,10.428571428571429,12.358851674641148,3.4537037037037037
2021-08-30,5.235772357723577,36.1,-4.788235294117647,14.0,14.691756272401435,5.330985915492958
2021-08-31,10.227642276422765,43.74747474747475,0.35714285714285715,11.676470588235293,16.461267605633804,4.724137931034483
2021-09-01,15.0,48.535353535353536,3.115079365079365,11.471428571428572,15.575971731448764,4.062068965517241
2021-09-02,16.22047244094488,46.323232323232325,3.671875,11.391304347826088,15.006944444444445,3.896551724137931
2021-09-03,12.625954198473282,43.77142857142857,-0.3054545454545455,12.73972602739726,23.14179104477612,3.76056338028169
2021-09-04,14.585714285714285,44.77570093457944,3.828767123287671,20.767123287671232,20.510204081632654,1.4573643410852712
2021-09-05,8.722222222222221,33.381443298969074,0.2691029900332226,14.691176470588236,13.338095238095239,2.3703703703703702
2021-09-06,8.51639344262295,39.73267326732673,-2.7936507936507935,15.594202898550725,14.695035460992909,4.943262411347518
2021-09-07,9.049586776859504,39.57575757575758,0.656,12.720588235294118,17.06713780918728,4.5
2021-09-08,11.198412698412698,37.44,0.4940239043824701,11.366197183098592,16.45774647887324,4.166666666666667
2021-09-09,11.328125,34.78,0.4280155642023346,9.26086956521739,15.937282229965156,4.027586206896552
2021-09-10,9.884615384615385,35.57142857142857,-2.2282608695652173,10.067567567567568,22.90262172284644,4.170212765957447
2021-09-11,12.142857142857142,37.19626168224299,2.6746575342465753,14.356164383561644,20.390243902439025,2.0930232558139537
2021-09-12,8.412587412587413,29.76530612244898,2.6133333333333333,14.7,12.124401913875598,3.0555555555555554
2021-09-13,9.532786885245901,38.584158415841586,0.5622489959839357,15.685714285714285,17.154676258992804,4.211267605633803
2021-09-14,9.311475409836065,37.37373737373738,1.8605577689243027,12.64179104477612,16.721830985915492,4.1328671328671325
2021-09-15,13.793650793650794,40.66326530612245,2.710843373493976,14.958333333333334,15.827464788732394,3.8
2021-09-16,18.787401574803148,48.09375,7.488095238095238,16.029850746268657,14.805555555555555,3.117241379310345
2021-09-17,18.476923076923075,47.23529411764706,4.774074074074074,16.054794520547944,21.238636363636363,2.3309859154929575
2021-09-18,24.073529411764707,47.66981132075472,12.252595155709342,25.84931506849315,20.403292181069958,-0.05426356589147287
2021-09-19,13.435714285714285,33.3125,6.003311258278146,20.5,10.655502392344498,1.2037037037037037
2021-09-20,10.652892561983471,39.85,1.4153225806451613,15.9,16.332142857142856,4.02112676056338
2021-09-21,10.032786885245901,36.84848484848485,-0.14859437751004015,12.298507462686567,17.412811387900355,4.409722222222222
2021-09-22,6.888888888888889,28.262626262626263,-5.550387596899225,9.753424657534246,17.93189964157706,4.993055555555555
2021-09-23,12.708661417322835,36.323232323232325,1.1828793774319066,13.865671641791044,17.901408450704224,4.173611111111111
2021-09-24,11.06060606060606,34.77884615384615,-1.043956043956044,8.635135135135135,24.59328358208955,3.6382978723404253
2021-09-25,12.173913043478262,37.05555555555556,4.054421768707483,19.89189189189189,20.666666666666668,1.734375
2021-09-26,10.82394366197183,30.96875,6.69205298013245,17.319444444444443,12.139423076923077,1.8796296296296295
2021-09-27,9.619834710743802,37.686868686868685,-0.3147410358565737,15.242857142857142,20.00729927007299,3.732394366197183
2021-09-28,6.065573770491803,32.707070707070706,-2.739130434782609,10.294117647058824,17.846975088967973,5.048611111111111
2021-09-29,10.80952380952381,36.97959183673469,-1.8267716535433072,10.394366197183098,19.512544802867385,3.762237762237762
2021-09-30,18.055118110236222,46.123711340206185,3.525096525096525,14.028985507246377,19.141843971631207,3.3680555555555554
2021-10-01,20.70769230769231,51.754901960784316,5.461254612546125,14.438356164383562,27.265151515151516,2.176056338028169
2021-10-02,21.144927536231883,50.90654205607477,9.168965517241379,22.23611111111111,21.983739837398375,0.46511627906976744
2021-10-03,17.24113475177305,42.840425531914896,9.745874587458745,21.91549295774648,13.047846889952153,1.1481481481481481
2021-10-04,13.19672131147541,44.67,2.314516129032258,16.704225352112676,20.727941176470587,2.7902097902097904
2021-10-05,13.866666666666667,44.27835051546392,3.4820717131474104,14.17910447761194,20.28825622775801,3.3904109589041096
2021-10-06,14.576,40.62244897959184,0.6031746031746031,13.23943661971831,19.53214285714286,3.4827586206896552
2021-10-07,15.740157480314961,37.91919191919192,2.7209302325581395,15.579710144927537,19.1993006993007,3.386206896551724
2021-10-08,13.287878787878787,38.71153846153846,-0.4290909090909091,15.302631578947368,26.321969696969695,2.9788732394366195
2021-10-09,14.70503597122302,38.429906542056074,3.9727891156462585,18.945205479452056,21.089068825910932,1.682170542635659
2021-10-10,7.394366197183099,27.3265306122449,-0.5182724252491694,14.102941176470589,12.775119617224881,3.1296296296296298
2021-10-11,14.834710743801653,40.05050505050505,4.755102040816326,21.26086956521739,13.881720430107526,4.26056338028169
2021-10-12,15.680672268907562,37.642857142857146,5.514056224899599,17.907692307692308,14.066433566433567,3.9791666666666665
2021-10-13,19.272,39.229166666666664,7.906122448979592,18.1,13.083916083916083,3.335664335664336
2021-10-14,16.03937007874016,33.52040816326531,3.187250996015936,19.61764705882353,10.725694444444445,4.215277777777778
2021-10-15,22.77952755905512,48.470588235294116,12.155893536121672,25.057142857142857,17.64835164835165,2.5704225352112675
2021-10-16,22.029411764705884,44.51456310679612,16.93617021276596,38.63636363636363,17.38617886178862,0.65625
2021-10-17,27.16788321167883,40.666666666666664,31.525951557093425,26.28985507246377,11.9,0.027777777777777776
2021-10-18,10.179487179487179,26.07,18.102678571428573,16.104477611940297,-40.18,9.242857142857142
2021-10-19,17.25,45.83673469387755,6.963562753036437,22.65625,20.414893617021278,1.8767123287671232
2021-10-20,16.952,41.458333333333336,3.8266129032258065,18.771428571428572,18.931654676258994,3.220689655172414
2021-10-21,16.03937007874016,38.927083333333336,1.2170542635658914,18.941176470588236,19.512280701754385,3.268965517241379
2021-10-22,12.320610687022901,36.04716981132076,-2.2720588235294117,15.864864864864865,28.007575757575758,3.219858156028369
2021-10-23,11.485714285714286,33.93577981651376,-1.5590277777777777,19.791666666666668,22.975510204081633,2.643410852713178
2021-10-24,11.591549295774648,31.628865979381445,2.737541528239203,18.347826086956523,15.599033816425122,3.3796296296296298
2021-10-25,11.819672131147541,37.068627450980394,-1.4578313253012047,21.676470588235293,21.714285714285715,3.5174825174825175
2021-10-26,13.133333333333333,39.07070707070707,0.24603174603174602,17.08955223880597,22.77935943060498,3.579310344827586
2021-10-27,17.61111111111111,42.795918367346935,4.023715415019763,19.91549295774648,22.190647482014388,3.0689655172413794
2021-10-28,26.288,56.177083333333336,5.7421875,21.159420289855074,21.851590106007066,1.8827586206896552
2021-10-29,19.170542635658915,47.25242718446602,2.730337078651685,20.066666666666666,28.71814671814672,2.5106382978723403
2021-10-30,27.381294964028775,59.33653846153846,14.806896551724138,36.55072463768116,26.063025210084035,-0.26153846153846155
2021-10-31,46.76258992805755,72.68131868131869,43.63414634146341,26.35211267605634,27.656565656565657,-0.9541284403669725
2021-11-01,9.3109243697479,32.26262626262626,8.331932773109244,11.691176470588236,-38.66,11.297101449275363
2021-11-02,20.18487394957983,56.350515463917525,9.752988047808765,25.666666666666668,23.77007299270073,1.3767123287671232
2021-11-03,20.88617886178862,51.224489795918366,7.757085020242915,22.144927536231883,22.52173913043478,2.2739726027397262
2021-11-04,21.440944881889763,47.875,4.770428015564202,22.16417910447761,21.406360424028268,2.6413793103448278
2021-11-05,20.976744186046513,48.51960784313726,5.4907063197026025,20.575342465753426,30.834615384615386,1.9859154929577465
2021-11-06,20.892086330935253,48.504672897196265,7.444827586206896,25.774647887323944,26.435684647302903,0.8846153846153846
2021-11-07,17.704225352112676,40.39784946236559,8.172185430463577,24.788732394366196,18.528846153846153,2.490740740740741
2021-11-08,16.958677685950413,45.45,2.638211382113821,26.205882352941178,23.655677655677657,2.93006993006993
2021-11-09,17.75206611570248,44.744897959183675,6.157258064516129,21.215384615384615,24.784671532846716,2.5684931506849313
2021-11-10,20.128,44.26,5.540322580645161,23.485294117647058,23.545787545787547,2.1496598639455784
2021-11-11,23.53543307086614,44.61224489795919,8.295275590551181,24.08955223880597,22.704626334519574,1.7876712328767124
2021-11-12,22.315384615384616,46.198019801980195,8.30916030534351,30.041666666666668,29.312741312741313,1.4405594405594406
2021-11-13,26.751824817518248,49.05769230769231,16.591549295774648,47.161764705882355,22.7172131147541,-0.031007751937984496
2021-11-14,31.198529411764707,45.285714285714285,32.608247422680414,28.238805970149254,17.106796116504853,0.0
2021-11-15,12.184873949579831,27.767676767676768,14.212121212121213,15.833333333333334,-38.58862876254181,10.371428571428572
2021-11-16,22.092436974789916,48.8125,10.152,33.13636363636363,24.402173913043477,1.095890410958904
2021-11-17,24.84,52.1958762886598,10.939516129032258,27.58823529411765,23.666666666666668,1.3741496598639455
2021-11-18,25.37795275590551,48.90526315789474,10.76771653543307,28.227272727272727,23.20921985815603,1.7724137931034483
2021-11-19,25.53076923076923,54.04950495049505,3.717948717948718,25.783783783783782,30.637065637065636,1.232394366197183
2021-11-20,19.411347517730498,44.06542056074766,6.574912891986063,30.328767123287673,26.854166666666668,0.9922480620155039
2021-11-21,15.93661971830986,38.208333333333336,7.146179401993355,25.3943661971831,19.463054187192117,2.675925925925926
2021-11-22,18.941666666666666,45.18811881188119,5.782258064516129,30.38235294117647,22.977941176470587,2.816901408450704
2021-11-23,16.2,40.25,0.5573122529644269,26.924242424242426,22.41726618705036,3.5
2021-11-24,21.36,43.04123711340206,4.971774193548387,26.544117647058822,21.985559566787003,2.537931034482759
2021-11-25,25.095238095238095,46.77319587628866,6.72,28.91304347826087,18.469750889679716,2.9172413793103447
2021-11-26,25.356589147286822,50.98,5.0814814814814815,29.91891891891892,27.935606060606062,1.5
2021-11-27,26.0,51.12264150943396,12.616724738675957,37.971014492753625,28.07563025210084,-0.5307692307692308
2021-11-28,24.077464788732396,46.56382978723404,13.067567567567568,31.808823529411764,22.872549019607842,0.944954128440367
2021-11-29,26.291666666666668,54.55670103092783,10.295081967213115,34.3134328358209,21.766666666666666,1.7152777777777777
2021-11-30,32.61864406779661,62.33684210526316,16.75,30.523076923076925,22.612099644128115,0.9657534246575342
2021-12-01,39.421487603305785,68.64583333333333,21.545833333333334,33.19117647058823,21.41726618705036,-0.11564625850340136
2021-12-02,39.693548387096776,68.93684210526315,22.40080971659919,36.31818181818182,20.325088339222614,0.07586206896551724
2021-12-03,43.3671875,76.93877551020408,16.2,34.625,27.229007633587788,-1.2377622377622377
2021-12-04,31.934306569343065,59.38461538461539,19.14788732394366,43.25714285714286,28.770833333333332,-1.984732824427481
2021-12-05,32.852112676056336,58.225806451612904,21.671232876712327,40.62686567164179,28.58128078817734,-0.7
2021-12-06,37.4,67.96907216494846,23.196652719665273,37.323076923076925,19.959558823529413,0.3402777777777778
2021-12-07,46.2991452991453,80.3936170212766,49.91517857142857,37.203125,24.007194244604317,-2.8493150684931505
2021-12-08,20.771186440677965,33.578947368421055,28.11061946902655,4.225352112676056,-29.08724832214765,9.405594405594405
2021-12-09,34.693548387096776,57.59375,18.362903225806452,32.87692307692308,22.08833922261484,0.2896551724137931
2021-12-10,32.421875,56.95049504950495,15.903846153846153,30.197183098591548,29.334615384615386,0.704225352112676
2021-12-11,28.664233576642335,51.5188679245283,17.074468085106382,42.140845070422536,33.81856540084388,-0.8473282442748091
2021-12-12,25.65034965034965,45.365591397849464,16.1734693877551,36.3134328358209,33.60301507537689,0.9357798165137615
2021-12-13,34.15833333333333,61.10204081632653,20.672268907563026,36.49230769230769,21.91176470588235,0.9375
2021-12-14,35.52136752136752,60.68421052631579,20.320833333333333,36.0,22.814946619217082,0.8835616438356164
2021-12-15,43.78512396694215,67.23404255319149,24.0,35.333333333333336,22.534296028880867,-0.25170068027210885
2021-12-16,47.46341463414634,72.98936170212765,28.06967213114754,38.52307692307692,22.403508771929825,-0.6095890410958904
2021-12-17,39.765625,66.64,19.252918287937742,31.720588235294116,28.684615384615384,-0.36363636363636365
2021-12-18,38.40875912408759,63.883495145631066,27.035971223021583,50.014084507042256,35.81896551724138,-3.263157894736842
2021-12-19,43.39716312056738,67.47252747252747,28.703071672354948,50.0,41.4639175257732,-3.2522522522522523
2021-12-20,47.89915966386555,77.9278350515464,27.021367521367523,39.96969696969697,20.373626373626372,-0.1724137931034483
2021-12-21,51.87931034482759,83.03191489361703,29.81896551724138,39.609375,20.85409252669039,-0.6438356164383562
2021-12-22,59.02564102564103,90.17021276595744,38.15384615384615,41.09375,19.903225806451612,-1.8783783783783783
2021-12-23,68.77118644067797,108.90322580645162,47.05240174672489,49.353846153846156,18.172535211267604,-3.0860927152317883
2021-12-24,51.25396825396825,120.87234042553192,52.426160337552744,31.422535211267604,7.765342960288809,-0.7272727272727273
2021-12-25,-10.808510638297872,-5.423423423423423,15.592857142857143,-8.417721518987342,-34.88363636363636,6.2421875
2021-12-26,27.690647482014388,43.81720430107527,27.856164383561644,37.07462686567164,22.103448275862068,-0.3211009174311927
2021-12-27,40.152542372881356,66.21428571428571,29.721973094170405,32.707692307692305,11.535971223021583,2.6527777777777777
2021-12-28,45.62068965517241,72.18085106382979,35.16740088105727,36.53225806451613,12.01048951048951,2.25
2021-12-29,50.93043478260869,79.84042553191489,39.625,39.015625,11.512280701754387,1.2808219178082192
2021-12-30,69.44736842105263,108.2258064516129,60.80487804878049,57.234375,10.335640138408305,-1.2953020134228188
2021-12-31,49.232,117.60215053763442,62.47488584474886,32.24285714285714,-5.320422535211268,1.1134751773049645
2022-01-01,-15.390070921985815,-14.25,30.809701492537314,-10.518987341772151,-43.184397163120565,5.286821705426356
2022-01-02,26.703703703703702,40.06666666666667,45.58455882352941,48.52238805970149,3.4075829383886256,-0.981651376146789
2022-01-03,38.50420168067227,67.6701030927835,42.943127962085306,36.878787878787875,-2.685121107266436,4.626760563380282
2022-01-04,36.474137931034484,63.427083333333336,40.5,34.484848484848484,1.8453608247422681,5.194444444444445
2022-01-05,34.81967213114754,60.61052631578947,39.26046511627907,30.96969696969697,1.972318339100346,5.475524475524476
2022-01-06,30.648,55.197916666666664,32.380090497737555,31.5,0.8361774744027304,6.398601398601398
2022-01-07,23.984126984126984,52.84,32.8582995951417,26.71641791044776,8.478260869565217,6.870503597122302
2022-01-08,22.63235294117647,46.13861386138614,36.55185185185185,42.98550724637681,18.11740890688259,3.75
2022-01-09,23.103703703703705,37.37777777777778,42.397887323943664,37.38461538461539,17.835748792270532,2.7314814814814814
2022-01-10,5.533898305084746,23.06,18.20361990950226,16.34328358208955,-37.817275747508305,13.086330935251798
2022-01-11,25.965811965811966,57.11578947368421,21.978448275862068,31.2,12.517605633802816,4.544827586206897
2022-01-12,23.758064516129032,51.270833333333336,20.76271186440678,23.895522388059703,12.634751773049645,5.744827586206896
2022-01-13,21.46031746031746,47.69072164948454,16.633064516129032,22.393939393939394,11.99655172413793,6.236111111111111
2022-01-14,18.393700787401574,48.76470588235294,13.202334630350194,22.06756756756757,21.86466165413534,6.453900709219858
2022-01-15,20.605839416058394,48.92307692307692,18.017543859649123,32.31944444444444,29.75103734439834,3.8828125
2022-01-16,18.056338028169016,43.108695652173914,19.79054054054054,35.38235294117647,25.565,3.8333333333333335
2022-01-17,24.641666666666666,57.854166666666664,20.016666666666666,28.924242424242426,19.67883211678832,4.825174825174825
2022-01-18,23.60169491525424,54.020833333333336,17.298319327731093,22.696969696969695,19.839285714285715,5.13103448275862
2022-01-19,25.991869918699187,50.958333333333336,17.959183673469386,24.92753623188406,19.722627737226276,5.075862068965518
2022-01-20,26.341463414634145,49.46808510638298,19.109756097560975,27.36764705882353,19.588652482269502,5.186206896551724
2022-01-21,22.078125,47.83,11.594696969696969,22.37837837837838,28.24230769230769,5.276595744680851
2022-01-22,20.773722627737225,44.4,12.47719298245614,32.770270270270274,31.584033613445378,3.6484375
2022-01-23,20.37142857142857,40.23913043478261,17.928813559322034,31.714285714285715,27.34,3.3796296296296298
2022-01-24,24.666666666666668,52.90721649484536,16.337448559670783,30.28985507246377,25.015094339622642,4.159722222222222
2022-01-25,21.97457627118644,50.24742268041237,14.901639344262295,27.71212121212121,23.853479853479854,4.315068493150685
2022-01-26,25.74380165289256,50.71875,17.43951612903226,26.36231884057971,24.44280442804428,3.627586206896552
2022-01-27,25.704,49.71875,16.566265060240966,27.575757575757574,24.63799283154122,3.6482758620689655
2022-01-28,22.4921875,47.205882352941174,10.71647509578544,21.958904109589042,34.01953125,3.908450704225352
2022-01-29,27.824817518248175,54.50476190476191,19.12280701754386,36.74285714285714,36.26068376068376,1.8615384615384616
2022-01-30,27.235714285714284,54.380434782608695,22.71864406779661,33.86363636363637,31.733333333333334,2.1203703703703702
2022-01-31,33.553719008264466,70.28865979381443,23.033195020746888,33.74242424242424,30.977186311787072,1.8402777777777777
2022-02-01,30.316239316239315,64.42105263157895,21.195020746887966,31.181818181818183,31.01851851851852,2.041095890410959
2022-02-02,33.32520325203252,66.5578947368421,23.691666666666666,29.728571428571428,31.071428571428573,1.564625850340136
2022-02-03,31.772357723577237,59.895833333333336,20.987951807228917,31.014705882352942,31.492753623188406,1.7210884353741496
2022-02-04,26.1875,52.6764705882353,12.43560606060606,27.22222222222222,39.98814229249012,1.795774647887324
2022-02-05,27.83941605839416,53.794117647058826,16.519434628975265,35.7027027027027,36.666666666666664,1.744186046511628
2022-02-06,25.53191489361702,52.21739130434783,17.86,32.11594202898551,30.26530612244898,2.6574074074074074
2022-02-07,28.421487603305785,60.878787878787875,17.542857142857144,36.76119402985075,34.10266159695818,1.4166666666666667
2022-02-08,22.615384615384617,51.36842105263158,13.349794238683128,30.818181818181817,31.823970037453183,2.0821917808219177
2022-02-09,25.821138211382113,50.90625,14.78688524590164,29.144927536231883,32.35849056603774,1.6896551724137931
2022-02-10,27.95967741935484,51.34375,17.28,32.582089552238806,32.54181818181818,1.5448275862068965
2022-02-11,24.90625,48.588235294117645,11.511278195488721,29.34246575342466,42.572,1.1338028169014085
2022-02-12,26.231884057971016,50.11764705882353,15.821052631578947,34.89041095890411,38.27155172413793,1.5348837209302326
2022-02-13,21.617021276595743,44.87234042553192,15.96989966555184,31.304347826086957,30.626943005181346,2.7037037037037037
2022-02-14,27.191666666666666,55.326530612244895,15.427983539094651,33.56716417910448,38.45593869731801,1.2847222222222223
2022-02-15,27.632478632478634,57.9468085106383,19.22222222222222,28.852941176470587,39.03488372093023,0.636986301369863
2022-02-16,31.008196721311474,59.427083333333336,19.848979591836734,30.591549295774648,39.445736434108525,0.3716216216216216
2022-02-17,31.879032258064516,58.833333333333336,20.427419354838708,32.63235294117647,40.09737827715356,0.24489795918367346
2022-02-18,23.868217054263567,49.59,9.845864661654135,30.405405405405407,48.855421686746986,0.8873239436619719
2022-02-19,26.42753623188406,51.84466019417476,18.738515901060072,34.36,40.77155172413793,0.9923664122137404
2022-02-20,23.2,47.93478260869565,18.073825503355703,31.057971014492754,30.474489795918366,2.3981481481481484
2022-02-21,24.950413223140497,55.06122448979592,16.6900826446281,36.544117647058826,43.09842519685039,0.7724137931034483
2022-02-22,23.76271186440678,51.863157894736844,18.71604938271605,31.98507462686567,44.5078125,0.6027397260273972
2022-02-23,22.248,47.68041237113402,15.261044176706827,25.642857142857142,42.713178294573645,1.469387755102041
2022-02-24,17.904761904761905,40.252631578947366,9.086274509803921,22.82608695652174,40.6015037593985,2.452054794520548
2022-02-25,20.476923076923075,47.12,9.0,22.30666666666667,48.54761904761905,1.7605633802816902
2022-02-26,24.036231884057973,52.67307692307692,16.05923344947735,28.66216216216216,42.30869565217391,1.1755725190839694
2022-02-27,15.829787234042554,44.71578947368421,7.776666666666666,24.771428571428572,30.805128205128206,3.7685185185185186
2022-02-28,27.272727272727273,63.23711340206186,18.404166666666665,33.63235294117647,46.61417322834646,1.0482758620689656
2022-03-01,30.54237288135593,68.90425531914893,23.475409836065573,33.51470588235294,47.5843137254902,0.1506849315068493
2022-03-02,28.51219512195122,63.58762886597938,25.668067226890756,27.464788732394368,47.16731517509728,0.4589041095890411
2022-03-03,28.112903225806452,57.55789473684211,20.779591836734692,30.928571428571427,48.08015267175573,0.7959183673469388
2022-03-04,26.37984496124031,54.148514851485146,15.317164179104477,28.22972972972973,57.540650406504064,1.0704225352112675
2022-03-05,26.357142857142858,53.44230769230769,17.97173144876325,35.14666666666667,44.18859649122807,1.2061068702290076
2022-03-06,18.125874125874127,45.21649484536083,10.672354948805461,30.422535211267604,30.859375,3.8878504672897196
2022-03-07,26.702479338842974,61.275510204081634,22.234309623430963,36.405797101449274,51.922764227642276,1.6319444444444444
2022-03-08,36.65811965811966,59.229166666666664,28.949152542372882,30.191176470588236,54.45059288537549,1.3082191780821917
2022-03-09,23.853658536585368,48.552083333333336,22.46502057613169,24.11111111111111,53.432,2.17687074829932
2022-03-10,24.2,50.323232323232325,23.62753036437247,26.35211267605634,54.73622047244095,2.719178082191781
2022-03-11,29.374045801526716,62.31,19.96564885496183,25.545454545454547,60.790983606557376,2.2056737588652484
2022-03-12,15.721428571428572,45.5607476635514,18.25448028673835,26.075949367088608,47.951541850220266,4.2421875
2022-03-13,25.06993006993007,60.7032967032967,42.03521126760563,18.283783783783782,39.67368421052632,2.385321100917431
2022-03-14,17.891666666666666,48.04040404040404,18.309322033898304,30.943661971830984,51.21774193548387,4.699300699300699
2022-03-15,24.889830508474578,58.375,26.863247863247864,30.318840579710145,57.892857142857146,3.0684931506849313
2022-03-16,26.504065040650406,57.5360824742268,26.03347280334728,28.82191780821918,55.468,2.6780821917808217
2022-03-17,27.928,55.191489361702125,26.50204081632653,31.43661971830986,54.627450980392155,2.6482758620689655
2022-03-18,26.4765625,53.83,22.622568093385215,34.78378378378378,60.624489795918365,2.3380281690140845
2022-03-19,34.05185185185185,55.31683168316832,39.386861313868614,52.01470588235294,43.78165938864629,1.5076923076923077
2022-03-20,33.948905109489054,45.43478260869565,50.301418439716315,33.2112676056338,29.927461139896373,2.25
2022-03-21,13.273504273504274,30.094736842105263,32.07727272727273,24.696969696969695,-27.85034013605442,12.664285714285715
2022-03-22,22.153846153846153,52.864583333333336,26.0,40.38805970149254,56.31496062992126,2.3013698630136985
2022-03-23,20.975609756097562,47.63265306122449,22.651452282157678,32.11594202898551,55.044,2.8698630136986303
2022-03-24,21.055118110236222,41.898989898989896,19.364372469635626,28.43661971830986,53.82945736434109,3.1448275862068966
2022-03-25,20.115384615384617,44.01,15.911538461538461,24.76923076923077,62.315352697095435,3.176056338028169
2022-03-26,19.007194244604317,44.47222222222222,16.86021505376344,32.41558441558441,46.52444444444444,3.78125
2022-03-27,12.673758865248226,37.421052631578945,12.506756756756756,26.136986301369863,30.15625,5.803738317757009
2022-03-28,18.537190082644628,46.55555555555556,19.751054852320674,28.098591549295776,49.91428571428571,4.295774647887324
2022-03-29,15.126050420168067,41.41414141414141,13.783333333333333,23.7,52.074803149606296,4.791666666666667
2022-03-30,21.872,50.47959183673469,21.04149377593361,29.267605633802816,55.81274900398407,3.3493150684931505
2022-03-31,24.752,54.09278350515464,21.431451612903224,27.098591549295776,55.354330708661415,3.027586206896552
2022-04-01,25.338461538461537,55.67,19.66023166023166,26.088607594936708,64.76859504132231,2.1619718309859155
2022-04-02,27.5,57.371428571428574,27.108303249097474,34.61842105263158,48.528888888888886,1.7538461538461538
2022-04-03,21.901408450704224,50.193548387096776,24.027491408934708,29.246575342465754,33.203125,3.814814814814815
2022-04-04,20.214876033057852,52.85858585858586,20.04237288135593,32.46478873239437,57.6869918699187,3.1319444444444446
2022-04-05,22.19327731092437,53.48979591836735,22.78481012658228,28.808823529411764,58.41897233201581,2.8424657534246576
2022-04-06,23.43089430894309,51.27272727272727,23.09623430962343,30.845070422535212,55.398406374501995,2.8758620689655174
2022-04-07,24.256,47.41237113402062,22.34156378600823,28.971830985915492,53.91828793774319,2.9310344827586206
2022-04-08,24.2265625,49.64,18.93103448275862,35.16438356164384,60.50826446280992,2.528169014084507
2022-04-09,27.44927536231884,51.924528301886795,28.746376811594203,53.857142857142854,45.97356828193833,1.627906976744186
2022-04-10,29.690647482014388,47.96739130434783,39.4280701754386,42.77142857142857,38.692708333333336,2.8055555555555554
2022-04-11,32.11864406779661,58.826530612244895,38.242009132420094,33.86764705882353,27.928030303030305,5.062937062937063
2022-04-12,35.12820512820513,58.75757575757576,43.064516129032256,35.059701492537314,24.95167286245353,4.972413793103448
2022-04-13,49.37068965517241,76.78494623655914,60.330049261083744,51.92537313432836,17.596363636363638,2.4444444444444446
2022-04-14,25.785123966942148,46.242105263157896,72.91052631578947,20.28787878787879,-32.60596026490066,11.342857142857143
2022-04-15,-2.078125,8.34,61.918552036199095,-16.144736842105264,-42.0472972972973,18.075187969924812
2022-04-16,19.441176470588236,33.76237623762376,45.6875,31.916666666666668,6.257142857142857,6.15748031496063
2022-04-17,15.719424460431656,35.956989247311824,29.757042253521128,56.9375,27.15979381443299,2.118181818181818
2022-04-18,17.60330578512397,46.90909090909091,16.395744680851063,45.53623188405797,49.92369477911647,3.4652777777777777
2022-04-19,16.764705882352942,46.5360824742268,17.506276150627617,33.53623188405797,54.34901960784314,3.4689655172413794
2022-04-20,20.296,47.484848484848484,18.904166666666665,30.652173913043477,54.12204724409449,3.420689655172414
2022-04-21,22.68503937007874,47.0,19.380165289256198,28.314285714285713,54.27131782945737,3.420689655172414
2022-04-22,19.307692307692307,43.12871287128713,13.770992366412214,26.358024691358025,63.256198347107436,3.397163120567376
2022-04-23,20.214285714285715,44.60377358490566,19.028776978417266,31.85135135135135,48.915929203539825,3.3515625
2022-04-24,15.070422535211268,39.680851063829785,15.8659793814433,29.746478873239436,35.72251308900523,5.308411214953271
2022-04-25,18.450819672131146,47.09183673469388,17.172995780590718,33.394366197183096,57.31578947368421,4.181818181818182
2022-04-26,21.294117647058822,48.25,21.11392405063291,27.685714285714287,59.6496062992126,3.2344827586206897
2022-04-27,21.062992125984252,44.83673469387755,19.024793388429753,29.569444444444443,56.54545454545455,3.331034482758621
2022-04-28,23.166666666666668,46.578947368421055,19.46747967479675,26.08450704225352,52.1,4.583333333333333
2022-04-29,28.734375,54.3469387755102,22.787644787644787,27.844155844155843,64.23456790123457,2.295774647887324
2022-04-30,32.68115942028985,60.7047619047619,29.571942446043167,39.25675675675676,49.64732142857143,1.646153846153846
2022-05-01,33.223021582733814,63.9010989010989,32.505226480836235,36.794520547945204,37.32124352331606,2.532110091743119
2022-05-02,28.40495867768595,65.51041666666667,27.982905982905983,38.142857142857146,58.008230452674894,2.826388888888889
2022-05-03,26.23931623931624,60.61052631578947,26.995726495726494,28.6231884057971,60.02777777777778,2.6506849315068495
2022-05-04,28.75409836065574,55.36082474226804,25.168067226890756,30.414285714285715,58.09126984126984,2.452054794520548
2022-05-05,20.6,47.9375,14.884,30.134328358208954,51.32567049808429,4.293706293706293
2022-05-06,13.649253731343284,42.303030303030305,3.5730337078651684,25.82191780821918,48.359683794466406,5.330935251798561
2022-05-07,16.223776223776223,46.705882352941174,9.662020905923345,28.323529411764707,33.70464135021097,5.203125
2022-05-08,35.12230215827338,55.82795698924731,24.326460481099655,25.91304347826087,31.97422680412371,2.5555555555555554
2022-05-09,16.883333333333333,46.515151515151516,11.991701244813278,30.457142857142856,48.91699604743083,4.833333333333333
2022-05-10,20.853448275862068,51.385416666666664,17.454166666666666,29.544117647058822,57.86166007905138,3.3586206896551722
2022-05-11,19.15447154471545,45.56122448979592,16.274590163934427,27.8,56.8605577689243,3.326530612244898
2022-05-12,24.48,48.03125,22.15918367346939,30.742857142857144,55.767716535433074,2.6095890410958904
2022-05-13,22.130769230769232,44.98979591836735,15.97338403041825,28.56578947368421,58.471774193548384,3.2836879432624113
