date,retail_and_recreation_percent_change_from_baseline_Antigua and Barbuda,grocery_and_pharmacy_percent_change_from_baseline_Antigua and Barbuda,parks_percent_change_from_baseline_Antigua and Barbuda,transit_stations_percent_change_from_baseline_Antigua and Barbuda,workplaces_percent_change_from_baseline_Antigua and Barbuda,residential_percent_change_from_baseline_Antigua and Barbuda
2020-02-15,-5.5,-0.5,-5.0,1.3333333333333333,-0.5,3.0
2020-02-16,-7.5,-1.0,-1.5,0.5,0.5,
2020-02-17,-0.5,-2.0,1.0,-5.333333333333333,0.5,3.0
2020-02-18,-2.0,-5.5,5.5,2.3333333333333335,4.5,1.0
2020-02-19,-2.5,-1.0,0.5,1.6666666666666667,2.0,1.0
2020-02-20,0.5,-1.0,1.5,-1.6666666666666667,-1.0,1.0
2020-02-21,-3.0,2.5,2.0,-2.0,-9.666666666666666,3.0
2020-02-22,-6.0,0.0,6.5,-1.3333333333333333,3.5,0.0
2020-02-23,-1.0,2.5,10.0,-11.0,-3.0,
2020-02-24,-6.5,1.5,-2.0,-5.333333333333333,1.0,1.0
2020-02-25,1.5,1.0,1.0,-1.3333333333333333,1.5,1.5
2020-02-26,-5.5,2.0,-3.0,-6.333333333333333,1.0,2.0
2020-02-27,2.5,2.5,0.0,1.6666666666666667,-0.3333333333333333,1.0
2020-02-28,4.0,5.5,4.5,9.666666666666666,3.0,0.0
2020-02-29,4.5,8.0,7.0,7.0,5.5,-1.0
2020-03-01,2.5,10.0,11.0,1.5,1.0,
2020-03-02,7.0,7.5,8.5,7.666666666666667,2.5,-0.5
2020-03-03,6.5,6.0,5.0,-1.3333333333333333,3.5,1.0
2020-03-04,3.5,5.0,4.0,-1.0,2.0,0.0
2020-03-05,4.5,4.5,5.5,0.6666666666666666,2.0,1.5
2020-03-06,1.0,9.5,0.5,4.666666666666667,5.5,-0.5
2020-03-07,0.0,6.5,5.5,5.666666666666667,6.5,0.0
2020-03-08,1.5,4.0,12.0,-0.5,2.0,
2020-03-09,-4.5,4.0,2.5,-4.666666666666667,2.5,0.5
2020-03-10,3.5,5.5,1.5,-0.6666666666666666,4.0,1.0
2020-03-11,-2.0,9.5,1.5,-4.666666666666667,4.5,0.0
2020-03-12,5.5,15.0,6.5,-4.333333333333333,2.0,1.0
2020-03-13,0.0,21.0,0.0,4.0,5.0,0.0
2020-03-14,-12.5,2.5,-3.5,-8.333333333333334,0.0,4.0
2020-03-15,-13.0,-1.5,-10.0,-10.5,-7.5,
2020-03-16,-16.0,-4.0,-8.5,-12.333333333333334,-14.5,8.5
2020-03-17,-19.5,-6.0,-15.5,-17.0,-14.333333333333334,11.0
2020-03-18,-20.0,-7.5,-13.5,-18.666666666666668,-20.0,9.5
2020-03-19,-18.0,-3.5,-13.5,-19.0,-22.666666666666668,12.0
2020-03-20,-18.5,-1.0,-16.0,-17.0,-20.25,12.5
2020-03-21,-24.5,-0.5,-16.0,-23.333333333333332,-12.5,
2020-03-22,-36.0,-18.0,-26.5,-38.5,-21.5,
2020-03-23,-23.5,-13.5,-20.5,-26.0,-27.5,13.5
2020-03-24,-28.5,-8.0,-29.5,-30.666666666666668,-29.5,16.5
2020-03-25,-21.5,-4.5,-22.0,-34.0,-27.25,14.0
2020-03-26,-24.5,-6.5,-22.0,-32.0,-32.75,16.5
2020-03-27,-21.0,4.0,-20.0,-36.333333333333336,-29.75,16.5
2020-03-28,-35.0,-7.0,-28.0,-49.333333333333336,-36.5,
2020-03-29,-47.0,-21.5,-30.0,-70.5,-48.5,
2020-03-30,-39.0,-15.0,-27.5,-47.333333333333336,-45.0,23.0
2020-03-31,-32.0,0.5,-24.0,-51.333333333333336,-47.5,22.0
2020-04-01,-25.0,12.0,-15.0,-45.0,-54.5,16.0
2020-04-02,-87.0,-75.5,-74.0,-89.0,-80.75,
2020-04-03,-86.5,-68.0,-70.0,-85.0,-82.75,
2020-04-04,-82.0,-63.0,-66.0,-80.66666666666667,-73.0,
2020-04-05,-76.5,-56.5,-63.5,-75.5,-65.5,
2020-04-06,-79.5,-58.5,-61.0,-82.66666666666667,-81.0,
2020-04-07,-79.0,-54.0,-59.5,-83.0,-79.0,
2020-04-08,-77.5,-51.5,-60.0,-79.0,-79.25,
2020-04-09,-66.0,-35.0,-54.5,-72.33333333333333,-76.0,
2020-04-10,-95.5,-95.5,-80.5,-97.0,-90.5,
2020-04-11,-71.0,-47.0,-54.5,-70.0,-68.0,
2020-04-12,-73.0,-54.5,-58.0,-71.0,-65.0,
2020-04-13,-86.0,-70.5,-61.5,-89.5,-87.66666666666667,
2020-04-14,-74.5,-52.0,-57.0,-80.33333333333333,-74.8,
2020-04-15,-68.5,-48.0,-57.5,-75.0,-73.5,
2020-04-16,-68.0,-49.5,-53.0,-78.0,-73.25,
2020-04-17,-66.5,-47.5,-54.0,-71.33333333333333,-69.0,
2020-04-18,-72.0,-50.0,-52.5,-59.5,-63.5,
2020-04-19,-67.5,-51.5,-53.0,-72.0,-59.5,
2020-04-20,-67.5,-51.0,-47.0,-75.33333333333333,-68.0,
2020-04-21,-67.0,-51.0,-50.5,-74.33333333333333,-69.25,
2020-04-22,-65.0,-49.5,-50.5,-73.33333333333333,-66.0,
2020-04-23,-54.0,-33.5,-35.5,-72.33333333333333,-64.5,
2020-04-24,-54.5,-35.5,-36.5,-65.66666666666667,-61.75,
2020-04-25,-57.0,-39.5,-36.0,-67.33333333333333,-53.5,
2020-04-26,-59.5,-44.5,-39.5,-76.0,-51.5,
2020-04-27,-50.0,-39.5,-38.0,-67.66666666666667,-58.0,31.0
2020-04-28,-53.0,-35.5,-36.5,-68.66666666666667,-57.75,27.0
2020-04-29,-47.5,-32.0,-36.5,-69.0,-56.0,29.0
2020-04-30,-41.0,-29.0,-36.0,-70.66666666666667,-55.5,29.0
2020-05-01,-43.5,-28.0,-32.5,-65.0,-54.5,29.0
2020-05-02,-49.5,-31.0,-31.0,-69.0,-46.0,
2020-05-03,-54.5,-32.5,-38.0,-71.0,-49.5,
2020-05-04,-72.5,-58.0,-37.5,-88.5,-81.66666666666667,
2020-05-05,-41.0,-26.0,-31.5,-67.0,-52.0,28.0
2020-05-06,-38.0,-20.5,-25.5,-63.333333333333336,-52.0,29.0
2020-05-07,-38.0,-26.0,-28.5,-63.666666666666664,-52.5,31.0
2020-05-08,-38.0,-23.0,-24.5,-58.333333333333336,-48.5,28.0
2020-05-09,-40.5,-24.5,-23.0,-62.666666666666664,-44.5,
2020-05-10,-46.0,-27.5,-25.0,-79.5,-43.5,
2020-05-11,-37.5,-31.0,-26.5,-62.666666666666664,-48.25,27.0
2020-05-12,-38.0,-28.5,-28.0,-66.66666666666667,-47.25,26.0
2020-05-13,-41.5,-29.5,-26.5,-63.0,-48.25,26.0
2020-05-14,-36.0,-23.5,-20.5,-61.666666666666664,-48.75,25.0
2020-05-15,-33.0,-20.0,-17.0,-54.666666666666664,-44.5,26.0
2020-05-16,-39.0,-23.0,-16.0,-56.333333333333336,-38.0,
2020-05-17,-41.0,-32.0,-15.0,-66.66666666666667,-40.0,
2020-05-18,-34.0,-24.5,-18.0,-55.333333333333336,-43.0,23.0
2020-05-19,-37.0,-22.0,-21.0,-63.333333333333336,-46.0,27.0
2020-05-20,-36.0,-22.0,-20.5,-59.666666666666664,-42.25,24.0
2020-05-21,-34.5,-22.5,-19.5,-62.333333333333336,-41.75,26.0
2020-05-22,-34.5,-19.0,-16.0,-51.666666666666664,-39.5,22.0
2020-05-23,-36.5,-18.0,-16.0,-57.666666666666664,-35.5,
2020-05-24,-36.0,-29.0,-10.0,-69.33333333333333,-40.5,
2020-05-25,-32.5,-23.5,-13.5,-53.333333333333336,-39.0,22.0
2020-05-26,-34.5,-24.5,-19.5,-58.666666666666664,-37.25,23.0
2020-05-27,-31.5,-20.5,-17.0,-57.0,-34.75,22.0
2020-05-28,-29.0,-18.0,-18.0,-57.666666666666664,-37.75,22.0
2020-05-29,-25.0,-10.5,-11.5,-50.0,-34.0,22.0
2020-05-30,-28.0,-11.5,-6.5,-49.333333333333336,-30.0,
2020-05-31,-34.5,-17.5,-11.5,-74.5,-35.0,
2020-06-01,-62.0,-45.5,-17.0,-83.66666666666667,-74.25,
2020-06-02,-21.0,-12.5,-15.5,-52.0,-31.75,20.0
2020-06-03,-24.0,-15.5,-18.5,-50.333333333333336,-32.25,18.0
2020-06-04,-25.5,-15.5,-21.0,-52.666666666666664,-32.0,19.5
2020-06-05,-28.5,-14.5,-12.5,-47.666666666666664,-31.5,19.0
2020-06-06,-34.5,-17.5,-12.5,-48.666666666666664,-26.0,
2020-06-07,-36.5,-23.5,-4.5,-65.5,-29.5,
2020-06-08,-29.5,-22.5,-12.5,-44.666666666666664,-34.0,17.5
2020-06-09,-35.5,-21.5,-20.0,-49.0,-31.0,20.0
2020-06-10,-33.0,-24.5,-22.0,-53.0,-32.25,20.5
2020-06-11,-28.5,-19.5,-13.0,-50.333333333333336,-34.25,20.0
2020-06-12,-24.5,-14.0,-7.0,-45.333333333333336,-31.5,17.5
2020-06-13,-28.0,-16.0,-7.0,-44.333333333333336,-27.0,
2020-06-14,-30.0,-27.0,-4.0,-67.5,-22.0,
2020-06-15,-26.0,-20.5,-6.0,-44.666666666666664,-31.75,16.5
2020-06-16,-29.5,-20.5,-14.5,-46.333333333333336,-29.5,18.0
2020-06-17,-30.0,-20.5,-9.5,-52.0,-32.75,17.0
2020-06-18,-28.0,-22.0,-14.0,-52.333333333333336,-32.25,20.0
2020-06-19,-26.5,-12.5,-7.5,-43.666666666666664,-29.75,18.0
2020-06-20,-29.0,-11.5,-2.5,-47.333333333333336,-23.5,
2020-06-21,-35.5,-21.0,-0.5,-64.0,-24.5,
2020-06-22,-30.5,-24.5,-10.0,-51.333333333333336,-33.25,18.0
2020-06-23,-31.0,-22.0,-10.5,-50.333333333333336,-34.25,19.0
2020-06-24,-28.5,-19.5,-11.0,-47.333333333333336,-32.0,16.5
2020-06-25,-29.5,-22.0,-15.0,-51.0,-35.25,17.5
2020-06-26,-25.5,-16.0,-10.5,-42.666666666666664,-30.5,17.0
2020-06-27,-28.5,-14.5,-7.5,-46.0,-24.5,
2020-06-28,-32.5,-20.5,-1.5,-62.0,-26.5,
2020-06-29,-21.5,-18.0,-2.5,-45.0,-35.5,14.5
2020-06-30,-19.5,-12.5,-8.0,-50.333333333333336,-32.5,16.0
2020-07-01,-22.5,-11.0,-10.0,-45.666666666666664,-32.0,16.5
2020-07-02,-20.0,-13.0,-9.0,-48.0,-34.25,18.0
2020-07-03,-19.5,-9.5,-2.5,-38.333333333333336,-30.75,17.0
2020-07-04,-24.5,-14.0,-5.5,-44.666666666666664,-22.5,
2020-07-05,-26.5,-23.0,-1.0,-59.5,-24.5,
2020-07-06,-19.0,-18.0,-6.0,-46.666666666666664,-35.25,16.0
2020-07-07,-27.5,-19.5,-20.0,-51.666666666666664,-34.75,19.0
2020-07-08,-26.0,-19.5,-13.0,-50.666666666666664,-32.75,17.0
2020-07-09,-22.5,-17.5,-12.0,-44.666666666666664,-31.25,18.0
2020-07-10,-21.5,-12.0,-5.5,-44.0,-30.0,17.0
2020-07-11,-29.5,-16.5,-12.0,-48.666666666666664,-24.5,
2020-07-12,-32.5,-26.5,-8.5,-60.0,-27.5,
2020-07-13,-24.5,-20.0,-2.0,-50.333333333333336,-33.5,17.0
2020-07-14,-26.5,-21.0,-10.5,-55.666666666666664,-34.25,18.0
2020-07-15,-21.5,-14.0,-7.0,-54.0,-33.25,17.0
2020-07-16,-19.5,-13.5,-7.5,-49.666666666666664,-34.5,18.5
2020-07-17,-19.0,-13.5,-3.5,-45.666666666666664,-28.5,16.0
2020-07-18,-29.0,-15.5,-3.5,-44.333333333333336,-22.5,
2020-07-19,-27.5,-25.0,-5.5,-65.0,-25.5,
2020-07-20,-24.5,-18.0,-5.5,-45.0,-33.5,15.0
2020-07-21,-29.5,-25.0,-9.5,-52.0,-34.5,19.0
2020-07-22,-27.0,-20.0,-12.5,-52.333333333333336,-34.25,18.5
2020-07-23,-29.0,-22.0,-19.5,-54.666666666666664,-36.5,21.0
2020-07-24,-22.5,-13.0,-11.0,-48.0,-31.0,18.0
2020-07-25,-24.0,-15.0,-9.0,-40.666666666666664,-22.5,
2020-07-26,-32.5,-24.0,-5.5,-61.0,-25.0,
2020-07-27,-26.5,-18.0,-12.0,-50.333333333333336,-36.75,18.0
2020-07-28,-19.5,1.0,-10.0,-51.333333333333336,-35.0,13.0
2020-07-29,-75.5,-56.5,-50.5,-80.5,-78.25,
2020-07-30,-20.0,-15.0,-18.5,-50.333333333333336,-36.0,17.5
2020-07-31,-12.5,-3.0,-2.0,-43.0,-32.0,12.5
2020-08-01,-15.0,-6.5,-6.5,-38.333333333333336,-20.0,
2020-08-02,-19.0,-8.0,-5.0,-48.5,-26.0,
2020-08-03,-55.5,-41.0,-7.0,-76.33333333333333,-73.5,
2020-08-04,-51.5,-39.5,-17.5,-75.33333333333333,-72.25,
2020-08-05,-10.5,-3.0,-12.0,-41.0,-33.75,12.0
2020-08-06,-11.5,-7.0,-9.5,-35.333333333333336,-34.75,14.0
2020-08-07,-18.0,-10.0,-6.0,-41.333333333333336,-33.25,14.5
2020-08-08,-20.5,-12.5,-1.5,-40.666666666666664,-18.5,
2020-08-09,-22.5,-18.5,-4.5,-52.0,-23.0,
2020-08-10,-18.5,-15.5,-7.0,-43.333333333333336,-37.0,14.0
2020-08-11,-25.5,-18.5,-10.5,-47.333333333333336,-35.75,16.5
2020-08-12,-19.5,-16.5,-10.5,-52.0,-34.75,12.0
2020-08-13,-17.0,-14.5,-6.5,-48.666666666666664,-34.75,14.5
2020-08-14,-20.0,-8.0,-4.0,-43.333333333333336,-31.25,13.0
2020-08-15,-23.5,-15.5,-5.5,-44.666666666666664,-21.5,
2020-08-16,-25.0,-19.5,-4.0,-54.5,-25.5,
2020-08-17,,,,,-33.0,13.5
2020-08-18,,,,,-33.0,14.5
2020-08-19,,,,,-32.0,12.5
2020-08-20,,,,,-33.0,15.0
2020-08-21,,,,,-35.0,20.0
2020-08-24,,,,,-32.0,11.5
2020-08-25,,,,,-32.0,12.0
2020-08-26,,,,,-32.0,12.0
2020-08-27,,,,,-34.0,12.0
2020-08-28,,,,,-30.0,10.0
2020-08-31,,,,,-33.0,9.0
2020-09-01,,,,,-33.0,11.5
2020-09-02,,,,,-33.0,10.0
2020-09-03,,,,,-34.0,12.0
2020-09-04,,,,,-30.0,9.0
2020-09-07,,,,,-32.0,8.0
2020-09-08,,,,,-34.0,11.0
2020-09-09,,,,,-31.0,7.0
2020-09-10,,,,,-33.0,9.0
2020-09-11,-4.0,-4.5,51.5,-38.0,-31.25,7.0
2020-09-12,-4.5,-5.0,46.0,-44.666666666666664,-28.5,
2020-09-13,-11.0,-5.0,49.0,-53.666666666666664,-30.5,
2020-09-14,-2.5,-5.0,58.5,-39.0,-31.25,4.0
2020-09-15,-5.5,-5.5,48.0,-46.666666666666664,-30.75,6.5
2020-09-16,-8.0,-7.0,48.5,-46.0,-31.75,5.5
2020-09-17,-9.0,-14.0,43.5,-42.666666666666664,-32.0,8.5
2020-09-18,-8.0,-6.5,43.5,-37.0,-28.0,7.5
2020-09-19,-9.5,-6.0,36.0,-45.666666666666664,-26.0,
2020-09-20,-9.5,-10.5,50.0,-49.333333333333336,-28.0,
2020-09-21,-10.0,-14.0,57.0,-43.333333333333336,-29.25,6.5
2020-09-22,-17.0,-12.0,47.0,-47.666666666666664,-30.5,8.0
2020-09-23,-16.0,-9.0,56.5,-45.333333333333336,-29.5,5.0
2020-09-24,-16.0,-11.0,50.0,-45.666666666666664,-29.0,8.5
2020-09-25,-12.0,-7.5,57.5,-42.333333333333336,-26.25,6.5
2020-09-26,-16.0,-4.0,52.0,-44.333333333333336,-27.5,7.0
2020-09-27,-20.5,-9.5,55.5,-51.0,-33.0,5.0
2020-09-28,-13.5,-8.5,63.0,-43.333333333333336,-28.25,8.5
2020-09-29,-14.0,-12.0,53.5,-46.333333333333336,-28.0,7.5
2020-09-30,-11.5,-7.0,62.0,-44.0,-30.0,3.0
2020-10-01,-17.0,-10.5,49.5,-49.0,-31.75,4.5
2020-10-02,-7.5,-0.5,63.5,-38.666666666666664,-27.5,1.5
2020-10-03,-7.0,0.0,56.0,-43.0,-30.0,0.5
2020-10-04,-14.0,-4.0,65.5,-52.0,-36.0,-1.0
2020-10-05,-7.5,-5.5,72.0,-42.666666666666664,-31.0,1.0
2020-10-06,-16.0,-9.0,59.5,-47.666666666666664,-28.5,4.0
2020-10-07,-8.0,-6.5,78.0,-36.666666666666664,-25.75,3.5
2020-10-08,-5.5,-7.5,74.0,-37.333333333333336,-26.5,5.5
2020-10-09,-9.5,-8.0,70.5,-38.666666666666664,-22.5,6.0
2020-10-10,-10.5,-3.5,65.0,-42.333333333333336,-27.5,6.0
2020-10-11,-10.0,-5.0,78.5,-46.0,-29.5,3.0
2020-10-12,-12.0,-5.0,81.5,-35.666666666666664,-26.0,6.0
2020-10-13,-15.0,-10.5,62.0,-42.333333333333336,-28.0,7.5
2020-10-14,-6.5,-4.0,56.0,-49.0,-24.0,7.0
2020-10-15,-8.5,-3.0,50.5,-36.0,-24.25,8.5
2020-10-16,-11.0,-3.0,48.0,-38.666666666666664,-26.0,9.0
2020-10-17,-10.0,2.5,43.0,-47.666666666666664,-28.0,8.5
2020-10-18,-14.0,-5.5,58.0,-48.0,-30.5,6.0
2020-10-19,-11.5,-6.5,59.0,-40.0,-26.25,8.0
2020-10-20,-16.5,-7.5,49.5,-47.666666666666664,-25.5,9.0
2020-10-21,-11.5,-1.5,49.0,-50.333333333333336,-23.5,6.5
2020-10-22,-10.0,-1.5,50.0,-39.0,-23.75,8.0
2020-10-23,-8.0,-1.0,51.5,-36.333333333333336,-21.25,6.0
2020-10-24,-13.5,-2.0,50.0,-47.666666666666664,-26.0,5.5
2020-10-25,-16.0,-0.5,58.0,-51.0,-27.0,3.0
2020-10-26,-8.5,-5.0,64.0,-40.333333333333336,-33.0,8.0
2020-10-27,-10.5,-3.0,49.5,-45.333333333333336,-31.5,9.5
2020-10-28,-5.5,-3.5,48.0,-51.0,-33.0,9.0
2020-10-29,-2.0,-3.0,49.0,-39.666666666666664,-38.25,9.0
2020-10-30,-0.5,-1.0,54.5,-36.666666666666664,-33.5,6.0
2020-10-31,0.0,7.5,61.0,-38.333333333333336,-24.5,2.0
2020-11-01,-3.0,1.0,58.5,-45.0,-27.0,1.0
2020-11-02,-46.5,-28.5,64.0,-68.33333333333333,-77.5,23.0
2020-11-03,-2.5,1.5,59.0,-45.0,-26.5,3.5
2020-11-04,-3.5,-0.5,65.0,-35.333333333333336,-25.5,3.5
2020-11-05,-5.0,-3.0,71.0,-38.666666666666664,-25.5,3.5
2020-11-06,-7.5,-5.0,72.0,-34.333333333333336,-23.5,3.5
2020-11-07,-8.5,-5.5,64.0,-37.666666666666664,-23.5,4.0
2020-11-08,-10.5,-4.0,75.5,-41.5,-27.0,2.0
2020-11-09,-13.5,-16.0,66.5,-41.333333333333336,-28.5,6.0
2020-11-10,-61.0,-46.5,7.5,-74.0,-63.0,32.5
2020-11-11,-25.0,-12.0,39.0,-53.666666666666664,-47.75,18.0
2020-11-12,-9.0,-3.5,59.5,-44.333333333333336,-27.25,8.0
2020-11-13,-3.0,-2.5,69.5,-42.0,-23.25,4.5
2020-11-14,-5.0,0.5,61.5,-41.333333333333336,-26.5,2.5
2020-11-15,-12.0,-4.5,67.5,-55.0,-29.0,2.0
2020-11-16,-12.0,-12.5,69.5,-42.0,-24.5,6.5
2020-11-17,-15.0,-4.5,68.5,-46.666666666666664,-23.5,5.5
2020-11-18,-9.0,-1.5,67.0,-38.0,-24.5,4.5
2020-11-19,-4.5,-1.5,67.0,-39.666666666666664,-25.25,5.0
2020-11-20,-6.0,-2.0,71.0,-36.666666666666664,-21.75,3.5
2020-11-21,-10.0,-1.0,63.0,-35.0,-23.5,2.0
2020-11-22,-11.5,-4.5,66.0,-50.5,-27.0,3.0
2020-11-23,-10.5,-6.5,77.0,-40.666666666666664,-25.25,4.5
2020-11-24,-13.5,-7.0,68.0,-39.666666666666664,-23.75,4.5
2020-11-25,-8.5,-5.0,70.5,-42.0,-24.5,3.5
2020-11-26,-4.0,-2.0,73.5,-39.333333333333336,-22.5,4.5
2020-11-27,-1.5,-4.0,72.0,-38.333333333333336,-21.75,3.5
2020-11-28,-3.0,-2.5,65.0,-36.0,-24.5,2.5
2020-11-29,-7.0,-4.5,73.5,-48.0,-28.5,3.0
2020-11-30,-3.0,-3.5,78.0,-36.0,-21.25,4.5
2020-12-01,-5.5,5.0,72.0,-38.333333333333336,-25.75,4.5
2020-12-02,0.5,3.0,74.0,-34.666666666666664,-23.0,3.5
2020-12-03,4.0,4.0,75.0,-36.0,-23.5,3.5
2020-12-04,-3.5,0.5,66.0,-32.666666666666664,-20.75,4.0
2020-12-05,-2.0,4.5,64.5,-26.333333333333332,-21.0,1.0
2020-12-06,-9.5,0.0,72.0,-42.0,-26.0,1.0
2020-12-07,-2.5,-1.5,83.0,-35.666666666666664,-24.25,3.5
2020-12-08,-2.0,4.5,68.5,-39.666666666666664,-25.0,4.0
2020-12-09,-46.5,-27.5,70.5,-71.66666666666667,-72.75,22.0
2020-12-10,1.5,5.0,74.5,-36.333333333333336,-23.25,3.5
2020-12-11,4.5,5.0,75.5,-34.0,-21.75,3.5
2020-12-12,5.0,7.0,69.5,-22.0,-17.0,-0.5
2020-12-13,6.5,3.5,84.0,-40.0,-20.0,0.0
2020-12-14,-2.5,-3.0,85.5,-34.333333333333336,-33.0,5.5
2020-12-15,-2.0,-1.0,74.5,-43.0,-34.5,7.0
2020-12-16,2.0,3.5,78.0,-37.333333333333336,-32.5,4.5
2020-12-17,5.5,6.0,81.5,-35.0,-33.5,5.5
2020-12-18,14.5,16.0,79.0,-26.666666666666668,-30.75,1.5
2020-12-19,16.0,17.0,73.5,-18.333333333333332,-17.0,-4.5
2020-12-20,32.5,25.5,102.5,-33.5,-16.0,-5.0
2020-12-21,10.0,12.0,91.5,-26.666666666666668,-34.75,4.0
2020-12-22,11.0,21.5,91.5,-32.333333333333336,-34.25,3.5
2020-12-23,24.0,36.0,97.0,-19.0,-36.5,2.5
2020-12-24,40.5,59.0,103.5,-8.0,-37.75,0.5
2020-12-25,-62.5,-31.0,93.5,-73.66666666666667,-76.5,22.0
2020-12-26,-21.5,-15.0,72.5,-37.0,-28.5,4.5
2020-12-27,-12.5,-11.5,95.5,-37.0,-23.5,0.0
2020-12-28,-47.5,-37.0,86.5,-67.33333333333333,-73.25,22.5
2020-12-29,0.5,3.0,86.5,-37.333333333333336,-39.0,7.0
2020-12-30,8.0,7.0,90.5,-31.333333333333332,-36.0,6.5
2020-12-31,16.5,24.0,93.0,-36.666666666666664,-37.5,1.0
2021-01-01,-54.5,-40.0,76.0,-69.33333333333333,-75.0,25.0
2021-01-02,-4.0,0.5,73.0,-31.333333333333332,-21.0,4.0
2021-01-03,-11.0,-6.5,89.0,-30.5,-24.0,1.0
2021-01-04,-2.5,1.5,85.0,-27.666666666666668,-23.75,3.5
2021-01-05,-7.5,-3.5,79.0,-36.333333333333336,-22.5,4.0
2021-01-06,-3.0,-2.0,76.0,-33.0,-21.25,3.5
2021-01-07,-0.5,0.5,75.0,-34.333333333333336,-20.0,3.5
2021-01-08,-4.0,-2.0,69.5,-30.666666666666668,-19.0,0.5
2021-01-09,-4.5,0.5,61.0,-32.0,-17.0,-1.0
2021-01-10,-9.0,-2.0,78.0,-43.0,-20.5,-2.0
2021-01-11,-3.0,-4.5,77.5,-26.666666666666668,-21.75,-0.5
2021-01-12,-12.5,-12.5,59.5,-44.666666666666664,-23.5,1.5
2021-01-13,-12.0,-10.5,58.0,-39.333333333333336,-23.5,1.5
2021-01-14,-7.0,-6.5,59.0,-36.666666666666664,-24.75,-0.5
2021-01-15,-8.0,-5.5,55.5,-38.666666666666664,-24.25,-2.0
2021-01-16,-13.5,-7.0,51.0,-36.333333333333336,-26.0,-2.0
2021-01-17,-14.0,-6.5,69.0,-49.5,-30.5,-2.0
2021-01-18,-12.5,-6.5,67.5,-35.0,-30.0,-1.0
2021-01-19,-18.0,-13.0,56.0,-45.666666666666664,-27.25,0.5
2021-01-20,-12.5,-13.0,57.0,-38.666666666666664,-26.75,0.0
2021-01-21,-8.5,-9.0,56.5,-33.0,-25.0,0.5
2021-01-22,-7.5,-7.5,57.5,-34.666666666666664,-24.5,-1.0
2021-01-23,-12.5,-5.5,48.5,-37.666666666666664,-24.0,-1.0
2021-01-24,-15.0,-6.0,66.5,-52.5,-29.0,-2.0
2021-01-25,-12.0,-6.5,70.0,-34.333333333333336,-26.0,-1.0
2021-01-26,-16.5,-11.0,57.0,-46.0,-25.25,0.5
2021-01-27,-9.5,-1.5,54.5,-41.333333333333336,-25.25,1.0
2021-01-28,-1.5,-6.0,53.5,-35.333333333333336,-25.75,-0.5
2021-01-29,-13.5,-3.0,41.5,-39.0,-24.0,-2.0
2021-01-30,-16.5,0.0,42.0,-38.666666666666664,-30.0,-4.5
2021-01-31,-23.0,-0.5,50.5,-48.0,-33.0,-3.0
2021-02-01,-15.5,-5.0,50.0,-39.333333333333336,-29.0,-3.0
2021-02-02,-22.0,-5.5,46.5,-49.0,-27.25,-1.5
2021-02-03,-25.0,-7.0,48.0,-47.333333333333336,-30.75,1.0
2021-02-04,-23.5,-15.5,47.0,-51.666666666666664,-39.5,8.0
2021-02-05,-26.0,-12.5,49.5,-50.333333333333336,-38.25,8.0
2021-02-06,-29.0,-12.0,46.5,-50.0,-34.5,4.0
2021-02-07,-35.0,-18.0,62.0,-52.5,-38.0,2.0
2021-02-08,-26.5,-19.5,52.5,-48.666666666666664,-41.75,8.0
2021-02-09,-30.5,-12.0,46.5,-55.666666666666664,-44.0,10.0
2021-02-10,-27.0,-11.5,46.5,-49.333333333333336,-44.5,9.0
2021-02-11,-25.5,-14.5,42.0,-51.0,-44.25,8.0
2021-02-12,-27.0,-8.5,46.0,-46.666666666666664,-44.5,4.0
2021-02-13,-25.5,-6.5,48.0,-46.0,-38.0,-3.0
2021-02-14,-31.0,-12.0,66.5,-57.5,-42.0,-3.0
2021-02-15,-27.5,-17.5,52.5,-51.666666666666664,-48.25,1.5
2021-02-16,-38.0,-20.5,38.0,-58.666666666666664,-48.25,6.0
2021-02-17,-34.0,-19.5,37.0,-56.0,-47.5,6.0
2021-02-18,-34.0,-20.0,41.5,-56.666666666666664,-48.75,6.5
2021-02-19,-34.5,-13.5,39.0,-57.666666666666664,-45.25,6.0
2021-02-20,-33.5,-11.5,37.5,-52.333333333333336,-38.5,0.5
2021-02-21,-40.0,-16.5,53.0,-61.333333333333336,-44.5,0.0
2021-02-22,-31.0,-24.0,45.5,-54.666666666666664,-47.25,4.5
2021-02-23,-34.5,-22.0,39.5,-59.333333333333336,-48.25,7.5
2021-02-24,-34.0,-15.0,41.0,-58.666666666666664,-45.25,6.5
2021-02-25,-29.5,-16.5,39.0,-57.0,-45.25,7.5
2021-02-26,-28.5,-8.0,39.5,-50.666666666666664,-45.75,6.0
2021-02-27,-24.5,-0.5,45.0,-45.666666666666664,-37.0,-3.0
2021-02-28,-32.0,-7.0,58.5,-56.333333333333336,-40.5,-2.0
2021-03-01,-22.0,-9.0,54.0,-50.0,-48.0,2.5
2021-03-02,-27.0,-9.0,48.5,-56.0,-45.25,3.5
2021-03-03,-26.5,-10.0,47.0,-53.666666666666664,-46.5,4.0
2021-03-04,-26.0,-9.5,50.5,-55.666666666666664,-46.75,6.0
2021-03-05,-28.0,-6.5,48.0,-54.666666666666664,-43.25,4.0
2021-03-06,-29.5,-6.0,44.0,-46.333333333333336,-37.5,-1.5
2021-03-07,-35.5,-9.5,59.0,-59.0,-43.5,-2.0
2021-03-08,-27.0,-14.5,49.0,-51.333333333333336,-46.25,4.0
2021-03-09,-29.5,-12.0,43.0,-58.666666666666664,-45.25,4.5
2021-03-10,-28.5,-14.0,41.0,-55.333333333333336,-44.25,5.5
2021-03-11,-25.5,-11.0,53.5,-55.333333333333336,-46.0,5.5
2021-03-12,-29.5,-10.5,48.0,-50.666666666666664,-42.25,5.0
2021-03-13,-29.0,-2.5,47.0,-42.333333333333336,-34.5,-2.5
2021-03-14,-35.0,-10.5,63.5,-57.0,-37.0,-3.0
2021-03-15,-20.5,-5.5,62.0,-47.333333333333336,-41.25,1.5
2021-03-16,-26.5,-7.5,53.0,-55.333333333333336,-42.75,3.0
2021-03-17,-23.0,-4.5,53.0,-49.666666666666664,-41.25,3.0
2021-03-18,-22.0,-6.0,57.0,-49.0,-41.0,4.0
2021-03-19,-21.0,2.0,57.5,-47.666666666666664,-38.5,-0.5
2021-03-20,-24.0,1.5,53.5,-41.0,-31.5,-4.0
2021-03-21,-25.5,-8.0,74.5,-51.0,-33.0,-5.0
2021-03-22,-20.5,-7.0,59.0,-47.0,-40.5,0.0
2021-03-23,-25.0,-7.0,55.5,-53.0,-42.0,1.0
2021-03-24,-23.0,-5.0,54.0,-52.0,-38.25,1.5
2021-03-25,-18.5,-3.0,56.0,-48.0,-39.5,3.0
2021-03-26,-19.5,4.0,58.0,-41.333333333333336,-37.75,1.5
2021-03-27,-20.0,5.0,57.0,-34.0,-29.5,-5.0
2021-03-28,-22.5,-2.5,75.0,-49.0,-32.0,-6.0
2021-03-29,-17.0,-1.5,65.0,-42.666666666666664,-39.75,-1.0
2021-03-30,-21.5,2.5,54.5,-52.666666666666664,-39.0,0.5
2021-03-31,-11.5,10.5,54.0,-45.0,-39.5,0.0
2021-04-01,7.0,43.5,73.0,-29.333333333333332,-39.75,-5.0
2021-04-02,-68.0,-30.5,48.5,-77.0,-77.25,16.5
2021-04-03,-12.0,12.0,55.0,-37.0,-27.5,-5.0
2021-04-04,-22.0,0.0,71.5,-50.0,-34.0,-6.0
2021-04-05,-55.0,-28.5,67.5,-73.0,-76.5,13.5
2021-04-06,-16.0,1.0,55.5,-49.0,-39.0,-1.5
2021-04-07,-12.5,6.0,59.0,-48.333333333333336,-40.25,0.0
2021-04-08,-10.5,1.5,60.5,-46.333333333333336,-37.25,0.5
2021-04-09,-12.5,5.0,59.0,-39.333333333333336,-36.5,-0.5
2021-04-10,-14.0,5.5,63.0,-37.333333333333336,-26.0,-5.5
2021-04-11,-18.0,-1.0,82.0,-51.0,-31.0,-7.0
2021-04-12,-14.0,0.0,66.5,-44.666666666666664,-31.5,-4.0
2021-04-13,-18.0,-0.5,58.0,-49.666666666666664,-31.25,-3.0
2021-04-14,-13.5,2.0,58.0,-43.0,-30.0,-4.0
2021-04-15,-7.5,7.5,67.5,-41.0,-28.5,-5.0
2021-04-16,-7.0,8.0,67.5,-37.0,-23.75,-6.0
2021-04-17,-5.0,10.5,67.0,-31.0,-23.0,-7.0
2021-04-18,-13.0,10.5,87.5,-44.5,-27.0,-7.0
2021-04-19,-7.0,7.5,73.5,-37.333333333333336,-28.5,-7.5
2021-04-20,-13.0,2.5,67.5,-45.333333333333336,-27.75,-7.0
2021-04-21,-10.0,6.0,64.0,-43.0,-27.25,-6.5
2021-04-22,-10.5,4.0,67.5,-44.666666666666664,-28.0,-5.5
2021-04-23,-6.5,6.5,69.0,-41.333333333333336,-22.5,-7.5
2021-04-24,-6.0,8.0,66.5,-35.333333333333336,-21.0,-8.0
2021-04-25,-12.5,7.0,89.5,-50.0,-25.5,-8.0
2021-04-26,-8.5,7.0,80.0,-39.333333333333336,-27.5,-9.0
2021-04-27,-11.5,2.5,66.0,-48.333333333333336,-26.75,-6.5
2021-04-28,-6.0,7.5,68.0,-45.0,-26.0,-6.5
2021-04-29,1.0,8.5,69.5,-43.333333333333336,-25.75,-6.5
2021-04-30,5.0,17.5,73.5,-35.333333333333336,-22.25,-8.5
2021-05-01,5.0,20.5,70.0,-30.666666666666668,-21.0,-9.5
2021-05-02,0.0,17.0,94.0,-48.5,-26.0,-11.0
2021-05-03,-44.5,-15.0,76.5,-74.0,-76.0,11.5
2021-05-04,2.5,18.0,66.0,-42.333333333333336,-25.25,-8.5
2021-05-05,3.5,12.0,72.5,-42.333333333333336,-25.25,-9.0
2021-05-06,4.0,10.5,76.0,-38.666666666666664,-25.0,-8.0
2021-05-07,2.0,18.0,79.5,-31.333333333333332,-21.5,-9.5
2021-05-08,7.0,21.5,75.0,-31.666666666666668,-20.0,-9.5
2021-05-09,-2.5,14.0,96.5,-50.0,-29.5,-10.0
2021-05-10,-4.5,6.5,80.5,-38.666666666666664,-26.75,-8.5
2021-05-11,-9.0,8.5,65.0,-42.0,-25.0,-7.0
2021-05-12,-4.0,11.5,71.0,-45.0,-24.25,-7.5
2021-05-13,2.0,11.0,78.5,-39.666666666666664,-34.25,-4.5
2021-05-14,1.0,15.5,70.5,-36.0,-21.75,-9.0
2021-05-15,-1.5,14.0,66.5,-36.666666666666664,-20.5,-8.5
2021-05-16,-6.0,13.5,93.0,-44.0,-27.0,-9.0
2021-05-17,-1.5,9.0,85.5,-34.666666666666664,-25.0,-8.5
2021-05-18,-6.5,8.5,75.5,-37.0,-23.25,-8.0
2021-05-19,-5.0,10.5,77.0,-42.666666666666664,-22.5,-6.5
2021-05-20,1.0,11.5,74.5,-38.0,-23.25,-6.5
2021-05-21,1.0,17.5,75.5,-33.0,-17.0,-8.5
2021-05-22,3.0,14.0,66.0,-38.333333333333336,-19.0,-7.5
2021-05-23,3.5,11.5,89.0,-44.5,-26.5,-10.0
2021-05-24,-43.5,-14.5,81.0,-71.66666666666667,-76.25,11.5
2021-05-25,-0.5,15.0,70.5,-32.333333333333336,-17.25,-9.5
2021-05-26,1.5,14.5,73.0,-42.0,-18.75,-8.5
2021-05-27,9.5,14.0,76.5,-31.666666666666668,-16.666666666666668,-8.5
2021-05-28,10.5,18.0,82.0,-29.0,-8.666666666666666,-12.0
2021-05-29,10.5,18.5,77.0,-30.666666666666668,-11.5,-11.5
2021-05-30,8.5,16.5,95.5,-40.5,-24.0,-12.0
2021-05-31,6.5,17.5,89.5,-36.333333333333336,-16.75,-10.5
2021-06-01,3.0,11.5,80.5,-38.0,-14.666666666666666,-9.5
2021-06-02,7.5,15.0,79.0,-41.333333333333336,-16.75,-11.0
2021-06-03,12.0,16.5,80.0,-34.666666666666664,-17.333333333333332,-8.0
2021-06-04,14.0,18.5,78.5,-34.333333333333336,-11.0,-9.5
2021-06-05,10.5,16.0,71.0,-34.0,-13.5,-10.0
2021-06-06,7.0,10.0,99.0,-41.0,-20.0,-10.0
2021-06-07,7.5,12.5,86.0,-34.0,-13.75,-9.5
2021-06-08,1.5,8.0,74.5,-32.0,-12.5,-8.5
2021-06-09,9.0,11.0,78.5,-33.333333333333336,-16.75,-9.0
2021-06-10,11.0,13.0,86.0,-34.0,-17.5,-8.0
2021-06-11,9.5,13.5,79.0,-28.666666666666668,-12.333333333333334,-9.0
2021-06-12,10.0,13.0,71.5,-29.666666666666668,-14.5,-9.5
2021-06-13,6.0,4.5,94.0,-41.0,-24.0,-10.0
2021-06-14,7.0,8.5,86.0,-33.333333333333336,-18.0,-9.0
2021-06-15,4.5,8.5,79.5,-37.0,-14.25,-9.0
2021-06-16,9.0,6.5,77.5,-36.333333333333336,-19.0,-10.5
2021-06-17,11.5,9.5,71.0,-34.0,-22.25,-7.5
2021-06-18,13.0,9.5,74.5,-27.666666666666668,-19.0,-9.5
2021-06-19,16.0,12.5,72.5,-30.0,-19.0,-10.5
2021-06-20,7.5,5.5,96.5,-38.0,-27.0,-11.0
2021-06-21,3.5,1.5,81.5,-35.333333333333336,-24.25,-7.5
2021-06-22,5.5,1.0,75.5,-37.0,-22.25,-7.0
2021-06-23,9.0,5.5,73.0,-35.0,-21.25,-7.5
2021-06-24,14.5,9.0,76.5,-34.333333333333336,-23.75,-8.5
2021-06-25,12.5,10.5,71.5,-28.0,-20.0,-8.5
2021-06-26,11.0,9.5,66.5,-31.666666666666668,-19.5,-9.5
2021-06-27,15.0,5.5,102.0,-27.0,-26.0,-11.0
2021-06-28,10.0,6.5,87.5,-33.0,-28.0,-9.0
2021-06-29,2.0,0.5,67.5,-35.333333333333336,-26.5,-8.0
2021-06-30,13.0,12.0,68.5,-37.0,-28.25,-5.0
2021-07-01,19.5,14.0,76.5,-30.333333333333332,-27.75,-7.0
2021-07-02,20.0,11.0,72.0,-29.0,-26.0,-7.0
2021-07-03,21.5,10.0,71.5,-20.0,-15.0,-10.5
2021-07-04,17.5,7.5,100.0,-22.5,-25.0,-12.0
2021-07-05,17.5,8.0,91.5,-27.333333333333332,-26.75,-8.5
2021-07-06,14.5,6.0,77.5,-33.333333333333336,-24.5,-7.5
2021-07-07,14.5,5.0,82.0,-35.333333333333336,-26.25,-8.5
2021-07-08,20.5,7.5,81.0,-34.333333333333336,-27.5,-7.0
2021-07-09,18.5,10.0,80.5,-25.333333333333332,-22.75,-8.5
2021-07-10,15.5,3.5,76.0,-29.666666666666668,-14.5,-11.0
2021-07-11,15.0,4.5,101.0,-26.5,-20.0,-12.0
2021-07-12,15.5,6.5,92.0,-28.0,-25.75,-9.0
2021-07-13,12.5,4.5,82.5,-29.666666666666668,-22.5,-8.5
2021-07-14,18.0,10.0,82.5,-33.333333333333336,-23.75,-9.5
2021-07-15,21.0,11.5,83.5,-26.0,-22.5,-9.0
2021-07-16,17.0,14.5,81.5,-17.0,-19.5,-8.5
2021-07-17,13.0,12.0,71.5,-15.333333333333334,-12.5,-10.5
2021-07-18,16.5,6.0,91.0,-19.0,-19.0,-12.0
2021-07-19,14.5,13.5,91.5,-19.0,-23.0,-9.5
2021-07-20,10.5,11.0,83.5,-23.333333333333332,-19.5,-8.5
2021-07-21,13.5,12.0,82.5,-24.0,-22.5,-9.5
2021-07-22,11.0,10.0,78.5,-25.666666666666668,-22.5,-9.5
2021-07-23,15.0,15.0,79.5,-20.333333333333332,-19.0,-9.5
2021-07-24,11.0,12.0,72.0,-16.666666666666668,-14.0,-11.0
2021-07-25,11.5,5.5,93.0,-26.0,-21.5,-10.0
2021-07-26,13.5,11.5,95.5,-25.333333333333332,-23.0,-11.0
2021-07-27,10.0,13.0,82.5,-24.333333333333332,-20.0,-9.5
2021-07-28,16.0,14.0,82.0,-27.0,-22.5,-10.0
2021-07-29,20.0,15.0,81.0,-32.0,-25.0,-9.0
2021-07-30,25.5,19.5,84.5,-20.0,-20.666666666666668,-12.0
2021-07-31,29.5,22.0,81.5,-17.0,-9.5,-15.0
2021-08-01,28.0,22.0,106.5,-20.0,-15.5,-15.0
2021-08-02,-27.5,-13.5,94.0,-58.0,-72.0,5.5
2021-08-03,-26.0,-12.5,80.5,-62.333333333333336,-68.75,7.5
2021-08-04,29.5,26.0,72.0,-32.333333333333336,-27.75,-9.5
2021-08-05,29.0,20.5,85.5,-29.666666666666668,-26.25,-9.0
2021-08-06,23.5,19.5,81.0,-20.0,-24.0,-9.5
2021-08-07,19.5,14.5,72.0,-21.333333333333332,-10.0,-12.5
2021-08-08,18.5,12.5,97.0,-26.5,-17.0,-11.0
2021-08-09,19.5,16.0,90.0,-26.333333333333332,-26.25,-8.0
2021-08-10,-4.5,-3.0,49.0,-45.0,-34.25,2.0
2021-08-11,21.0,13.5,79.0,-29.666666666666668,-26.5,-8.0
2021-08-12,23.0,11.5,79.5,-31.333333333333332,-26.5,-8.5
2021-08-13,21.0,22.5,82.0,-23.666666666666668,-24.0,-9.5
2021-08-14,9.0,19.0,61.5,-21.666666666666668,-13.0,-9.5
2021-08-15,-1.5,-7.0,77.0,-26.0,-21.0,-5.0
2021-08-16,19.5,7.0,96.0,-24.333333333333332,-25.75,-8.0
2021-08-17,14.0,5.5,82.0,-33.666666666666664,-27.0,-7.5
2021-08-18,19.0,6.0,81.0,-30.666666666666668,-26.0,-8.0
2021-08-19,22.0,10.0,77.5,-35.333333333333336,-25.75,-8.0
2021-08-20,17.0,12.0,79.5,-29.0,-22.25,-9.0
2021-08-21,16.5,10.5,71.0,-22.0,-9.5,-10.5
2021-08-22,17.0,6.5,92.5,-29.0,-14.5,-11.0
2021-08-23,16.0,7.5,87.5,-27.0,-26.75,-7.0
2021-08-24,16.0,8.5,80.0,-32.0,-23.25,-8.0
2021-08-25,28.5,21.0,83.5,-32.333333333333336,-23.5,-9.5
2021-08-26,-24.5,-15.0,67.5,-63.666666666666664,-70.0,9.0
2021-08-27,8.5,11.0,66.5,-29.666666666666668,-23.75,-5.0
2021-08-28,3.0,10.0,59.5,-24.0,-13.5,-5.5
2021-08-29,3.0,6.0,89.0,-32.0,-21.5,-5.0
2021-08-30,12.0,4.5,79.5,-34.333333333333336,-27.25,-4.0
2021-08-31,4.0,4.5,65.0,-35.666666666666664,-24.75,-3.5
2021-09-01,11.5,15.0,62.5,-34.0,-27.5,-4.0
2021-09-02,14.0,15.5,70.0,-36.666666666666664,-29.0,-2.0
2021-09-03,10.0,12.0,71.0,-26.666666666666668,-27.0,-2.5
2021-09-04,6.5,13.0,62.0,-24.0,-18.0,-5.0
2021-09-05,5.5,10.5,86.5,-30.0,-27.0,-6.0
2021-09-06,8.0,5.5,73.0,-31.666666666666668,-29.5,-2.0
2021-09-07,2.0,4.0,65.0,-43.666666666666664,-27.75,-1.5
2021-09-08,7.0,8.0,69.5,-37.0,-27.75,-1.5
2021-09-09,6.5,8.5,67.5,-37.333333333333336,-31.25,-2.5
2021-09-10,2.0,11.5,63.5,-34.666666666666664,-27.75,-1.5
2021-09-11,1.5,9.0,56.5,-32.0,-20.5,-3.0
2021-09-12,-5.0,7.5,74.0,-34.0,-27.0,-3.0
2021-09-13,2.5,6.0,72.5,-41.333333333333336,-32.75,-0.5
2021-09-14,-1.5,4.0,62.5,-36.333333333333336,-29.75,-1.0
2021-09-15,3.5,8.0,66.5,-40.666666666666664,-33.0,0.5
2021-09-16,1.5,6.5,61.5,-38.0,-32.5,0.0
2021-09-17,2.5,9.5,66.5,-35.666666666666664,-30.5,-0.5
2021-09-18,0.0,10.0,53.0,-30.0,-21.5,-4.0
2021-09-19,-6.0,5.0,72.0,-39.0,-27.5,-2.0
2021-09-20,3.5,1.5,70.0,-42.0,-34.0,0.0
2021-09-21,-3.5,5.0,60.0,-39.666666666666664,-34.0,1.0
2021-09-22,-2.5,6.0,63.5,-43.333333333333336,-30.75,0.0
2021-09-23,2.0,9.0,64.0,-42.666666666666664,-33.0,1.0
2021-09-24,0.5,11.5,62.0,-41.0,-29.75,0.0
2021-09-25,-2.0,12.0,55.0,-34.0,-21.5,-4.0
2021-09-26,-2.0,7.0,74.5,-43.0,-31.0,-3.0
2021-09-27,1.0,3.5,73.0,-44.666666666666664,-30.75,0.0
2021-09-28,-3.5,7.0,64.5,-41.0,-29.5,0.0
2021-09-29,5.0,10.5,65.0,-45.0,-30.5,-0.5
2021-09-30,14.0,18.0,70.5,-41.666666666666664,-33.75,-1.0
2021-10-01,10.5,17.0,66.0,-37.666666666666664,-26.75,-1.0
2021-10-02,9.0,20.0,63.0,-25.666666666666668,-18.5,-5.0
2021-10-03,4.5,14.5,82.0,-38.5,-26.0,-4.0
2021-10-04,7.0,11.0,75.5,-42.666666666666664,-27.5,-2.0
2021-10-05,3.0,10.5,65.5,-35.666666666666664,-26.75,-1.0
2021-10-06,3.5,7.5,65.5,-43.333333333333336,-26.75,-1.0
2021-10-07,5.0,9.0,67.5,-39.0,-26.0,-1.0
2021-10-08,5.5,12.5,68.5,-37.333333333333336,-22.5,-2.0
2021-10-09,5.5,12.5,63.5,-32.0,-18.5,-5.5
2021-10-10,-7.5,4.5,68.5,-33.5,-27.0,-3.0
2021-10-11,1.0,4.0,74.5,-42.0,-27.0,-1.5
2021-10-12,0.5,4.0,60.5,-37.0,-22.75,-2.0
2021-10-13,3.0,6.5,69.0,-41.333333333333336,-23.75,-3.0
2021-10-14,5.5,9.5,67.0,-38.0,-21.75,-1.5
2021-10-15,14.0,18.5,72.0,-25.666666666666668,-19.5,-5.0
2021-10-16,13.0,16.0,65.5,-24.666666666666668,-13.0,-7.0
2021-10-17,12.0,13.0,85.0,-31.0,-16.0,-7.0
2021-10-18,16.5,14.5,82.5,-40.333333333333336,-23.0,-5.5
2021-10-19,10.5,11.0,73.5,-33.333333333333336,-20.75,-5.0
2021-10-20,10.5,14.0,73.0,-37.0,-22.75,-5.5
2021-10-21,14.5,9.0,73.5,-34.333333333333336,-21.5,-5.5
2021-10-22,19.5,17.5,74.0,-26.0,-16.0,-7.5
2021-10-23,18.0,15.5,69.0,-26.666666666666668,-12.0,-8.0
2021-10-24,15.0,10.5,95.0,-31.5,-16.0,-7.0
2021-10-25,16.0,10.5,87.0,-33.0,-19.25,-6.5
2021-10-26,12.5,12.5,77.5,-30.333333333333332,-16.75,-6.0
2021-10-27,19.5,22.0,75.0,-35.0,-17.25,-7.5
2021-10-28,26.5,20.0,75.5,-41.666666666666664,-18.75,-6.5
2021-10-29,33.0,32.0,84.0,-30.666666666666668,-21.75,-9.0
2021-10-30,34.5,30.5,78.0,-30.666666666666668,-11.5,-12.0
2021-10-31,34.5,32.5,106.5,-25.0,-13.0,-12.0
2021-11-01,-21.0,-1.5,109.5,-61.333333333333336,-69.5,7.0
2021-11-02,29.0,27.0,76.5,-34.666666666666664,-13.0,-10.0
2021-11-03,25.0,24.5,82.0,-34.0,-14.5,-10.0
2021-11-04,26.0,20.5,74.5,-31.666666666666668,-12.333333333333334,-9.5
2021-11-05,24.5,18.0,76.5,-28.666666666666668,-10.0,-11.0
2021-11-06,24.5,20.0,77.0,-28.0,-4.5,-10.5
2021-11-07,22.5,15.5,96.0,-29.0,-16.5,-9.0
2021-11-08,26.0,19.5,98.5,-29.333333333333332,-14.666666666666666,-10.0
2021-11-09,19.0,19.0,82.5,-30.333333333333332,-9.333333333333334,-10.5
2021-11-10,24.5,13.5,83.5,-34.333333333333336,-15.75,-9.5
2021-11-11,25.5,18.5,82.5,-33.666666666666664,-14.333333333333334,-7.5
2021-11-12,25.0,23.5,81.0,-22.333333333333332,-10.333333333333334,-8.0
2021-11-13,24.5,20.0,75.5,-25.333333333333332,-9.5,-8.0
2021-11-14,30.0,22.0,102.5,-22.5,-9.5,-8.0
2021-11-15,26.5,18.0,92.0,-18.333333333333332,-15.0,-8.5
2021-11-16,18.0,18.0,77.5,-26.666666666666668,-10.666666666666666,-6.5
2021-11-17,27.0,17.0,83.0,-29.666666666666668,-13.75,-8.5
2021-11-18,29.0,18.0,80.5,-30.333333333333332,-13.333333333333334,-8.0
2021-11-19,26.5,19.0,79.5,-17.333333333333332,-9.333333333333334,-9.0
2021-11-20,26.5,18.0,75.0,-24.0,-6.5,-9.5
2021-11-21,27.0,16.0,98.5,-19.5,-9.5,-8.0
2021-11-22,26.5,16.5,93.0,-21.0,-10.333333333333334,-8.0
2021-11-23,19.0,13.5,85.0,-23.0,-9.0,-8.0
2021-11-24,24.5,22.5,81.0,-29.333333333333332,-12.25,-8.0
2021-11-25,30.5,20.0,85.0,-31.333333333333332,-9.0,-9.0
2021-11-26,40.0,24.0,92.0,-16.666666666666668,-9.333333333333334,-10.5
2021-11-27,31.5,23.5,79.0,-20.0,-3.5,-9.0
2021-11-28,34.5,20.5,97.0,-13.0,-9.0,-8.0
2021-11-29,32.5,22.0,92.5,-17.333333333333332,-9.666666666666666,-9.0
2021-11-30,28.0,20.5,79.5,-22.0,-4.5,-8.0
2021-12-01,35.0,23.5,78.0,-24.0,-8.333333333333334,-8.5
2021-12-02,42.5,23.0,87.5,-20.0,-10.666666666666666,-9.0
2021-12-03,37.0,22.0,87.5,-7.666666666666667,-4.333333333333333,-10.0
2021-12-04,38.5,20.5,85.5,-10.333333333333334,0.0,-11.0
2021-12-05,41.0,19.5,104.0,-11.5,-6.5,-9.0
2021-12-06,39.0,22.5,98.0,-11.666666666666666,-8.333333333333334,-8.0
2021-12-07,38.0,23.5,95.5,-18.666666666666668,-8.0,-8.5
2021-12-08,53.0,32.5,96.0,-24.666666666666668,-8.0,-11.0
2021-12-09,-9.0,-3.0,93.0,-51.666666666666664,-65.75,10.5
2021-12-10,45.5,26.5,82.0,-15.0,-6.666666666666667,-10.0
2021-12-11,46.5,25.5,73.0,-15.0,0.0,-10.0
2021-12-12,40.0,16.5,95.5,1.5,-2.0,-9.0
2021-12-13,38.5,20.0,95.5,-13.666666666666666,-15.25,-5.5
2021-12-14,35.0,17.0,88.5,-19.333333333333332,-13.666666666666666,-5.0
2021-12-15,44.0,24.5,85.0,-16.666666666666668,-14.25,-7.0
2021-12-16,53.5,26.5,87.5,-25.0,-19.0,-6.0
2021-12-17,60.0,38.5,94.5,-11.666666666666666,-14.333333333333334,-9.0
2021-12-18,68.0,39.0,99.0,-0.3333333333333333,5.5,-13.5
2021-12-19,55.0,23.5,92.5,-7.0,0.0,-8.0
2021-12-20,57.5,33.0,108.0,-8.666666666666666,-19.25,-7.5
2021-12-21,58.5,42.5,109.5,-19.0,-19.75,-6.0
2021-12-22,66.0,48.0,109.5,-10.333333333333334,-20.0,-7.5
2021-12-23,80.0,59.0,112.5,-10.666666666666666,-23.0,-9.0
2021-12-24,79.5,69.0,113.5,7.0,-20.666666666666668,-11.0
2021-12-25,-13.5,-4.5,111.0,-43.333333333333336,-35.5,-5.0
2021-12-26,26.5,6.5,116.0,-10.0,-7.5,-7.0
2021-12-27,-18.5,-15.0,113.5,-51.0,-65.5,11.0
2021-12-28,-9.0,-16.0,98.0,-55.333333333333336,-63.0,15.0
2021-12-29,51.0,28.5,91.5,-21.666666666666668,-22.75,-3.0
2021-12-30,55.5,34.5,101.5,-17.0,-22.75,-3.0
2021-12-31,46.0,40.0,99.0,-16.333333333333332,-19.666666666666668,-6.0
2022-01-01,-7.0,-17.5,91.5,-39.666666666666664,-31.5,-1.0
2022-01-02,32.5,18.5,105.0,-10.5,-3.5,-6.0
2022-01-03,37.5,29.0,106.0,-11.333333333333334,-16.0,-4.0
2022-01-04,29.5,23.5,90.5,-20.666666666666668,-10.0,-4.0
2022-01-05,29.5,23.0,84.0,-20.666666666666668,-13.0,-4.0
2022-01-06,34.5,21.5,81.5,-20.333333333333332,-15.5,-2.0
2022-01-07,26.5,17.0,72.0,-20.0,-13.666666666666666,-1.0
2022-01-08,20.0,13.0,65.0,-10.666666666666666,-6.5,-2.0
2022-01-09,27.5,14.5,88.0,-9.5,-10.5,-3.0
2022-01-10,24.5,20.5,88.0,-22.0,-11.666666666666666,-2.0
2022-01-11,15.5,15.5,71.0,-24.333333333333332,-12.0,0.0
2022-01-12,20.5,17.5,74.5,-28.0,-15.25,0.5
2022-01-13,21.5,18.5,72.5,-26.0,-15.5,1.0
2022-01-14,23.0,17.5,70.5,-20.666666666666668,-11.666666666666666,-1.0
2022-01-15,24.0,14.5,65.0,-21.0,-4.0,-2.0
2022-01-16,29.5,13.0,83.0,-21.5,-11.5,-2.0
2022-01-17,28.5,18.5,86.5,-16.333333333333332,-12.0,0.0
2022-01-18,21.0,15.5,69.0,-20.666666666666668,-8.666666666666666,0.5
2022-01-19,29.0,21.5,72.5,-26.666666666666668,-10.75,1.0
2022-01-20,28.0,19.5,62.5,-22.666666666666668,-9.333333333333334,2.0
2022-01-21,27.5,19.5,62.0,-16.333333333333332,-7.666666666666667,0.0
2022-01-22,28.0,15.5,64.0,-16.666666666666668,-1.5,-2.0
2022-01-23,31.5,13.5,83.5,-0.5,-5.0,-3.0
2022-01-24,26.5,20.5,71.0,-18.666666666666668,-6.333333333333333,0.0
2022-01-25,30.0,24.5,76.5,-19.666666666666668,-2.6666666666666665,-0.5
2022-01-26,30.0,21.0,69.5,-24.666666666666668,-6.5,-1.0
2022-01-27,35.0,23.0,68.5,-19.333333333333332,-6.0,-0.5
2022-01-28,36.0,22.5,65.5,-15.333333333333334,1.5,-2.0
2022-01-29,38.0,26.0,74.5,-16.333333333333332,2.5,-4.5
2022-01-30,42.0,25.0,83.0,-14.0,-3.0,-4.0
2022-01-31,39.0,25.5,78.5,-10.666666666666666,-2.6666666666666665,-3.5
2022-02-01,32.0,23.0,68.0,-20.0,3.5,-2.0
2022-02-02,39.0,26.5,80.5,-21.0,1.5,-3.0
2022-02-03,41.5,26.0,73.0,-17.666666666666668,2.0,-3.5
2022-02-04,30.5,26.0,63.5,-13.333333333333334,0.3333333333333333,-3.0
2022-02-05,35.0,19.5,62.5,-16.333333333333332,2.0,-4.0
2022-02-06,31.5,18.5,74.0,-20.5,-4.5,-3.0
2022-02-07,32.5,23.0,74.5,-8.333333333333334,-1.3333333333333333,-2.5
2022-02-08,33.0,20.0,80.5,-17.333333333333332,4.5,-2.0
2022-02-09,38.5,24.5,69.5,-21.666666666666668,1.5,-3.0
2022-02-10,36.5,23.5,71.0,-17.333333333333332,-2.0,-4.0
2022-02-11,35.5,24.5,71.5,-9.333333333333334,5.5,-6.0
2022-02-12,41.5,22.0,73.5,-14.666666666666666,3.5,-4.0
2022-02-13,49.0,22.0,92.5,-14.0,0.0,-5.0
2022-02-14,48.5,33.5,90.0,-13.333333333333334,1.3333333333333333,-5.5
2022-02-15,28.0,22.0,71.0,-14.333333333333334,4.0,-3.0
2022-02-16,33.0,25.5,74.0,-23.0,2.5,-3.0
2022-02-17,37.0,22.0,72.0,-13.0,0.0,-3.5
2022-02-18,34.5,22.5,77.0,-19.0,-4.666666666666667,-2.5
2022-02-19,33.5,22.0,81.0,-17.666666666666668,7.5,-5.5
2022-02-20,42.0,18.5,101.0,-12.0,0.0,-5.0
2022-02-21,31.0,24.5,93.0,-12.0,2.0,-5.0
2022-02-22,31.0,22.0,92.0,-16.666666666666668,5.5,-4.0
2022-02-23,35.0,28.5,91.5,-20.666666666666668,0.5,-3.5
2022-02-24,40.5,29.0,105.5,-18.0,2.0,-3.5
2022-02-25,39.0,27.0,94.0,-14.0,6.5,-4.0
2022-02-26,38.0,29.0,87.5,-14.0,5.5,-5.0
2022-02-27,50.0,22.5,112.0,-16.0,0.0,-6.0
2022-02-28,41.5,30.0,118.5,-9.0,1.0,-4.0
2022-03-01,38.5,32.0,101.5,-10.666666666666666,7.0,-3.0
2022-03-02,41.0,31.0,102.5,-19.0,3.0,-3.0
2022-03-03,41.5,29.5,107.5,-16.666666666666668,0.3333333333333333,-1.5
2022-03-04,43.5,28.5,120.5,-13.0,7.0,-1.5
2022-03-05,41.5,24.0,107.0,-14.666666666666666,8.5,-2.0
2022-03-06,42.5,23.5,119.5,2.0,-0.5,-2.0
2022-03-07,41.0,24.0,137.5,-14.333333333333334,1.0,0.5
2022-03-08,38.0,24.0,124.5,-19.666666666666668,7.0,2.0
2022-03-09,41.5,26.5,124.5,-22.666666666666668,3.0,3.0
2022-03-10,38.5,26.0,125.5,-19.666666666666668,-0.6666666666666666,5.0
2022-03-11,35.0,23.0,115.5,-20.666666666666668,8.0,6.5
2022-03-12,39.0,24.5,117.5,-15.0,7.5,3.5
2022-03-13,47.0,24.0,144.5,1.0,3.0,3.0
2022-03-14,37.0,28.0,158.5,-10.666666666666666,2.0,4.5
2022-03-15,32.0,29.0,138.5,-11.333333333333334,10.0,6.5
2022-03-16,35.5,31.0,137.0,-20.0,7.0,5.0
2022-03-17,38.5,27.0,134.0,-14.333333333333334,3.3333333333333335,6.0
2022-03-18,33.0,22.5,114.5,-16.333333333333332,10.5,3.5
2022-03-19,33.0,20.5,106.0,-16.0,4.0,4.5
2022-03-20,44.0,23.5,136.0,-19.0,0.0,3.0
2022-03-21,33.0,20.0,143.0,-12.333333333333334,4.666666666666667,6.5
2022-03-22,35.0,21.5,140.0,-15.0,10.5,6.0
2022-03-23,35.0,25.5,133.0,-28.0,7.5,4.0
2022-03-24,39.5,25.5,134.0,-13.666666666666666,5.5,5.0
2022-03-25,38.5,25.0,130.0,-12.333333333333334,11.5,3.0
2022-03-26,38.0,24.5,122.0,-14.333333333333334,7.0,2.5
2022-03-27,43.5,22.5,138.5,-6.0,-2.0,3.0
2022-03-28,32.0,26.5,144.5,-12.666666666666666,3.3333333333333335,4.5
2022-03-29,31.5,27.0,141.0,-14.666666666666666,9.5,5.0
2022-03-30,36.0,28.5,131.5,-20.333333333333332,5.0,5.0
2022-03-31,44.5,31.5,137.5,-12.666666666666666,4.5,4.0
2022-04-01,38.5,30.0,123.0,-18.666666666666668,9.0,3.0
2022-04-02,37.5,27.5,109.5,-12.333333333333334,6.5,2.0
2022-04-03,46.5,25.0,142.5,-12.0,-1.5,2.0
2022-04-04,39.5,27.0,159.5,-16.333333333333332,3.3333333333333335,4.0
2022-04-05,31.5,29.5,127.5,-16.666666666666668,8.0,5.5
2022-04-06,41.5,33.5,137.0,-18.333333333333332,5.0,4.5
2022-04-07,41.0,30.0,129.0,-12.666666666666666,2.5,6.0
2022-04-08,42.0,29.0,123.5,-17.333333333333332,6.5,4.0
2022-04-09,40.5,26.0,112.5,-12.666666666666666,4.5,1.5
2022-04-10,45.5,21.0,139.0,-14.0,-3.0,1.0
2022-04-11,36.5,30.0,140.5,-18.0,-9.0,6.5
2022-04-12,29.0,27.5,124.0,-17.0,-5.333333333333333,8.5
2022-04-13,43.5,36.5,141.5,-17.0,-9.0,7.0
2022-04-14,66.0,63.0,143.5,-3.0,-9.0,3.0
2022-04-15,-35.0,-14.5,112.5,-56.666666666666664,-63.75,25.5
2022-04-16,38.0,30.0,109.5,-10.333333333333334,4.0,1.0
2022-04-17,49.0,24.0,143.5,-4.5,-5.5,-1.0
2022-04-18,-8.5,-7.5,148.0,-52.333333333333336,-65.25,19.0
2022-04-19,31.0,32.5,121.5,-16.0,3.5,5.5
2022-04-20,42.0,32.0,130.5,-7.666666666666667,-2.25,6.0
2022-04-21,38.0,29.0,125.5,-10.0,-1.0,6.0
2022-04-22,37.0,26.0,115.0,-15.0,8.5,4.0
2022-04-23,36.5,25.5,99.5,-13.666666666666666,6.5,3.5
2022-04-24,52.5,29.0,139.0,-4.5,0.5,2.0
2022-04-25,38.5,29.0,142.0,-2.6666666666666665,0.3333333333333333,5.0
2022-04-26,35.5,28.5,121.5,-8.666666666666666,8.0,5.5
2022-04-27,44.0,36.5,132.5,-7.0,2.5,5.0
2022-04-28,50.5,35.5,127.5,-7.666666666666667,2.0,5.0
2022-04-29,39.5,31.5,99.0,-17.666666666666668,5.0,7.5
2022-04-30,47.5,37.0,95.0,-12.0,3.0,5.0
2022-05-01,66.5,37.5,139.0,-2.5,-1.0,1.0
2022-05-02,-0.5,5.5,140.0,-48.333333333333336,-63.5,20.5
2022-05-03,50.5,39.5,127.0,-9.0,6.5,3.0
2022-05-04,45.0,39.5,121.0,-15.333333333333334,4.0,4.0
2022-05-05,44.5,38.5,120.0,-9.333333333333334,1.3333333333333333,4.5
2022-05-06,41.5,34.5,112.0,-13.333333333333334,8.0,3.5
2022-05-07,44.5,35.5,99.5,-13.333333333333334,4.5,2.0
2022-05-08,60.0,32.0,142.0,-14.5,-3.5,1.0
2022-05-09,35.5,32.0,132.0,-15.666666666666666,-0.6666666666666666,6.0
2022-05-10,30.5,32.0,114.0,-16.666666666666668,6.5,7.0
2022-05-11,34.5,32.0,111.0,-21.666666666666668,3.5,7.0
2022-05-12,37.5,30.5,114.5,-14.0,-1.3333333333333333,7.0
2022-05-13,38.0,32.0,112.5,-17.0,5.0,5.5
