date,retail_and_recreation_percent_change_from_baseline_Bahamas,grocery_and_pharmacy_percent_change_from_baseline_Bahamas,parks_percent_change_from_baseline_Bahamas,transit_stations_percent_change_from_baseline_Bahamas,workplaces_percent_change_from_baseline_Bahamas,residential_percent_change_from_baseline_Bahamas
2020-02-15,-1.6666666666666667,-5.333333333333333,9.0,10.0,0.3333333333333333,-1.0
2020-02-16,3.5,-1.5,9.666666666666666,-0.5,4.333333333333333,-0.5
2020-02-17,2.0,-1.6666666666666667,15.333333333333334,2.0,3.5,0.0
2020-02-18,5.0,-0.3333333333333333,9.333333333333334,2.0,1.75,0.0
2020-02-19,0.3333333333333333,-5.333333333333333,11.333333333333334,23.0,-0.5,0.0
2020-02-20,-2.6666666666666665,-2.3333333333333335,9.333333333333334,7.5,-2.0,0.5
2020-02-21,-0.6666666666666666,-1.6666666666666667,4.333333333333333,4.5,-3.25,2.0
2020-02-22,-2.3333333333333335,-2.6666666666666665,0.0,14.5,1.6666666666666667,1.5
2020-02-23,-2.0,-2.0,6.0,1.5,-0.3333333333333333,0.5
2020-02-24,2.3333333333333335,0.0,11.0,3.0,-4.0,2.0
2020-02-25,0.3333333333333333,-2.0,11.333333333333334,-3.5,4.25,0.0
2020-02-26,1.0,-0.6666666666666666,11.0,11.0,3.0,-1.0
2020-02-27,0.0,4.0,5.666666666666667,0.5,2.75,1.0
2020-02-28,5.333333333333333,7.0,8.666666666666666,3.0,3.25,0.0
2020-02-29,4.333333333333333,4.0,13.0,9.5,4.666666666666667,-1.0
2020-03-01,0.5,3.0,8.0,2.0,1.0,0.0
2020-03-02,3.3333333333333335,8.666666666666666,10.333333333333334,-6.0,3.75,1.0
2020-03-03,3.3333333333333335,3.6666666666666665,6.333333333333333,-8.0,1.5,0.0
2020-03-04,1.3333333333333333,2.6666666666666665,10.666666666666666,4.0,3.0,-1.0
2020-03-05,-4.666666666666667,2.0,7.0,-3.5,2.25,1.0
2020-03-06,1.6666666666666667,0.3333333333333333,11.0,0.0,4.25,-1.0
2020-03-07,0.0,2.3333333333333335,5.333333333333333,-0.5,2.6666666666666665,0.5
2020-03-08,-4.5,-1.5,2.6666666666666665,-7.0,0.3333333333333333,1.5
2020-03-09,-1.0,2.6666666666666665,6.666666666666667,-11.5,4.25,1.5
2020-03-10,-2.3333333333333335,3.0,5.666666666666667,-13.0,5.75,0.0
2020-03-11,-3.6666666666666665,6.333333333333333,11.333333333333334,-1.5,4.25,0.0
2020-03-12,-3.0,11.666666666666666,12.666666666666666,-7.0,3.75,0.0
2020-03-13,0.3333333333333333,16.0,11.666666666666666,-3.5,2.6666666666666665,-1.0
2020-03-14,-2.6666666666666665,11.333333333333334,13.333333333333334,-7.5,4.666666666666667,-0.5
2020-03-15,-10.0,14.0,9.333333333333334,-16.5,0.6666666666666666,0.5
2020-03-16,-6.666666666666667,35.333333333333336,12.666666666666666,-18.0,-1.75,5.5
2020-03-17,-15.666666666666666,15.0,6.666666666666667,-22.0,-6.5,8.0
2020-03-18,-20.333333333333332,6.333333333333333,1.3333333333333333,-20.5,-10.75,10.5
2020-03-19,-21.666666666666668,9.333333333333334,-4.333333333333333,-30.0,-14.0,12.0
2020-03-20,-43.666666666666664,-5.0,-11.666666666666666,-32.0,-23.25,19.5
2020-03-21,-54.333333333333336,-23.333333333333332,-16.0,-42.5,-35.0,17.0
2020-03-22,-56.5,-28.0,-18.0,-57.0,-35.0,14.0
2020-03-23,-47.666666666666664,-22.666666666666668,-10.333333333333334,-58.5,-34.75,21.5
2020-03-24,-69.66666666666667,-31.333333333333332,-44.333333333333336,-62.5,-52.25,32.5
2020-03-25,-69.0,-36.0,-41.666666666666664,-70.5,-55.75,33.0
2020-03-26,-67.0,-34.0,-40.333333333333336,-79.0,-53.75,34.0
2020-03-27,-63.333333333333336,-32.333333333333336,-38.0,-83.0,-52.25,33.0
2020-03-28,-68.66666666666667,-37.0,-43.333333333333336,-86.5,-57.0,25.5
2020-03-29,-67.66666666666667,-34.666666666666664,-43.666666666666664,-89.0,-53.666666666666664,19.5
2020-03-30,-63.666666666666664,-37.0,-38.666666666666664,-85.5,-51.25,31.5
2020-03-31,-62.666666666666664,-37.0,-38.0,-84.0,-52.5,31.5
2020-04-01,-65.0,-40.0,-42.0,-83.0,-53.0,33.0
2020-04-02,-65.0,-36.333333333333336,-40.666666666666664,-84.5,-54.25,34.5
2020-04-03,-62.333333333333336,-25.333333333333332,-39.666666666666664,-83.0,-49.75,33.0
2020-04-04,-98.33333333333333,-98.5,-82.66666666666667,-97.0,-83.33333333333333,38.0
2020-04-05,-96.5,-97.5,-82.0,-98.0,-78.0,29.0
2020-04-06,-50.0,-20.666666666666668,-31.333333333333332,-86.5,-54.75,29.0
2020-04-07,-47.333333333333336,-8.666666666666666,-27.333333333333332,-81.0,-54.25,25.5
2020-04-08,-50.333333333333336,-5.0,-17.666666666666668,-86.5,-54.75,25.5
2020-04-09,-90.0,-56.666666666666664,-71.33333333333333,-96.0,-74.25,45.5
2020-04-10,-98.33333333333333,-97.5,-81.66666666666667,-98.0,-79.0,51.0
2020-04-11,-98.33333333333333,-97.0,-84.0,-97.5,-80.33333333333333,38.0
2020-04-12,-96.5,-96.5,-81.66666666666667,-100.0,-76.0,29.0
2020-04-13,-96.5,-97.5,-80.66666666666667,-97.5,-82.5,47.0
2020-04-14,-42.666666666666664,-12.333333333333334,-25.666666666666668,-83.0,-54.25,24.5
2020-04-15,-52.666666666666664,-18.333333333333332,-31.333333333333332,-84.5,-53.25,28.5
2020-04-16,-54.666666666666664,-19.333333333333332,-33.333333333333336,-85.0,-54.25,30.0
2020-04-17,-54.0,-16.0,-29.666666666666668,-86.5,-50.5,30.5
2020-04-18,-93.66666666666667,-65.33333333333333,-76.66666666666667,-97.0,-74.33333333333333,35.0
2020-04-19,-96.5,-97.0,-81.33333333333333,-98.0,-74.33333333333333,28.0
2020-04-20,-55.0,-23.666666666666668,-30.333333333333332,-87.0,-51.5,30.0
2020-04-21,-54.0,-24.0,-34.666666666666664,-84.5,-50.5,29.0
2020-04-22,-54.333333333333336,-24.333333333333332,-30.666666666666668,-85.5,-51.75,29.0
2020-04-23,-58.666666666666664,-24.666666666666668,-28.666666666666668,-86.5,-50.25,31.5
2020-04-24,-49.666666666666664,-12.666666666666666,-24.0,-84.5,-49.25,28.5
2020-04-25,-94.0,-72.0,-77.66666666666667,-97.5,-74.66666666666667,35.0
2020-04-26,-96.0,-97.5,-78.0,-98.0,-74.66666666666667,27.0
2020-04-27,-50.0,-19.333333333333332,-19.666666666666668,-85.0,-50.25,28.0
2020-04-28,-48.333333333333336,-17.0,-25.0,-82.5,-50.25,23.0
2020-04-29,-47.666666666666664,-18.0,-23.333333333333332,-83.0,-49.0,27.0
2020-04-30,-51.666666666666664,-18.333333333333332,-27.333333333333332,-85.5,-51.25,29.0
2020-05-01,-44.666666666666664,-7.666666666666667,-16.333333333333332,-84.66666666666667,-47.75,25.5
2020-05-02,-92.66666666666667,-64.66666666666667,-74.0,-96.5,-73.66666666666667,35.0
2020-05-03,-96.0,-97.5,-80.0,-98.0,-75.33333333333333,28.0
2020-05-04,-41.333333333333336,-13.666666666666666,-13.0,-84.5,-46.0,23.5
2020-05-05,-43.666666666666664,-17.0,-19.333333333333332,-79.0,-45.75,25.0
2020-05-06,-43.0,-14.333333333333334,-20.0,-80.5,-44.25,25.5
2020-05-07,-46.666666666666664,-11.666666666666666,-19.0,-79.5,-44.75,26.5
2020-05-08,-35.333333333333336,3.3333333333333335,-7.0,-77.0,-43.25,22.5
2020-05-09,-91.33333333333333,-62.0,-71.66666666666667,-95.0,-71.33333333333333,34.0
2020-05-10,-96.0,-97.5,-80.66666666666667,-97.5,-73.0,28.0
2020-05-11,-44.333333333333336,-17.0,-21.0,-80.5,-44.5,26.0
2020-05-12,-41.666666666666664,-13.0,-15.333333333333334,-72.5,-43.25,22.5
2020-05-13,-44.333333333333336,-14.666666666666666,-18.0,-80.0,-43.75,24.5
2020-05-14,-48.0,-10.666666666666666,-28.0,-83.0,-46.25,25.5
2020-05-15,-42.333333333333336,-2.6666666666666665,-22.666666666666668,-83.66666666666667,-47.25,24.0
2020-05-16,-92.66666666666667,-64.66666666666667,-74.33333333333333,-94.5,-69.5,34.0
2020-05-17,-96.0,-96.5,-82.0,-97.0,-73.0,28.0
2020-05-18,-35.333333333333336,-7.0,-11.0,-81.5,-39.75,21.5
2020-05-19,-38.666666666666664,-10.666666666666666,-14.0,-80.0,-42.25,22.5
2020-05-20,-42.0,-12.0,-14.333333333333334,-76.0,-41.75,22.5
2020-05-21,-42.666666666666664,-5.333333333333333,-12.333333333333334,-74.0,-43.75,24.0
2020-05-22,-33.0,9.0,-7.0,-78.66666666666667,-38.5,19.5
2020-05-23,-90.66666666666667,-58.333333333333336,-66.66666666666667,-92.0,-64.5,33.0
2020-05-24,-96.0,-96.5,-80.33333333333333,-95.5,-71.0,28.0
2020-05-25,-40.666666666666664,-12.666666666666666,-25.666666666666668,-74.0,-41.75,23.0
2020-05-26,-36.666666666666664,-8.333333333333334,-18.0,-70.5,-40.25,21.5
2020-05-27,-35.0,-1.6666666666666667,-13.0,-70.0,-39.0,20.5
2020-05-28,-33.666666666666664,3.6666666666666665,-9.666666666666666,-76.0,-39.5,20.5
2020-05-29,-25.666666666666668,19.333333333333332,-0.3333333333333333,-72.33333333333333,-36.5,17.5
2020-05-30,-87.33333333333333,-49.0,-62.0,-93.0,-65.0,32.5
2020-05-31,-94.5,-95.5,-74.0,-95.5,-66.33333333333333,26.0
2020-06-01,-72.33333333333333,-52.666666666666664,-43.333333333333336,-92.5,-75.0,38.0
2020-06-02,-25.333333333333332,3.0,-13.0,-66.0,-36.0,17.5
2020-06-03,-28.666666666666668,5.333333333333333,-8.666666666666666,-65.0,-33.0,18.5
2020-06-04,-22.333333333333332,18.666666666666668,-7.666666666666667,-71.0,-34.5,16.5
2020-06-05,-69.66666666666667,-39.0,-30.0,-88.0,-72.5,37.0
2020-06-06,-86.0,-51.333333333333336,-58.333333333333336,-90.5,-60.75,32.0
2020-06-07,-91.66666666666667,-94.0,-67.66666666666667,-93.5,-61.0,25.0
2020-06-08,-17.0,7.0,-2.6666666666666665,-55.5,-30.25,14.5
2020-06-09,-24.333333333333332,-1.3333333333333333,-8.333333333333334,-52.5,-32.0,17.0
2020-06-10,-28.666666666666668,-3.6666666666666665,-4.666666666666667,-55.0,-29.5,17.0
2020-06-11,-29.666666666666668,-3.3333333333333335,-9.0,-59.0,-33.5,18.0
2020-06-12,-27.333333333333332,1.0,-5.333333333333333,-55.5,-29.0,18.0
2020-06-13,-38.666666666666664,-10.666666666666666,-18.0,-69.0,-29.333333333333332,16.5
2020-06-14,-55.5,-35.0,-27.666666666666668,-76.5,-30.666666666666668,14.5
2020-06-15,-26.0,-11.0,-12.333333333333334,-60.5,-28.75,17.5
2020-06-16,-26.0,-8.333333333333334,-14.666666666666666,-54.0,-29.25,17.0
2020-06-17,-26.666666666666668,-4.0,-9.0,-51.5,-28.0,16.5
2020-06-18,-29.666666666666668,-5.666666666666667,-14.666666666666666,-59.5,-31.5,17.5
2020-06-19,-24.333333333333332,0.6666666666666666,-7.0,-55.5,-28.75,14.5
2020-06-20,-28.333333333333332,-0.6666666666666666,-8.0,-65.5,-23.333333333333332,12.5
2020-06-21,-49.0,-24.5,-10.333333333333334,-72.5,-26.333333333333332,11.5
2020-06-22,-24.0,-9.666666666666666,-4.333333333333333,-58.0,-29.75,16.0
2020-06-23,-21.666666666666668,-2.6666666666666665,-4.333333333333333,-48.0,-29.75,15.0
2020-06-24,-25.666666666666668,-4.0,-3.3333333333333335,-49.0,-28.25,15.5
2020-06-25,-24.0,-1.0,-6.666666666666667,-55.0,-29.0,15.5
2020-06-26,-15.666666666666666,6.333333333333333,1.3333333333333333,-49.5,-27.0,13.5
2020-06-27,-23.333333333333332,-3.3333333333333335,-5.333333333333333,-59.5,-23.333333333333332,10.5
2020-06-28,-40.5,-19.0,-11.0,-66.5,-27.666666666666668,10.5
2020-06-29,-11.666666666666666,1.3333333333333333,4.666666666666667,-51.0,-26.0,11.5
2020-06-30,-15.0,-0.6666666666666666,1.0,-47.5,-27.0,12.5
2020-07-01,-19.333333333333332,-2.0,2.3333333333333335,-41.0,-27.75,12.5
2020-07-02,-22.0,-0.3333333333333333,-0.6666666666666666,-49.5,-28.0,13.5
2020-07-03,-18.333333333333332,1.6666666666666667,2.6666666666666665,-45.5,-27.0,13.5
2020-07-04,-26.333333333333332,-8.666666666666666,-2.3333333333333335,-57.5,-23.333333333333332,10.5
2020-07-05,-39.5,-21.0,-6.666666666666667,-61.5,-25.666666666666668,10.5
2020-07-06,-14.0,-3.3333333333333335,4.666666666666667,-53.5,-26.75,12.5
2020-07-07,-17.666666666666668,-4.333333333333333,0.0,-40.5,-27.75,13.0
2020-07-08,-20.333333333333332,-5.0,1.3333333333333333,-38.0,-26.75,12.0
2020-07-09,-13.0,11.666666666666666,3.6666666666666665,-34.5,-29.0,10.5
2020-07-10,-50.0,-40.333333333333336,1.6666666666666667,-48.0,-67.0,26.5
2020-07-11,-32.333333333333336,-10.0,-16.0,-55.0,-24.0,13.0
2020-07-12,-43.0,-25.0,-19.0,-51.5,-27.333333333333332,11.0
2020-07-13,-16.666666666666668,-2.0,5.333333333333333,-42.5,-28.25,12.5
2020-07-14,-20.666666666666668,-6.666666666666667,-0.6666666666666666,-43.5,-27.75,12.5
2020-07-15,-23.333333333333332,-7.666666666666667,0.6666666666666666,-45.5,-27.5,12.0
2020-07-16,-25.0,-5.0,-6.333333333333333,-47.5,-27.75,13.5
2020-07-17,-23.0,-1.6666666666666667,-5.666666666666667,-47.0,-27.25,12.5
2020-07-18,-27.0,-7.333333333333333,-6.666666666666667,-58.0,-21.0,10.0
2020-07-19,-40.0,-20.5,-17.0,-59.0,-24.666666666666668,10.5
2020-07-20,-21.666666666666668,-4.666666666666667,-9.0,-50.5,-28.75,13.0
2020-07-21,-21.666666666666668,-5.0,-13.666666666666666,-39.0,-33.0,13.5
2020-07-22,-27.0,-5.666666666666667,-14.0,-50.0,-31.5,15.0
2020-07-23,-26.0,-1.6666666666666667,-13.333333333333334,-56.0,-35.25,15.0
2020-07-24,-42.333333333333336,-10.0,-22.333333333333332,-55.0,-46.5,13.5
2020-07-25,-88.0,-51.666666666666664,-66.0,-86.0,-67.25,30.5
2020-07-26,-87.5,-57.5,-70.66666666666667,-90.0,-66.0,24.0
2020-07-27,-43.0,-20.0,-18.0,-52.5,-48.75,16.5
2020-07-28,-44.0,-14.333333333333334,-21.666666666666668,-55.0,-48.25,17.5
2020-07-29,-40.0,-7.0,-15.0,-74.5,-47.25,17.5
2020-07-30,-40.333333333333336,-5.0,-15.333333333333334,-76.5,-49.25,17.5
2020-07-31,-36.0,14.333333333333334,-1.0,-75.5,-47.75,15.0
2020-08-01,-87.66666666666667,-84.66666666666667,-60.0,-97.5,-78.25,25.0
2020-08-02,-81.5,-45.5,-52.333333333333336,-89.0,-62.666666666666664,18.0
2020-08-03,-79.66666666666667,-50.666666666666664,-33.0,-89.5,-77.5,34.5
2020-08-04,-32.666666666666664,2.0,-13.666666666666666,-69.5,-48.0,13.5
2020-08-05,-67.66666666666667,-22.666666666666668,-32.333333333333336,-81.0,-58.0,29.0
2020-08-06,-92.0,-91.66666666666667,-60.0,-85.5,-73.25,41.5
2020-08-07,-58.0,-9.666666666666666,-18.0,-77.5,-54.25,25.5
2020-08-08,-87.0,-59.333333333333336,-64.33333333333333,-89.5,-68.25,32.0
2020-08-09,-94.0,-95.0,-75.0,-92.0,-68.33333333333333,27.0
2020-08-10,-49.0,-2.6666666666666665,-8.333333333333334,-78.5,-52.0,20.5
2020-08-11,-81.33333333333333,-84.5,-45.333333333333336,-84.5,-64.0,37.5
2020-08-12,-51.666666666666664,2.0,-12.333333333333334,-80.0,-52.5,20.5
2020-08-13,-82.66666666666667,-84.5,-45.333333333333336,-86.0,-64.75,39.5
2020-08-14,-53.333333333333336,3.6666666666666665,-4.666666666666667,-75.66666666666667,-50.25,21.0
2020-08-15,-84.0,-51.0,-56.0,-90.0,-64.75,30.0
2020-08-16,-93.5,-94.5,-73.0,-92.0,-68.33333333333333,26.0
2020-08-17,-48.5,,-13.0,,-49.0,18.5
2020-08-18,-91.0,-87.0,-63.5,,-78.0,41.5
2020-08-19,-52.5,,-27.0,,-56.5,22.5
2020-08-20,-60.5,-9.0,-33.0,,-57.0,25.5
2020-08-21,-56.0,,-24.0,,-51.0,22.5
2020-08-22,-68.5,-20.0,-34.5,,-49.0,20.5
2020-08-23,-77.5,-52.0,-52.0,,-54.0,20.0
2020-08-24,-50.5,,-20.0,,-48.0,20.5
2020-08-25,-58.5,-24.0,-25.0,,-51.5,23.5
2020-08-26,-57.0,-21.0,-26.0,,-47.5,22.0
2020-08-27,-58.0,-16.0,-26.0,,-49.5,22.5
2020-08-28,-54.0,-8.0,-22.0,,-46.0,21.0
2020-08-29,-65.0,-21.0,-31.0,,-45.5,18.0
2020-08-30,-70.5,-42.0,-40.0,,-45.5,16.0
2020-08-31,-25.5,-16.0,-14.0,,-35.5,14.5
2020-09-01,-30.0,-22.0,-18.0,,-38.5,15.5
2020-09-02,-33.5,-22.0,-21.0,,-36.5,15.5
2020-09-03,-37.0,-21.0,-25.0,,-37.5,17.0
2020-09-04,-32.0,-12.0,-21.0,,-35.0,15.5
2020-09-05,-37.5,-19.0,-25.0,,-34.0,13.0
2020-09-06,-54.0,-36.0,-35.0,,-41.0,13.5
2020-09-07,-31.0,-21.0,-19.0,,-34.5,15.5
2020-09-08,-31.5,-21.0,-19.0,,-35.5,14.0
2020-09-09,-35.5,-24.0,-19.0,,-32.0,13.0
2020-09-10,-36.0,-21.0,-19.0,,-35.0,14.5
2020-09-11,-34.333333333333336,-23.333333333333332,-17.666666666666668,-63.5,-33.75,15.5
2020-09-12,-37.0,-23.666666666666668,-21.333333333333332,-72.5,-34.666666666666664,11.0
2020-09-13,-47.5,-31.0,-19.666666666666668,-77.0,-33.333333333333336,8.5
2020-09-14,-25.666666666666668,-20.333333333333332,1.3333333333333333,-64.5,-30.25,11.0
2020-09-15,-27.333333333333332,-21.333333333333332,-4.333333333333333,-58.0,-32.25,11.5
2020-09-16,-30.333333333333332,-22.333333333333332,-5.666666666666667,-61.0,-31.25,12.0
2020-09-17,-33.666666666666664,-23.666666666666668,-11.333333333333334,-66.0,-32.0,13.5
2020-09-18,-27.333333333333332,-16.666666666666668,-7.0,-59.5,-29.75,11.0
2020-09-19,-29.666666666666668,-20.333333333333332,-12.666666666666666,-71.0,-29.0,8.5
2020-09-20,-46.0,-28.0,-16.666666666666668,-75.5,-32.0,9.5
2020-09-21,-30.666666666666668,-23.666666666666668,-9.333333333333334,-66.5,-32.5,13.5
2020-09-22,-27.0,-15.333333333333334,0.0,-61.0,-30.25,11.0
2020-09-23,-33.666666666666664,-19.666666666666668,4.333333333333333,-65.5,-30.0,9.0
2020-09-24,-37.666666666666664,-24.0,-2.6666666666666665,-63.5,-31.5,11.0
2020-09-25,-32.0,-17.666666666666668,-3.6666666666666665,-60.5,-30.5,13.0
2020-09-26,-32.0,-20.666666666666668,-7.333333333333333,-70.0,-28.666666666666668,11.0
2020-09-27,-46.5,-25.5,-8.666666666666666,-77.5,-31.666666666666668,9.5
2020-09-28,-23.333333333333332,-16.666666666666668,7.666666666666667,-65.0,-28.0,8.333333333333334
2020-09-29,-24.333333333333332,-15.0,5.333333333333333,-59.0,-30.25,8.0
2020-09-30,-28.666666666666668,-17.0,3.6666666666666665,-61.5,-31.25,7.0
2020-10-01,-33.333333333333336,-20.0,-1.0,-65.5,-32.5,7.0
2020-10-02,-29.0,-16.333333333333332,-2.3333333333333335,-60.0,-28.0,10.0
2020-10-03,-31.333333333333332,-18.333333333333332,-10.0,-69.0,-28.0,5.5
2020-10-04,-46.0,-24.5,-7.0,-76.0,-32.333333333333336,6.5
2020-10-05,-25.0,-13.666666666666666,6.0,-64.5,-29.5,3.6666666666666665
2020-10-06,-27.0,-12.333333333333334,5.333333333333333,-61.5,-31.75,5.0
2020-10-07,-29.0,-5.333333333333333,9.666666666666666,-59.5,-29.5,6.0
2020-10-08,-30.666666666666668,-3.6666666666666665,10.0,-62.5,-30.5,7.333333333333333
2020-10-09,-29.666666666666668,-2.0,12.0,-58.0,-29.75,12.0
2020-10-10,-66.33333333333333,-67.33333333333333,-46.0,-83.0,-55.75,34.5
2020-10-11,-88.5,-90.5,-41.333333333333336,-85.0,-53.666666666666664,25.0
2020-10-12,-75.66666666666667,-86.0,-41.666666666666664,-86.5,-82.25,44.5
2020-10-13,-32.333333333333336,-13.0,3.6666666666666665,-65.0,-31.5,9.0
2020-10-14,-36.666666666666664,-19.666666666666668,-2.0,-58.0,-30.0,11.0
2020-10-15,-37.666666666666664,-15.666666666666666,-8.0,-65.5,-31.0,12.333333333333334
2020-10-16,-34.666666666666664,-1.3333333333333333,-6.333333333333333,-59.5,-30.75,14.0
2020-10-17,-68.33333333333333,-66.33333333333333,-52.0,-82.5,-56.333333333333336,34.0
2020-10-18,-89.0,-90.5,-49.0,-85.0,-55.666666666666664,25.5
2020-10-19,-34.0,-15.666666666666666,-3.0,-66.0,-31.0,15.5
2020-10-20,-34.333333333333336,-18.666666666666668,-3.6666666666666665,-67.0,-29.75,12.0
2020-10-21,-43.0,-24.666666666666668,-12.0,-62.0,-31.25,14.666666666666666
2020-10-22,-36.666666666666664,-15.0,-5.0,-67.0,-30.25,12.0
2020-10-23,-28.666666666666668,1.6666666666666667,4.333333333333333,-60.5,-26.75,8.666666666666666
2020-10-24,-67.33333333333333,-65.33333333333333,-49.333333333333336,-82.5,-54.666666666666664,33.0
2020-10-25,-89.0,-90.5,-51.666666666666664,-85.0,-53.333333333333336,24.5
2020-10-26,-29.333333333333332,-15.333333333333334,7.0,-64.5,-27.25,9.0
2020-10-27,-31.666666666666668,-17.666666666666668,1.0,-67.0,-30.0,9.666666666666666
2020-10-28,-32.333333333333336,-16.333333333333332,-0.3333333333333333,-61.0,-29.0,8.666666666666666
2020-10-29,-32.666666666666664,-10.0,-5.0,-63.5,-34.25,8.0
2020-10-30,-28.666666666666668,2.0,2.3333333333333335,-57.5,-34.25,9.0
2020-10-31,-67.33333333333333,-68.0,-49.0,-82.0,-55.666666666666664,31.0
2020-11-01,-87.0,-88.5,-47.0,-80.0,-52.333333333333336,22.0
2020-11-02,-26.333333333333332,-11.333333333333334,2.0,-63.5,-31.0,6.333333333333333
2020-11-03,-30.333333333333332,-16.0,-1.3333333333333333,-68.5,-31.25,8.333333333333334
2020-11-04,-36.333333333333336,-21.0,1.6666666666666667,-57.0,-29.0,10.0
2020-11-05,-36.0,-16.333333333333332,1.0,-64.5,-31.0,10.0
2020-11-06,-32.666666666666664,-3.3333333333333335,6.666666666666667,-57.5,-28.25,9.5
2020-11-07,-68.33333333333333,-68.33333333333333,-45.0,-78.5,-54.333333333333336,31.0
2020-11-08,-89.5,-91.5,-53.333333333333336,-86.5,-57.333333333333336,24.0
2020-11-09,-28.333333333333332,-17.666666666666668,6.0,-65.0,-30.5,9.5
2020-11-10,-30.333333333333332,-21.666666666666668,6.0,-62.5,-28.75,8.666666666666666
2020-11-11,-35.0,-24.0,0.3333333333333333,-56.5,-29.75,9.0
2020-11-12,-35.666666666666664,-21.0,2.6666666666666665,-63.0,-29.0,9.0
2020-11-13,-30.333333333333332,-14.666666666666666,7.0,-59.0,-26.25,10.0
2020-11-14,-37.666666666666664,-22.333333333333332,-7.0,-71.5,-36.75,10.0
2020-11-15,-65.0,-80.5,-11.0,-71.5,-37.333333333333336,12.5
2020-11-16,-27.333333333333332,-17.333333333333332,11.666666666666666,-62.5,-28.5,6.0
2020-11-17,-30.0,-21.666666666666668,5.333333333333333,-61.0,-29.75,7.666666666666667
2020-11-18,-31.666666666666668,-21.333333333333332,4.0,-56.0,-28.5,8.333333333333334
2020-11-19,-32.0,-16.0,1.3333333333333333,-63.0,-28.5,8.333333333333334
2020-11-20,-28.0,-13.333333333333334,6.666666666666667,-56.5,-25.75,7.0
2020-11-21,-34.666666666666664,-19.0,-5.0,-67.0,-27.0,9.5
2020-11-22,-64.0,-80.5,-11.0,-69.0,-37.0,12.0
2020-11-23,-24.333333333333332,-15.333333333333334,12.0,-60.5,-26.0,5.666666666666667
2020-11-24,-27.666666666666668,-18.0,7.333333333333333,-57.5,-27.75,7.0
2020-11-25,-29.333333333333332,-13.666666666666666,8.0,-50.0,-26.25,6.666666666666667
2020-11-26,-34.0,-19.0,12.666666666666666,-61.0,-28.0,5.666666666666667
2020-11-27,-24.0,-14.0,11.333333333333334,-55.0,-25.75,4.666666666666667
2020-11-28,-30.666666666666668,-16.0,-1.3333333333333333,-64.0,-26.333333333333332,8.0
2020-11-29,-60.5,-74.5,-4.333333333333333,-67.5,-36.333333333333336,10.0
2020-11-30,-19.333333333333332,-12.0,15.0,-58.5,-25.75,4.333333333333333
2020-12-01,-26.0,-15.333333333333334,4.333333333333333,-56.0,-27.75,6.666666666666667
2020-12-02,-27.666666666666668,-16.0,9.0,-43.5,-24.75,6.666666666666667
2020-12-03,-27.666666666666668,-15.0,6.666666666666667,-55.5,-27.0,6.333333333333333
2020-12-04,-24.0,-13.666666666666666,10.333333333333334,-49.5,-21.5,5.0
2020-12-05,-26.666666666666668,-16.333333333333332,2.3333333333333335,-62.0,-21.333333333333332,5.5
2020-12-06,-55.0,-44.5,-2.6666666666666665,-59.0,-30.0,8.0
2020-12-07,-23.333333333333332,-19.333333333333332,9.0,-55.5,-26.25,6.0
2020-12-08,-25.333333333333332,-16.0,11.666666666666666,-54.5,-23.5,5.333333333333333
2020-12-09,-28.666666666666668,-20.0,14.333333333333334,-44.0,-24.0,4.666666666666667
2020-12-10,-27.666666666666668,-16.0,12.333333333333334,-52.0,-25.5,4.666666666666667
2020-12-11,-22.0,-11.0,18.0,-44.0,-24.0,6.0
2020-12-12,-23.0,-13.0,13.0,-59.0,-21.333333333333332,3.5
2020-12-13,-44.0,-30.5,10.666666666666666,-55.0,-28.333333333333332,4.5
2020-12-14,-18.333333333333332,-13.333333333333334,23.666666666666668,-46.5,-25.75,2.3333333333333335
2020-12-15,-18.0,-10.0,21.333333333333332,-48.5,-27.0,3.3333333333333335
2020-12-16,-18.666666666666668,-10.333333333333334,21.333333333333332,-30.5,-26.25,2.3333333333333335
2020-12-17,-19.333333333333332,-8.0,19.333333333333332,-41.0,-27.5,3.0
2020-12-18,-15.333333333333334,-4.333333333333333,23.0,-32.5,-26.75,1.3333333333333333
2020-12-19,-13.666666666666666,-8.0,17.666666666666668,-41.0,-19.666666666666668,0.5
2020-12-20,-30.0,-16.5,20.666666666666668,-44.0,-25.333333333333332,1.5
2020-12-21,-6.5,7.333333333333333,35.0,-41.5,-33.0,0.6666666666666666
2020-12-22,-1.3333333333333333,11.666666666666666,31.333333333333332,-42.0,-35.25,0.3333333333333333
2020-12-23,0.6666666666666666,20.666666666666668,37.333333333333336,-23.0,-34.0,-1.0
2020-12-24,4.333333333333333,33.333333333333336,42.333333333333336,-34.0,-41.0,-0.3333333333333333
2020-12-25,-72.66666666666667,-62.666666666666664,34.333333333333336,-71.0,-78.66666666666667,19.5
2020-12-26,-50.333333333333336,-44.0,2.6666666666666665,-54.0,-44.0,11.0
2020-12-27,-54.0,-46.5,12.0,-54.5,-31.333333333333332,5.5
2020-12-28,-49.0,-58.666666666666664,12.666666666666666,-59.5,-72.0,23.0
2020-12-29,-17.333333333333332,-7.0,17.333333333333332,-53.0,-38.25,8.5
2020-12-30,-19.333333333333332,-5.666666666666667,19.666666666666668,-33.5,-36.75,6.666666666666667
2020-12-31,-15.0,4.333333333333333,24.666666666666668,-46.0,-35.75,4.0
2021-01-01,-63.0,-62.0,15.666666666666666,-63.0,-73.75,23.0
2021-01-02,-32.666666666666664,-23.333333333333332,5.333333333333333,-50.0,-25.0,7.0
2021-01-03,-54.0,-39.5,8.666666666666666,-41.5,-27.666666666666668,5.0
2021-01-04,-25.666666666666668,-17.333333333333332,21.666666666666668,-46.5,-23.75,4.333333333333333
2021-01-05,-29.666666666666668,-17.666666666666668,19.333333333333332,-48.5,-24.5,5.0
2021-01-06,-31.333333333333332,-20.0,15.0,-42.5,-23.5,5.333333333333333
2021-01-07,-32.666666666666664,-18.0,9.666666666666666,-49.5,-24.25,5.666666666666667
2021-01-08,-28.0,-16.333333333333332,7.666666666666667,-42.0,-21.5,2.3333333333333335
2021-01-09,-29.333333333333332,-18.333333333333332,-3.0,-53.5,-22.666666666666668,1.5
2021-01-10,-51.0,-31.5,1.3333333333333333,-51.5,-28.0,2.5
2021-01-11,-48.666666666666664,-54.0,13.0,-57.0,-71.75,18.0
2021-01-12,-31.666666666666668,-17.333333333333332,1.3333333333333333,-52.5,-24.25,1.0
2021-01-13,-33.666666666666664,-24.0,5.333333333333333,-44.0,-25.75,0.6666666666666666
2021-01-14,-36.666666666666664,-23.666666666666668,-2.0,-52.5,-27.75,2.0
2021-01-15,-32.333333333333336,-25.333333333333332,-1.3333333333333333,-47.0,-24.75,-0.3333333333333333
2021-01-16,-34.333333333333336,-23.333333333333332,-7.666666666666667,-62.0,-26.666666666666668,2.5
2021-01-17,-53.5,-37.5,-5.666666666666667,-58.0,-31.666666666666668,2.5
2021-01-18,-31.0,-25.666666666666668,7.333333333333333,-54.0,-27.75,0.3333333333333333
2021-01-19,-32.666666666666664,-26.0,4.0,-50.5,-27.25,0.3333333333333333
2021-01-20,-36.0,-28.333333333333332,3.6666666666666665,-46.5,-26.5,0.6666666666666666
2021-01-21,-34.666666666666664,-24.0,-0.3333333333333333,-53.5,-26.75,1.0
2021-01-22,-29.0,-20.666666666666668,4.666666666666667,-47.5,-25.0,-0.6666666666666666
2021-01-23,-32.0,-21.0,0.0,-56.5,-24.666666666666668,0.0
2021-01-24,-48.0,-31.5,0.3333333333333333,-57.0,-30.0,1.0
2021-01-25,-29.666666666666668,-25.333333333333332,10.0,-52.0,-27.0,-0.3333333333333333
2021-01-26,-31.333333333333332,-25.333333333333332,6.0,-53.5,-25.75,-0.3333333333333333
2021-01-27,-31.0,-22.0,7.0,-43.0,-26.0,-0.6666666666666666
2021-01-28,-30.666666666666668,-18.333333333333332,-1.6666666666666667,-51.5,-26.5,-2.6666666666666665
2021-01-29,-24.0,-14.333333333333334,-1.0,-46.5,-23.0,-5.333333333333333
2021-01-30,-26.666666666666668,-16.0,-4.0,-58.0,-22.0,-6.5
2021-01-31,-44.0,-26.0,-6.333333333333333,-58.5,-26.333333333333332,-5.5
2021-02-01,-28.333333333333332,-21.666666666666668,1.6666666666666667,-52.0,-26.0,-6.333333333333333
2021-02-02,-31.333333333333332,-21.666666666666668,-3.0,-53.5,-26.75,-5.333333333333333
2021-02-03,-36.333333333333336,-26.666666666666668,1.6666666666666667,-47.5,-25.5,-3.3333333333333335
2021-02-04,-37.0,-25.333333333333332,2.0,-54.0,-25.5,-1.3333333333333333
2021-02-05,-29.0,-21.666666666666668,8.666666666666666,-46.0,-23.0,-3.3333333333333335
2021-02-06,-33.666666666666664,-23.0,4.333333333333333,-55.5,-24.0,-2.5
2021-02-07,-45.0,-28.0,7.666666666666667,-61.5,-28.0,-3.5
2021-02-08,-33.0,-26.666666666666668,10.0,-52.5,-26.5,-2.6666666666666665
2021-02-09,-31.333333333333332,-24.333333333333332,10.333333333333334,-48.5,-25.25,-3.6666666666666665
2021-02-10,-32.666666666666664,-24.333333333333332,9.666666666666666,-45.0,-26.25,-3.6666666666666665
2021-02-11,-32.333333333333336,-21.0,7.666666666666667,-43.5,-27.25,-6.0
2021-02-12,-26.0,-16.333333333333332,12.333333333333334,-45.0,-26.0,-10.333333333333334
2021-02-13,-25.333333333333332,-16.666666666666668,12.333333333333334,-54.0,-27.0,-9.5
2021-02-14,-37.0,-24.5,11.666666666666666,-59.5,-29.333333333333332,-8.5
2021-02-15,-27.666666666666668,-22.666666666666668,16.0,-49.0,-26.75,-10.0
2021-02-16,-28.333333333333332,-19.0,12.0,-46.0,-26.25,-10.0
2021-02-17,-29.666666666666668,-20.0,12.333333333333334,-44.0,-26.0,-9.666666666666666
2021-02-18,-30.666666666666668,-21.0,8.666666666666666,-48.5,-27.0,-8.666666666666666
2021-02-19,-23.666666666666668,-14.333333333333334,11.666666666666666,-45.5,-28.75,-9.666666666666666
2021-02-20,-27.666666666666668,-18.666666666666668,5.333333333333333,-55.0,-25.666666666666668,-8.5
2021-02-21,-46.0,-27.0,1.6666666666666667,-60.0,-34.333333333333336,-6.5
2021-02-22,-23.666666666666668,-18.0,16.666666666666668,-50.5,-31.25,-8.0
2021-02-23,-27.333333333333332,-21.666666666666668,14.333333333333334,-47.5,-25.25,-10.333333333333334
2021-02-24,-25.0,-16.666666666666668,14.666666666666666,-46.5,-26.0,-10.0
2021-02-25,-26.333333333333332,-14.666666666666666,12.666666666666666,-48.0,-27.75,-10.333333333333334
2021-02-26,-18.333333333333332,-10.0,16.0,-43.0,-25.5,-12.333333333333334
2021-02-27,-20.666666666666668,-12.666666666666666,17.0,-54.5,-24.0,-11.5
2021-02-28,-37.5,-18.5,17.0,-56.5,-28.0,-9.5
2021-03-01,-20.333333333333332,-14.666666666666666,20.666666666666668,-51.5,-27.0,-11.666666666666666
2021-03-02,-23.666666666666668,-14.666666666666666,16.666666666666668,-49.0,-26.25,-11.0
2021-03-03,-27.0,-18.0,15.0,-44.0,-24.75,-11.0
2021-03-04,-29.666666666666668,-16.0,10.333333333333334,-48.0,-25.25,-9.666666666666666
2021-03-05,-23.0,-14.0,14.0,-43.0,-22.75,-11.666666666666666
2021-03-06,-26.0,-18.0,10.0,-54.0,-24.0,-9.5
2021-03-07,-39.5,-24.0,10.0,-58.5,-29.666666666666668,-7.5
2021-03-08,-24.333333333333332,-17.666666666666668,16.0,-52.0,-25.5,-9.666666666666666
2021-03-09,-25.666666666666668,-18.666666666666668,12.333333333333334,-44.5,-24.75,-9.666666666666666
2021-03-10,-26.333333333333332,-18.333333333333332,14.0,-41.5,-23.5,-9.333333333333334
2021-03-11,-28.333333333333332,-17.333333333333332,11.333333333333334,-43.5,-24.75,-10.333333333333334
2021-03-12,-21.0,-12.666666666666666,16.0,-43.0,-24.25,-11.333333333333334
2021-03-13,-23.666666666666668,-15.333333333333334,13.666666666666666,-45.5,-24.0,-10.5
2021-03-14,-40.0,-25.5,16.333333333333332,-53.5,-28.0,-8.5
2021-03-15,-22.666666666666668,-17.0,21.333333333333332,-47.5,-24.75,-11.333333333333334
2021-03-16,-24.333333333333332,-17.0,18.0,-46.0,-24.5,-11.666666666666666
2021-03-17,-26.333333333333332,-19.0,18.333333333333332,-40.5,-22.25,-11.333333333333334
2021-03-18,-26.333333333333332,-15.0,15.666666666666666,-44.5,-22.75,-11.333333333333334
2021-03-19,-20.0,-11.333333333333334,19.333333333333332,-36.5,-22.5,-12.666666666666666
2021-03-20,-24.0,-14.0,14.666666666666666,-48.0,-22.666666666666668,-10.5
2021-03-21,-37.5,-21.5,17.333333333333332,-52.5,-27.0,-9.5
2021-03-22,-21.666666666666668,-13.333333333333334,23.333333333333332,-46.0,-24.25,-12.333333333333334
2021-03-23,-22.0,-11.333333333333334,19.333333333333332,-41.0,-23.25,-12.666666666666666
2021-03-24,-23.666666666666668,-15.333333333333334,19.666666666666668,-34.5,-23.75,-12.0
2021-03-25,-23.333333333333332,-12.666666666666666,16.333333333333332,-38.5,-24.5,-12.333333333333334
2021-03-26,-16.666666666666668,-11.0,23.0,-29.5,-23.0,-13.666666666666666
2021-03-27,-21.666666666666668,-12.666666666666666,14.666666666666666,-37.5,-22.0,-11.5
2021-03-28,-32.5,-18.5,20.666666666666668,-45.0,-26.666666666666668,-10.5
2021-03-29,-12.0,-6.666666666666667,30.0,-37.0,-29.75,-12.333333333333334
2021-03-30,-12.333333333333334,-5.333333333333333,25.666666666666668,-33.5,-30.5,-12.333333333333334
2021-03-31,-13.333333333333334,-5.333333333333333,27.333333333333332,-22.0,-31.75,-13.0
2021-04-01,-8.333333333333334,12.666666666666666,25.333333333333332,-13.5,-34.0,-12.333333333333334
2021-04-02,-57.333333333333336,-51.0,15.666666666666666,-44.0,-73.0,7.0
2021-04-03,-21.0,-9.0,8.666666666666666,-42.5,-34.25,-7.5
2021-04-04,-38.0,-29.0,18.0,-50.5,-29.666666666666668,-8.5
2021-04-05,-43.0,-55.333333333333336,29.333333333333332,-42.5,-74.0,7.0
2021-04-06,-19.666666666666668,-8.0,17.333333333333332,-35.0,-30.0,-10.666666666666666
2021-04-07,-21.666666666666668,-14.0,21.666666666666668,-30.0,-28.25,-10.666666666666666
2021-04-08,-21.666666666666668,-11.666666666666666,16.333333333333332,-34.5,-27.25,-10.0
2021-04-09,-15.333333333333334,-9.333333333333334,19.666666666666668,-33.5,-25.0,-11.333333333333334
2021-04-10,-19.666666666666668,-13.666666666666666,16.666666666666668,-36.0,-21.0,-10.5
2021-04-11,-37.0,-20.5,13.333333333333334,-41.5,-27.333333333333332,-9.0
2021-04-12,-20.0,-15.333333333333334,20.0,-41.5,-23.75,-11.0
2021-04-13,-19.666666666666668,-13.666666666666666,19.0,-36.5,-22.75,-12.333333333333334
2021-04-14,-21.0,-14.0,19.0,-38.0,-21.5,-12.333333333333334
2021-04-15,-20.666666666666668,-11.0,14.666666666666666,-41.0,-22.0,-12.0
2021-04-16,-15.333333333333334,-10.666666666666666,17.666666666666668,-35.0,-20.5,-13.0
2021-04-17,-18.666666666666668,-12.0,13.0,-44.5,-19.333333333333332,-10.5
2021-04-18,-30.5,-17.5,15.333333333333334,-49.5,-26.333333333333332,-9.0
2021-04-19,-16.0,-13.0,19.0,-43.5,-23.25,-11.333333333333334
2021-04-20,-16.666666666666668,-10.0,16.666666666666668,-41.5,-23.75,-12.333333333333334
2021-04-21,-20.666666666666668,-12.0,14.333333333333334,-35.5,-24.75,-10.0
2021-04-22,-21.0,-12.333333333333334,9.333333333333334,-39.0,-22.75,-10.666666666666666
2021-04-23,-12.333333333333334,-7.333333333333333,17.333333333333332,-35.0,-19.5,-12.666666666666666
2021-04-24,-16.333333333333332,-13.666666666666666,12.333333333333334,-41.0,-20.666666666666668,-9.5
2021-04-25,-29.5,-18.5,13.666666666666666,-46.0,-27.333333333333332,-8.5
2021-04-26,-13.0,-9.333333333333334,21.666666666666668,-41.0,-21.75,-12.0
2021-04-27,-15.333333333333334,-10.666666666666666,17.0,-40.5,-21.0,-12.0
2021-04-28,-12.333333333333334,-6.666666666666667,16.666666666666668,-32.0,-21.75,-12.333333333333334
2021-04-29,-14.0,-4.333333333333333,15.333333333333334,-35.0,-21.5,-12.666666666666666
2021-04-30,-8.0,-1.6666666666666667,17.666666666666668,-32.5,-19.25,-13.333333333333334
2021-05-01,-14.666666666666666,-8.0,12.333333333333334,-40.0,-21.0,-11.5
2021-05-02,-25.5,-13.5,17.0,-45.0,-26.333333333333332,-9.5
2021-05-03,-10.333333333333334,-6.0,24.333333333333332,-40.0,-22.25,-13.333333333333334
2021-05-04,-10.333333333333334,-6.0,19.333333333333332,-33.0,-21.25,-13.0
2021-05-05,-14.666666666666666,-9.666666666666666,20.0,-29.0,-22.0,-13.666666666666666
2021-05-06,-17.666666666666668,-8.333333333333334,15.333333333333334,-32.0,-22.75,-12.666666666666666
2021-05-07,-9.0,-5.666666666666667,18.333333333333332,-28.0,-18.5,-14.0
2021-05-08,-7.666666666666667,-0.3333333333333333,15.333333333333334,-32.5,-20.666666666666668,-11.5
2021-05-09,-22.0,-17.5,26.666666666666668,-43.0,-27.0,-11.0
2021-05-10,-14.333333333333334,-9.333333333333334,24.666666666666668,-33.0,-22.25,-13.666666666666666
2021-05-11,-13.333333333333334,-10.666666666666666,18.333333333333332,-36.0,-21.0,-12.666666666666666
2021-05-12,-17.666666666666668,-9.666666666666666,18.0,-27.0,-21.5,-11.666666666666666
2021-05-13,-17.0,-10.666666666666666,11.666666666666666,-32.0,-22.0,-11.666666666666666
2021-05-14,-8.666666666666666,-5.666666666666667,14.666666666666666,-28.5,-19.5,-12.333333333333334
2021-05-15,-12.333333333333334,-4.333333333333333,13.333333333333334,-37.0,-20.0,-10.0
2021-05-16,-23.0,-10.5,13.666666666666666,-40.0,-25.666666666666668,-8.5
2021-05-17,-6.0,-5.0,25.0,-35.0,-18.75,-13.666666666666666
2021-05-18,-6.333333333333333,-4.0,21.0,-32.0,-18.0,-13.333333333333334
2021-05-19,-12.333333333333334,-6.666666666666667,18.666666666666668,-27.0,-18.25,-12.333333333333334
2021-05-20,-11.333333333333334,-3.3333333333333335,13.666666666666666,-31.5,-19.75,-12.666666666666666
2021-05-21,-4.333333333333333,0.6666666666666666,13.666666666666666,-23.0,-17.25,-13.666666666666666
2021-05-22,-10.0,-1.6666666666666667,8.333333333333334,-29.0,-16.666666666666668,-10.5
2021-05-23,-22.5,-8.5,15.0,-38.5,-23.0,-8.5
2021-05-24,-33.666666666666664,-46.0,25.666666666666668,-38.5,-71.5,7.0
2021-05-25,-8.0,1.0,19.0,-30.5,-20.75,-12.333333333333334
2021-05-26,-9.333333333333334,-4.666666666666667,17.666666666666668,-21.0,-19.75,-12.333333333333334
2021-05-27,-7.666666666666667,3.0,18.666666666666668,-29.0,-19.75,-12.666666666666666
2021-05-28,-0.6666666666666666,6.333333333333333,25.0,-23.5,-17.5,-15.0
2021-05-29,-7.0,1.6666666666666667,18.333333333333332,-28.0,-16.0,-12.5
2021-05-30,-19.0,-4.5,20.333333333333332,-36.0,-23.666666666666668,-10.5
2021-05-31,-3.6666666666666665,-0.6666666666666666,26.0,-32.0,-20.5,-13.333333333333334
2021-06-01,-7.0,-3.0,19.333333333333332,-27.5,-20.75,-13.333333333333334
2021-06-02,-10.333333333333334,-1.3333333333333333,17.666666666666668,-25.0,-20.0,-12.333333333333334
2021-06-03,4.333333333333333,16.0,24.0,-17.5,-21.25,-15.0
2021-06-04,-33.666666666666664,-35.333333333333336,29.333333333333332,-28.0,-69.75,4.0
2021-06-05,-11.0,2.3333333333333335,15.333333333333334,-28.5,-19.666666666666668,-10.5
2021-06-06,-22.0,-11.0,18.666666666666668,-29.5,-25.333333333333332,-9.5
2021-06-07,-3.0,-1.6666666666666667,37.0,-26.0,-20.5,-14.0
2021-06-08,-5.0,-0.6666666666666666,29.333333333333332,-28.0,-18.75,-15.0
2021-06-09,-7.0,-2.0,28.333333333333332,-20.0,-19.75,-14.666666666666666
2021-06-10,-9.0,-1.3333333333333333,23.333333333333332,-23.5,-19.5,-15.0
2021-06-11,-4.333333333333333,0.0,25.0,-16.5,-17.0,-15.666666666666666
2021-06-12,-12.0,-6.333333333333333,16.666666666666668,-24.0,-19.0,-12.0
2021-06-13,-20.5,-8.5,17.333333333333332,-29.5,-27.0,-10.5
2021-06-14,-8.333333333333334,-5.333333333333333,27.333333333333332,-29.5,-21.75,-14.0
2021-06-15,-4.666666666666667,-2.3333333333333335,25.666666666666668,-21.5,-21.75,-14.666666666666666
2021-06-16,-10.666666666666666,-6.0,21.666666666666668,-14.0,-22.25,-14.333333333333334
2021-06-17,-9.666666666666666,-2.6666666666666665,17.333333333333332,-23.5,-23.5,-14.333333333333334
2021-06-18,-1.6666666666666667,0.3333333333333333,21.0,-16.0,-20.5,-15.0
2021-06-19,-5.666666666666667,1.6666666666666667,16.333333333333332,-17.5,-17.666666666666668,-14.5
2021-06-20,-17.0,-9.5,28.333333333333332,-30.5,-29.0,-12.5
2021-06-21,-4.0,-7.333333333333333,33.0,-24.0,-23.25,-14.666666666666666
2021-06-22,-2.6666666666666665,-6.666666666666667,25.666666666666668,-22.0,-24.75,-15.0
2021-06-23,-7.666666666666667,-7.333333333333333,23.333333333333332,-12.5,-23.25,-15.0
2021-06-24,-8.0,-4.0,19.333333333333332,-15.0,-24.0,-14.666666666666666
2021-06-25,-1.3333333333333333,0.6666666666666666,21.666666666666668,-11.0,-22.5,-15.666666666666666
2021-06-26,-6.333333333333333,-3.0,15.0,-12.5,-20.333333333333332,-13.5
2021-06-27,-14.5,-6.0,18.666666666666668,-28.0,-24.666666666666668,-11.5
2021-06-28,3.3333333333333335,2.0,29.666666666666668,-18.5,-28.5,-16.0
2021-06-29,-1.6666666666666667,2.0,24.0,-17.0,-26.5,-16.0
2021-06-30,-1.6666666666666667,1.3333333333333333,27.666666666666668,-9.5,-27.0,-14.0
2021-07-01,-7.666666666666667,-1.3333333333333333,17.0,-13.0,-27.25,-12.666666666666666
2021-07-02,-4.0,3.0,18.666666666666668,-16.5,-23.25,-13.333333333333334
2021-07-03,-7.0,-5.333333333333333,15.333333333333334,-8.5,-16.0,-12.5
2021-07-04,-14.0,-6.0,20.666666666666668,-28.5,-23.0,-11.5
2021-07-05,-1.0,-2.0,28.333333333333332,-22.0,-28.25,-13.666666666666666
2021-07-06,-1.6666666666666667,-1.0,25.666666666666668,-13.5,-25.5,-14.333333333333334
2021-07-07,-5.666666666666667,-4.0,25.666666666666668,-4.0,-26.25,-13.333333333333334
2021-07-08,-7.0,-2.3333333333333335,22.666666666666668,-8.5,-27.75,-14.0
2021-07-09,-3.0,3.3333333333333335,21.333333333333332,-4.5,-25.25,-14.666666666666666
2021-07-10,-9.666666666666666,-4.0,13.666666666666666,-8.0,-21.0,-13.5
2021-07-11,-11.0,-4.0,22.0,-21.0,-24.666666666666668,-12.5
2021-07-12,-28.0,-43.0,29.0,-29.5,-73.0,3.5
2021-07-13,-7.0,0.6666666666666666,15.333333333333334,-10.5,-27.0,-14.0
2021-07-14,-6.666666666666667,-1.6666666666666667,22.0,-8.0,-27.0,-13.333333333333334
2021-07-15,-5.666666666666667,3.6666666666666665,16.666666666666668,-14.5,-26.75,-13.666666666666666
2021-07-16,-1.3333333333333333,2.3333333333333335,21.666666666666668,-12.0,-22.5,-15.0
2021-07-17,-7.333333333333333,-3.3333333333333335,13.333333333333334,-9.5,-16.0,-13.5
2021-07-18,-12.5,-5.0,18.0,-15.5,-23.333333333333332,-11.5
2021-07-19,1.6666666666666667,0.3333333333333333,28.333333333333332,-14.0,-25.5,-15.0
2021-07-20,-2.0,0.3333333333333333,23.666666666666668,-14.0,-26.25,-14.333333333333334
2021-07-21,-4.666666666666667,-2.3333333333333335,23.666666666666668,-7.0,-25.5,-13.666666666666666
2021-07-22,-7.333333333333333,-1.3333333333333333,16.333333333333332,-10.0,-25.75,-14.333333333333334
2021-07-23,-2.6666666666666665,2.0,18.333333333333332,-8.0,-23.0,-14.666666666666666
2021-07-24,-12.333333333333334,-5.333333333333333,5.666666666666667,-6.5,-18.0,-10.5
2021-07-25,-13.5,-5.5,15.666666666666666,-18.0,-22.0,-11.5
2021-07-26,-2.0,-0.6666666666666666,26.0,-23.5,-25.75,-14.333333333333334
2021-07-27,-2.6666666666666665,3.0,22.0,-13.0,-26.0,-13.666666666666666
2021-07-28,-1.0,8.0,22.0,-2.5,-27.25,-14.0
2021-07-29,-4.333333333333333,3.3333333333333335,17.0,-2.5,-27.5,-13.0
2021-07-30,-0.3333333333333333,5.0,18.0,-7.5,-25.75,-14.0
2021-07-31,-8.333333333333334,-2.0,9.666666666666666,-2.5,-16.0,-12.5
2021-08-01,-13.5,-3.0,16.333333333333332,-19.5,-25.333333333333332,-11.5
2021-08-02,-35.0,-46.666666666666664,8.333333333333334,-26.5,-71.5,8.0
2021-08-03,-9.333333333333334,-1.3333333333333333,14.333333333333334,-9.0,-31.5,-11.333333333333334
2021-08-04,-6.333333333333333,-1.6666666666666667,18.333333333333332,-2.5,-29.25,-13.0
2021-08-05,-9.666666666666666,-1.3333333333333333,15.333333333333334,-6.0,-30.25,-12.0
2021-08-06,-4.666666666666667,-0.3333333333333333,16.333333333333332,-14.0,-24.25,-12.0
2021-08-07,-14.666666666666666,-8.0,8.0,-7.5,-17.0,-10.5
2021-08-08,-18.0,-5.0,12.0,-21.0,-24.0,-9.5
2021-08-09,-4.666666666666667,-4.0,22.333333333333332,-25.0,-30.5,-12.0
2021-08-10,-6.666666666666667,-2.3333333333333335,18.666666666666668,-14.0,-30.0,-11.666666666666666
2021-08-11,-12.333333333333334,-8.666666666666666,14.333333333333334,-13.0,-30.0,-10.333333333333334
2021-08-12,-15.666666666666666,-6.666666666666667,6.333333333333333,-6.5,-32.5,-9.333333333333334
2021-08-13,-9.333333333333334,1.0,12.0,-22.0,-28.5,-10.333333333333334
2021-08-14,-14.333333333333334,-5.666666666666667,2.6666666666666665,-12.5,-21.0,-9.5
2021-08-15,-21.0,-4.0,9.666666666666666,-22.5,-25.0,-8.5
2021-08-16,-4.0,-3.6666666666666665,19.0,-22.0,-30.5,-11.333333333333334
2021-08-17,-6.333333333333333,-1.6666666666666667,16.666666666666668,-17.5,-31.75,-10.666666666666666
2021-08-18,-9.333333333333334,-2.6666666666666665,15.333333333333334,-9.5,-28.5,-10.333333333333334
2021-08-19,-12.666666666666666,-4.333333333333333,11.0,-7.0,-29.5,-9.666666666666666
2021-08-20,-9.333333333333334,0.3333333333333333,16.0,-24.5,-27.5,-10.0
2021-08-21,-14.0,-7.0,9.666666666666666,-16.5,-19.666666666666668,-10.5
2021-08-22,-17.0,-4.5,13.333333333333334,-22.0,-25.666666666666668,-8.5
2021-08-23,-5.333333333333333,-3.3333333333333335,23.0,-26.5,-27.75,-11.333333333333334
2021-08-24,-7.333333333333333,-3.3333333333333335,19.666666666666668,-24.5,-29.0,-11.0
2021-08-25,-13.333333333333334,-8.666666666666666,9.333333333333334,-16.0,-28.75,-9.0
2021-08-26,-10.666666666666666,-3.3333333333333335,13.666666666666666,-6.0,-27.75,-10.333333333333334
2021-08-27,-1.0,6.0,16.333333333333332,-20.5,-25.25,-12.0
2021-08-28,-2.6666666666666665,4.666666666666667,12.0,-19.0,-17.0,-11.5
2021-08-29,-11.0,4.5,16.0,-24.5,-21.666666666666668,-9.5
2021-08-30,1.0,1.6666666666666667,28.0,-27.0,-27.75,-12.0
2021-08-31,-0.6666666666666666,1.0,22.0,-22.0,-26.0,-12.0
2021-09-01,-7.0,-3.3333333333333335,18.333333333333332,-19.5,-26.75,-11.0
2021-09-02,-11.666666666666666,-3.3333333333333335,13.666666666666666,-16.5,-28.0,-10.0
2021-09-03,-6.0,-0.3333333333333333,17.333333333333332,-25.5,-23.75,-11.333333333333334
2021-09-04,-9.666666666666666,-3.3333333333333335,10.666666666666666,-27.5,-15.0,-10.5
2021-09-05,-16.5,2.0,17.0,-35.5,-20.333333333333332,-8.5
2021-09-06,-7.0,-6.0,22.333333333333332,-32.0,-26.75,-10.333333333333334
2021-09-07,-8.0,-4.333333333333333,18.333333333333332,-28.0,-26.0,-11.0
2021-09-08,-11.0,-4.0,16.333333333333332,-26.5,-26.5,-10.0
2021-09-09,-12.333333333333334,-5.333333333333333,15.0,-29.0,-31.0,-10.0
2021-09-10,-7.333333333333333,-1.3333333333333333,15.666666666666666,-30.0,-24.75,-10.333333333333334
2021-09-11,-13.666666666666666,-6.333333333333333,9.333333333333334,-30.5,-17.666666666666668,-9.5
2021-09-12,-18.5,-2.5,13.666666666666666,-39.5,-21.666666666666668,-7.5
2021-09-13,-8.0,-6.0,20.333333333333332,-36.0,-26.0,-9.666666666666666
2021-09-14,-7.666666666666667,-4.666666666666667,20.0,-33.0,-26.25,-11.333333333333334
2021-09-15,-5.333333333333333,0.3333333333333333,21.0,-18.0,-28.25,-11.333333333333334
2021-09-16,-9.0,-4.0,26.666666666666668,-30.0,-40.5,-13.333333333333334
2021-09-17,-7.666666666666667,-4.666666666666667,17.666666666666668,-32.0,-29.5,-9.333333333333334
2021-09-18,-11.333333333333334,-6.0,8.666666666666666,-30.5,-20.666666666666668,-9.5
2021-09-19,-15.0,-3.0,16.333333333333332,-43.0,-27.333333333333332,-8.0
2021-09-20,-4.666666666666667,-5.333333333333333,25.666666666666668,-35.5,-26.0,-10.666666666666666
2021-09-21,-5.333333333333333,-2.0,19.333333333333332,-33.0,-26.75,-10.666666666666666
2021-09-22,-7.0,-4.333333333333333,22.0,-29.0,-25.0,-10.333333333333334
2021-09-23,-11.666666666666666,-3.3333333333333335,16.0,-26.5,-26.0,-10.0
2021-09-24,-5.333333333333333,-1.6666666666666667,21.0,-29.0,-21.75,-11.333333333333334
2021-09-25,-12.666666666666666,-7.0,6.666666666666667,-33.0,-19.666666666666668,-9.5
2021-09-26,-19.5,-6.0,12.0,-38.0,-27.0,-7.0
2021-09-27,-3.3333333333333335,-5.333333333333333,24.333333333333332,-34.5,-25.0,-11.333333333333334
2021-09-28,-4.666666666666667,-2.3333333333333335,12.333333333333334,-34.5,-25.25,-10.333333333333334
2021-09-29,-3.0,2.0,25.333333333333332,-23.0,-24.25,-12.0
2021-09-30,-4.333333333333333,1.0,25.333333333333332,-21.0,-24.5,-12.0
2021-10-01,-0.3333333333333333,1.3333333333333333,24.333333333333332,-26.0,-22.0,-13.0
2021-10-02,-6.0,-1.3333333333333333,14.666666666666666,-32.5,-17.0,-10.5
2021-10-03,-13.0,2.0,22.0,-35.5,-25.333333333333332,-9.5
2021-10-04,-4.333333333333333,-6.333333333333333,27.0,-33.0,-23.75,-12.333333333333334
2021-10-05,-5.333333333333333,-4.0,21.0,-30.0,-24.75,-12.0
2021-10-06,-9.333333333333334,-9.666666666666666,17.666666666666668,-26.5,-23.5,-11.333333333333334
2021-10-07,-9.333333333333334,-6.0,16.0,-13.5,-24.0,-11.333333333333334
2021-10-08,-1.6666666666666667,-1.0,21.333333333333332,-18.0,-19.75,-14.0
2021-10-09,-9.0,-5.666666666666667,10.666666666666666,-23.5,-16.0,-10.5
2021-10-10,-16.0,-5.5,14.0,-35.0,-24.666666666666668,-8.5
2021-10-11,-31.333333333333332,-41.666666666666664,20.333333333333332,-32.0,-71.5,6.5
2021-10-12,-6.333333333333333,-2.0,19.0,-20.0,-25.25,-11.666666666666666
2021-10-13,-8.666666666666666,-6.333333333333333,19.666666666666668,-13.0,-20.75,-11.333333333333334
2021-10-14,-9.333333333333334,-5.333333333333333,18.0,-16.5,-23.0,-11.666666666666666
2021-10-15,-1.6666666666666667,-1.6666666666666667,23.666666666666668,-24.5,-17.75,-13.333333333333334
2021-10-16,-6.333333333333333,-3.6666666666666665,14.333333333333334,-27.0,-15.666666666666666,-11.5
2021-10-17,-11.0,-2.5,23.333333333333332,-19.0,-21.666666666666668,-9.5
2021-10-18,-2.0,-3.0,33.666666666666664,-23.5,-22.25,-12.666666666666666
2021-10-19,-3.3333333333333335,-3.0,28.333333333333332,-23.5,-21.25,-12.333333333333334
2021-10-20,-5.333333333333333,-2.3333333333333335,27.666666666666668,-18.0,-19.75,-11.666666666666666
2021-10-21,-10.0,-5.333333333333333,14.333333333333334,-13.0,-21.75,-11.333333333333334
2021-10-22,-9.0,-9.0,13.333333333333334,-24.5,-20.25,-10.666666666666666
2021-10-23,-4.333333333333333,-3.0,12.666666666666666,-25.0,-14.0,-11.5
2021-10-24,-10.5,-4.0,18.0,-27.0,-23.333333333333332,-9.5
2021-10-25,-5.333333333333333,-7.666666666666667,24.666666666666668,-20.0,-23.25,-11.666666666666666
2021-10-26,0.6666666666666666,-3.0,26.0,-23.5,-20.75,-13.0
2021-10-27,-0.3333333333333333,0.6666666666666666,30.333333333333332,-14.5,-22.5,-13.666666666666666
2021-10-28,-2.3333333333333335,1.3333333333333333,23.0,-5.0,-22.5,-13.333333333333334
2021-10-29,3.6666666666666665,2.6666666666666665,22.666666666666668,-16.0,-22.25,-13.666666666666666
2021-10-30,-2.3333333333333335,-2.0,16.666666666666668,-23.5,-15.333333333333334,-12.5
2021-10-31,-5.0,2.0,25.0,-19.5,-19.333333333333332,-11.5
2021-11-01,0.6666666666666666,0.6666666666666666,31.333333333333332,-20.0,-25.5,-13.666666666666666
2021-11-02,-2.6666666666666665,-1.3333333333333333,26.666666666666668,-19.5,-20.0,-13.333333333333334
2021-11-03,-5.666666666666667,-3.0,26.0,-11.0,-18.0,-13.666666666666666
2021-11-04,-8.333333333333334,-3.0,25.666666666666668,-8.5,-18.75,-13.333333333333334
2021-11-05,-10.0,-8.0,17.666666666666668,-15.5,-17.0,-12.0
2021-11-06,-9.0,-4.333333333333333,9.0,-23.5,-13.666666666666666,-10.5
2021-11-07,-8.0,1.0,20.0,-18.5,-19.0,-10.0
2021-11-08,-1.0,-4.0,28.333333333333332,-20.0,-18.25,-12.666666666666666
2021-11-09,-1.6666666666666667,-3.3333333333333335,24.666666666666668,-18.0,-18.5,-13.333333333333334
2021-11-10,-4.0,-7.0,25.0,-9.5,-16.75,-12.666666666666666
2021-11-11,-11.666666666666666,-9.666666666666666,14.666666666666666,-7.0,-19.0,-11.0
2021-11-12,-3.0,-2.0,20.666666666666668,-17.0,-17.0,-13.333333333333334
2021-11-13,-4.0,-4.333333333333333,15.333333333333334,-17.5,-15.0,-12.5
2021-11-14,-2.0,-1.0,24.333333333333332,-17.0,-18.0,-12.0
2021-11-15,0.3333333333333333,-4.666666666666667,31.333333333333332,-16.5,-19.0,-13.0
2021-11-16,0.0,-3.6666666666666665,27.666666666666668,-14.5,-16.75,-13.0
2021-11-17,-4.0,-3.6666666666666665,24.0,-11.0,-18.25,-13.0
2021-11-18,-6.333333333333333,-4.666666666666667,19.666666666666668,-7.5,-19.25,-12.333333333333334
2021-11-19,1.3333333333333333,-2.3333333333333335,23.666666666666668,-5.0,-15.5,-13.666666666666666
2021-11-20,-3.3333333333333335,-2.6666666666666665,14.666666666666666,-11.5,-11.666666666666666,-13.0
2021-11-21,-0.5,3.0,25.666666666666668,-15.0,-14.333333333333334,-12.5
2021-11-22,0.6666666666666666,-3.0,30.666666666666668,-15.5,-20.25,-13.333333333333334
2021-11-23,4.0,-2.0,23.0,-6.5,-18.25,-13.666666666666666
2021-11-24,0.0,3.6666666666666665,26.0,-0.5,-19.0,-13.666666666666666
2021-11-25,-7.0,-3.3333333333333335,33.0,-10.5,-21.0,-14.333333333333334
2021-11-26,9.333333333333334,7.333333333333333,25.0,-13.0,-16.25,-14.666666666666666
2021-11-27,5.0,3.6666666666666665,19.666666666666668,-10.0,-11.0,-15.0
2021-11-28,1.5,5.5,29.666666666666668,-7.5,-15.333333333333334,-13.0
2021-11-29,8.666666666666666,4.0,36.333333333333336,-9.5,-18.75,-14.666666666666666
2021-11-30,7.0,1.3333333333333333,29.333333333333332,-4.0,-17.5,-15.0
2021-12-01,1.3333333333333333,2.0,26.333333333333332,1.0,-16.25,-14.666666666666666
2021-12-02,-1.0,2.3333333333333335,24.666666666666668,-4.5,-17.5,-12.666666666666666
2021-12-03,7.333333333333333,4.333333333333333,27.0,-1.0,-12.75,-14.333333333333334
2021-12-04,5.333333333333333,-2.6666666666666665,19.666666666666668,-14.0,-10.333333333333334,-13.5
2021-12-05,2.0,0.5,26.333333333333332,-8.0,-14.666666666666666,-12.5
2021-12-06,5.333333333333333,-0.6666666666666666,33.0,-10.5,-18.25,-13.333333333333334
2021-12-07,3.6666666666666665,-2.0,27.666666666666668,-11.5,-16.75,-13.666666666666666
2021-12-08,3.0,-0.6666666666666666,28.333333333333332,-3.0,-15.25,-13.0
2021-12-09,-0.3333333333333333,-0.6666666666666666,22.0,-4.0,-15.25,-13.333333333333334
2021-12-10,7.333333333333333,2.0,27.0,0.0,-11.25,-15.333333333333334
2021-12-11,5.333333333333333,-1.6666666666666667,20.666666666666668,-0.5,-8.333333333333334,-15.0
2021-12-12,6.0,3.5,26.333333333333332,-8.5,-11.333333333333334,-13.5
2021-12-13,9.666666666666666,1.3333333333333333,28.666666666666668,-11.0,-16.75,-14.333333333333334
2021-12-14,8.0,2.6666666666666665,25.0,1.0,-15.75,-14.0
2021-12-15,8.666666666666666,3.6666666666666665,29.666666666666668,6.0,-16.75,-14.666666666666666
2021-12-16,9.666666666666666,5.333333333333333,26.333333333333332,8.5,-17.75,-15.0
2021-12-17,13.666666666666666,6.666666666666667,33.666666666666664,13.5,-16.25,-16.666666666666668
2021-12-18,10.333333333333334,2.6666666666666665,22.666666666666668,14.5,-8.0,-16.5
2021-12-19,23.5,11.5,32.0,8.0,-6.666666666666667,-16.0
2021-12-20,27.0,16.666666666666668,42.333333333333336,3.5,-25.5,-15.0
2021-12-21,27.333333333333332,20.0,36.333333333333336,17.5,-25.25,-15.666666666666666
2021-12-22,25.333333333333332,29.0,36.0,26.5,-26.0,-15.333333333333334
2021-12-23,30.666666666666668,39.333333333333336,39.666666666666664,23.0,-28.5,-17.0
2021-12-24,30.333333333333332,53.333333333333336,43.0,6.0,-34.25,-15.333333333333334
2021-12-25,-52.0,-51.0,44.666666666666664,-38.0,-57.5,-6.5
2021-12-26,-7.5,-19.5,37.0,-17.5,-21.0,-10.5
2021-12-27,-24.0,-42.0,37.666666666666664,-16.5,-69.75,6.0
2021-12-28,5.666666666666667,7.666666666666667,24.0,4.5,-34.5,-8.333333333333334
2021-12-29,-1.3333333333333333,1.0,19.666666666666668,8.5,-34.0,-7.333333333333333
2021-12-30,-2.6666666666666665,8.0,15.666666666666666,-3.0,-35.5,-7.666666666666667
2021-12-31,0.6666666666666666,17.333333333333332,20.333333333333332,-14.0,-34.5,-7.333333333333333
2022-01-01,-37.333333333333336,-39.333333333333336,10.0,-27.0,-38.666666666666664,-2.0
2022-01-02,-12.5,-5.5,11.666666666666666,-9.0,-21.666666666666668,-6.5
2022-01-03,-29.666666666666668,-26.0,20.333333333333332,-17.0,-70.0,8.0
2022-01-04,-5.0,7.333333333333333,5.666666666666667,-7.0,-29.75,-6.666666666666667
2022-01-05,-9.0,0.0,13.333333333333334,3.0,-24.5,-5.666666666666667
2022-01-06,-12.666666666666666,0.0,6.333333333333333,-18.0,-28.0,-4.0
2022-01-07,-8.666666666666666,-0.3333333333333333,10.333333333333334,-15.5,-23.75,-4.666666666666667
2022-01-08,-12.333333333333334,-5.333333333333333,5.666666666666667,-21.0,-16.666666666666668,-5.5
2022-01-09,-15.5,-3.5,3.3333333333333335,-29.5,-20.0,-4.5
2022-01-10,-32.0,-28.5,15.666666666666666,-31.5,-70.0,9.5
2022-01-11,-9.333333333333334,3.6666666666666665,6.0,-27.0,-24.25,-5.0
2022-01-12,-11.666666666666666,-0.6666666666666666,8.666666666666666,-15.5,-25.0,-4.0
2022-01-13,-13.333333333333334,-3.0,11.333333333333334,-23.5,-21.75,-3.3333333333333335
2022-01-14,-5.0,-0.6666666666666666,9.333333333333334,-19.5,-19.0,-3.6666666666666665
2022-01-15,-9.666666666666666,-3.6666666666666665,5.666666666666667,-22.0,-11.333333333333334,-4.0
2022-01-16,-11.0,-2.5,5.333333333333333,-32.0,-17.0,-3.5
2022-01-17,-2.6666666666666665,-2.3333333333333335,17.666666666666668,-27.5,-20.25,-3.0
2022-01-18,-5.666666666666667,-2.6666666666666665,14.0,-20.0,-19.0,-3.3333333333333335
2022-01-19,-8.666666666666666,-3.6666666666666665,16.0,-4.5,-16.0,-2.6666666666666665
2022-01-20,-9.333333333333334,-1.3333333333333333,14.666666666666666,-14.0,-19.75,-2.3333333333333335
2022-01-21,-2.0,-0.3333333333333333,11.666666666666666,-16.0,-12.75,-3.6666666666666665
2022-01-22,-1.3333333333333333,-1.3333333333333333,6.0,-22.5,-6.666666666666667,-5.0
2022-01-23,-3.5,1.5,14.0,-20.5,-10.666666666666666,-4.5
2022-01-24,2.0,4.0,25.0,-24.5,-13.25,-6.333333333333333
2022-01-25,-0.6666666666666666,0.6666666666666666,19.333333333333332,-11.5,-11.25,-7.333333333333333
2022-01-26,-4.0,0.6666666666666666,17.0,0.5,-11.5,-6.333333333333333
2022-01-27,-1.6666666666666667,5.333333333333333,17.666666666666668,-9.0,-16.75,-6.0
2022-01-28,7.0,11.666666666666666,22.333333333333332,-6.5,-10.25,-8.0
2022-01-29,-1.6666666666666667,9.666666666666666,7.333333333333333,-21.0,-8.0,-6.0
2022-01-30,-2.0,3.5,20.333333333333332,-20.0,-11.666666666666666,-4.5
2022-01-31,6.0,7.333333333333333,27.666666666666668,-13.0,-11.0,-8.0
2022-02-01,2.6666666666666665,3.6666666666666665,24.0,-11.5,-10.25,-8.333333333333334
2022-02-02,-0.6666666666666666,0.3333333333333333,21.0,-2.0,-9.0,-7.333333333333333
2022-02-03,-2.6666666666666665,3.6666666666666665,16.666666666666668,-6.5,-10.25,-7.333333333333333
2022-02-04,3.3333333333333335,5.666666666666667,19.666666666666668,-6.5,-5.5,-8.666666666666666
2022-02-05,-1.6666666666666667,2.0,14.666666666666666,-13.0,-5.333333333333333,-7.0
2022-02-06,-1.0,3.0,22.0,-17.5,-8.0,-6.0
2022-02-07,4.0,2.3333333333333335,29.0,-20.5,-10.75,-8.0
2022-02-08,-0.6666666666666666,-0.3333333333333333,21.333333333333332,-16.5,-10.25,-8.333333333333334
2022-02-09,-4.666666666666667,-3.3333333333333335,14.0,-4.0,-9.5,-7.333333333333333
2022-02-10,-2.0,4.0,18.333333333333332,-9.5,-9.5,-7.666666666666667
2022-02-11,6.333333333333333,7.333333333333333,25.333333333333332,0.5,-4.25,-10.0
2022-02-12,6.333333333333333,8.0,17.666666666666668,-8.0,-3.3333333333333335,-8.0
2022-02-13,11.0,9.5,30.666666666666668,-12.0,-3.3333333333333335,-8.5
2022-02-14,12.0,7.666666666666667,28.666666666666668,-15.0,-10.25,-10.333333333333334
2022-02-15,2.3333333333333335,2.6666666666666665,18.666666666666668,-6.0,-9.25,-8.666666666666666
2022-02-16,-2.0,2.0,15.333333333333334,3.0,-10.25,-7.333333333333333
2022-02-17,-0.6666666666666666,4.0,18.0,-3.5,-8.75,-8.666666666666666
2022-02-18,4.0,6.0,23.0,-3.0,-4.75,-10.0
2022-02-19,-1.6666666666666667,-0.6666666666666666,16.666666666666668,-4.5,-2.0,-7.5
2022-02-20,3.5,4.5,22.0,-12.0,-6.0,-7.0
2022-02-21,4.666666666666667,2.3333333333333335,33.0,-9.0,-9.5,-9.0
2022-02-22,2.6666666666666665,2.3333333333333335,32.0,-4.0,-6.75,-9.333333333333334
2022-02-23,1.6666666666666667,-0.3333333333333333,34.333333333333336,13.5,-7.25,-8.666666666666666
2022-02-24,3.0,7.666666666666667,37.333333333333336,7.0,-9.5,-9.0
2022-02-25,8.666666666666666,12.666666666666666,36.666666666666664,7.5,-12.0,-8.666666666666666
2022-02-26,1.6666666666666667,4.0,31.666666666666668,4.0,-2.3333333333333335,-9.5
2022-02-27,6.5,4.0,39.333333333333336,1.5,-6.666666666666667,-8.5
2022-02-28,5.666666666666667,5.0,48.333333333333336,-3.0,-16.0,-6.666666666666667
2022-03-01,4.0,9.0,42.666666666666664,-1.0,-8.75,-8.666666666666666
2022-03-02,-2.0,3.3333333333333335,44.333333333333336,4.0,-7.5,-7.666666666666667
2022-03-03,-4.0,5.0,39.666666666666664,-3.5,-7.5,-6.0
2022-03-04,4.0,6.666666666666667,41.666666666666664,-1.0,-2.75,-5.0
2022-03-05,-2.0,2.3333333333333335,31.666666666666668,-7.0,-6.333333333333333,-4.0
2022-03-06,2.5,1.0,39.0,-13.0,-9.0,-3.0
2022-03-07,0.3333333333333333,2.0,57.0,-16.0,-8.75,-3.6666666666666665
2022-03-08,-2.0,0.0,55.0,-4.0,-8.75,-1.6666666666666667
2022-03-09,-4.333333333333333,-2.0,56.0,6.5,-7.25,0.3333333333333333
2022-03-10,-4.333333333333333,-0.6666666666666666,56.0,0.0,-8.25,2.0
2022-03-11,1.0,0.6666666666666666,59.666666666666664,-1.5,-3.25,1.0
2022-03-12,-1.6666666666666667,0.0,40.666666666666664,-5.0,-3.3333333333333335,1.0
2022-03-13,0.5,-0.5,47.0,-8.5,-8.666666666666666,2.5
2022-03-14,-2.0,-1.6666666666666667,63.333333333333336,-8.5,-8.5,3.3333333333333335
2022-03-15,1.3333333333333333,-0.6666666666666666,60.666666666666664,-3.0,-5.0,2.0
2022-03-16,-0.3333333333333333,0.6666666666666666,59.666666666666664,3.5,-6.75,2.0
2022-03-17,-2.3333333333333335,-0.6666666666666666,50.333333333333336,0.0,-5.75,1.6666666666666667
2022-03-18,7.0,3.6666666666666665,55.333333333333336,1.0,-3.0,-0.3333333333333333
2022-03-19,0.6666666666666666,0.3333333333333333,48.0,-2.0,-4.333333333333333,0.0
2022-03-20,8.0,2.0,47.666666666666664,-7.0,-7.0,1.0
2022-03-21,4.0,3.0,64.66666666666667,-9.5,-5.25,1.6666666666666667
2022-03-22,3.0,3.6666666666666665,54.0,-2.0,-5.25,2.0
2022-03-23,-1.0,-0.3333333333333333,55.333333333333336,4.0,-5.75,2.3333333333333335
2022-03-24,-1.0,0.3333333333333333,47.666666666666664,1.0,-6.0,1.6666666666666667
2022-03-25,-1.3333333333333333,0.3333333333333333,40.0,0.5,-4.75,4.0
2022-03-26,3.0,-0.6666666666666666,39.333333333333336,8.0,-2.3333333333333335,0.0
2022-03-27,7.0,2.5,44.0,-9.5,-8.333333333333334,1.0
2022-03-28,2.3333333333333335,3.0,58.333333333333336,-7.0,-7.25,2.0
2022-03-29,9.333333333333334,8.0,58.0,-7.0,-7.75,1.0
2022-03-30,5.666666666666667,8.0,56.0,3.0,-5.75,1.6666666666666667
2022-03-31,4.333333333333333,6.333333333333333,50.333333333333336,1.5,-3.75,1.3333333333333333
2022-04-01,8.0,8.0,51.333333333333336,5.5,-1.75,-1.0
2022-04-02,1.0,2.3333333333333335,37.666666666666664,-5.0,-4.333333333333333,-0.5
2022-04-03,6.0,4.5,42.0,-11.0,-8.666666666666666,1.0
2022-04-04,0.6666666666666666,6.0,58.333333333333336,0.0,-5.75,1.0
2022-04-05,2.6666666666666665,4.0,54.333333333333336,0.0,-5.5,1.0
2022-04-06,1.6666666666666667,1.6666666666666667,54.666666666666664,12.0,-5.25,1.0
2022-04-07,0.6666666666666666,2.3333333333333335,49.0,1.0,-6.5,1.6666666666666667
2022-04-08,6.333333333333333,5.333333333333333,46.666666666666664,12.5,-3.75,0.6666666666666666
2022-04-09,3.3333333333333335,2.0,39.333333333333336,5.5,-2.0,0.0
2022-04-10,10.0,5.0,42.666666666666664,-1.5,-8.333333333333334,0.5
2022-04-11,8.333333333333334,6.666666666666667,59.0,2.0,-14.0,3.0
2022-04-12,6.333333333333333,4.0,54.666666666666664,8.0,-13.25,3.0
2022-04-13,4.0,7.666666666666667,52.666666666666664,25.0,-17.25,3.0
2022-04-14,14.0,26.0,52.666666666666664,24.5,-19.5,-0.3333333333333333
2022-04-15,-42.666666666666664,-38.0,30.666666666666668,-2.5,-65.0,19.5
2022-04-16,-2.3333333333333335,1.3333333333333333,30.666666666666668,0.5,-11.333333333333334,1.5
2022-04-17,5.5,-5.0,44.333333333333336,-8.0,-9.333333333333334,-1.0
2022-04-18,-23.333333333333332,-40.0,54.333333333333336,-1.5,-67.25,16.0
2022-04-19,3.6666666666666665,6.0,51.333333333333336,18.5,-12.5,1.6666666666666667
2022-04-20,0.3333333333333333,5.0,46.666666666666664,20.0,-11.5,3.3333333333333335
2022-04-21,-3.6666666666666665,3.3333333333333335,40.0,6.5,-11.5,2.6666666666666665
2022-04-22,3.6666666666666665,10.666666666666666,39.666666666666664,16.5,-7.25,3.0
2022-04-23,1.6666666666666667,5.666666666666667,34.666666666666664,5.0,-3.0,1.0
2022-04-24,5.0,5.0,37.666666666666664,4.0,-5.666666666666667,1.0
2022-04-25,5.0,9.333333333333334,52.666666666666664,7.0,-8.0,2.0
2022-04-26,6.666666666666667,6.0,52.666666666666664,10.5,-6.5,1.0
2022-04-27,6.0,6.666666666666667,51.333333333333336,17.0,-7.25,0.0
2022-04-28,3.6666666666666665,9.333333333333334,47.0,6.5,-8.5,0.0
2022-04-29,9.333333333333334,11.333333333333334,50.333333333333336,15.5,-4.75,-1.6666666666666667
2022-04-30,1.6666666666666667,3.0,34.0,3.5,-5.333333333333333,-0.5
2022-05-01,10.0,9.0,41.333333333333336,0.5,-7.333333333333333,0.5
2022-05-02,7.666666666666667,7.0,54.333333333333336,3.5,-7.5,0.6666666666666666
2022-05-03,6.0,6.666666666666667,48.333333333333336,6.5,-6.25,1.0
2022-05-04,-2.6666666666666665,1.6666666666666667,46.333333333333336,8.5,-7.25,3.0
2022-05-05,1.6666666666666667,4.333333333333333,42.333333333333336,10.0,-7.75,0.6666666666666666
2022-05-06,5.666666666666667,7.333333333333333,45.0,13.5,-4.5,-1.6666666666666667
2022-05-07,2.0,4.0,30.666666666666668,6.5,-5.333333333333333,-1.0
2022-05-08,9.5,3.0,43.0,-6.5,-14.0,0.0
2022-05-09,3.3333333333333335,3.0,52.666666666666664,4.5,-9.5,1.6666666666666667
2022-05-10,4.333333333333333,3.3333333333333335,49.0,7.0,-6.0,1.0
2022-05-11,-0.6666666666666666,1.3333333333333333,48.333333333333336,10.5,-6.75,2.0
2022-05-12,-2.0,3.6666666666666665,40.666666666666664,6.5,-8.75,2.0
2022-05-13,1.0,3.6666666666666665,37.333333333333336,7.0,-4.5,1.0
