date,retail_and_recreation_percent_change_from_baseline_Barbados,grocery_and_pharmacy_percent_change_from_baseline_Barbados,parks_percent_change_from_baseline_Barbados,transit_stations_percent_change_from_baseline_Barbados,workplaces_percent_change_from_baseline_Barbados,residential_percent_change_from_baseline_Barbados
2020-02-15,3.5,5.666666666666667,3.6666666666666665,-1.0,-0.2,0.0
2020-02-16,6.2,4.6,9.0,2.3333333333333335,1.5,0.0
2020-02-17,-10.0,-4.5,-1.0,3.6666666666666665,0.875,1.3333333333333333
2020-02-18,-5.6,-2.8,-4.0,1.3333333333333333,2.5,1.3333333333333333
2020-02-19,-6.833333333333333,-4.2,-16.0,-3.3333333333333335,-0.125,1.6666666666666667
2020-02-20,-3.3333333333333335,1.2,1.3333333333333333,3.0,0.875,0.0
2020-02-21,2.2857142857142856,3.8333333333333335,4.666666666666667,0.3333333333333333,1.875,0.0
2020-02-22,2.0,7.0,2.6666666666666665,-4.0,1.0,0.0
2020-02-23,10.6,7.6,3.0,-2.0,2.25,0.0
2020-02-24,-1.4,-2.5,-0.6666666666666666,-1.0,1.375,1.3333333333333333
2020-02-25,6.4,7.2,2.3333333333333335,4.333333333333333,3.125,-0.3333333333333333
2020-02-26,8.666666666666666,4.6,9.666666666666666,3.0,1.625,-1.0
2020-02-27,10.333333333333334,6.833333333333333,15.333333333333334,8.333333333333334,1.25,-0.6666666666666666
2020-02-28,2.0,7.0,28.333333333333332,5.0,1.625,-0.6666666666666666
2020-02-29,6.666666666666667,2.3333333333333335,44.666666666666664,2.3333333333333335,1.2,-1.0
2020-03-01,14.0,0.0,26.5,7.666666666666667,2.5,-1.0
2020-03-02,-3.0,-0.8333333333333334,6.0,0.3333333333333333,2.5,1.0
2020-03-03,1.4,3.6,2.3333333333333335,0.6666666666666666,4.25,0.0
2020-03-04,1.4,2.6,7.333333333333333,-1.6666666666666667,2.625,-0.3333333333333333
2020-03-05,2.4285714285714284,3.8333333333333335,3.3333333333333335,-1.0,0.875,0.0
2020-03-06,1.0,4.5,11.333333333333334,-2.0,2.375,0.3333333333333333
2020-03-07,-1.1666666666666667,-0.5,3.6666666666666665,-6.333333333333333,-1.0,0.0
2020-03-08,5.4,0.8,7.666666666666667,-2.6666666666666665,2.75,0.0
2020-03-09,-6.333333333333333,-4.666666666666667,1.3333333333333333,-7.333333333333333,2.875,1.3333333333333333
2020-03-10,-1.8,-1.8,2.6666666666666665,-5.666666666666667,4.5,0.3333333333333333
2020-03-11,4.166666666666667,3.8,6.666666666666667,-7.0,1.0,0.0
2020-03-12,1.6666666666666667,16.0,-0.6666666666666666,-3.6666666666666665,0.375,0.3333333333333333
2020-03-13,-0.5714285714285714,15.833333333333334,1.6666666666666667,-8.666666666666666,2.0,1.0
2020-03-14,-5.0,7.166666666666667,1.3333333333333333,-6.666666666666667,0.8,2.0
2020-03-15,0.2,0.6,5.0,1.3333333333333333,1.0,2.0
2020-03-16,-5.857142857142857,3.6,-6.666666666666667,2.3333333333333335,0.875,1.6666666666666667
2020-03-17,-4.166666666666667,24.0,-9.333333333333334,2.3333333333333335,1.625,2.0
2020-03-18,-6.666666666666667,11.6,-11.0,-12.333333333333334,-10.125,6.333333333333333
2020-03-19,-14.142857142857142,9.8,-17.666666666666668,-25.0,-15.5,8.0
2020-03-20,-18.857142857142858,4.333333333333333,-21.666666666666668,-22.333333333333332,-15.125,10.333333333333334
2020-03-21,-24.857142857142858,-0.8333333333333334,-27.333333333333332,-19.0,-9.8,9.0
2020-03-22,-38.0,-5.8,-40.333333333333336,-37.333333333333336,-19.5,8.0
2020-03-23,-29.714285714285715,-2.8333333333333335,-30.0,-33.0,-25.75,12.666666666666666
2020-03-24,-27.0,-2.6,-29.666666666666668,-35.333333333333336,-29.0,13.666666666666666
2020-03-25,-29.857142857142858,-6.4,-23.333333333333332,-41.666666666666664,-33.22222222222222,14.0
2020-03-26,-25.571428571428573,-3.1666666666666665,-27.333333333333332,-43.333333333333336,-34.44444444444444,15.333333333333334
2020-03-27,-22.285714285714285,-2.0,-24.333333333333332,-42.666666666666664,-32.5,15.666666666666666
2020-03-28,-38.714285714285715,-26.5,-40.666666666666664,-53.666666666666664,-31.666666666666668,15.0
2020-03-29,-73.83333333333333,-50.2,-61.0,-77.66666666666667,-52.6,15.0
2020-03-30,-71.14285714285714,-45.833333333333336,-58.666666666666664,-71.0,-63.2,28.0
2020-03-31,-66.71428571428571,-39.833333333333336,-53.333333333333336,-67.33333333333333,-64.3,28.0
2020-04-01,-64.0,-34.0,-51.666666666666664,-72.66666666666667,-66.3,28.0
2020-04-02,-58.142857142857146,-31.333333333333332,-55.333333333333336,-75.33333333333333,-68.5,29.0
2020-04-03,-62.57142857142857,-25.333333333333332,-52.333333333333336,-75.66666666666667,-71.1,27.0
2020-04-04,-95.8,-97.8,-92.0,-92.66666666666667,-80.85714285714286,
2020-04-05,-89.8,-93.0,-85.5,-91.66666666666667,-75.6,
2020-04-06,-92.33333333333333,-91.0,-76.0,-89.66666666666667,-83.4,39.0
2020-04-07,-90.0,-87.33333333333333,-81.0,-84.0,-82.25,37.0
2020-04-08,-85.66666666666667,-72.33333333333333,-74.66666666666667,-84.66666666666667,-79.3,35.0
2020-04-09,-81.66666666666667,-61.333333333333336,-67.66666666666667,-80.0,-79.0,33.0
2020-04-10,-95.0,-95.0,-83.0,-97.0,-90.28571428571429,
2020-04-11,-81.0,-65.33333333333333,-71.25,-82.33333333333333,-65.875,25.0
2020-04-12,-84.66666666666667,-89.33333333333333,-77.66666666666667,-88.33333333333333,-70.4,
2020-04-13,-91.66666666666667,-93.33333333333333,-73.0,-93.33333333333333,-89.375,40.0
2020-04-14,-84.33333333333333,-79.33333333333333,-68.66666666666667,-84.66666666666667,-75.8,34.0
2020-04-15,-71.66666666666667,-46.0,-61.333333333333336,-80.66666666666667,-72.4,30.0
2020-04-16,-74.33333333333333,-49.333333333333336,-64.33333333333333,-80.33333333333333,-73.1,32.0
2020-04-17,-74.0,-49.666666666666664,-61.5,-80.66666666666667,-69.9,35.0
2020-04-18,-77.66666666666667,-57.0,-68.25,-76.33333333333333,-59.857142857142854,23.0
2020-04-19,-79.33333333333333,-60.0,-75.66666666666667,-84.33333333333333,-61.4,17.0
2020-04-20,-76.66666666666667,-54.666666666666664,-63.666666666666664,-81.0,-70.1,31.0
2020-04-21,-78.33333333333333,-56.333333333333336,-62.666666666666664,-80.0,-69.8,31.0
2020-04-22,-72.66666666666667,-45.333333333333336,-61.0,-80.0,-69.9,30.0
2020-04-23,-78.0,-52.333333333333336,-65.0,-81.33333333333333,-71.9,32.0
2020-04-24,-74.66666666666667,-49.333333333333336,-62.25,-79.33333333333333,-69.7,34.0
2020-04-25,-77.33333333333333,-55.333333333333336,-66.5,-79.66666666666667,-59.285714285714285,23.0
2020-04-26,-79.66666666666667,-57.666666666666664,-71.33333333333333,-84.0,-58.8,17.0
2020-04-27,-71.66666666666667,-47.333333333333336,-56.333333333333336,-78.0,-68.2,31.0
2020-04-28,-93.0,-91.33333333333333,-77.66666666666667,-91.0,-86.66666666666667,37.0
2020-04-29,-68.66666666666667,-38.0,-59.0,-75.66666666666667,-67.9,29.0
2020-04-30,-66.33333333333333,-30.0,-54.666666666666664,-73.0,-67.2,28.0
2020-05-01,-93.33333333333333,-89.33333333333333,-73.66666666666667,-91.66666666666667,-86.7,43.0
2020-05-02,-74.0,-47.333333333333336,-66.75,-72.33333333333333,-55.857142857142854,22.0
2020-05-03,-79.33333333333333,-59.666666666666664,-71.0,-83.0,-56.2,17.0
2020-05-04,-60.666666666666664,-41.333333333333336,-46.333333333333336,-73.33333333333333,-54.5,26.0
2020-05-05,-61.666666666666664,-41.666666666666664,-47.333333333333336,-72.0,-54.2,24.0
2020-05-06,-56.333333333333336,-33.0,-40.0,-64.33333333333333,-54.666666666666664,23.0
2020-05-07,-59.666666666666664,-37.333333333333336,-42.333333333333336,-67.0,-56.7,24.5
2020-05-08,-60.666666666666664,-37.0,-43.25,-67.66666666666667,-53.6,26.5
2020-05-09,-61.333333333333336,-38.0,-37.666666666666664,-67.66666666666667,-46.285714285714285,19.0
2020-05-10,-66.66666666666667,-50.333333333333336,-50.0,-76.0,-47.5,14.0
2020-05-11,-60.666666666666664,-43.666666666666664,-41.0,-64.66666666666667,-51.0,23.5
2020-05-12,-62.0,-43.666666666666664,-38.333333333333336,-60.666666666666664,-51.6,23.5
2020-05-13,-56.666666666666664,-34.666666666666664,-35.666666666666664,-63.0,-51.6,22.5
2020-05-14,-59.333333333333336,-37.333333333333336,-40.0,-67.33333333333333,-54.0,23.0
2020-05-15,-63.0,-38.0,-44.0,-65.66666666666667,-49.4,26.0
2020-05-16,-62.333333333333336,-37.0,-46.0,-67.33333333333333,-42.833333333333336,18.0
2020-05-17,-67.0,-49.333333333333336,-46.333333333333336,-78.0,-46.0,14.0
2020-05-18,-49.333333333333336,-39.5,-33.666666666666664,-64.0,-45.8,22.0
2020-05-19,-51.333333333333336,-40.333333333333336,-33.333333333333336,-61.0,-46.888888888888886,22.0
2020-05-20,-50.666666666666664,-33.0,-39.333333333333336,-62.333333333333336,-47.55555555555556,22.0
2020-05-21,-49.666666666666664,-34.0,-32.666666666666664,-61.333333333333336,-46.7,22.5
2020-05-22,-52.25,-31.666666666666668,-36.25,-60.333333333333336,-43.77777777777778,23.0
2020-05-23,-47.666666666666664,-30.0,-30.0,-63.666666666666664,-36.166666666666664,16.0
2020-05-24,-57.333333333333336,-41.666666666666664,-38.666666666666664,-70.33333333333333,-39.5,13.0
2020-05-25,-45.0,-32.0,-26.333333333333332,-59.666666666666664,-44.888888888888886,21.0
2020-05-26,-46.666666666666664,-31.333333333333332,-30.666666666666668,-56.666666666666664,-42.77777777777778,20.0
2020-05-27,-39.666666666666664,-21.666666666666668,-19.666666666666668,-60.0,-43.77777777777778,19.5
2020-05-28,-44.666666666666664,-27.0,-29.333333333333332,-56.333333333333336,-44.333333333333336,21.0
2020-05-29,-49.0,-28.0,-32.75,-61.333333333333336,-42.25,23.0
2020-05-30,-45.333333333333336,-28.0,-25.333333333333332,-63.333333333333336,-31.333333333333332,15.0
2020-05-31,-55.333333333333336,-32.333333333333336,-38.0,-74.0,-35.0,12.0
2020-06-01,-76.0,-79.33333333333333,-36.333333333333336,-83.0,-78.2,32.0
2020-06-02,-31.333333333333332,-16.666666666666668,-22.666666666666668,-52.666666666666664,-37.25,17.333333333333332
2020-06-03,-34.0,-17.0,-20.666666666666668,-51.0,-39.0,17.666666666666668
2020-06-04,-33.666666666666664,-19.333333333333332,-24.333333333333332,-54.0,-38.55555555555556,18.666666666666668
2020-06-05,-44.0,-28.0,-36.5,-58.333333333333336,-37.5,22.0
2020-06-06,-39.333333333333336,-27.0,-27.333333333333332,-61.0,-31.5,16.0
2020-06-07,-48.333333333333336,-30.666666666666668,-32.333333333333336,-71.66666666666667,-32.75,12.0
2020-06-08,-35.666666666666664,-27.0,-22.0,-55.666666666666664,-36.77777777777778,18.0
2020-06-09,-33.333333333333336,-22.333333333333332,-21.666666666666668,-50.333333333333336,-34.55555555555556,17.333333333333332
2020-06-10,-30.0,-20.0,-13.666666666666666,-54.0,-35.888888888888886,16.666666666666668
2020-06-11,-32.666666666666664,-21.666666666666668,-23.0,-55.333333333333336,-37.111111111111114,18.0
2020-06-12,-39.333333333333336,-27.333333333333332,-33.0,-54.333333333333336,-35.0,20.666666666666668
2020-06-13,-32.0,-20.333333333333332,-12.666666666666666,-54.333333333333336,-23.666666666666668,14.0
2020-06-14,-43.666666666666664,-29.333333333333332,-24.0,-66.33333333333333,-29.0,11.0
2020-06-15,-31.333333333333332,-24.333333333333332,-17.666666666666668,-55.666666666666664,-34.111111111111114,16.666666666666668
2020-06-16,-29.0,-19.666666666666668,-19.0,-48.0,-33.75,16.333333333333332
2020-06-17,-27.666666666666668,-18.333333333333332,-11.0,-54.333333333333336,-35.22222222222222,15.333333333333334
2020-06-18,-29.666666666666668,-23.0,-24.666666666666668,-58.0,-36.0,17.333333333333332
2020-06-19,-33.333333333333336,-21.333333333333332,-29.0,-56.333333333333336,-33.0,18.0
2020-06-20,-31.333333333333332,-16.0,-23.333333333333332,-60.0,-22.666666666666668,14.0
2020-06-21,-37.0,-26.333333333333332,-22.666666666666668,-67.33333333333333,-22.75,9.0
2020-06-22,-33.0,-24.333333333333332,-20.666666666666668,-53.333333333333336,-34.888888888888886,16.333333333333332
2020-06-23,-28.0,-20.333333333333332,-20.0,-50.0,-32.77777777777778,16.0
2020-06-24,-24.666666666666668,-14.666666666666666,-9.333333333333334,-50.333333333333336,-33.375,15.333333333333334
2020-06-25,-19.666666666666668,-11.666666666666666,-14.333333333333334,-49.333333333333336,-33.55555555555556,16.0
2020-06-26,-25.0,-15.0,-15.333333333333334,-51.666666666666664,-31.125,17.333333333333332
2020-06-27,-23.0,-11.666666666666666,-7.666666666666667,-51.666666666666664,-21.4,11.0
2020-06-28,-33.666666666666664,-23.333333333333332,-16.333333333333332,-65.33333333333333,-25.5,9.0
2020-06-29,-23.333333333333332,-19.0,-17.0,-47.666666666666664,-31.875,14.666666666666666
2020-06-30,-21.333333333333332,-14.666666666666666,-13.666666666666666,-50.0,-31.11111111111111,14.666666666666666
2020-07-01,-21.0,-11.333333333333334,-9.333333333333334,-48.333333333333336,-32.625,13.666666666666666
2020-07-02,-20.0,-15.0,-10.333333333333334,-50.0,-32.55555555555556,14.666666666666666
2020-07-03,-25.25,-14.0,-8.666666666666666,-51.0,-30.375,15.666666666666666
2020-07-04,-18.0,-13.333333333333334,-0.6666666666666666,-49.666666666666664,-19.166666666666668,10.0
2020-07-05,-25.666666666666668,-22.666666666666668,-6.333333333333333,-67.0,-24.0,8.0
2020-07-06,-27.666666666666668,-22.0,-22.0,-54.666666666666664,-33.125,15.666666666666666
2020-07-07,-23.333333333333332,-15.333333333333334,-13.333333333333334,-48.666666666666664,-31.125,14.333333333333334
2020-07-08,-21.333333333333332,-14.333333333333334,-8.0,-51.333333333333336,-31.125,13.333333333333334
2020-07-09,-22.0,-17.333333333333332,-12.0,-47.0,-31.555555555555557,14.0
2020-07-10,-25.75,-18.333333333333332,-11.333333333333334,-53.333333333333336,-29.0,14.333333333333334
2020-07-11,-22.25,-14.666666666666666,-4.0,-52.333333333333336,-20.5,10.0
2020-07-12,-27.666666666666668,-24.333333333333332,-16.0,-61.666666666666664,-24.5,8.0
2020-07-13,-27.666666666666668,-22.333333333333332,-15.666666666666666,-50.0,-32.0,14.333333333333334
2020-07-14,-19.0,-18.0,-6.0,-49.333333333333336,-30.625,12.666666666666666
2020-07-15,-21.0,-17.666666666666668,-4.666666666666667,-48.666666666666664,-31.375,12.666666666666666
2020-07-16,-22.0,-18.0,-9.333333333333334,-48.0,-32.0,13.333333333333334
2020-07-17,-24.75,-15.666666666666666,-9.333333333333334,-50.666666666666664,-29.125,14.333333333333334
2020-07-18,-22.25,-15.0,-1.0,-49.333333333333336,-19.2,9.0
2020-07-19,-19.333333333333332,-22.666666666666668,0.0,-57.666666666666664,-21.0,7.0
2020-07-20,-28.0,-24.333333333333332,-13.666666666666666,-46.666666666666664,-31.25,14.333333333333334
2020-07-21,-22.0,-19.0,-11.666666666666666,-44.666666666666664,-30.0,13.333333333333334
2020-07-22,-19.666666666666668,-7.666666666666667,-3.6666666666666665,-44.333333333333336,-29.75,12.333333333333334
2020-07-23,-13.666666666666666,3.0,-7.0,-43.333333333333336,-28.444444444444443,12.0
2020-07-24,-21.333333333333332,-3.6666666666666665,-18.333333333333332,-47.333333333333336,-29.125,15.0
2020-07-25,-35.0,-31.5,-30.333333333333332,-60.0,-34.5,16.0
2020-07-26,-22.0,-27.333333333333332,-15.0,-57.666666666666664,-24.75,8.0
2020-07-27,-20.0,-19.0,-14.666666666666666,-46.333333333333336,-31.375,13.333333333333334
2020-07-28,-29.333333333333332,-24.666666666666668,-34.666666666666664,-47.333333333333336,-31.444444444444443,15.333333333333334
2020-07-29,-18.666666666666668,-11.666666666666666,-15.666666666666666,-48.666666666666664,-31.75,13.0
2020-07-30,-14.0,-5.333333333333333,-7.333333333333333,-42.333333333333336,-29.625,12.0
2020-07-31,-12.0,6.333333333333333,3.3333333333333335,-39.333333333333336,-26.125,10.0
2020-08-01,-47.25,-63.333333333333336,-3.0,-62.0,-41.5,12.0
2020-08-02,-7.333333333333333,7.333333333333333,8.0,-47.666666666666664,-19.5,4.0
2020-08-03,-54.0,-69.0,5.666666666666667,-72.66666666666667,-75.4,24.0
2020-08-04,-9.333333333333334,1.0,-8.333333333333334,-36.0,-28.625,10.666666666666666
2020-08-05,-12.666666666666666,-4.666666666666667,-6.0,-37.333333333333336,-30.375,11.666666666666666
2020-08-06,-18.0,-11.666666666666666,-11.666666666666666,-42.0,-31.77777777777778,12.333333333333334
2020-08-07,-22.5,-15.0,-5.333333333333333,-43.333333333333336,-28.75,12.333333333333334
2020-08-08,-26.75,-21.0,-15.0,-44.666666666666664,-23.0,11.0
2020-08-09,-20.333333333333332,-21.333333333333332,-0.3333333333333333,-50.333333333333336,-21.0,6.0
2020-08-10,-23.666666666666668,-21.333333333333332,-12.666666666666666,-46.0,-31.88888888888889,12.666666666666666
2020-08-11,-22.0,-17.333333333333332,-12.666666666666666,-44.0,-29.77777777777778,12.333333333333334
2020-08-12,-20.0,-13.666666666666666,-9.333333333333334,-44.0,-30.875,11.666666666666666
2020-08-13,-16.666666666666668,-13.333333333333334,-5.666666666666667,-44.0,-29.77777777777778,12.0
2020-08-14,-22.5,-15.666666666666666,-4.333333333333333,-46.333333333333336,-29.0,13.0
2020-08-15,-19.333333333333332,-14.333333333333334,4.666666666666667,-40.0,-18.333333333333332,8.0
2020-08-16,-24.333333333333332,-22.333333333333332,-9.0,-53.666666666666664,-22.75,6.0
2020-08-17,-40.0,-33.0,,,-37.0,17.0
2020-08-18,-22.0,-14.0,,,-28.0,12.0
2020-08-19,-17.0,-14.0,,,-29.0,10.666666666666666
2020-08-20,-20.0,-16.0,,,-31.0,11.666666666666666
2020-08-21,-18.0,-15.0,,,-28.0,11.666666666666666
2020-08-22,-17.0,-14.0,,,-20.0,7.0
2020-08-23,,,,,-21.0,5.0
2020-08-24,-23.0,-20.0,,,-30.5,11.666666666666666
2020-08-25,-13.0,-11.0,,,-28.5,10.333333333333334
2020-08-26,-11.0,,,,-27.0,9.666666666666666
2020-08-27,-10.0,-9.0,,,-28.5,10.0
2020-08-28,-11.0,-10.0,,,-27.0,9.666666666666666
2020-08-29,-15.0,-13.0,,,-20.0,6.0
2020-08-30,,,,,-22.0,4.0
2020-08-31,-15.0,-16.0,,,-28.5,10.333333333333334
2020-09-01,-14.0,-14.0,,,-28.0,9.666666666666666
2020-09-02,-13.0,-15.0,,,-28.0,8.333333333333334
2020-09-03,-15.0,-14.0,,,-30.0,10.666666666666666
2020-09-04,-14.0,-15.0,,,-26.0,10.666666666666666
2020-09-05,-13.0,-15.0,,,-18.0,6.0
2020-09-06,,,,,-21.0,4.0
2020-09-07,-21.0,-22.0,,,-30.0,10.666666666666666
2020-09-08,-15.0,-16.0,,,-28.0,9.666666666666666
2020-09-09,-13.0,-18.0,,,-28.0,8.666666666666666
2020-09-10,-13.0,-17.0,,,-28.5,10.333333333333334
2020-09-11,-15.25,-16.333333333333332,2.6666666666666665,-33.0,-26.0,10.333333333333334
2020-09-12,-13.0,-16.0,4.666666666666667,-31.0,-20.333333333333332,6.0
2020-09-13,-11.0,-22.0,-5.666666666666667,-43.666666666666664,-22.25,5.0
2020-09-14,-18.333333333333332,-22.333333333333332,6.0,-36.333333333333336,-25.25,10.0
2020-09-15,-11.0,-17.0,3.6666666666666665,-31.0,-23.0,9.333333333333334
2020-09-16,-11.666666666666666,-15.0,9.666666666666666,-30.0,-26.5,8.666666666666666
2020-09-17,-12.333333333333334,-17.666666666666668,0.6666666666666666,-34.0,-27.444444444444443,9.333333333333334
2020-09-18,-15.5,-17.0,2.3333333333333335,-38.333333333333336,-23.875,9.666666666666666
2020-09-19,-15.0,-15.666666666666666,-1.6666666666666667,-36.666666666666664,-19.5,7.0
2020-09-20,-7.666666666666667,-14.333333333333334,-0.3333333333333333,-45.0,-17.5,4.0
2020-09-21,-19.666666666666668,-20.0,7.0,-36.0,-27.75,9.666666666666666
2020-09-22,-19.0,-17.666666666666668,19.0,-33.333333333333336,-25.25,8.333333333333334
2020-09-23,-20.0,-16.0,33.0,-34.666666666666664,-25.0,8.0
2020-09-24,-19.333333333333332,-17.0,19.333333333333332,-37.0,-25.375,9.0
2020-09-25,-19.0,-13.0,21.0,-36.666666666666664,-22.875,8.333333333333334
2020-09-26,-8.666666666666666,-6.333333333333333,36.0,-34.666666666666664,-15.833333333333334,5.0
2020-09-27,-16.666666666666668,-12.666666666666666,37.333333333333336,-47.0,-21.5,5.5
2020-09-28,-24.666666666666668,-21.333333333333332,11.333333333333334,-39.0,-24.625,10.0
2020-09-29,-20.0,-14.0,10.666666666666666,-34.333333333333336,-23.375,9.666666666666666
2020-09-30,-16.333333333333332,-9.333333333333334,12.666666666666666,-34.666666666666664,-24.5,7.333333333333333
2020-10-01,-26.666666666666668,-20.0,-10.333333333333334,-44.666666666666664,-32.666666666666664,14.333333333333334
2020-10-02,-26.0,-20.0,2.0,-37.0,-20.125,9.0
2020-10-03,-17.75,-12.0,4.666666666666667,-38.666666666666664,-19.5,6.333333333333333
2020-10-04,-17.333333333333332,-16.0,6.666666666666667,-47.333333333333336,-19.25,4.5
2020-10-05,-25.333333333333332,-22.333333333333332,3.3333333333333335,-40.0,-24.125,8.0
2020-10-06,-34.333333333333336,-28.333333333333332,-10.333333333333334,-37.666666666666664,-26.125,11.666666666666666
2020-10-07,-18.666666666666668,-14.333333333333334,31.666666666666668,-35.0,-22.375,6.0
2020-10-08,-18.666666666666668,-17.333333333333332,34.333333333333336,-33.666666666666664,-23.5,8.0
2020-10-09,-25.0,-22.666666666666668,28.333333333333332,-39.0,-19.5,9.0
2020-10-10,-17.666666666666668,-15.666666666666666,33.666666666666664,-35.333333333333336,-15.4,6.0
2020-10-11,-22.333333333333332,-23.0,31.666666666666668,-44.666666666666664,-24.0,5.5
2020-10-12,-26.333333333333332,-24.333333333333332,31.666666666666668,-38.0,-23.125,8.666666666666666
2020-10-13,-22.666666666666668,-19.0,30.333333333333332,-33.0,-19.125,8.666666666666666
2020-10-14,-28.666666666666668,-24.333333333333332,19.0,-40.0,-23.0,10.333333333333334
2020-10-15,-19.0,-12.666666666666666,22.333333333333332,-30.333333333333332,-21.5,8.666666666666666
2020-10-16,-21.0,-16.0,23.0,-36.0,-18.125,9.333333333333334
2020-10-17,-18.333333333333332,-11.666666666666666,31.0,-35.0,-18.5,6.666666666666667
2020-10-18,-20.0,-16.333333333333332,25.333333333333332,-48.666666666666664,-21.75,6.0
2020-10-19,-28.0,-22.333333333333332,20.666666666666668,-39.0,-21.25,10.0
2020-10-20,-21.0,-19.0,25.333333333333332,-34.0,-18.375,8.666666666666666
2020-10-21,-16.666666666666668,-14.0,33.333333333333336,-36.0,-19.0,7.0
2020-10-22,-17.333333333333332,-15.0,25.0,-35.666666666666664,-20.125,8.0
2020-10-23,-15.25,-11.333333333333334,29.0,-39.666666666666664,-20.25,9.333333333333334
2020-10-24,-12.0,-8.0,40.333333333333336,-38.333333333333336,-14.8,4.666666666666667
2020-10-25,-14.0,-11.333333333333334,36.666666666666664,-48.666666666666664,-17.75,4.0
2020-10-26,-22.0,-18.333333333333332,19.666666666666668,-40.0,-20.625,9.0
2020-10-27,-15.666666666666666,-8.666666666666666,20.666666666666668,-34.333333333333336,-17.0,7.666666666666667
2020-10-28,-27.666666666666668,-21.0,1.3333333333333333,-43.333333333333336,-22.375,11.0
2020-10-29,-32.666666666666664,-26.333333333333332,-13.666666666666666,-44.666666666666664,-24.666666666666668,13.333333333333334
2020-10-30,-22.0,-14.333333333333334,8.333333333333334,-42.0,-17.375,9.0
2020-10-31,-17.0,-11.0,16.333333333333332,-39.0,-18.5,6.666666666666667
2020-11-01,-25.666666666666668,-20.333333333333332,12.666666666666666,-54.666666666666664,-22.5,5.5
2020-11-02,-22.0,-19.0,27.333333333333332,-35.333333333333336,-18.25,7.666666666666667
2020-11-03,-17.666666666666668,-15.0,29.666666666666668,-29.666666666666668,-15.25,7.0
2020-11-04,-17.666666666666668,-13.666666666666666,35.0,-32.0,-16.125,6.25
2020-11-05,-17.0,-15.333333333333334,28.0,-32.333333333333336,-17.5,6.5
2020-11-06,-21.75,-16.666666666666668,33.0,-37.0,-15.5,7.0
2020-11-07,-12.0,-14.333333333333334,32.666666666666664,-35.666666666666664,-12.8,4.666666666666667
2020-11-08,-24.666666666666668,-26.333333333333332,17.333333333333332,-53.333333333333336,-22.5,6.5
2020-11-09,-28.666666666666668,-24.0,18.333333333333332,-41.333333333333336,-18.75,9.0
2020-11-10,-20.0,-16.0,30.666666666666668,-30.666666666666668,-14.5,6.666666666666667
2020-11-11,-17.333333333333332,-13.0,34.333333333333336,-32.666666666666664,-18.125,5.75
2020-11-12,-20.0,-15.333333333333334,26.0,-35.0,-17.625,7.0
2020-11-13,-19.25,-16.666666666666668,24.333333333333332,-35.666666666666664,-15.25,8.0
2020-11-14,-13.333333333333334,-12.333333333333334,31.0,-35.333333333333336,-13.0,4.666666666666667
2020-11-15,-19.0,-19.0,22.0,-52.0,-20.5,5.0
2020-11-16,-30.666666666666668,-26.0,21.0,-42.666666666666664,-19.375,9.666666666666666
2020-11-17,-23.666666666666668,-18.666666666666668,23.666666666666668,-35.666666666666664,-15.375,9.0
2020-11-18,-17.666666666666668,-13.666666666666666,36.0,-32.0,-16.75,6.0
2020-11-19,-14.333333333333334,-12.666666666666666,27.666666666666668,-33.0,-17.5,6.25
2020-11-20,-18.666666666666668,-15.666666666666666,6.0,-34.333333333333336,-14.75,7.0
2020-11-21,-11.333333333333334,-10.333333333333334,33.333333333333336,-35.666666666666664,-13.4,4.333333333333333
2020-11-22,-12.0,-15.333333333333334,30.666666666666668,-47.666666666666664,-15.25,4.5
2020-11-23,-19.333333333333332,-15.666666666666666,31.333333333333332,-40.0,-16.5,7.666666666666667
2020-11-24,-12.666666666666666,-10.0,35.666666666666664,-32.333333333333336,-14.5,6.0
2020-11-25,-5.666666666666667,-2.0,11.5,-33.333333333333336,-15.625,4.25
2020-11-26,-3.0,-0.3333333333333333,36.333333333333336,-34.0,-17.125,5.25
2020-11-27,-8.333333333333334,-6.333333333333333,13.0,-36.0,-15.25,4.666666666666667
2020-11-28,-0.6666666666666666,-1.6666666666666667,37.0,-34.333333333333336,-9.0,2.0
2020-11-29,7.0,2.6666666666666665,52.333333333333336,-45.0,-12.75,1.0
2020-11-30,-53.666666666666664,-69.0,57.0,-72.0,-75.5,21.666666666666668
2020-12-01,-7.666666666666667,-1.3333333333333333,32.0,-32.333333333333336,-13.625,4.5
2020-12-02,-8.0,-4.333333333333333,39.666666666666664,-31.666666666666668,-15.5,4.25
2020-12-03,-14.0,-11.0,24.666666666666668,-36.333333333333336,-17.375,7.5
2020-12-04,-11.0,-10.333333333333334,37.333333333333336,-33.666666666666664,-13.0,6.0
2020-12-05,-7.333333333333333,-10.0,37.333333333333336,-32.666666666666664,-7.0,3.6666666666666665
2020-12-06,13.0,-6.0,43.666666666666664,-37.333333333333336,-7.75,2.0
2020-12-07,-13.666666666666666,-14.333333333333334,35.0,-36.666666666666664,-17.875,6.0
2020-12-08,-7.0,-8.0,44.0,-31.333333333333332,-13.0,5.0
2020-12-09,-7.0,-8.0,42.333333333333336,-32.0,-16.875,3.25
2020-12-10,-7.0,-8.0,3.0,-30.0,-17.625,3.5
2020-12-11,-10.0,-11.333333333333334,37.333333333333336,-33.666666666666664,-16.875,5.333333333333333
2020-12-12,-5.333333333333333,-10.666666666666666,45.333333333333336,-29.666666666666668,-9.6,0.3333333333333333
2020-12-13,23.0,-1.3333333333333333,62.0,-32.0,-5.75,0.0
2020-12-14,-8.666666666666666,-11.666666666666666,39.0,-32.0,-24.125,5.666666666666667
2020-12-15,0.0,-2.3333333333333335,10.0,-30.0,-22.0,4.0
2020-12-16,8.666666666666666,6.333333333333333,23.5,-22.666666666666668,-23.625,2.25
2020-12-17,10.0,7.333333333333333,19.0,-29.0,-24.0,2.5
2020-12-18,0.6666666666666666,1.6666666666666667,50.333333333333336,-26.333333333333332,-20.625,2.25
2020-12-19,7.333333333333333,1.6666666666666667,65.33333333333333,-20.333333333333332,-7.6,-1.6666666666666667
2020-12-20,62.0,30.666666666666668,85.66666666666667,-19.333333333333332,1.5,-2.5
2020-12-21,13.666666666666666,12.666666666666666,57.0,-28.333333333333332,-27.25,1.75
2020-12-22,24.333333333333332,27.333333333333332,36.5,-24.0,-26.375,1.0
2020-12-23,34.0,44.333333333333336,46.0,-18.666666666666668,-28.5,-1.0
2020-12-24,16.333333333333332,33.666666666666664,33.5,-24.0,-41.0,5.25
2020-12-25,-75.5,-81.66666666666667,0.0,-78.33333333333333,-79.5,22.333333333333332
2020-12-26,-61.75,-77.33333333333333,33.0,-62.0,-51.833333333333336,12.333333333333334
2020-12-27,-19.333333333333332,-24.0,61.0,-40.666666666666664,-19.25,3.0
2020-12-28,-6.666666666666667,-11.0,43.333333333333336,-38.0,-32.888888888888886,10.0
2020-12-29,-2.3333333333333335,-7.333333333333333,15.5,-37.666666666666664,-31.375,8.666666666666666
2020-12-30,4.0,5.666666666666667,22.5,-31.0,-31.0,6.25
2020-12-31,0.0,15.0,25.0,-32.333333333333336,-32.333333333333336,5.75
2021-01-01,-71.0,-80.33333333333333,1.6666666666666667,-77.33333333333333,-79.0,29.666666666666668
2021-01-02,-41.75,-22.666666666666668,-3.0,-44.666666666666664,-25.166666666666668,14.0
2021-01-03,-49.0,-28.0,-9.666666666666666,-54.0,-31.25,12.0
2021-01-04,-74.66666666666667,-56.666666666666664,-15.666666666666666,-72.0,-73.5,30.333333333333332
2021-01-05,-69.0,-55.0,-5.666666666666667,-74.33333333333333,-74.1,28.0
2021-01-06,-42.333333333333336,-31.333333333333332,-18.666666666666668,-49.0,-44.0,19.0
2021-01-07,-33.666666666666664,-22.333333333333332,-6.666666666666667,-49.666666666666664,-44.6,18.333333333333332
2021-01-08,-38.5,-21.333333333333332,2.6666666666666665,-49.666666666666664,-39.666666666666664,17.666666666666668
2021-01-09,-34.5,-19.333333333333332,0.3333333333333333,-42.666666666666664,-22.833333333333332,10.0
2021-01-10,-40.666666666666664,-32.666666666666664,-3.0,-54.333333333333336,-29.25,9.0
2021-01-11,-34.666666666666664,-30.333333333333332,9.333333333333334,-48.0,-38.22222222222222,14.666666666666666
2021-01-12,-33.666666666666664,-28.666666666666668,12.333333333333334,-45.666666666666664,-38.111111111111114,12.666666666666666
2021-01-13,-33.666666666666664,-27.0,15.333333333333334,-50.333333333333336,-39.55555555555556,11.0
2021-01-14,-35.666666666666664,-29.0,5.0,-49.0,-39.888888888888886,11.666666666666666
2021-01-15,-40.25,-31.333333333333332,-4.333333333333333,-51.666666666666664,-38.875,12.666666666666666
2021-01-16,-33.5,-27.0,3.6666666666666665,-48.0,-26.833333333333332,6.666666666666667
2021-01-17,-40.666666666666664,-28.333333333333332,-6.0,-59.0,-32.25,7.0
2021-01-18,-40.666666666666664,-32.666666666666664,-1.3333333333333333,-52.333333333333336,-38.666666666666664,12.666666666666666
2021-01-19,-36.0,-26.0,9.333333333333334,-48.0,-37.0,11.0
2021-01-20,-33.0,-16.0,8.333333333333334,-50.333333333333336,-38.77777777777778,10.666666666666666
2021-01-21,-64.33333333333333,-74.66666666666667,11.333333333333334,-72.66666666666667,-76.7,24.0
2021-01-22,-36.75,-23.0,-0.6666666666666666,-48.666666666666664,-35.375,12.666666666666666
2021-01-23,-30.25,-19.666666666666668,3.6666666666666665,-47.666666666666664,-22.0,6.666666666666667
2021-01-24,-40.666666666666664,-21.333333333333332,-1.6666666666666667,-59.0,-30.5,7.0
2021-01-25,-37.333333333333336,-26.333333333333332,6.333333333333333,-52.333333333333336,-38.111111111111114,12.333333333333334
2021-01-26,-32.333333333333336,-17.0,7.666666666666667,-50.0,-36.44444444444444,11.333333333333334
2021-01-27,-28.666666666666668,-12.0,12.666666666666666,-49.666666666666664,-37.888888888888886,9.666666666666666
2021-01-28,-29.333333333333332,-14.666666666666666,11.666666666666666,-48.666666666666664,-37.333333333333336,10.0
2021-01-29,-31.75,-20.666666666666668,12.333333333333334,-49.333333333333336,-35.111111111111114,8.666666666666666
2021-01-30,-26.75,-17.666666666666668,24.333333333333332,-48.0,-22.4,2.0
2021-01-31,-33.666666666666664,-15.333333333333334,12.333333333333334,-57.333333333333336,-29.75,3.0
2021-02-01,-27.333333333333332,-17.333333333333332,23.0,-49.333333333333336,-38.0,6.333333333333333
2021-02-02,-13.0,-2.0,32.666666666666664,-46.0,-37.22222222222222,4.666666666666667
2021-02-03,-86.66666666666667,-65.33333333333333,-41.333333333333336,-80.0,-72.0,27.666666666666668
2021-02-04,-83.33333333333333,-57.666666666666664,-38.0,-76.0,-72.4,29.333333333333332
2021-02-05,-82.75,-49.666666666666664,-39.5,-78.33333333333333,-68.9,30.333333333333332
2021-02-06,-87.75,-89.66666666666667,-47.666666666666664,-81.66666666666667,-67.0,24.5
2021-02-07,-79.66666666666667,-87.0,-40.333333333333336,-75.66666666666667,-59.0,15.0
2021-02-08,-79.66666666666667,-47.666666666666664,-29.666666666666668,-78.66666666666667,-69.6,26.333333333333332
2021-02-09,-79.0,-45.666666666666664,-26.666666666666668,-73.66666666666667,-69.2,26.0
2021-02-10,-80.0,-44.0,-21.333333333333332,-77.66666666666667,-70.1,24.666666666666668
2021-02-11,-77.66666666666667,-44.666666666666664,-26.0,-77.33333333333333,-68.7,23.333333333333332
2021-02-12,-76.5,-46.0,-28.666666666666668,-77.66666666666667,-66.8,21.333333333333332
2021-02-13,-84.75,-87.33333333333333,-33.666666666666664,-80.66666666666667,-67.0,18.0
2021-02-14,-74.0,-83.66666666666667,-32.0,-78.33333333333333,-59.0,10.0
2021-02-15,-77.33333333333333,-44.333333333333336,-32.666666666666664,-78.33333333333333,-67.1,19.0
2021-02-16,-76.0,-44.0,-27.666666666666668,-73.66666666666667,-67.6,18.666666666666668
2021-02-17,-76.0,-40.0,-25.333333333333332,-74.66666666666667,-67.9,18.666666666666668
2021-02-18,-71.66666666666667,-34.666666666666664,-27.0,-73.66666666666667,-67.3,17.666666666666668
2021-02-19,-72.25,-38.333333333333336,-24.0,-75.0,-67.3,18.666666666666668
2021-02-20,-98.33333333333333,-99.0,-84.66666666666667,-89.33333333333333,-80.625,31.5
2021-02-21,-96.66666666666667,-97.0,-80.5,-81.0,-75.4,22.0
2021-02-22,-76.33333333333333,-41.333333333333336,-36.333333333333336,-76.33333333333333,-67.2,20.333333333333332
2021-02-23,-75.33333333333333,-38.666666666666664,-31.666666666666668,-75.33333333333333,-66.9,19.333333333333332
2021-02-24,-75.0,-36.666666666666664,-31.666666666666668,-75.66666666666667,-67.3,19.0
2021-02-25,-73.0,-36.0,-27.666666666666668,-72.33333333333333,-66.5,18.666666666666668
2021-02-26,-72.5,-36.333333333333336,-28.333333333333332,-73.0,-63.9,19.0
2021-02-27,-85.0,-88.66666666666667,-49.0,-81.0,-64.375,19.5
2021-02-28,-77.66666666666667,-86.66666666666667,-43.333333333333336,-77.33333333333333,-57.4,12.0
2021-03-01,-41.0,-27.333333333333332,-10.0,-62.666666666666664,-49.5,9.333333333333334
2021-03-02,-45.75,-27.666666666666668,-5.0,-60.0,-50.55555555555556,9.666666666666666
2021-03-03,-48.333333333333336,-26.0,-1.6666666666666667,-62.666666666666664,-50.9,9.333333333333334
2021-03-04,-50.25,-29.666666666666668,-8.0,-64.33333333333333,-51.2,11.0
2021-03-05,-53.5,-30.666666666666668,-5.666666666666667,-63.0,-48.111111111111114,11.0
2021-03-06,-54.75,-32.666666666666664,-2.0,-65.66666666666667,-41.666666666666664,5.333333333333333
2021-03-07,-76.33333333333333,-83.33333333333333,-19.666666666666668,-74.0,-51.8,10.0
2021-03-08,-50.333333333333336,-34.0,-2.3333333333333335,-63.333333333333336,-48.8,9.666666666666666
2021-03-09,-50.666666666666664,-32.333333333333336,-1.0,-60.666666666666664,-48.666666666666664,9.666666666666666
2021-03-10,-48.333333333333336,-31.0,1.3333333333333333,-61.333333333333336,-49.333333333333336,9.333333333333334
2021-03-11,-48.666666666666664,-30.333333333333332,1.3333333333333333,-63.333333333333336,-48.3,10.0
2021-03-12,-51.25,-34.0,-1.0,-61.666666666666664,-44.44444444444444,10.333333333333334
2021-03-13,-49.75,-29.666666666666668,1.0,-63.0,-36.0,4.666666666666667
2021-03-14,-71.33333333333333,-82.66666666666667,-19.0,-75.33333333333333,-46.5,8.5
2021-03-15,-28.333333333333332,-19.0,0.0,-54.333333333333336,-39.333333333333336,4.666666666666667
2021-03-16,-29.666666666666668,-20.0,12.0,-51.333333333333336,-38.888888888888886,4.333333333333333
2021-03-17,-29.666666666666668,-17.666666666666668,16.666666666666668,-53.0,-39.375,3.25
2021-03-18,-32.333333333333336,-21.0,5.0,-55.0,-39.888888888888886,4.25
2021-03-19,-37.75,-21.333333333333332,8.333333333333334,-55.666666666666664,-36.375,5.0
2021-03-20,-30.75,-16.0,18.666666666666668,-55.0,-24.333333333333332,-0.6666666666666666
2021-03-21,-60.333333333333336,-78.33333333333333,4.333333333333333,-67.0,-38.75,5.5
2021-03-22,-35.333333333333336,-22.666666666666668,7.0,-55.666666666666664,-37.666666666666664,5.0
2021-03-23,-32.0,-19.0,12.666666666666666,-51.333333333333336,-36.333333333333336,4.333333333333333
2021-03-24,-30.0,-17.333333333333332,18.333333333333332,-52.333333333333336,-38.125,2.75
2021-03-25,-26.0,-14.666666666666666,11.0,-53.0,-36.888888888888886,3.25
2021-03-26,-28.75,-13.0,17.0,-53.666666666666664,-35.375,3.6666666666666665
2021-03-27,-23.75,-8.333333333333334,23.666666666666668,-49.666666666666664,-22.0,-2.3333333333333335
2021-03-28,-72.33333333333333,-87.33333333333333,-35.0,-73.33333333333333,-48.5,9.5
2021-03-29,-26.333333333333332,-11.666666666666666,14.666666666666666,-52.333333333333336,-36.25,2.6666666666666665
2021-03-30,-23.0,-8.666666666666666,21.666666666666668,-48.666666666666664,-34.22222222222222,0.75
2021-03-31,-18.333333333333332,0.6666666666666666,27.333333333333332,-46.0,-33.75,-1.0
2021-04-01,-11.333333333333334,13.666666666666666,37.0,-43.0,-32.666666666666664,-2.5
2021-04-02,-87.5,-94.66666666666667,-49.5,-87.0,-82.9,33.666666666666664
2021-04-03,-22.25,-4.333333333333333,26.0,-49.666666666666664,-17.0,-1.3333333333333333
2021-04-04,-67.0,-84.0,-22.333333333333332,-73.66666666666667,-46.0,8.0
2021-04-05,-78.33333333333333,-89.0,-20.666666666666668,-86.0,-81.8,27.666666666666668
2021-04-06,-21.0,-6.0,19.666666666666668,-43.0,-32.375,-0.25
2021-04-07,-23.0,-12.0,28.666666666666668,-47.0,-35.875,0.0
2021-04-08,-24.666666666666668,-15.0,21.666666666666668,-49.0,-33.333333333333336,0.75
2021-04-09,-31.5,-17.0,20.333333333333332,-50.666666666666664,-31.625,2.6666666666666665
2021-04-10,-52.0,-31.333333333333332,-18.666666666666668,-66.0,-33.5,6.0
2021-04-11,-87.33333333333333,-92.66666666666667,-69.66666666666667,-90.33333333333333,-67.2,16.0
2021-04-12,-84.33333333333333,-90.33333333333333,-55.666666666666664,-90.33333333333333,-77.4,32.333333333333336
2021-04-13,-63.666666666666664,-28.333333333333332,-27.0,-80.66666666666667,-63.6,19.666666666666668
2021-04-14,-43.0,-19.0,-7.0,-67.0,-51.5,11.666666666666666
2021-04-15,-28.0,-16.666666666666668,-3.3333333333333335,-61.0,-44.4,9.333333333333334
2021-04-16,-32.0,-18.666666666666668,3.6666666666666665,-59.0,-41.5,8.666666666666666
2021-04-17,-29.0,-16.666666666666668,5.333333333333333,-49.666666666666664,-21.833333333333332,1.3333333333333333
2021-04-18,-47.0,-75.66666666666667,-8.666666666666666,-65.33333333333333,-34.25,5.5
2021-04-19,-23.0,-16.0,8.333333333333334,-53.0,-37.0,5.0
2021-04-20,-19.666666666666668,-13.333333333333334,17.0,-43.666666666666664,-34.125,3.0
2021-04-21,-19.0,-12.0,21.0,-50.0,-35.75,1.75
2021-04-22,-18.333333333333332,-12.666666666666666,14.333333333333334,-51.666666666666664,-34.666666666666664,2.25
2021-04-23,-21.5,-11.0,19.333333333333332,-50.666666666666664,-30.375,3.3333333333333335
2021-04-24,-14.0,-0.6666666666666666,25.0,-49.0,-14.6,-2.6666666666666665
2021-04-25,-34.0,-69.66666666666667,12.333333333333334,-62.0,-30.0,2.5
2021-04-26,-14.333333333333334,-2.0,12.333333333333334,-47.0,-31.375,0.5
2021-04-27,-0.3333333333333333,13.0,24.0,-41.0,-29.0,-2.25
2021-04-28,-68.33333333333333,-83.66666666666667,-21.333333333333332,-80.33333333333333,-80.1,23.0
2021-04-29,-8.0,5.333333333333333,8.0,-45.666666666666664,-30.666666666666668,0.25
2021-04-30,-9.0,12.666666666666666,25.666666666666668,-41.0,-27.375,-1.75
2021-05-01,-61.0,-79.66666666666667,1.6666666666666667,-73.0,-51.5,9.333333333333334
2021-05-02,-29.333333333333332,-69.33333333333333,10.0,-60.333333333333336,-27.5,3.0
2021-05-03,-8.333333333333334,4.333333333333333,13.0,-45.333333333333336,-31.625,-1.0
2021-05-04,-7.666666666666667,2.0,22.666666666666668,-36.666666666666664,-28.625,-2.75
2021-05-05,-7.666666666666667,-1.3333333333333333,27.0,-43.0,-31.0,-3.5
2021-05-06,-8.333333333333334,-3.3333333333333335,19.333333333333332,-45.333333333333336,-30.625,-1.75
2021-05-07,-15.0,-3.3333333333333335,26.666666666666668,-43.666666666666664,-25.875,-3.25
2021-05-08,-0.3333333333333333,5.333333333333333,28.666666666666668,-40.666666666666664,-14.4,-4.666666666666667
2021-05-09,-17.0,-64.66666666666667,22.333333333333332,-58.666666666666664,-25.5,-1.0
2021-05-10,-12.666666666666666,-7.0,14.666666666666666,-47.666666666666664,-28.5,-2.75
2021-05-11,-8.333333333333334,-3.3333333333333335,22.333333333333332,-42.333333333333336,-26.625,-3.25
2021-05-12,-1.6666666666666667,2.3333333333333335,29.333333333333332,-43.0,-28.0,-4.5
2021-05-13,-5.666666666666667,-2.3333333333333335,19.0,-42.0,-28.25,-3.5
2021-05-14,-6.333333333333333,-1.3333333333333333,17.666666666666668,-46.333333333333336,-24.25,-3.25
2021-05-15,-1.0,2.0,27.0,-46.333333333333336,-17.8,-3.6666666666666665
2021-05-16,-17.666666666666668,-67.0,19.333333333333332,-52.666666666666664,-27.0,1.0
2021-05-17,-8.666666666666666,-1.6666666666666667,22.333333333333332,-45.666666666666664,-24.625,-4.25
2021-05-18,-4.333333333333333,-0.6666666666666666,25.0,-41.666666666666664,-22.625,-5.0
2021-05-19,-4.666666666666667,3.3333333333333335,35.0,-44.0,-24.0,-4.75
2021-05-20,-4.333333333333333,4.333333333333333,23.666666666666668,-41.333333333333336,-23.0,-4.0
2021-05-21,-8.0,6.333333333333333,26.666666666666668,-43.333333333333336,-18.625,-4.75
2021-05-22,4.0,15.666666666666666,27.0,-43.333333333333336,-12.6,-5.666666666666667
2021-05-23,-15.666666666666666,-64.33333333333333,21.0,-53.333333333333336,-26.0,1.0
2021-05-24,-51.0,-77.33333333333333,21.333333333333332,-75.33333333333333,-79.1,19.333333333333332
2021-05-25,9.0,22.0,26.333333333333332,-35.333333333333336,-18.0,-5.5
2021-05-26,8.0,16.666666666666668,34.0,-41.666666666666664,-19.875,-6.75
2021-05-27,5.0,11.0,32.0,-40.0,-19.0,-6.0
2021-05-28,3.0,10.0,37.333333333333336,-40.666666666666664,-15.375,-7.25
2021-05-29,8.0,13.666666666666666,44.0,-38.333333333333336,-13.2,-7.333333333333333
2021-05-30,-4.333333333333333,-56.666666666666664,43.0,-47.333333333333336,-29.25,-1.5
2021-05-31,0.3333333333333333,8.0,39.333333333333336,-36.0,-20.125,-6.75
2021-06-01,1.6666666666666667,7.333333333333333,3.5,-32.0,-17.375,-7.75
2021-06-02,2.3333333333333335,7.0,10.5,-34.666666666666664,-19.25,-7.25
2021-06-03,2.6666666666666665,6.0,-1.0,-32.666666666666664,-18.25,-6.75
2021-06-04,0.6666666666666666,3.0,42.0,-35.666666666666664,-14.5,-6.25
2021-06-05,3.0,7.333333333333333,45.666666666666664,-38.0,-13.8,-5.333333333333333
2021-06-06,-4.333333333333333,-60.0,46.333333333333336,-46.333333333333336,-28.25,-2.0
2021-06-07,-3.6666666666666665,2.6666666666666665,37.666666666666664,-35.333333333333336,-19.375,-6.25
2021-06-08,0.6666666666666666,5.666666666666667,3.0,-32.333333333333336,-15.625,-6.75
2021-06-09,1.6666666666666667,6.0,6.0,-34.666666666666664,-17.75,-7.25
2021-06-10,1.3333333333333333,4.333333333333333,0.0,-32.666666666666664,-17.75,-6.5
2021-06-11,-2.3333333333333335,0.6666666666666666,38.666666666666664,-38.333333333333336,-13.625,-6.25
2021-06-12,-0.6666666666666666,3.6666666666666665,36.666666666666664,-37.333333333333336,-14.4,-6.666666666666667
2021-06-13,-9.666666666666666,-33.333333333333336,34.0,-47.333333333333336,-26.0,-2.5
2021-06-14,-8.666666666666666,-2.6666666666666665,39.0,-39.666666666666664,-19.75,-5.5
2021-06-15,-0.6666666666666666,2.6666666666666665,3.0,-32.333333333333336,-15.375,-7.25
2021-06-16,1.0,4.0,4.5,-34.666666666666664,-18.375,-8.5
2021-06-17,-4.666666666666667,-3.6666666666666665,25.666666666666668,-43.333333333333336,-29.666666666666668,-4.25
2021-06-18,-2.3333333333333335,2.0,32.333333333333336,-39.0,-18.0,-7.0
2021-06-19,1.6666666666666667,7.666666666666667,36.666666666666664,-35.666666666666664,-15.8,-6.666666666666667
2021-06-20,-1.3333333333333333,-23.333333333333332,41.666666666666664,-46.333333333333336,-26.0,-5.0
2021-06-21,-9.666666666666666,-7.0,35.0,-39.0,-20.0,-6.5
2021-06-22,-3.6666666666666665,0.6666666666666666,33.0,-33.333333333333336,-17.125,-7.0
2021-06-23,1.6666666666666667,3.3333333333333335,7.0,-33.666666666666664,-18.375,-8.0
2021-06-24,3.0,3.6666666666666665,-3.5,-36.333333333333336,-18.125,-7.25
2021-06-25,6.0,6.0,36.666666666666664,-35.666666666666664,-14.375,-7.25
2021-06-26,10.666666666666666,10.666666666666666,40.333333333333336,-32.333333333333336,-13.0,-8.0
2021-06-27,4.666666666666667,-16.0,53.0,-45.0,-23.0,-5.0
2021-06-28,-1.3333333333333333,3.0,35.666666666666664,-35.666666666666664,-19.0,-7.75
2021-06-29,2.6666666666666665,5.666666666666667,36.666666666666664,-33.666666666666664,-17.375,-9.0
2021-06-30,-25.333333333333332,-15.666666666666666,-9.666666666666666,-53.0,-34.125,4.0
2021-07-01,6.666666666666667,34.333333333333336,-3.5,-33.0,-18.0,-8.5
2021-07-02,-88.25,-84.33333333333333,-32.75,-92.0,-91.5,4.75
2021-07-03,-14.0,-4.666666666666667,30.333333333333332,-57.333333333333336,-28.833333333333332,-10.0
2021-07-04,11.666666666666666,-10.333333333333334,44.666666666666664,-34.666666666666664,-27.25,-8.0
2021-07-05,7.0,2.6666666666666665,34.666666666666664,-40.666666666666664,-30.22222222222222,-10.75
2021-07-06,8.333333333333334,6.666666666666667,-0.5,-34.0,-22.375,-10.25
2021-07-07,8.0,8.666666666666666,4.5,-37.666666666666664,-23.75,-9.75
2021-07-08,8.0,6.333333333333333,1.0,-33.333333333333336,-22.125,-8.25
2021-07-09,-1.6666666666666667,-0.3333333333333333,32.333333333333336,-40.0,-18.5,-6.25
2021-07-10,4.333333333333333,3.3333333333333335,38.666666666666664,-34.333333333333336,-16.2,-6.666666666666667
2021-07-11,-3.6666666666666665,-19.0,22.0,-48.0,-27.0,-2.0
2021-07-12,-5.0,-2.6666666666666665,37.666666666666664,-37.0,-24.75,-5.0
2021-07-13,-1.6666666666666667,0.0,1.5,-30.666666666666668,-22.5,-5.0
2021-07-14,2.3333333333333335,4.333333333333333,6.5,-37.0,-24.375,-5.5
2021-07-15,4.666666666666667,1.6666666666666667,40.666666666666664,-30.666666666666668,-23.555555555555557,-5.5
2021-07-16,-5.75,-0.3333333333333333,31.0,-37.0,-20.5,-4.0
2021-07-17,0.0,2.3333333333333335,30.0,-33.333333333333336,-14.0,-5.333333333333333
2021-07-18,2.3333333333333335,-16.0,43.333333333333336,-40.0,-23.5,-3.5
2021-07-19,-4.0,-2.0,31.666666666666668,-36.0,-24.625,-4.75
2021-07-20,1.3333333333333333,1.3333333333333333,37.0,-30.333333333333332,-22.5,-5.5
2021-07-21,4.666666666666667,6.666666666666667,7.5,-34.0,-24.375,-6.5
2021-07-22,5.333333333333333,4.666666666666667,38.666666666666664,-30.0,-23.333333333333332,-5.5
2021-07-23,2.3333333333333335,2.3333333333333335,38.666666666666664,-35.0,-19.375,-5.0
2021-07-24,6.666666666666667,9.333333333333334,37.666666666666664,-30.333333333333332,-13.0,-5.666666666666667
2021-07-25,7.666666666666667,-5.0,45.666666666666664,-40.333333333333336,-21.5,-4.5
2021-07-26,0.3333333333333333,2.3333333333333335,37.0,-34.0,-24.125,-4.5
2021-07-27,12.333333333333334,12.333333333333334,9.5,-29.333333333333332,-21.125,-6.5
2021-07-28,8.0,3.3333333333333335,-1.0,-32.333333333333336,-25.0,-6.0
2021-07-29,15.0,9.333333333333334,6.0,-27.333333333333332,-22.125,-6.25
2021-07-30,9.666666666666666,8.0,40.666666666666664,-29.666666666666668,-18.625,-6.75
2021-07-31,13.0,12.0,42.666666666666664,-29.0,-9.8,-8.0
2021-08-01,13.666666666666666,5.0,56.333333333333336,-35.333333333333336,-18.0,-6.0
2021-08-02,-40.666666666666664,-69.25,49.666666666666664,-63.666666666666664,-75.4,13.333333333333334
2021-08-03,-37.0,-62.5,12.0,-60.666666666666664,-74.7,12.333333333333334
2021-08-04,18.666666666666668,18.666666666666668,45.0,-28.666666666666668,-23.0,-7.5
2021-08-05,13.666666666666666,6.666666666666667,10.0,-27.666666666666668,-21.875,-5.5
2021-08-06,6.333333333333333,1.6666666666666667,40.0,-36.333333333333336,-19.5,-4.75
2021-08-07,5.666666666666667,-0.3333333333333333,46.666666666666664,-25.333333333333332,-8.8,-6.0
2021-08-08,6.666666666666667,-17.333333333333332,44.333333333333336,-39.666666666666664,-19.25,-4.0
2021-08-09,-3.3333333333333335,-6.666666666666667,35.0,-35.333333333333336,-22.875,-3.75
2021-08-10,6.333333333333333,-3.0,46.0,-28.666666666666668,-21.625,-4.75
2021-08-11,8.666666666666666,1.6666666666666667,9.5,-30.333333333333332,-23.0,-5.5
2021-08-12,5.333333333333333,-1.3333333333333333,7.0,-27.0,-22.625,-4.75
2021-08-13,5.333333333333333,0.6666666666666666,37.0,-34.0,-18.625,-4.75
2021-08-14,-1.0,-4.333333333333333,24.333333333333332,-30.0,-12.6,-4.0
2021-08-15,11.666666666666666,-13.666666666666666,47.333333333333336,-36.666666666666664,-16.5,-4.0
2021-08-16,0.6666666666666666,-5.0,39.0,-30.666666666666668,-23.875,-4.0
2021-08-17,7.333333333333333,-0.6666666666666666,46.666666666666664,-29.0,-22.875,-5.0
2021-08-18,8.0,0.6666666666666666,7.5,-29.0,-22.125,-5.0
2021-08-19,6.0,5.0,34.666666666666664,-25.333333333333332,-21.625,-4.0
2021-08-20,-21.5,-15.666666666666666,9.0,-39.0,-21.625,-0.75
2021-08-21,4.0,7.0,22.333333333333332,-30.333333333333332,-12.0,-4.0
2021-08-22,6.666666666666667,-7.0,34.333333333333336,-36.333333333333336,-20.25,-3.5
2021-08-23,-4.666666666666667,-2.6666666666666665,23.0,-37.333333333333336,-25.375,-1.5
2021-08-24,9.333333333333334,6.333333333333333,41.0,-30.666666666666668,-22.125,-5.25
2021-08-25,17.333333333333332,17.333333333333332,17.5,-30.0,-22.75,-6.25
2021-08-26,17.666666666666668,15.666666666666666,37.0,-24.0,-21.375,-6.5
2021-08-27,11.0,12.333333333333334,39.666666666666664,-31.333333333333332,-19.0,-5.75
2021-08-28,12.666666666666666,13.333333333333334,33.0,-24.0,-9.2,-6.666666666666667
2021-08-29,13.333333333333334,-3.3333333333333335,40.666666666666664,-34.0,-15.75,-4.0
2021-08-30,7.0,8.0,38.0,-30.333333333333332,-24.25,-4.5
2021-08-31,9.666666666666666,10.333333333333334,33.666666666666664,-26.0,-22.75,-4.75
2021-09-01,6.666666666666667,9.0,32.333333333333336,-26.333333333333332,-26.375,-4.0
2021-09-02,9.333333333333334,9.666666666666666,31.666666666666668,-27.0,-23.875,-3.5
2021-09-03,2.0,4.333333333333333,33.0,-33.666666666666664,-21.25,-2.5
2021-09-04,2.0,4.0,25.333333333333332,-29.0,-11.4,-3.3333333333333335
2021-09-05,6.0,-8.333333333333334,37.333333333333336,-36.666666666666664,-17.75,-2.0
2021-09-06,0.6666666666666666,0.6666666666666666,30.333333333333332,-35.666666666666664,-25.75,-2.25
2021-09-07,5.666666666666667,4.333333333333333,38.333333333333336,-31.333333333333332,-22.875,-3.5
2021-09-08,5.0,7.333333333333333,3.5,-30.0,-24.75,-4.25
2021-09-09,3.6666666666666665,6.0,-0.5,-28.666666666666668,-23.625,-3.0
2021-09-10,3.0,3.6666666666666665,32.0,-34.666666666666664,-20.375,-3.25
2021-09-11,-1.3333333333333333,3.6666666666666665,26.666666666666668,-30.666666666666668,-11.8,-2.3333333333333335
2021-09-12,-22.333333333333332,-15.333333333333334,6.0,-42.666666666666664,-24.0,1.0
2021-09-13,-7.0,-4.333333333333333,30.0,-35.0,-25.375,-0.75
2021-09-14,-1.3333333333333333,3.3333333333333335,30.0,-34.666666666666664,-23.875,-2.0
2021-09-15,2.0,6.333333333333333,37.0,-29.333333333333332,-25.375,-2.25
2021-09-16,1.0,5.0,28.333333333333332,-32.0,-25.75,-2.0
2021-09-17,-2.0,2.6666666666666665,24.0,-34.0,-22.75,-1.25
2021-09-18,0.0,5.333333333333333,26.666666666666668,-28.0,-12.2,-3.3333333333333335
2021-09-19,-15.0,-10.666666666666666,25.0,-41.666666666666664,-26.0,1.0
2021-09-20,-8.333333333333334,-4.333333333333333,26.0,-33.666666666666664,-25.625,-0.25
2021-09-21,-3.0,-0.3333333333333333,29.333333333333332,-34.0,-23.625,-0.75
2021-09-22,-2.3333333333333335,2.3333333333333335,-4.0,-32.666666666666664,-23.25,-1.25
2021-09-23,-2.0,1.0,24.333333333333332,-33.0,-23.625,-0.75
2021-09-24,-7.0,3.6666666666666665,20.666666666666668,-35.666666666666664,-21.125,-0.5
2021-09-25,6.666666666666667,12.0,22.666666666666668,-30.666666666666668,-11.6,-3.6666666666666665
2021-09-26,-0.6666666666666666,-2.0,27.666666666666668,-41.666666666666664,-19.25,-0.5
2021-09-27,-3.3333333333333335,2.3333333333333335,17.333333333333332,-36.333333333333336,-26.125,0.0
2021-09-28,2.6666666666666665,8.0,23.333333333333332,-33.666666666666664,-23.625,-2.0
2021-09-29,3.6666666666666665,7.333333333333333,28.666666666666668,-33.333333333333336,-24.625,-2.0
2021-09-30,3.3333333333333335,6.0,21.333333333333332,-29.666666666666668,-24.444444444444443,-1.0
2021-10-01,-7.75,-1.3333333333333333,21.666666666666668,-37.333333333333336,-20.625,0.0
2021-10-02,2.6666666666666665,3.3333333333333335,19.666666666666668,-28.333333333333332,-8.2,-2.3333333333333335
2021-10-03,5.0,-6.333333333333333,31.666666666666668,-36.0,-15.75,-1.0
2021-10-04,-7.0,-6.333333333333333,14.0,-37.333333333333336,-25.0,0.25
2021-10-05,-2.0,-2.6666666666666665,21.666666666666668,-32.0,-23.25,-0.75
2021-10-06,-0.6666666666666666,1.3333333333333333,25.0,-31.666666666666668,-23.5,-1.0
2021-10-07,-6.0,-5.0,4.666666666666667,-35.666666666666664,-25.625,2.0
2021-10-08,-7.666666666666667,-3.3333333333333335,15.666666666666666,-39.666666666666664,-21.125,1.75
2021-10-09,-3.0,2.6666666666666665,10.666666666666666,-31.666666666666668,-11.2,-1.0
2021-10-10,-16.333333333333332,-18.333333333333332,-1.3333333333333333,-46.666666666666664,-17.75,3.0
2021-10-11,-8.333333333333334,-4.333333333333333,17.333333333333332,-35.333333333333336,-25.125,1.75
2021-10-12,-3.3333333333333335,0.0,20.0,-31.0,-23.25,0.25
2021-10-13,-0.6666666666666666,0.3333333333333333,30.333333333333332,-33.0,-25.125,-0.25
2021-10-14,-1.6666666666666667,-1.0,19.666666666666668,-32.0,-23.875,0.5
2021-10-15,-0.3333333333333333,-0.3333333333333333,21.333333333333332,-35.333333333333336,-20.125,0.5
2021-10-16,1.6666666666666667,1.6666666666666667,18.666666666666668,-29.333333333333332,-10.2,-1.6666666666666667
2021-10-17,7.666666666666667,-6.0,31.666666666666668,-36.333333333333336,-15.75,-0.5
2021-10-18,-9.666666666666666,-8.333333333333334,16.333333333333332,-36.666666666666664,-24.375,2.0
2021-10-19,-3.3333333333333335,-3.3333333333333335,22.666666666666668,-32.333333333333336,-23.625,1.25
2021-10-20,-1.6666666666666667,0.3333333333333333,27.0,-30.666666666666668,-25.5,0.25
2021-10-21,0.3333333333333333,-1.3333333333333333,19.333333333333332,-31.666666666666668,-24.25,1.0
2021-10-22,-1.3333333333333333,-2.0,18.0,-39.333333333333336,-21.5,1.25
2021-10-23,7.666666666666667,7.333333333333333,24.0,-26.666666666666668,-7.0,-3.0
2021-10-24,8.666666666666666,1.6666666666666667,26.0,-39.0,-16.5,-1.0
2021-10-25,-0.6666666666666666,0.6666666666666666,19.666666666666668,-34.666666666666664,-25.375,0.75
2021-10-26,6.333333333333333,6.333333333333333,23.333333333333332,-29.0,-22.75,0.0
2021-10-27,9.333333333333334,9.0,32.0,-31.333333333333332,-25.125,-0.75
2021-10-28,5.666666666666667,5.666666666666667,25.333333333333332,-29.666666666666668,-24.11111111111111,0.5
2021-10-29,4.333333333333333,3.0,22.666666666666668,-33.333333333333336,-20.0,0.0
2021-10-30,10.0,7.0,26.0,-26.333333333333332,-9.2,-3.3333333333333335
2021-10-31,12.333333333333334,1.0,35.333333333333336,-29.666666666666668,-10.5,-1.5
2021-11-01,-3.3333333333333335,-2.0,23.666666666666668,-34.0,-24.625,-0.25
2021-11-02,2.6666666666666665,1.0,31.333333333333332,-26.333333333333332,-22.75,-0.5
2021-11-03,5.666666666666667,4.0,33.666666666666664,-26.333333333333332,-23.125,-0.75
2021-11-04,8.333333333333334,3.3333333333333335,25.666666666666668,-24.0,-24.666666666666668,-0.75
2021-11-05,3.0,0.6666666666666666,24.333333333333332,-26.0,-20.875,-1.0
2021-11-06,9.666666666666666,3.3333333333333335,23.666666666666668,-15.333333333333334,-6.0,-3.3333333333333335
2021-11-07,14.666666666666666,2.6666666666666665,37.0,-26.666666666666668,-9.25,-2.0
2021-11-08,-3.0,-4.333333333333333,29.666666666666668,-26.333333333333332,-23.375,0.25
2021-11-09,4.666666666666667,3.0,35.333333333333336,-22.0,-20.75,-0.75
2021-11-10,6.0,2.0,37.333333333333336,-28.333333333333332,-23.5,-0.5
2021-11-11,2.6666666666666665,1.0,24.333333333333332,-25.666666666666668,-22.75,0.5
2021-11-12,1.3333333333333333,-0.3333333333333333,27.0,-25.333333333333332,-18.125,0.0
2021-11-13,9.333333333333334,5.333333333333333,34.0,-17.0,-4.4,-3.3333333333333335
2021-11-14,18.666666666666668,5.333333333333333,43.0,-12.0,-9.0,-2.0
2021-11-15,2.0,0.0,37.0,-28.333333333333332,-21.75,-1.0
2021-11-16,9.333333333333334,3.6666666666666665,38.666666666666664,-19.0,-20.5,-1.0
2021-11-17,10.666666666666666,5.333333333333333,11.0,-26.333333333333332,-21.875,-1.25
2021-11-18,11.333333333333334,6.0,34.666666666666664,-15.333333333333334,-21.5,-1.0
2021-11-19,9.333333333333334,5.666666666666667,41.0,-19.666666666666668,-18.125,-1.5
2021-11-20,15.666666666666666,7.666666666666667,34.333333333333336,-10.666666666666666,-2.2,-4.0
2021-11-21,29.0,8.333333333333334,56.0,-11.666666666666666,-3.75,-3.0
2021-11-22,6.0,1.6666666666666667,36.0,-20.666666666666668,-21.25,-0.75
2021-11-23,15.0,8.0,55.666666666666664,-18.333333333333332,-21.375,-1.5
2021-11-24,16.666666666666668,12.0,19.0,-22.0,-21.5,-2.75
2021-11-25,24.333333333333332,16.666666666666668,41.0,-16.333333333333332,-22.0,-1.5
2021-11-26,22.0,14.333333333333334,48.333333333333336,-17.333333333333332,-17.5,-3.0
2021-11-27,28.333333333333332,16.666666666666668,38.0,-10.333333333333334,-1.2,-6.333333333333333
2021-11-28,44.333333333333336,23.0,61.0,-1.6666666666666667,1.5,-4.0
2021-11-29,35.666666666666664,30.0,81.33333333333333,-17.333333333333332,-20.75,-4.25
2021-11-30,-29.0,-59.0,20.0,-45.0,-71.2,13.666666666666666
2021-12-01,23.666666666666668,23.0,43.333333333333336,-17.666666666666668,-18.875,-2.75
2021-12-02,21.666666666666668,16.666666666666668,37.333333333333336,-10.333333333333334,-17.875,-2.0
2021-12-03,14.333333333333334,11.0,35.0,-14.333333333333334,-13.875,-1.75
2021-12-04,22.333333333333332,11.666666666666666,36.0,-4.666666666666667,3.8,-4.666666666666667
2021-12-05,54.333333333333336,18.333333333333332,56.666666666666664,2.3333333333333335,5.75,-4.0
2021-12-06,14.333333333333334,7.0,38.0,-16.666666666666668,-19.125,-1.25
2021-12-07,20.0,12.333333333333334,44.666666666666664,-14.0,-15.75,-1.75
2021-12-08,25.333333333333332,13.0,13.5,-16.333333333333332,-16.125,-1.75
2021-12-09,26.0,15.0,42.0,-14.333333333333334,-16.375,-2.25
2021-12-10,19.333333333333332,13.0,40.0,-16.666666666666668,-11.875,-1.5
2021-12-11,23.666666666666668,10.666666666666666,35.333333333333336,-7.0,7.8,-5.333333333333333
2021-12-12,67.33333333333333,22.0,48.666666666666664,7.666666666666667,13.0,-4.0
2021-12-13,18.666666666666668,9.666666666666666,31.666666666666668,-19.0,-16.5,-1.5
2021-12-14,28.0,18.666666666666668,38.333333333333336,-12.666666666666666,-14.625,-3.0
2021-12-15,34.0,23.333333333333332,23.5,-12.0,-18.0,-5.75
2021-12-16,40.0,29.0,12.0,-3.3333333333333335,-15.75,-4.75
2021-12-17,32.666666666666664,26.0,52.333333333333336,-6.0,-12.625,-5.0
2021-12-18,44.0,28.0,54.666666666666664,4.333333333333333,8.4,-9.0
2021-12-19,119.66666666666667,63.0,78.33333333333333,22.666666666666668,24.0,-8.0
2021-12-20,60.666666666666664,47.666666666666664,58.666666666666664,-5.0,-19.125,-8.0
2021-12-21,57.666666666666664,53.0,33.5,-3.0,-18.375,-7.0
2021-12-22,66.33333333333333,61.333333333333336,34.0,-0.3333333333333333,-20.125,-8.0
2021-12-23,71.0,71.0,34.0,0.0,-22.0,-8.25
2021-12-24,34.0,51.333333333333336,69.0,-13.666666666666666,-32.375,-2.5
2021-12-25,-61.25,-75.0,50.0,-53.0,-53.666666666666664,6.666666666666667
2021-12-26,-0.3333333333333333,-45.666666666666664,60.666666666666664,-13.666666666666666,-15.75,0.0
2021-12-27,-38.333333333333336,-53.333333333333336,23.5,-47.333333333333336,-71.1,15.666666666666666
2021-12-28,31.666666666666668,25.0,26.0,-10.0,-23.25,-0.75
2021-12-29,35.0,24.666666666666668,38.5,-9.0,-24.5,-1.5
2021-12-30,34.666666666666664,29.666666666666668,22.0,-4.333333333333333,-23.625,-1.75
2021-12-31,21.666666666666668,27.333333333333332,68.33333333333333,-19.0,-25.375,-1.75
2022-01-01,-41.666666666666664,-65.25,33.333333333333336,-41.0,-41.833333333333336,6.333333333333333
2022-01-02,24.0,4.666666666666667,58.666666666666664,-0.6666666666666666,0.5,-2.0
2022-01-03,13.666666666666666,11.0,49.666666666666664,-14.666666666666666,-21.125,0.25
2022-01-04,15.666666666666666,12.666666666666666,44.0,-14.333333333333334,-18.25,0.25
2022-01-05,16.0,14.333333333333334,17.0,-15.0,-20.25,-0.5
2022-01-06,16.333333333333332,11.333333333333334,40.666666666666664,-12.333333333333334,-18.875,0.5
2022-01-07,7.666666666666667,8.333333333333334,36.0,-17.333333333333332,-15.375,1.0
2022-01-08,8.0,6.333333333333333,32.666666666666664,-11.0,0.2,-0.6666666666666666
2022-01-09,19.666666666666668,1.0,47.0,-5.333333333333333,-1.5,-1.0
2022-01-10,4.333333333333333,2.0,35.0,-19.333333333333332,-18.125,0.75
2022-01-11,6.666666666666667,5.666666666666667,41.0,-17.333333333333332,-16.875,1.25
2022-01-12,9.333333333333334,10.333333333333334,44.0,-17.0,-18.625,0.75
2022-01-13,6.666666666666667,6.666666666666667,34.666666666666664,-14.333333333333334,-18.125,1.25
2022-01-14,6.333333333333333,7.666666666666667,28.333333333333332,-16.333333333333332,-13.875,2.0
2022-01-15,8.666666666666666,8.0,24.333333333333332,-11.333333333333334,3.2,-1.3333333333333333
2022-01-16,21.666666666666668,4.666666666666667,38.0,-9.0,1.75,-1.5
2022-01-17,1.0,7.666666666666667,26.333333333333332,-21.0,-17.125,3.75
2022-01-18,11.666666666666666,15.333333333333334,47.333333333333336,-10.333333333333334,-13.75,1.0
2022-01-19,17.666666666666668,23.0,34.0,-11.666666666666666,-22.25,-0.75
2022-01-20,19.0,28.0,19.666666666666668,-11.0,-17.125,1.75
2022-01-21,-31.75,-58.0,22.0,-44.0,-66.9,18.666666666666668
2022-01-22,13.333333333333334,16.333333333333332,18.0,-8.666666666666666,2.2,-0.3333333333333333
2022-01-23,20.0,4.333333333333333,26.333333333333332,-5.333333333333333,-1.75,-0.5
2022-01-24,4.333333333333333,6.333333333333333,26.333333333333332,-20.666666666666668,-17.125,4.0
2022-01-25,15.666666666666666,15.666666666666666,27.666666666666668,-11.333333333333334,-14.875,2.75
2022-01-26,16.333333333333332,17.0,25.0,-17.333333333333332,-18.125,2.25
2022-01-27,14.0,17.666666666666668,21.666666666666668,-11.666666666666666,-18.0,3.75
2022-01-28,9.333333333333334,12.333333333333334,15.666666666666666,-15.333333333333334,-13.625,3.5
2022-01-29,16.333333333333332,14.666666666666666,23.0,-8.0,1.8,-0.6666666666666666
2022-01-30,26.333333333333332,11.0,30.666666666666668,1.0,1.5,-1.0
2022-01-31,5.666666666666667,8.333333333333334,17.666666666666668,-18.666666666666668,-18.375,4.0
2022-02-01,11.333333333333334,15.0,23.333333333333332,-11.0,-15.0,2.5
2022-02-02,11.0,12.0,21.0,-17.333333333333332,-17.625,3.25
2022-02-03,14.0,14.0,22.0,-14.666666666666666,-16.625,3.5
2022-02-04,7.333333333333333,9.333333333333334,16.666666666666668,-15.0,-13.25,4.5
2022-02-05,16.0,13.0,26.0,-6.333333333333333,3.2,-1.3333333333333333
2022-02-06,25.0,6.0,33.666666666666664,1.6666666666666667,3.25,-1.5
2022-02-07,4.666666666666667,4.0,22.333333333333332,-18.333333333333332,-15.25,3.75
2022-02-08,11.0,11.0,23.333333333333332,-11.666666666666666,-13.25,3.25
2022-02-09,10.666666666666666,12.666666666666666,30.0,-14.0,-15.75,2.25
2022-02-10,13.666666666666666,14.333333333333334,26.0,-9.333333333333334,-15.75,3.25
2022-02-11,11.666666666666666,14.333333333333334,22.333333333333332,-16.333333333333332,-11.75,3.0
2022-02-12,17.0,15.666666666666666,24.333333333333332,-4.0,6.6,-1.3333333333333333
2022-02-13,29.666666666666668,15.0,38.333333333333336,1.3333333333333333,5.25,-2.0
2022-02-14,20.333333333333332,13.0,30.333333333333332,-16.333333333333332,-12.625,1.0
2022-02-15,13.666666666666666,9.666666666666666,22.0,-8.333333333333334,-11.0,1.5
2022-02-16,18.0,13.0,33.0,-12.333333333333334,-13.625,1.25
2022-02-17,25.0,15.666666666666666,27.333333333333332,-8.666666666666666,-11.5,0.0
2022-02-18,20.0,14.0,31.666666666666668,-11.333333333333334,-8.25,0.25
2022-02-19,24.666666666666668,15.333333333333334,30.666666666666668,-2.6666666666666665,7.4,-2.6666666666666665
2022-02-20,35.333333333333336,16.333333333333332,39.333333333333336,7.333333333333333,11.25,-2.5
2022-02-21,11.333333333333334,11.0,33.666666666666664,-11.666666666666666,-11.375,-0.75
2022-02-22,16.666666666666668,14.333333333333334,40.666666666666664,-6.0,-8.75,-1.5
2022-02-23,20.333333333333332,17.0,47.333333333333336,-12.0,-9.625,-2.0
2022-02-24,21.333333333333332,19.0,44.333333333333336,-0.3333333333333333,-9.5,-1.75
2022-02-25,6.333333333333333,6.333333333333333,22.333333333333332,-13.666666666666666,-8.75,1.25
2022-02-26,11.333333333333334,11.666666666666666,11.333333333333334,-14.333333333333334,0.4,0.6666666666666666
2022-02-27,24.0,19.0,32.333333333333336,-9.0,4.5,-1.5
2022-02-28,21.333333333333332,20.666666666666668,54.666666666666664,-10.333333333333334,-9.5,-2.0
2022-03-01,23.666666666666668,25.666666666666668,29.5,1.0,-5.5,-2.75
2022-03-02,23.666666666666668,20.666666666666668,26.5,-6.666666666666667,-7.75,-2.25
2022-03-03,22.333333333333332,18.333333333333332,17.0,-6.666666666666667,-6.625,-1.0
2022-03-04,17.0,12.666666666666666,57.0,-6.666666666666667,-1.875,0.5
2022-03-05,23.666666666666668,16.0,50.666666666666664,-2.3333333333333335,8.8,-2.3333333333333335
2022-03-06,42.333333333333336,15.666666666666666,67.66666666666667,7.666666666666667,7.25,-2.0
2022-03-07,11.0,9.666666666666666,60.0,-8.666666666666666,-6.5,1.0
2022-03-08,14.333333333333334,11.0,27.5,-1.0,-2.0,2.25
2022-03-09,17.666666666666668,13.666666666666666,27.5,-7.0,-3.0,3.0
2022-03-10,16.333333333333332,13.0,21.5,-1.3333333333333333,-2.0,4.25
2022-03-11,15.666666666666666,13.666666666666666,67.0,-5.333333333333333,2.375,4.333333333333333
2022-03-12,20.666666666666668,14.666666666666666,66.33333333333333,-0.6666666666666666,8.6,1.6666666666666667
2022-03-13,39.333333333333336,18.666666666666668,68.66666666666667,15.0,6.5,1.0
2022-03-14,10.333333333333334,9.666666666666666,38.5,-9.666666666666666,-2.25,4.666666666666667
2022-03-15,21.666666666666668,15.0,39.5,7.666666666666667,2.125,4.25
2022-03-16,20.666666666666668,15.666666666666666,33.5,-6.0,-1.0,3.0
2022-03-17,20.666666666666668,15.333333333333334,21.0,-7.0,0.125,3.75
2022-03-18,15.333333333333334,17.0,60.0,-3.6666666666666665,3.75,3.5
2022-03-19,22.333333333333332,13.333333333333334,54.333333333333336,-4.0,9.2,1.6666666666666667
2022-03-20,39.666666666666664,14.666666666666666,68.0,15.666666666666666,9.0,1.0
2022-03-21,11.666666666666666,8.333333333333334,31.0,-6.333333333333333,0.625,4.666666666666667
2022-03-22,18.333333333333332,13.0,36.5,3.6666666666666665,3.0,4.0
2022-03-23,21.333333333333332,19.0,32.5,-1.3333333333333333,1.5,3.5
2022-03-24,22.666666666666668,16.666666666666668,27.5,6.0,0.5,3.75
2022-03-25,21.666666666666668,20.0,62.333333333333336,-4.666666666666667,2.375,4.0
2022-03-26,27.666666666666668,19.666666666666668,63.333333333333336,1.6666666666666667,9.0,-0.3333333333333333
2022-03-27,43.0,24.333333333333332,73.66666666666667,9.666666666666666,6.25,-0.5
2022-03-28,14.333333333333334,13.333333333333334,34.0,-11.0,0.375,4.5
2022-03-29,22.0,16.666666666666668,27.5,-3.0,4.5,4.0
2022-03-30,22.666666666666668,21.0,33.0,-2.0,0.25,2.75
2022-03-31,22.666666666666668,16.333333333333332,13.5,-8.0,0.375,4.0
2022-04-01,15.333333333333334,14.0,64.0,-15.0,5.25,2.75
2022-04-02,19.666666666666668,15.333333333333334,53.666666666666664,-8.0,8.4,0.6666666666666666
2022-04-03,35.0,17.333333333333332,75.66666666666667,0.0,6.0,0.0
2022-04-04,7.333333333333333,9.666666666666666,25.5,-12.333333333333334,-0.875,4.25
2022-04-05,12.0,13.333333333333334,26.5,-2.6666666666666665,2.25,4.0
2022-04-06,19.333333333333332,14.0,31.0,-4.0,-0.5,3.0
2022-04-07,21.0,14.333333333333334,25.5,-2.0,-0.625,3.0
2022-04-08,15.666666666666666,16.0,59.333333333333336,-15.333333333333334,-1.5,4.666666666666667
2022-04-09,17.666666666666668,13.666666666666666,52.333333333333336,-6.666666666666667,8.2,1.3333333333333333
2022-04-10,39.333333333333336,20.0,70.66666666666667,11.333333333333334,5.25,0.0
2022-04-11,13.333333333333334,14.0,26.5,-17.0,-8.375,5.333333333333333
2022-04-12,22.0,21.666666666666668,27.0,-2.6666666666666665,-5.625,5.0
2022-04-13,25.0,28.333333333333332,34.5,-8.666666666666666,-8.875,4.0
2022-04-14,40.666666666666664,49.666666666666664,31.5,-0.3333333333333333,-7.875,1.5
2022-04-15,-48.75,-62.75,28.666666666666668,-57.666666666666664,-69.3,25.333333333333332
2022-04-16,23.0,31.666666666666668,47.666666666666664,-12.0,5.2,0.3333333333333333
2022-04-17,24.333333333333332,-24.333333333333332,62.666666666666664,-7.333333333333333,-4.25,-0.5
2022-04-18,-32.0,-41.25,32.5,-49.333333333333336,-68.9,18.333333333333332
2022-04-19,16.333333333333332,20.333333333333332,20.5,-8.0,-7.125,4.75
2022-04-20,18.333333333333332,15.666666666666666,26.0,-12.333333333333334,-9.0,5.25
2022-04-21,20.0,12.666666666666666,16.0,-12.0,-7.125,6.0
2022-04-22,17.333333333333332,13.666666666666666,47.0,-19.666666666666668,-5.625,6.333333333333333
2022-04-23,20.333333333333332,15.333333333333334,45.666666666666664,-13.0,7.8,2.0
2022-04-24,36.0,22.0,62.0,1.6666666666666667,6.0,0.5
2022-04-25,0.0,0.0,27.333333333333332,-24.333333333333332,-9.75,9.333333333333334
2022-04-26,19.333333333333332,25.666666666666668,9.0,-5.666666666666667,-1.75,5.666666666666667
2022-04-27,32.666666666666664,40.333333333333336,19.5,-6.333333333333333,-1.875,1.75
2022-04-28,-28.0,-57.75,25.333333333333332,-46.0,-68.3,22.0
2022-04-29,20.666666666666668,25.666666666666668,49.0,-11.666666666666666,-0.125,5.0
2022-04-30,27.666666666666668,25.0,52.666666666666664,-12.333333333333334,10.4,0.6666666666666666
2022-05-01,43.0,23.666666666666668,71.0,-15.0,3.75,-0.5
2022-05-02,-29.0,-56.75,22.5,-53.666666666666664,-68.9,19.333333333333332
2022-05-03,23.333333333333332,29.0,22.5,-2.6666666666666665,1.875,3.75
2022-05-04,23.333333333333332,26.0,22.0,-5.333333333333333,-0.75,3.75
2022-05-05,23.333333333333332,20.666666666666668,14.5,-8.0,-0.875,4.0
2022-05-06,18.666666666666668,17.333333333333332,49.333333333333336,-12.0,2.375,3.5
2022-05-07,27.0,21.333333333333332,46.333333333333336,-10.333333333333334,8.8,1.0
2022-05-08,53.666666666666664,18.333333333333332,66.33333333333333,-11.333333333333334,3.0,-1.0
2022-05-09,8.333333333333334,9.333333333333334,53.333333333333336,-12.333333333333334,-3.375,5.0
2022-05-10,16.0,16.333333333333332,19.5,-2.0,0.25,4.25
2022-05-11,20.666666666666668,16.666666666666668,28.0,-7.0,-2.375,3.25
2022-05-12,19.333333333333332,14.666666666666666,15.5,-12.333333333333334,-1.5,4.0
2022-05-13,15.333333333333334,14.333333333333334,47.333333333333336,-13.333333333333334,2.0,3.6666666666666665
