date,retail_and_recreation_percent_change_from_baseline_Belize,grocery_and_pharmacy_percent_change_from_baseline_Belize,parks_percent_change_from_baseline_Belize,transit_stations_percent_change_from_baseline_Belize,workplaces_percent_change_from_baseline_Belize,residential_percent_change_from_baseline_Belize
2020-02-15,8.0,7.666666666666667,16.0,16.0,4.2,-2.0
2020-02-16,4.666666666666667,3.5,13.0,14.0,0.0,-2.0
2020-02-17,2.6666666666666665,1.0,6.333333333333333,3.6666666666666665,1.5,0.3333333333333333
2020-02-18,3.5,2.0,11.333333333333334,3.0,1.5,-0.3333333333333333
2020-02-19,1.25,-3.6666666666666665,7.666666666666667,2.0,4.666666666666667,0.0
2020-02-20,4.25,1.3333333333333333,31.666666666666668,10.666666666666666,-13.333333333333334,2.6666666666666665
2020-02-21,1.75,-0.6666666666666666,5.0,0.6666666666666666,4.0,-0.3333333333333333
2020-02-22,0.0,0.3333333333333333,11.333333333333334,6.5,3.2,0.0
2020-02-23,4.333333333333333,5.0,29.0,18.0,1.5,-1.0
2020-02-24,1.0,0.3333333333333333,2.3333333333333335,1.3333333333333333,2.6666666666666665,0.6666666666666666
2020-02-25,2.0,1.3333333333333333,7.666666666666667,4.333333333333333,2.6666666666666665,0.0
2020-02-26,1.25,0.6666666666666666,5.0,6.666666666666667,4.833333333333333,0.3333333333333333
2020-02-27,0.5,6.333333333333333,-4.0,8.0,0.8333333333333334,1.3333333333333333
2020-02-28,7.75,5.666666666666667,7.333333333333333,8.0,0.8333333333333334,-1.0
2020-02-29,6.0,9.666666666666666,35.666666666666664,17.5,4.0,-2.0
2020-03-01,1.0,5.5,3.6666666666666665,15.5,1.0,-1.0
2020-03-02,5.0,4.666666666666667,16.333333333333332,4.333333333333333,3.0,0.0
2020-03-03,2.5,0.3333333333333333,-0.6666666666666666,0.6666666666666666,3.1666666666666665,-0.3333333333333333
2020-03-04,1.0,2.0,10.0,8.666666666666666,5.166666666666667,1.0
2020-03-05,6.5,8.0,17.333333333333332,11.0,2.5,-0.3333333333333333
2020-03-06,1.75,2.0,24.333333333333332,3.3333333333333335,0.0,0.3333333333333333
2020-03-07,-1.0,4.0,35.666666666666664,8.5,-0.8,-1.0
2020-03-08,4.0,4.5,1.3333333333333333,4.0,-2.75,0.0
2020-03-09,-25.666666666666668,-30.5,15.666666666666666,-27.666666666666668,-59.166666666666664,12.0
2020-03-10,2.0,7.333333333333333,3.0,5.666666666666667,3.6666666666666665,-1.0
2020-03-11,0.5,8.666666666666666,13.666666666666666,3.0,4.833333333333333,0.3333333333333333
2020-03-12,3.5,27.0,16.0,7.666666666666667,2.3333333333333335,0.3333333333333333
2020-03-13,6.75,29.666666666666668,13.333333333333334,1.0,3.8333333333333335,-0.6666666666666666
2020-03-14,1.25,23.666666666666668,13.333333333333334,5.5,4.4,0.0
2020-03-15,-6.0,5.0,3.6666666666666665,-4.0,0.5,1.0
2020-03-16,-5.333333333333333,11.333333333333334,-1.6666666666666667,-10.0,1.8333333333333333,1.6666666666666667
2020-03-17,-9.0,9.666666666666666,-9.333333333333334,-13.666666666666666,-0.16666666666666666,2.3333333333333335
2020-03-18,-9.75,6.666666666666667,-16.0,-11.333333333333334,1.3333333333333333,3.0
2020-03-19,-9.0,19.0,0.3333333333333333,-11.666666666666666,-2.6666666666666665,3.3333333333333335
2020-03-20,-7.5,32.666666666666664,-5.666666666666667,-15.333333333333334,-2.6666666666666665,3.0
2020-03-21,-16.25,24.333333333333332,0.3333333333333333,-13.666666666666666,-8.2,5.0
2020-03-22,-40.0,-13.5,-25.0,-30.5,-17.75,7.0
2020-03-23,-25.0,18.0,-18.333333333333332,-31.0,-30.166666666666668,10.5
2020-03-24,-46.25,-13.0,-28.0,-54.0,-45.0,16.0
2020-03-25,-49.0,-5.666666666666667,-36.0,-59.333333333333336,-47.166666666666664,17.5
2020-03-26,-58.0,-36.0,-34.333333333333336,-60.666666666666664,-49.833333333333336,19.5
2020-03-27,-56.75,-32.5,-31.666666666666668,-65.75,-47.5,21.0
2020-03-28,-60.75,-39.333333333333336,-31.333333333333332,-66.25,-41.5,16.0
2020-03-29,-64.25,-49.0,-37.0,-69.66666666666667,-43.5,13.0
2020-03-30,-47.0,-27.0,-34.666666666666664,-61.75,-51.166666666666664,20.0
2020-03-31,-48.0,-19.5,-33.666666666666664,-61.333333333333336,-51.0,18.0
2020-04-01,-48.5,-16.666666666666668,-35.666666666666664,-62.0,-53.0,19.0
2020-04-02,-70.0,-50.5,-52.333333333333336,-76.0,-63.0,26.0
2020-04-03,-69.4,-46.333333333333336,-55.333333333333336,-73.75,-61.333333333333336,28.0
2020-04-04,-77.25,-52.333333333333336,-58.333333333333336,-78.5,-56.666666666666664,22.0
2020-04-05,-79.33333333333333,-64.0,-64.0,-82.33333333333333,-59.5,
2020-04-06,-69.33333333333333,-47.0,-55.666666666666664,-77.25,-65.33333333333333,27.0
2020-04-07,-72.0,-48.5,-57.666666666666664,-80.33333333333333,-68.0,28.0
2020-04-08,-72.5,-45.5,-62.0,-79.66666666666667,-68.0,28.0
2020-04-09,-66.5,-23.0,-51.666666666666664,-76.66666666666667,-68.33333333333333,27.0
2020-04-10,-93.0,-94.0,-75.33333333333333,-97.0,-86.83333333333333,
2020-04-11,-79.25,-51.666666666666664,-66.33333333333333,-80.0,-65.66666666666667,
2020-04-12,-92.0,-94.0,-78.33333333333333,-96.5,-69.83333333333333,
2020-04-13,-83.66666666666667,-71.0,-65.0,-92.5,-82.83333333333333,
2020-04-14,-72.75,-43.5,-56.666666666666664,-80.5,-69.66666666666667,28.0
2020-04-15,-70.75,-40.5,-58.0,-80.0,-68.33333333333333,28.0
2020-04-16,-71.5,-40.0,-54.333333333333336,-80.33333333333333,-68.5,28.0
2020-04-17,-72.0,-45.0,-52.666666666666664,-80.2,-67.16666666666667,30.0
2020-04-18,-74.75,-47.0,-56.333333333333336,-78.5,-55.333333333333336,21.0
2020-04-19,-92.0,-94.0,-78.66666666666667,-97.0,-71.5,
2020-04-20,-65.66666666666667,-45.0,-50.0,-78.75,-64.16666666666667,26.0
2020-04-21,-69.25,-43.0,-52.0,-81.33333333333333,-65.16666666666667,26.0
2020-04-22,-71.25,-46.5,-53.666666666666664,-82.0,-65.0,27.0
2020-04-23,-72.0,-49.0,-52.666666666666664,-84.0,-66.16666666666667,26.0
2020-04-24,-70.5,-49.0,-52.333333333333336,-80.0,-62.833333333333336,28.0
2020-04-25,-72.0,-47.666666666666664,-51.0,-79.25,-51.333333333333336,20.0
2020-04-26,-77.0,-59.0,-54.666666666666664,-83.5,-51.75,
2020-04-27,-58.0,-38.666666666666664,-45.666666666666664,-71.33333333333333,-56.0,23.0
2020-04-28,-57.0,-36.5,-44.333333333333336,-71.0,-56.666666666666664,18.0
2020-04-29,-56.5,-30.0,-47.666666666666664,-68.33333333333333,-55.666666666666664,23.0
2020-04-30,-49.333333333333336,-14.333333333333334,-37.333333333333336,-61.666666666666664,-56.666666666666664,20.0
2020-05-01,-73.75,-57.0,-55.333333333333336,-84.5,-74.0,31.0
2020-05-02,-56.0,-28.0,-41.333333333333336,-66.25,-41.5,17.0
2020-05-03,-72.33333333333333,-49.0,-53.333333333333336,-75.33333333333333,-44.75,14.0
2020-05-04,-38.75,-24.0,-31.0,-57.333333333333336,-45.5,19.0
2020-05-05,-43.0,-23.333333333333332,-36.333333333333336,-60.0,-47.5,19.0
2020-05-06,-43.75,-23.333333333333332,-38.333333333333336,-57.0,-44.666666666666664,19.0
2020-05-07,-49.25,-23.0,-37.0,-60.333333333333336,-46.666666666666664,20.0
2020-05-08,-48.5,-21.666666666666668,-37.666666666666664,-59.666666666666664,-44.5,21.0
2020-05-09,-44.25,-11.666666666666666,-35.0,-57.666666666666664,-33.666666666666664,15.0
2020-05-10,-54.75,-26.0,-48.0,-62.666666666666664,-31.0,11.0
2020-05-11,-41.0,-24.333333333333332,-31.333333333333332,-54.333333333333336,-41.0,17.0
2020-05-12,-38.333333333333336,-20.333333333333332,-37.0,-55.333333333333336,-42.5,19.0
2020-05-13,-45.0,-26.666666666666668,-36.333333333333336,-57.333333333333336,-42.166666666666664,19.0
2020-05-14,-43.75,-20.333333333333332,-31.666666666666668,-54.666666666666664,-42.0,17.5
2020-05-15,-38.75,-13.0,-25.333333333333332,-54.0,-38.666666666666664,19.0
2020-05-16,-39.0,-8.666666666666666,-21.0,-45.333333333333336,-27.5,12.0
2020-05-17,-50.75,-28.0,-30.333333333333332,-61.666666666666664,-35.0,9.0
2020-05-18,-33.75,-17.0,-27.666666666666668,-50.333333333333336,-38.666666666666664,16.0
2020-05-19,-36.25,-16.333333333333332,-29.0,-53.0,-41.0,17.5
2020-05-20,-36.0,-17.333333333333332,-30.333333333333332,-51.0,-37.833333333333336,17.0
2020-05-21,-38.0,-19.5,-25.666666666666668,-52.333333333333336,-39.666666666666664,18.5
2020-05-22,-38.75,-12.333333333333334,-25.333333333333332,-52.666666666666664,-34.833333333333336,17.5
2020-05-23,-38.25,-10.0,-22.0,-44.333333333333336,-26.0,11.0
2020-05-24,-43.75,-21.0,-19.0,-57.0,-31.5,7.0
2020-05-25,-54.5,-51.0,-19.333333333333332,-70.33333333333333,-69.5,21.0
2020-05-26,-34.75,-17.0,-25.333333333333332,-48.0,-36.166666666666664,15.0
2020-05-27,-29.333333333333332,-15.0,-31.0,-54.666666666666664,-35.333333333333336,16.5
2020-05-28,-34.5,-8.0,-23.0,-45.666666666666664,-35.666666666666664,17.0
2020-05-29,-31.0,-2.0,-17.333333333333332,-47.333333333333336,-32.5,16.0
2020-05-30,-35.25,-4.333333333333333,-25.333333333333332,-45.0,-25.166666666666668,12.0
2020-05-31,-52.0,-25.0,-39.0,-57.0,-28.75,10.0
2020-06-01,-26.75,-7.0,-23.666666666666668,-46.333333333333336,-33.666666666666664,14.5
2020-06-02,-35.75,-17.5,-32.333333333333336,-48.333333333333336,-34.0,16.0
2020-06-03,-31.25,-11.0,-29.0,-50.0,-31.0,15.0
2020-06-04,-32.5,-7.333333333333333,-27.333333333333332,-47.666666666666664,-32.666666666666664,15.5
2020-06-05,-30.25,-4.666666666666667,-19.333333333333332,-46.666666666666664,-29.5,15.5
2020-06-06,-31.0,-4.0,-17.333333333333332,-44.0,-17.4,10.0
2020-06-07,-42.25,-19.0,-28.0,-49.0,-19.0,7.0
2020-06-08,-25.0,-9.333333333333334,-21.0,-44.666666666666664,-28.833333333333332,13.0
2020-06-09,-30.0,-14.0,-25.666666666666668,-49.333333333333336,-30.833333333333332,14.5
2020-06-10,-30.75,-13.333333333333334,-25.666666666666668,-47.0,-29.333333333333332,14.5
2020-06-11,-31.25,-10.666666666666666,-20.0,-46.0,-31.333333333333332,15.0
2020-06-12,-21.75,-1.0,-11.0,-42.333333333333336,-27.666666666666668,12.0
2020-06-13,-20.75,3.0,-5.0,-36.333333333333336,-12.0,6.0
2020-06-14,-34.75,-11.5,-20.333333333333332,-49.0,-11.75,5.0
2020-06-15,-20.25,-3.0,-14.333333333333334,-40.666666666666664,-27.0,11.5
2020-06-16,-26.5,-3.3333333333333335,-26.0,-42.666666666666664,-29.166666666666668,13.5
2020-06-17,-31.25,-8.0,-33.0,-46.333333333333336,-31.166666666666668,14.5
2020-06-18,-34.666666666666664,-17.666666666666668,-33.333333333333336,-60.0,-35.333333333333336,17.0
2020-06-19,-25.25,-3.6666666666666665,-15.666666666666666,-43.333333333333336,-25.333333333333332,11.0
2020-06-20,-21.75,1.0,-5.666666666666667,-36.666666666666664,-9.6,7.0
2020-06-21,-33.25,-11.5,-19.666666666666668,-50.5,-7.5,5.0
2020-06-22,-15.333333333333334,-9.333333333333334,-10.666666666666666,-39.333333333333336,-26.833333333333332,12.0
2020-06-23,-23.25,-3.6666666666666665,-14.666666666666666,-41.333333333333336,-28.833333333333332,12.0
2020-06-24,-23.75,-4.333333333333333,-21.0,-43.0,-25.166666666666668,12.0
2020-06-25,-23.25,-0.6666666666666666,-15.0,-41.333333333333336,-27.333333333333332,12.0
2020-06-26,-15.75,5.333333333333333,-6.666666666666667,-40.333333333333336,-23.166666666666668,9.5
2020-06-27,-14.0,4.333333333333333,0.0,-30.0,-9.8,5.0
2020-06-28,-31.5,-9.0,-12.0,-44.0,-14.25,5.0
2020-06-29,-15.0,2.6666666666666665,-8.666666666666666,-33.666666666666664,-25.833333333333332,10.0
2020-06-30,-17.25,4.666666666666667,-11.333333333333334,-36.333333333333336,-28.0,10.5
2020-07-01,-18.5,-0.3333333333333333,-15.0,-38.333333333333336,-27.0,10.5
2020-07-02,-22.25,-1.0,-10.0,-36.0,-29.166666666666668,11.5
2020-07-03,-18.0,3.0,-7.0,-34.333333333333336,-27.333333333333332,10.0
2020-07-04,-20.0,0.6666666666666666,-4.666666666666667,-34.333333333333336,-11.6,6.0
2020-07-05,-28.75,-13.5,-13.333333333333334,-38.5,-13.25,4.0
2020-07-06,-17.75,0.0,-9.666666666666666,-35.0,-28.333333333333332,10.0
2020-07-07,-19.75,1.6666666666666667,-14.333333333333334,-37.666666666666664,-30.0,10.0
2020-07-08,-24.75,-6.0,-20.0,-42.0,-28.333333333333332,11.5
2020-07-09,-24.75,-5.666666666666667,-12.666666666666666,-38.0,-29.166666666666668,11.0
2020-07-10,-21.5,-2.3333333333333335,-8.333333333333334,-38.666666666666664,-26.666666666666668,10.0
2020-07-11,-17.75,0.6666666666666666,-0.3333333333333333,-32.666666666666664,-9.8,5.0
2020-07-12,-27.75,-10.5,-7.333333333333333,-39.5,-12.75,3.0
2020-07-13,-18.5,-2.0,-12.0,-39.0,-28.5,10.0
2020-07-14,-21.25,-2.3333333333333335,-11.333333333333334,-40.666666666666664,-30.833333333333332,11.0
2020-07-15,-20.5,-3.0,-17.666666666666668,-39.0,-28.0,10.5
2020-07-16,-20.25,3.3333333333333335,-6.666666666666667,-36.666666666666664,-29.0,11.0
2020-07-17,-16.25,3.3333333333333335,-12.0,-36.666666666666664,-26.666666666666668,9.5
2020-07-18,-15.75,4.0,0.6666666666666666,-31.666666666666668,-12.8,5.0
2020-07-19,-25.0,-9.0,-2.3333333333333335,-36.5,-13.5,3.0
2020-07-20,-17.0,-3.3333333333333335,-9.0,-37.333333333333336,-28.833333333333332,9.5
2020-07-21,-23.0,-5.333333333333333,-16.0,-42.0,-30.666666666666668,10.5
2020-07-22,-22.75,-5.0,-22.0,-41.0,-28.666666666666668,10.5
2020-07-23,-23.25,-6.0,-11.666666666666666,-37.0,-29.666666666666668,10.0
2020-07-24,-18.5,-3.3333333333333335,-5.333333333333333,-38.0,-27.0,9.5
2020-07-25,-18.25,-4.0,4.666666666666667,-35.333333333333336,-13.6,5.0
2020-07-26,-26.5,-12.0,-2.0,-38.5,-13.75,3.0
2020-07-27,-18.5,-3.6666666666666665,-11.0,-40.666666666666664,-29.0,10.5
2020-07-28,-19.75,-4.0,-15.666666666666666,-44.0,-29.333333333333332,10.0
2020-07-29,-20.0,-4.333333333333333,-19.333333333333332,-40.333333333333336,-29.833333333333332,10.0
2020-07-30,-19.0,1.0,-9.666666666666666,-36.666666666666664,-31.333333333333332,11.0
2020-07-31,-9.5,10.666666666666666,2.6666666666666665,-30.666666666666668,-25.833333333333332,7.0
2020-08-01,-7.0,12.0,22.666666666666668,-22.0,-11.8,3.0
2020-08-02,-25.0,-8.5,-8.333333333333334,-30.5,-16.25,3.0
2020-08-03,-15.0,2.3333333333333335,-2.6666666666666665,-33.0,-26.333333333333332,8.0
2020-08-04,-18.5,5.333333333333333,-10.333333333333334,-39.666666666666664,-29.0,9.0
2020-08-05,-15.0,0.6666666666666666,-23.0,-41.0,-29.0,11.0
2020-08-06,-23.0,-5.0,-22.666666666666668,-45.333333333333336,-34.666666666666664,12.5
2020-08-07,-37.0,-7.666666666666667,-21.333333333333332,-54.5,-34.166666666666664,13.5
2020-08-08,-40.5,-6.0,-22.0,-53.0,-25.6,12.0
2020-08-09,-53.25,-29.0,-36.0,-59.666666666666664,-31.5,9.0
2020-08-10,-30.666666666666668,-16.0,-32.666666666666664,-58.75,-37.166666666666664,14.5
2020-08-11,-29.333333333333332,-17.0,-28.0,-56.333333333333336,-37.333333333333336,14.5
2020-08-12,-29.0,-15.0,-33.666666666666664,-57.666666666666664,-35.5,14.5
2020-08-13,-41.25,-12.333333333333334,-29.666666666666668,-55.0,-38.0,16.0
2020-08-14,-36.5,-4.666666666666667,-27.666666666666668,-55.0,-36.666666666666664,16.0
2020-08-15,-38.5,-4.666666666666667,-24.333333333333332,-61.75,-28.833333333333332,13.0
2020-08-16,-56.5,-29.5,-37.333333333333336,-64.0,-36.0,12.0
2020-08-17,,,,,-38.0,17.0
2020-08-18,,,,,-39.0,16.5
2020-08-19,,,,,-38.0,17.5
2020-08-20,,,,,-40.0,17.5
2020-08-21,,,,,-37.0,18.0
2020-08-22,,,,,-29.0,14.0
2020-08-23,,,,,,12.0
2020-08-24,,,,,-38.0,17.0
2020-08-25,,,,,-40.0,17.5
2020-08-26,,,,,-37.0,16.5
2020-08-27,,,,,-39.0,17.0
2020-08-28,,,,,-35.0,16.0
2020-08-29,,,,,-29.0,12.0
2020-08-30,,,,,,10.0
2020-08-31,,,,,-36.0,14.5
2020-09-01,,,,,-37.0,14.5
2020-09-02,,,,,-40.0,11.0
2020-09-03,,,,,-62.5,21.0
2020-09-04,,,,,-34.0,17.0
2020-09-05,,,,,-32.0,14.0
2020-09-06,,,,,,11.0
2020-09-07,,,,,-34.0,13.5
2020-09-08,,,,,-35.0,13.0
2020-09-09,,,,,-32.0,11.5
2020-09-10,,,,,-74.5,22.0
2020-09-11,-17.5,-6.0,2.0,-47.666666666666664,-33.5,13.0
2020-09-12,-20.75,-5.0,-0.6666666666666666,-48.0,-25.666666666666668,8.0
2020-09-13,-30.0,-10.0,-9.0,-55.333333333333336,-34.0,8.0
2020-09-14,-7.0,-1.3333333333333333,7.666666666666667,-46.0,-28.5,11.5
2020-09-15,-13.0,-5.333333333333333,1.3333333333333333,-47.0,-32.5,12.5
2020-09-16,-17.25,-12.0,-6.666666666666667,-52.0,-30.5,13.0
2020-09-17,-20.75,-13.0,-5.666666666666667,-50.333333333333336,-32.666666666666664,13.0
2020-09-18,-16.5,-10.5,-2.0,-47.333333333333336,-27.833333333333332,12.0
2020-09-19,-18.25,6.333333333333333,3.0,-42.666666666666664,-25.0,8.0
2020-09-20,-26.0,-5.0,-6.666666666666667,-53.333333333333336,-32.0,6.0
2020-09-21,-46.0,-49.0,-3.0,-73.66666666666667,-72.5,20.0
2020-09-22,-18.5,-2.6666666666666665,-2.6666666666666665,-46.0,-31.166666666666668,11.0
2020-09-23,-25.5,-11.666666666666666,-13.666666666666666,-53.0,-31.333333333333332,13.0
2020-09-24,-26.75,-10.333333333333334,-10.666666666666666,-50.0,-32.333333333333336,13.666666666666666
2020-09-25,-17.25,-5.333333333333333,-4.0,-48.666666666666664,-29.5,12.666666666666666
2020-09-26,-17.75,9.666666666666666,6.333333333333333,-46.333333333333336,-22.5,7.5
2020-09-27,-31.5,-6.0,-8.666666666666666,-54.666666666666664,-31.0,7.0
2020-09-28,-15.25,-4.0,3.0,-46.333333333333336,-27.833333333333332,12.0
2020-09-29,-20.0,-5.0,-5.0,-46.333333333333336,-30.833333333333332,11.333333333333334
2020-09-30,-19.5,-3.0,-11.333333333333334,-44.333333333333336,-31.0,9.666666666666666
2020-10-01,-22.5,-1.3333333333333333,-5.666666666666667,-40.0,-32.333333333333336,9.333333333333334
2020-10-02,-20.75,-2.3333333333333335,-8.0,-43.0,-28.0,10.333333333333334
2020-10-03,-21.0,7.333333333333333,-3.3333333333333335,-39.333333333333336,-25.0,6.0
2020-10-04,-33.25,-7.0,-17.0,-47.666666666666664,-31.25,6.0
2020-10-05,-16.75,-4.333333333333333,-3.0,-42.333333333333336,-30.5,8.666666666666666
2020-10-06,-20.0,-5.333333333333333,-3.6666666666666665,-47.666666666666664,-32.333333333333336,8.666666666666666
2020-10-07,-23.0,-9.0,-12.0,-50.0,-29.666666666666668,10.333333333333334
2020-10-08,-22.75,-5.0,-3.0,-45.0,-31.0,11.333333333333334
2020-10-09,-19.75,-8.333333333333334,1.0,-44.0,-29.0,11.333333333333334
2020-10-10,-18.5,5.0,7.666666666666667,-40.666666666666664,-21.0,6.0
2020-10-11,-28.5,-3.0,0.6666666666666666,-51.0,-28.0,6.0
2020-10-12,-42.75,-42.5,-0.3333333333333333,-68.33333333333333,-69.33333333333333,21.0
2020-10-13,-14.25,4.333333333333333,-5.0,-44.333333333333336,-31.166666666666668,10.333333333333334
2020-10-14,-13.0,-0.6666666666666666,-19.0,-48.666666666666664,-31.5,13.333333333333334
2020-10-15,-18.25,6.0,-5.666666666666667,-43.333333333333336,-30.5,12.666666666666666
2020-10-16,-18.25,-1.6666666666666667,-10.666666666666666,-45.0,-29.0,13.0
2020-10-17,-18.75,8.5,-4.333333333333333,-45.0,-20.166666666666668,8.5
2020-10-18,-32.0,-5.0,-12.666666666666666,-48.333333333333336,-24.5,6.0
2020-10-19,-15.0,-1.6666666666666667,-4.333333333333333,-43.333333333333336,-29.0,12.333333333333334
2020-10-20,-12.666666666666666,-6.333333333333333,-7.333333333333333,-49.333333333333336,-30.333333333333332,12.333333333333334
2020-10-21,-19.25,-1.0,-10.0,-50.333333333333336,-28.666666666666668,12.0
2020-10-22,-21.25,-2.5,-1.6666666666666667,-47.0,-29.0,11.333333333333334
2020-10-23,-15.75,1.3333333333333333,3.0,-45.0,-24.666666666666668,10.333333333333334
2020-10-24,-15.75,9.333333333333334,10.666666666666666,-42.333333333333336,-19.2,6.5
2020-10-25,-29.0,3.0,-2.6666666666666665,-44.333333333333336,-25.0,6.0
2020-10-26,-14.0,0.3333333333333333,4.333333333333333,-45.333333333333336,-27.666666666666668,10.666666666666666
2020-10-27,-14.5,1.0,4.0,-47.0,-29.166666666666668,10.333333333333334
2020-10-28,-15.25,1.3333333333333333,-9.0,-47.0,-28.333333333333332,10.333333333333334
2020-10-29,-12.5,6.0,-4.333333333333333,-42.333333333333336,-29.666666666666668,10.0
2020-10-30,-11.25,3.3333333333333335,-0.6666666666666666,-39.333333333333336,-26.5,9.333333333333334
2020-10-31,-9.5,19.666666666666668,5.666666666666667,-41.0,-17.2,4.5
2020-11-01,-28.5,2.0,-10.666666666666666,-43.333333333333336,-26.75,6.0
2020-11-02,-12.25,0.3333333333333333,-9.0,-38.0,-28.0,9.333333333333334
2020-11-03,-16.333333333333332,-2.3333333333333335,-22.0,-50.666666666666664,-33.666666666666664,12.666666666666666
2020-11-04,-33.0,-9.666666666666666,-29.0,-52.333333333333336,-38.166666666666664,16.333333333333332
2020-11-05,-26.333333333333332,-8.333333333333334,-21.333333333333332,-50.666666666666664,-42.0,16.666666666666668
2020-11-06,-39.75,-24.0,-17.666666666666668,-64.0,-46.5,20.0
2020-11-07,-29.0,-3.0,3.0,-50.333333333333336,-22.166666666666668,10.5
2020-11-08,-34.0,-5.0,-9.666666666666666,-54.666666666666664,-24.25,9.0
2020-11-09,-6.25,4.333333333333333,9.333333333333334,-40.666666666666664,-31.0,11.0
2020-11-10,-1.25,19.0,18.666666666666668,-37.666666666666664,-35.5,8.666666666666666
2020-11-11,-25.75,-21.5,15.0,-59.333333333333336,-64.0,13.333333333333334
2020-11-12,-10.75,13.333333333333334,5.0,-37.0,-38.166666666666664,11.333333333333334
2020-11-13,-10.75,4.666666666666667,3.6666666666666665,-41.0,-33.333333333333336,11.666666666666666
2020-11-14,-12.0,14.333333333333334,7.333333333333333,-39.333333333333336,-19.2,6.5
2020-11-15,-30.5,0.0,-7.0,-48.333333333333336,-26.25,6.0
2020-11-16,-11.75,1.6666666666666667,0.3333333333333333,-39.333333333333336,-32.833333333333336,11.0
2020-11-17,-19.333333333333332,-11.333333333333334,-22.0,-50.666666666666664,-39.666666666666664,15.0
2020-11-18,-13.666666666666666,0.0,-18.666666666666668,-46.333333333333336,-39.0,14.333333333333334
2020-11-19,-55.25,-36.0,-29.0,-72.33333333333333,-70.83333333333333,26.333333333333332
2020-11-20,-26.0,-8.666666666666666,-17.666666666666668,-51.0,-39.666666666666664,16.666666666666668
2020-11-21,-33.25,-8.0,-13.0,-54.333333333333336,-29.0,12.5
2020-11-22,-41.75,-12.0,-26.666666666666668,-55.0,-33.0,11.0
2020-11-23,-7.0,-2.3333333333333335,1.6666666666666667,-44.0,-33.833333333333336,13.0
2020-11-24,-20.0,-2.0,-3.0,-47.666666666666664,-36.166666666666664,13.0
2020-11-25,-17.75,1.0,-14.333333333333334,-46.666666666666664,-35.666666666666664,13.666666666666666
2020-11-26,-17.75,3.6666666666666665,-2.0,-45.0,-37.0,13.0
2020-11-27,-14.0,0.3333333333333333,-3.0,-45.666666666666664,-31.833333333333332,12.333333333333334
2020-11-28,-17.25,10.666666666666666,-2.3333333333333335,-41.333333333333336,-18.333333333333332,7.5
2020-11-29,-33.0,-3.0,-13.333333333333334,-46.333333333333336,-24.75,8.0
2020-11-30,-9.75,3.0,-0.3333333333333333,-37.666666666666664,-30.333333333333332,11.666666666666666
2020-12-01,-7.666666666666667,3.0,-7.333333333333333,-47.0,-37.0,13.0
2020-12-02,-25.5,-10.5,-20.666666666666668,-51.0,-36.333333333333336,14.333333333333334
2020-12-03,-10.333333333333334,3.0,-6.0,-44.0,-36.666666666666664,14.0
2020-12-04,-19.25,-3.3333333333333335,-11.333333333333334,-46.666666666666664,-32.833333333333336,14.333333333333334
2020-12-05,-14.75,9.333333333333334,2.0,-42.666666666666664,-18.666666666666668,7.5
2020-12-06,-30.75,4.0,-17.333333333333332,-49.666666666666664,-28.0,8.0
2020-12-07,-10.5,-0.5,-4.0,-43.666666666666664,-29.666666666666668,11.333333333333334
2020-12-08,-12.25,-3.0,-3.0,-46.333333333333336,-35.0,12.0
2020-12-09,-17.75,-2.6666666666666665,-3.6666666666666665,-45.333333333333336,-34.5,12.333333333333334
2020-12-10,-16.5,3.3333333333333335,3.6666666666666665,-42.333333333333336,-35.166666666666664,12.666666666666666
2020-12-11,-15.0,0.6666666666666666,1.6666666666666667,-44.0,-30.833333333333332,12.333333333333334
2020-12-12,-10.75,18.0,16.0,-39.666666666666664,-15.833333333333334,5.5
2020-12-13,-25.5,13.0,1.6666666666666667,-42.333333333333336,-22.25,7.0
2020-12-14,-5.5,9.666666666666666,16.0,-42.333333333333336,-30.5,11.333333333333334
2020-12-15,-8.25,7.333333333333333,8.0,-45.666666666666664,-35.333333333333336,12.0
2020-12-16,-9.75,14.333333333333334,5.666666666666667,-41.666666666666664,-33.5,11.333333333333334
2020-12-17,-11.0,13.666666666666666,7.666666666666667,-38.333333333333336,-35.166666666666664,11.333333333333334
2020-12-18,-5.75,15.0,9.0,-37.333333333333336,-30.833333333333332,11.0
2020-12-19,0.0,32.333333333333336,30.333333333333332,-24.333333333333332,-14.2,4.0
2020-12-20,-26.5,24.0,-5.0,-42.0,-22.25,8.0
2020-12-21,5.75,25.666666666666668,24.666666666666668,-31.666666666666668,-35.0,11.333333333333334
2020-12-22,4.75,33.333333333333336,17.666666666666668,-25.0,-37.666666666666664,9.666666666666666
2020-12-23,12.5,51.0,21.333333333333332,-18.0,-35.0,9.0
2020-12-24,15.25,79.0,42.333333333333336,-11.333333333333334,-42.0,8.666666666666666
2020-12-25,-67.2,-75.66666666666667,-14.0,-78.5,-74.33333333333333,27.333333333333332
2020-12-26,-55.5,-36.0,-7.333333333333333,-62.666666666666664,-41.833333333333336,14.0
2020-12-27,-42.75,-14.0,-5.666666666666667,-50.333333333333336,-31.25,9.0
2020-12-28,-53.666666666666664,-43.0,-18.0,-68.0,-69.66666666666667,25.666666666666668
2020-12-29,-8.75,9.333333333333334,3.3333333333333335,-35.666666666666664,-40.5,12.666666666666666
2020-12-30,-9.0,21.333333333333332,4.333333333333333,-29.666666666666668,-38.0,13.0
2020-12-31,3.0,60.0,28.333333333333332,-19.666666666666668,-38.5,9.666666666666666
2021-01-01,-61.75,-56.333333333333336,-1.3333333333333333,-78.5,-70.5,24.666666666666668
2021-01-02,-36.5,-14.0,-1.3333333333333333,-49.666666666666664,-28.5,10.5
2021-01-03,-45.5,-17.0,-20.333333333333332,-48.0,-31.0,10.0
2021-01-04,-17.5,-3.3333333333333335,11.333333333333334,-41.333333333333336,-34.833333333333336,12.666666666666666
2021-01-05,-20.75,-6.5,1.6666666666666667,-46.333333333333336,-36.833333333333336,12.666666666666666
2021-01-06,-21.75,-5.333333333333333,-6.666666666666667,-45.0,-33.666666666666664,13.666666666666666
2021-01-07,-23.75,-5.333333333333333,0.0,-42.666666666666664,-35.0,13.333333333333334
2021-01-08,-25.5,-12.0,-8.0,-45.666666666666664,-31.5,13.333333333333334
2021-01-09,-23.75,2.0,3.6666666666666665,-38.666666666666664,-15.6,6.5
2021-01-10,-33.5,-1.0,-13.666666666666666,-44.666666666666664,-22.25,7.0
2021-01-11,-18.0,-9.0,-0.6666666666666666,-43.666666666666664,-28.166666666666668,10.0
2021-01-12,-25.5,-12.666666666666666,-11.0,-49.0,-35.333333333333336,11.666666666666666
2021-01-13,-26.25,-7.333333333333333,-15.0,-51.0,-34.5,9.666666666666666
2021-01-14,-19.25,10.666666666666666,-5.666666666666667,-42.333333333333336,-36.833333333333336,7.666666666666667
2021-01-15,-48.5,-38.5,-17.0,-69.66666666666667,-67.33333333333333,19.333333333333332
2021-01-16,-25.0,2.0,-6.0,-43.333333333333336,-26.333333333333332,4.5
2021-01-17,-37.5,-9.0,-7.0,-49.0,-30.5,4.0
2021-01-18,-17.25,-9.0,-1.0,-44.333333333333336,-33.166666666666664,8.0
2021-01-19,-32.25,-18.666666666666668,-19.666666666666668,-55.0,-40.333333333333336,11.333333333333334
2021-01-20,-27.75,-11.0,-13.0,-52.0,-37.666666666666664,11.0
2021-01-21,-29.75,-14.5,-14.0,-49.666666666666664,-39.0,10.666666666666666
2021-01-22,-27.25,-17.333333333333332,-9.0,-49.666666666666664,-33.333333333333336,10.666666666666666
2021-01-23,-24.75,1.3333333333333333,-0.6666666666666666,-46.0,-21.333333333333332,4.5
2021-01-24,-37.666666666666664,-7.0,-4.333333333333333,-50.0,-26.5,4.0
2021-01-25,-19.25,-13.0,1.6666666666666667,-43.333333333333336,-31.0,8.0
2021-01-26,-24.75,-11.5,-1.3333333333333333,-48.0,-37.833333333333336,9.333333333333334
2021-01-27,-25.25,-7.666666666666667,-8.0,-47.333333333333336,-34.166666666666664,9.333333333333334
2021-01-28,-24.0,-3.3333333333333335,-2.6666666666666665,-43.333333333333336,-36.166666666666664,8.666666666666666
2021-01-29,-22.25,-1.6666666666666667,-2.3333333333333335,-44.333333333333336,-34.0,7.333333333333333
2021-01-30,-17.5,15.0,14.666666666666666,-35.0,-21.0,1.0
2021-01-31,-26.75,14.0,7.666666666666667,-38.333333333333336,-27.25,0.0
2021-02-01,-8.25,1.5,10.333333333333334,-39.666666666666664,-29.333333333333332,3.3333333333333335
2021-02-02,-17.5,0.0,7.0,-44.333333333333336,-35.833333333333336,5.0
2021-02-03,-22.0,-8.666666666666666,-2.0,-50.0,-33.833333333333336,7.0
2021-02-04,-22.25,-7.666666666666667,9.666666666666666,-49.666666666666664,-35.166666666666664,8.333333333333334
2021-02-05,-18.75,-8.666666666666666,13.666666666666666,-49.0,-31.333333333333332,7.333333333333333
2021-02-06,-20.75,1.3333333333333333,20.0,-41.0,-16.2,1.5
2021-02-07,-27.5,-2.5,20.666666666666668,-47.0,-20.5,1.0
2021-02-08,-14.25,-3.3333333333333335,16.666666666666668,-43.333333333333336,-30.333333333333332,6.0
2021-02-09,-18.25,-5.666666666666667,12.666666666666666,-48.666666666666664,-35.333333333333336,7.333333333333333
2021-02-10,-20.5,-6.5,5.333333333333333,-49.333333333333336,-33.0,7.666666666666667
2021-02-11,-16.25,2.5,5.0,-45.666666666666664,-34.166666666666664,6.0
2021-02-12,-11.25,6.333333333333333,7.0,-42.0,-31.5,1.6666666666666667
2021-02-13,-5.25,19.666666666666668,24.0,-27.0,-20.0,-5.5
2021-02-14,-8.666666666666666,19.5,31.666666666666668,-33.333333333333336,-23.0,-6.0
2021-02-15,-11.75,-1.6666666666666667,4.333333333333333,-39.333333333333336,-32.833333333333336,0.6666666666666666
2021-02-16,-16.0,-1.3333333333333333,6.666666666666667,-45.333333333333336,-36.166666666666664,2.6666666666666665
2021-02-17,-17.5,-2.6666666666666665,-2.0,-42.333333333333336,-34.666666666666664,3.3333333333333335
2021-02-18,-21.0,-4.0,-1.0,-46.333333333333336,-35.0,4.333333333333333
2021-02-19,-21.0,-7.666666666666667,-3.0,-48.666666666666664,-31.666666666666668,3.6666666666666665
2021-02-20,-18.75,5.666666666666667,6.333333333333333,-40.0,-19.833333333333332,-1.5
2021-02-21,-33.0,-8.0,-11.666666666666666,-42.666666666666664,-29.0,1.0
2021-02-22,-16.5,-5.333333333333333,5.0,-42.666666666666664,-29.666666666666668,2.6666666666666665
2021-02-23,-17.0,0.6666666666666666,1.0,-46.0,-35.5,3.3333333333333335
2021-02-24,-14.75,2.3333333333333335,-0.3333333333333333,-44.666666666666664,-32.333333333333336,3.6666666666666665
2021-02-25,-16.0,8.666666666666666,5.666666666666667,-42.0,-34.666666666666664,3.0
2021-02-26,-8.25,7.333333333333333,9.666666666666666,-41.666666666666664,-29.166666666666668,1.6666666666666667
2021-02-27,-4.25,20.333333333333332,31.666666666666668,-32.0,-18.333333333333332,-4.5
2021-02-28,-17.25,15.0,28.333333333333332,-38.666666666666664,-24.25,-6.0
2021-03-01,-7.75,7.333333333333333,17.333333333333332,-36.0,-29.166666666666668,0.0
2021-03-02,-8.25,5.666666666666667,6.333333333333333,-41.0,-34.5,1.3333333333333333
2021-03-03,-10.75,0.0,8.666666666666666,-44.666666666666664,-37.833333333333336,1.3333333333333333
2021-03-04,-12.75,5.666666666666667,8.333333333333334,-40.666666666666664,-35.166666666666664,3.3333333333333335
2021-03-05,-12.75,3.0,6.0,-42.666666666666664,-31.5,2.3333333333333335
2021-03-06,-10.0,15.666666666666666,31.0,-29.666666666666668,-19.0,-5.0
2021-03-07,-12.75,16.5,32.666666666666664,-34.0,-22.25,-5.0
2021-03-08,-36.25,-32.0,13.333333333333334,-57.333333333333336,-69.5,11.666666666666666
2021-03-09,-13.5,7.0,1.6666666666666667,-37.333333333333336,-31.0,0.0
2021-03-10,-20.75,-2.0,-7.0,-43.666666666666664,-33.333333333333336,4.666666666666667
2021-03-11,-11.75,12.666666666666666,8.0,-40.666666666666664,-33.833333333333336,3.6666666666666665
2021-03-12,-9.0,11.333333333333334,6.0,-39.666666666666664,-29.833333333333332,1.3333333333333333
2021-03-13,-4.75,18.0,36.0,-27.0,-16.0,-4.5
2021-03-14,-10.75,24.0,32.0,-31.0,-19.5,-5.0
2021-03-15,-2.6666666666666665,8.0,22.333333333333332,-35.333333333333336,-27.333333333333332,0.0
2021-03-16,-8.5,9.333333333333334,17.0,-39.333333333333336,-33.166666666666664,1.3333333333333333
2021-03-17,-10.0,6.0,5.333333333333333,-41.0,-30.666666666666668,3.0
2021-03-18,-8.0,11.0,12.666666666666666,-35.333333333333336,-31.333333333333332,2.6666666666666665
2021-03-19,-6.75,11.666666666666666,7.666666666666667,-34.333333333333336,-28.166666666666668,2.0
2021-03-20,-3.25,24.333333333333332,24.333333333333332,-29.333333333333332,-13.0,-4.0
2021-03-21,-14.5,19.0,25.0,-35.0,-17.5,-4.0
2021-03-22,1.0,12.333333333333334,18.0,-32.666666666666664,-26.5,0.6666666666666666
2021-03-23,-5.5,12.333333333333334,13.666666666666666,-36.333333333333336,-31.833333333333332,1.3333333333333333
2021-03-24,-9.5,7.0,7.666666666666667,-34.666666666666664,-28.166666666666668,3.0
2021-03-25,-6.25,13.333333333333334,20.666666666666668,-35.333333333333336,-29.833333333333332,2.0
2021-03-26,-1.25,13.0,18.666666666666668,-33.333333333333336,-25.0,0.0
2021-03-27,0.75,23.333333333333332,36.0,-19.666666666666668,-13.666666666666666,-5.0
2021-03-28,-10.333333333333334,24.5,38.666666666666664,-21.0,-14.0,-5.0
2021-03-29,8.666666666666666,20.666666666666668,25.0,-27.0,-29.0,-0.6666666666666666
2021-03-30,6.25,22.0,26.666666666666668,-27.0,-31.166666666666668,-0.6666666666666666
2021-03-31,11.25,35.666666666666664,27.333333333333332,-18.333333333333332,-31.166666666666668,-1.0
2021-04-01,23.5,83.5,38.333333333333336,0.0,-34.166666666666664,-3.6666666666666665
2021-04-02,-65.75,-73.66666666666667,-11.666666666666666,-70.0,-74.83333333333333,18.666666666666668
2021-04-03,-16.25,13.666666666666666,32.333333333333336,-30.666666666666668,-37.666666666666664,-3.0
2021-04-04,-12.25,15.0,32.0,-36.0,-25.5,-6.0
2021-04-05,-38.0,-31.0,31.666666666666668,-44.333333333333336,-69.33333333333333,7.0
2021-04-06,-2.75,19.333333333333332,10.666666666666666,-27.666666666666668,-33.5,0.0
2021-04-07,-4.25,18.0,11.333333333333334,-29.333333333333332,-33.333333333333336,2.3333333333333335
2021-04-08,-5.25,14.333333333333334,18.666666666666668,-32.0,-32.0,2.3333333333333335
2021-04-09,-2.75,8.333333333333334,17.333333333333332,-32.333333333333336,-28.666666666666668,1.3333333333333333
2021-04-10,-6.25,18.0,37.666666666666664,-25.333333333333332,-13.6,-4.5
2021-04-11,-12.333333333333334,22.5,38.333333333333336,-21.5,-17.25,-5.0
2021-04-12,-2.0,13.666666666666666,18.666666666666668,-29.0,-25.166666666666668,-0.3333333333333333
2021-04-13,-1.25,19.333333333333332,15.0,-35.333333333333336,-30.166666666666668,1.0
2021-04-14,-1.5,17.333333333333332,14.333333333333334,-32.0,-29.5,1.3333333333333333
2021-04-15,-3.25,19.333333333333332,19.333333333333332,-30.666666666666668,-28.666666666666668,1.3333333333333333
2021-04-16,-0.25,14.0,23.0,-31.666666666666668,-24.166666666666668,0.3333333333333333
2021-04-17,-1.0,22.666666666666668,43.333333333333336,-23.333333333333332,-11.2,-5.0
2021-04-18,-10.75,18.0,30.333333333333332,-24.0,-20.0,-5.0
2021-04-19,-0.3333333333333333,10.666666666666666,20.333333333333332,-30.0,-25.666666666666668,-0.6666666666666666
2021-04-20,-3.25,15.0,21.333333333333332,-37.0,-28.666666666666668,0.6666666666666666
2021-04-21,-3.75,11.666666666666666,13.0,-36.333333333333336,-29.0,1.6666666666666667
2021-04-22,-7.5,12.666666666666666,16.333333333333332,-32.666666666666664,-28.666666666666668,1.3333333333333333
2021-04-23,-1.0,11.333333333333334,22.333333333333332,-29.666666666666668,-24.333333333333332,0.6666666666666666
2021-04-24,-1.5,17.0,41.0,-27.333333333333332,-13.833333333333334,-4.0
2021-04-25,-12.0,22.5,39.333333333333336,-21.5,-15.75,-5.0
2021-04-26,-2.25,13.0,28.0,-31.333333333333332,-24.5,0.0
2021-04-27,-2.5,14.333333333333334,22.333333333333332,-34.666666666666664,-28.666666666666668,0.6666666666666666
2021-04-28,-2.5,17.0,14.333333333333334,-31.0,-27.666666666666668,1.0
2021-04-29,0.0,21.333333333333332,25.333333333333332,-30.666666666666668,-28.666666666666668,1.0
2021-04-30,8.25,30.333333333333332,39.0,-28.333333333333332,-22.666666666666668,-2.0
2021-05-01,-9.75,15.333333333333334,46.666666666666664,-25.666666666666668,-27.833333333333332,-3.5
2021-05-02,-5.333333333333333,30.0,42.666666666666664,-17.5,-17.75,-6.0
2021-05-03,11.333333333333334,25.0,35.666666666666664,-26.333333333333332,-27.0,-1.3333333333333333
2021-05-04,3.25,20.5,30.0,-28.333333333333332,-29.166666666666668,-1.0
2021-05-05,1.0,15.0,16.0,-30.0,-28.833333333333332,0.0
2021-05-06,-0.25,20.333333333333332,23.0,-28.0,-28.666666666666668,0.0
2021-05-07,7.5,22.333333333333332,41.333333333333336,-27.666666666666668,-26.0,-1.0
2021-05-08,10.0,37.666666666666664,51.0,-13.0,-7.4,-6.0
2021-05-09,3.0,36.5,49.333333333333336,-18.0,-8.5,-8.0
2021-05-10,9.666666666666666,20.666666666666668,41.666666666666664,-28.666666666666668,-24.833333333333332,-2.0
2021-05-11,0.5,20.333333333333332,33.666666666666664,-33.333333333333336,-27.666666666666668,-0.6666666666666666
2021-05-12,1.25,16.333333333333332,27.0,-29.666666666666668,-25.833333333333332,0.3333333333333333
2021-05-13,3.0,28.333333333333332,35.333333333333336,-27.0,-26.666666666666668,0.0
2021-05-14,7.5,23.0,36.0,-23.666666666666668,-25.5,-1.3333333333333333
2021-05-15,4.5,30.0,57.0,-15.333333333333334,-12.5,-6.0
2021-05-16,-4.666666666666667,32.0,43.0,-19.0,-18.25,-7.0
2021-05-17,10.0,23.0,45.333333333333336,-28.666666666666668,-25.666666666666668,-1.0
2021-05-18,1.0,20.666666666666668,32.0,-27.0,-25.666666666666668,-0.6666666666666666
2021-05-19,-0.5,18.333333333333332,28.333333333333332,-29.666666666666668,-25.5,0.6666666666666666
2021-05-20,1.75,20.666666666666668,36.0,-27.666666666666668,-24.666666666666668,0.6666666666666666
2021-05-21,4.5,16.0,33.666666666666664,-30.666666666666668,-23.5,1.3333333333333333
2021-05-22,2.75,29.0,61.0,-14.0,-9.8,-4.5
2021-05-23,-7.0,27.5,34.0,-20.0,-13.75,-3.0
2021-05-24,-29.666666666666668,-21.0,27.0,-50.333333333333336,-65.83333333333333,11.0
2021-05-25,5.75,26.333333333333332,36.333333333333336,-26.0,-23.666666666666668,-1.3333333333333333
2021-05-26,7.0,22.666666666666668,32.0,-25.333333333333332,-23.0,0.0
2021-05-27,12.5,26.666666666666668,47.666666666666664,-21.0,-23.0,-0.3333333333333333
2021-05-28,17.5,33.0,55.666666666666664,-23.0,-19.666666666666668,-3.0
2021-05-29,16.75,41.666666666666664,75.66666666666667,-11.0,-8.0,-7.5
2021-05-30,6.666666666666667,40.0,63.333333333333336,-7.0,-19.75,-6.0
2021-05-31,24.0,33.666666666666664,48.0,-20.666666666666668,-21.0,-3.6666666666666665
2021-06-01,15.5,30.666666666666668,53.0,-20.333333333333332,-23.333333333333332,-3.0
2021-06-02,12.5,27.666666666666668,40.333333333333336,-21.333333333333332,-22.333333333333332,-2.0
2021-06-03,15.25,28.333333333333332,49.0,-20.666666666666668,-23.0,-2.6666666666666665
2021-06-04,15.0,28.0,57.333333333333336,-21.0,-18.833333333333332,-3.6666666666666665
2021-06-05,11.0,35.333333333333336,76.33333333333333,-11.333333333333334,-7.2,-7.5
2021-06-06,7.666666666666667,37.0,59.0,-8.0,-17.25,-7.0
2021-06-07,19.666666666666668,25.666666666666668,41.5,-19.666666666666668,-20.166666666666668,-3.3333333333333335
2021-06-08,14.0,28.333333333333332,52.333333333333336,-23.0,-21.833333333333332,-2.6666666666666665
2021-06-09,12.0,24.666666666666668,41.0,-24.0,-23.0,-1.3333333333333333
2021-06-10,11.75,27.333333333333332,47.666666666666664,-22.333333333333332,-21.333333333333332,-2.0
2021-06-11,11.25,21.333333333333332,43.333333333333336,-25.333333333333332,-20.0,-1.6666666666666667
2021-06-12,2.75,28.666666666666668,62.333333333333336,-12.666666666666666,-9.2,-5.5
2021-06-13,-4.333333333333333,22.5,37.0,-19.0,-20.0,-4.0
2021-06-14,15.666666666666666,26.666666666666668,47.666666666666664,-21.333333333333332,-20.833333333333332,-2.0
2021-06-15,14.5,34.333333333333336,50.0,-20.333333333333332,-22.833333333333332,-2.6666666666666665
2021-06-16,14.0,29.333333333333332,40.666666666666664,-22.666666666666668,-22.833333333333332,-3.0
2021-06-17,11.0,28.0,40.666666666666664,-19.666666666666668,-26.333333333333332,-3.3333333333333335
2021-06-18,16.25,23.666666666666668,47.666666666666664,-21.666666666666668,-23.166666666666668,-3.6666666666666665
2021-06-19,10.0,31.333333333333332,65.33333333333333,-10.0,-11.6,-8.0
2021-06-20,9.333333333333334,37.0,52.666666666666664,-10.0,-17.25,-9.0
2021-06-21,13.333333333333334,19.0,43.666666666666664,-23.0,-25.833333333333332,-3.3333333333333335
2021-06-22,12.0,22.0,42.333333333333336,-24.0,-26.666666666666668,-3.0
2021-06-23,11.5,19.0,32.0,-23.333333333333332,-26.5,-2.3333333333333335
2021-06-24,14.25,27.666666666666668,47.666666666666664,-16.666666666666668,-27.166666666666668,-3.0
2021-06-25,14.75,24.333333333333332,50.666666666666664,-18.333333333333332,-23.666666666666668,-4.333333333333333
2021-06-26,10.5,33.0,68.33333333333333,-12.333333333333334,-12.8,-8.0
2021-06-27,8.0,32.0,51.333333333333336,-3.5,-23.0,-8.0
2021-06-28,16.333333333333332,25.0,48.666666666666664,-16.666666666666668,-26.5,-4.0
2021-06-29,6.75,23.0,35.333333333333336,-26.333333333333332,-31.333333333333332,-1.6666666666666667
2021-06-30,14.0,31.666666666666668,36.333333333333336,-16.0,-27.5,-1.6666666666666667
2021-07-01,13.75,33.0,49.333333333333336,-12.333333333333334,-27.833333333333332,-1.6666666666666667
2021-07-02,15.25,29.0,47.666666666666664,-19.0,-24.5,-2.3333333333333335
2021-07-03,9.75,32.666666666666664,67.0,-7.0,-12.2,-5.5
2021-07-04,6.0,37.0,49.666666666666664,-0.5,-21.25,-6.0
2021-07-05,19.333333333333332,26.666666666666668,51.333333333333336,-14.666666666666666,-26.833333333333332,-2.0
2021-07-06,15.5,33.0,48.0,-19.0,-26.5,-2.3333333333333335
2021-07-07,14.0,26.666666666666668,45.666666666666664,-15.0,-27.5,-1.3333333333333333
2021-07-08,13.75,29.666666666666668,57.666666666666664,-14.666666666666666,-28.833333333333332,-0.6666666666666666
2021-07-09,13.0,24.666666666666668,51.333333333333336,-19.333333333333332,-24.833333333333332,-1.6666666666666667
2021-07-10,9.5,30.0,64.66666666666667,-12.333333333333334,-12.0,-6.5
2021-07-11,5.0,26.0,52.333333333333336,-5.5,-20.5,-6.0
2021-07-12,15.666666666666666,25.666666666666668,54.666666666666664,-17.666666666666668,-27.166666666666668,-2.0
2021-07-13,9.75,31.666666666666668,40.666666666666664,-20.333333333333332,-29.5,-1.0
2021-07-14,12.0,27.0,29.666666666666668,-18.333333333333332,-29.0,0.3333333333333333
2021-07-15,15.75,36.0,54.666666666666664,-14.666666666666666,-27.333333333333332,-2.3333333333333335
2021-07-16,17.75,33.333333333333336,50.333333333333336,-17.0,-24.833333333333332,-2.6666666666666665
2021-07-17,11.25,36.666666666666664,65.0,-5.666666666666667,-13.2,-6.5
2021-07-18,0.6666666666666666,29.0,30.333333333333332,-3.5,-24.25,-5.0
2021-07-19,20.0,31.0,53.333333333333336,-14.666666666666666,-27.5,-1.3333333333333333
2021-07-20,14.5,34.333333333333336,41.0,-22.0,-28.0,-1.3333333333333333
2021-07-21,15.75,26.333333333333332,42.0,-17.333333333333332,-27.333333333333332,-1.0
2021-07-22,15.75,28.666666666666668,50.666666666666664,-17.666666666666668,-27.166666666666668,-1.3333333333333333
2021-07-23,15.25,27.0,51.0,-18.666666666666668,-23.0,-2.3333333333333335
2021-07-24,10.0,32.0,59.333333333333336,-9.666666666666666,-11.0,-5.5
2021-07-25,8.0,33.0,50.0,-0.5,-20.0,-7.0
2021-07-26,20.0,28.333333333333332,49.0,-13.333333333333334,-26.5,-1.6666666666666667
2021-07-27,18.5,33.333333333333336,51.666666666666664,-18.666666666666668,-26.5,-1.6666666666666667
2021-07-28,15.5,26.0,38.333333333333336,-16.333333333333332,-26.666666666666668,-1.0
2021-07-29,18.75,35.333333333333336,52.0,-12.0,-27.833333333333332,-1.3333333333333333
2021-07-30,23.75,40.0,54.666666666666664,-10.666666666666666,-23.666666666666668,-4.0
2021-07-31,14.25,39.666666666666664,50.666666666666664,-6.666666666666667,-12.2,-6.5
2021-08-01,12.333333333333334,38.5,55.0,0.5,-18.25,-7.0
2021-08-02,-16.666666666666668,-11.0,39.666666666666664,-42.666666666666664,-66.16666666666667,9.333333333333334
2021-08-03,26.75,43.666666666666664,49.0,-6.333333333333333,-26.0,-3.3333333333333335
2021-08-04,16.25,31.333333333333332,38.666666666666664,-11.0,-28.666666666666668,-3.3333333333333335
2021-08-05,16.75,27.0,44.666666666666664,-14.666666666666666,-28.666666666666668,-0.6666666666666666
2021-08-06,14.5,22.0,39.666666666666664,-17.333333333333332,-24.166666666666668,-1.3333333333333333
2021-08-07,9.25,30.666666666666668,49.666666666666664,-10.666666666666666,-11.4,-4.5
2021-08-08,7.333333333333333,35.5,43.666666666666664,-6.0,-19.5,-6.0
2021-08-09,20.666666666666668,25.0,48.333333333333336,-14.333333333333334,-25.5,-2.0
2021-08-10,18.0,31.333333333333332,45.666666666666664,-16.333333333333332,-24.333333333333332,-2.3333333333333335
2021-08-11,16.0,24.0,31.666666666666668,-14.333333333333334,-24.833333333333332,-0.3333333333333333
2021-08-12,16.75,33.666666666666664,43.333333333333336,-15.333333333333334,-26.5,-1.3333333333333333
2021-08-13,16.5,32.666666666666664,45.0,-16.0,-23.5,-1.6666666666666667
2021-08-14,14.5,42.333333333333336,50.666666666666664,-2.3333333333333335,-12.2,-6.5
2021-08-15,9.0,43.0,48.333333333333336,-1.5,-23.0,-6.0
2021-08-16,19.333333333333332,27.333333333333332,41.0,-16.0,-25.5,-1.3333333333333333
2021-08-17,15.0,31.0,42.0,-21.333333333333332,-26.666666666666668,-1.3333333333333333
2021-08-18,11.25,25.0,31.333333333333332,-18.333333333333332,-24.833333333333332,-0.3333333333333333
2021-08-19,6.25,25.0,33.333333333333336,-17.0,-26.5,0.3333333333333333
2021-08-20,7.25,21.666666666666668,34.333333333333336,-22.0,-23.166666666666668,0.0
2021-08-21,4.25,31.333333333333332,50.0,-15.666666666666666,-12.4,-4.5
2021-08-22,-5.666666666666667,27.0,24.666666666666668,-15.0,-24.5,-3.0
2021-08-23,8.0,16.0,24.666666666666668,-21.333333333333332,-27.0,1.6666666666666667
2021-08-24,6.5,21.666666666666668,28.0,-26.666666666666668,-26.833333333333332,0.3333333333333333
2021-08-25,6.5,18.0,26.0,-26.0,-25.833333333333332,1.0
2021-08-26,9.25,28.333333333333332,33.333333333333336,-21.666666666666668,-26.0,0.3333333333333333
2021-08-27,14.75,32.333333333333336,38.333333333333336,-21.0,-22.833333333333332,-1.0
2021-08-28,11.5,39.666666666666664,56.666666666666664,-11.333333333333334,-10.4,-5.5
2021-08-29,3.3333333333333335,38.0,44.0,-14.0,-20.75,-5.0
2021-08-30,21.0,32.666666666666664,48.333333333333336,-16.0,-25.333333333333332,-1.3333333333333333
2021-08-31,14.75,31.0,42.333333333333336,-22.666666666666668,-26.333333333333332,0.0
2021-09-01,12.5,25.0,31.333333333333332,-17.666666666666668,-25.666666666666668,0.6666666666666666
2021-09-02,7.5,22.0,29.0,-20.333333333333332,-27.333333333333332,1.3333333333333333
2021-09-03,4.25,17.666666666666668,23.0,-27.0,-24.5,1.6666666666666667
2021-09-04,-2.5,25.333333333333332,28.666666666666668,-25.666666666666668,-15.0,0.5
2021-09-05,-0.3333333333333333,27.5,31.0,-23.0,-22.25,-2.0
2021-09-06,15.0,21.0,36.0,-21.333333333333332,-24.333333333333332,0.3333333333333333
2021-09-07,9.75,25.0,35.333333333333336,-28.0,-26.666666666666668,1.0
2021-09-08,8.25,21.666666666666668,25.0,-22.333333333333332,-27.166666666666668,2.3333333333333335
2021-09-09,20.25,50.666666666666664,38.333333333333336,-11.666666666666666,-26.833333333333332,-0.6666666666666666
2021-09-10,-30.25,-26.5,11.333333333333334,-57.333333333333336,-64.83333333333333,14.333333333333334
2021-09-11,1.5,27.666666666666668,42.666666666666664,-23.333333333333332,-16.8,-1.0
2021-09-12,1.3333333333333333,26.5,37.0,-18.0,-21.75,-3.0
2021-09-13,18.666666666666668,28.333333333333332,39.0,-21.666666666666668,-23.666666666666668,-0.3333333333333333
2021-09-14,13.5,33.0,34.0,-26.0,-26.833333333333332,1.0
2021-09-15,11.0,27.0,27.666666666666668,-18.666666666666668,-27.0,1.6666666666666667
2021-09-16,10.75,23.666666666666668,26.666666666666668,-18.333333333333332,-29.666666666666668,2.3333333333333335
2021-09-17,11.5,25.333333333333332,29.666666666666668,-23.0,-27.166666666666668,-0.6666666666666666
2021-09-18,8.0,36.0,46.0,-13.0,-12.6,-3.0
2021-09-19,1.3333333333333333,25.0,32.0,-17.0,-23.75,-2.0
2021-09-20,15.0,33.0,35.666666666666664,-19.333333333333332,-29.166666666666668,1.3333333333333333
2021-09-21,-34.25,-24.5,15.333333333333334,-63.0,-71.33333333333333,14.333333333333334
2021-09-22,-4.25,12.0,16.666666666666668,-22.0,-28.0,4.0
2021-09-23,-3.5,15.666666666666666,18.0,-25.333333333333332,-29.333333333333332,5.0
2021-09-24,-0.5,20.333333333333332,24.0,-26.666666666666668,-26.666666666666668,4.333333333333333
2021-09-25,1.25,49.333333333333336,43.0,-13.0,-17.5,-2.5
2021-09-26,-72.66666666666667,-62.0,-53.666666666666664,-74.0,-60.8,15.0
2021-09-27,11.333333333333334,21.666666666666668,36.666666666666664,-22.0,-24.0,1.0
2021-09-28,5.0,27.0,29.666666666666668,-29.333333333333332,-28.5,2.6666666666666665
2021-09-29,5.5,22.0,22.333333333333332,-24.666666666666668,-28.833333333333332,3.0
2021-09-30,4.0,27.333333333333332,31.666666666666668,-21.333333333333332,-28.0,3.0
2021-10-01,2.0,22.666666666666668,25.666666666666668,-27.666666666666668,-26.333333333333332,3.0
2021-10-02,2.5,53.0,47.0,-15.333333333333334,-14.6,-2.5
2021-10-03,-79.0,-86.0,-54.666666666666664,-78.5,-65.83333333333333,16.0
2021-10-04,12.0,26.0,35.0,-22.333333333333332,-23.333333333333332,0.0
2021-10-05,7.75,24.666666666666668,27.666666666666668,-29.666666666666668,-27.333333333333332,2.0
2021-10-06,6.5,17.333333333333332,22.666666666666668,-23.333333333333332,-26.833333333333332,2.6666666666666665
2021-10-07,1.5,16.0,13.666666666666666,-26.666666666666668,-28.166666666666668,3.3333333333333335
2021-10-08,6.25,22.0,22.333333333333332,-29.333333333333332,-24.833333333333332,2.6666666666666665
2021-10-09,4.75,34.666666666666664,46.0,-17.333333333333332,-13.4,-2.5
2021-10-10,-10.666666666666666,13.5,24.666666666666668,-35.333333333333336,-29.0,-1.0
2021-10-11,13.333333333333334,20.666666666666668,35.0,-24.666666666666668,-23.5,1.6666666666666667
2021-10-12,8.75,23.0,31.333333333333332,-30.333333333333332,-27.166666666666668,2.3333333333333335
2021-10-13,10.75,21.0,23.333333333333332,-25.0,-26.833333333333332,2.0
2021-10-14,11.25,28.0,31.333333333333332,-23.333333333333332,-25.333333333333332,2.0
2021-10-15,12.75,28.666666666666668,26.0,-26.0,-25.333333333333332,1.0
2021-10-16,11.25,38.0,50.333333333333336,-16.333333333333332,-15.333333333333334,-4.0
2021-10-17,-2.6666666666666665,25.5,29.333333333333332,-22.0,-28.0,-2.0
2021-10-18,12.333333333333334,20.666666666666668,32.0,-21.333333333333332,-24.166666666666668,1.3333333333333333
2021-10-19,4.0,19.666666666666668,20.666666666666668,-32.0,-29.5,3.3333333333333335
2021-10-20,-1.0,12.666666666666666,7.666666666666667,-28.333333333333332,-29.333333333333332,4.666666666666667
2021-10-21,2.5,19.0,19.666666666666668,-30.0,-29.166666666666668,5.0
2021-10-22,9.25,25.666666666666668,24.666666666666668,-28.666666666666668,-24.666666666666668,3.0
2021-10-23,5.25,33.666666666666664,35.0,-22.666666666666668,-14.0,-1.5
2021-10-24,-2.0,26.5,25.666666666666668,-30.333333333333332,-24.5,-1.0
2021-10-25,17.0,22.666666666666668,36.333333333333336,-20.0,-22.5,1.0
2021-10-26,13.0,26.666666666666668,34.333333333333336,-26.333333333333332,-26.0,2.3333333333333335
2021-10-27,12.75,25.0,28.666666666666668,-21.0,-25.833333333333332,1.6666666666666667
2021-10-28,12.0,28.666666666666668,34.0,-16.666666666666668,-25.666666666666668,1.3333333333333333
2021-10-29,20.75,35.333333333333336,35.666666666666664,-18.0,-23.666666666666668,0.3333333333333333
2021-10-30,17.5,44.333333333333336,56.666666666666664,-9.666666666666666,-8.4,-5.0
2021-10-31,5.333333333333333,40.5,40.0,-16.0,-23.25,-4.0
2021-11-01,20.333333333333332,29.0,39.0,-18.333333333333332,-20.666666666666668,-0.3333333333333333
2021-11-02,13.25,26.0,35.0,-25.666666666666668,-24.166666666666668,1.0
2021-11-03,9.5,21.0,25.0,-19.333333333333332,-25.833333333333332,2.6666666666666665
2021-11-04,10.0,24.666666666666668,31.333333333333332,-20.0,-24.5,1.3333333333333333
2021-11-05,13.0,25.666666666666668,36.333333333333336,-24.333333333333332,-22.166666666666668,0.3333333333333333
2021-11-06,15.0,42.333333333333336,60.333333333333336,-15.0,-7.4,-4.5
2021-11-07,3.3333333333333335,34.5,39.666666666666664,-25.333333333333332,-21.25,-3.0
2021-11-08,21.0,25.666666666666668,37.666666666666664,-16.666666666666668,-18.666666666666668,0.0
2021-11-09,17.0,28.666666666666668,41.666666666666664,-18.666666666666668,-22.333333333333332,0.6666666666666666
2021-11-10,18.0,23.333333333333332,29.666666666666668,-16.0,-22.5,1.6666666666666667
2021-11-11,18.0,29.666666666666668,40.666666666666664,-13.333333333333334,-22.166666666666668,1.3333333333333333
2021-11-12,18.0,28.666666666666668,37.666666666666664,-19.333333333333332,-20.833333333333332,0.6666666666666666
2021-11-13,16.5,40.666666666666664,56.0,-11.666666666666666,-7.0,-5.0
2021-11-14,2.6666666666666665,30.0,23.666666666666668,-22.666666666666668,-20.75,-2.0
2021-11-15,21.666666666666668,28.666666666666668,36.333333333333336,-14.666666666666666,-19.333333333333332,1.0
2021-11-16,19.25,37.0,35.333333333333336,-16.0,-23.0,1.6666666666666667
2021-11-17,17.25,28.666666666666668,25.666666666666668,-8.333333333333334,-22.166666666666668,3.0
2021-11-18,35.0,60.5,57.0,6.0,-21.833333333333332,-1.6666666666666667
2021-11-19,-4.75,0.0,38.0,-45.333333333333336,-58.0,10.666666666666666
2021-11-20,20.0,43.0,56.333333333333336,-4.333333333333333,-12.666666666666666,-3.0
2021-11-21,6.666666666666667,30.5,32.666666666666664,-8.0,-20.0,-2.0
2021-11-22,30.0,34.333333333333336,51.0,-9.0,-18.333333333333332,0.3333333333333333
2021-11-23,25.333333333333332,36.333333333333336,46.0,-14.666666666666666,-22.166666666666668,0.3333333333333333
2021-11-24,19.0,30.666666666666668,30.666666666666668,-9.333333333333334,-21.5,2.0
2021-11-25,31.0,41.333333333333336,58.666666666666664,-5.0,-21.5,0.6666666666666666
2021-11-26,29.5,40.0,45.666666666666664,-15.0,-20.5,-0.3333333333333333
2021-11-27,30.25,48.666666666666664,67.66666666666667,-2.3333333333333335,-4.4,-6.0
2021-11-28,23.0,47.0,46.666666666666664,-3.0,-14.25,-4.0
2021-11-29,33.0,36.333333333333336,51.333333333333336,-8.0,-16.0,-0.6666666666666666
2021-11-30,30.666666666666668,43.0,55.0,-10.0,-20.666666666666668,0.0
2021-12-01,31.0,36.0,44.0,-0.3333333333333333,-20.166666666666668,1.0
2021-12-02,28.0,40.0,51.0,-7.333333333333333,-19.833333333333332,1.0
2021-12-03,29.0,38.666666666666664,45.666666666666664,-14.666666666666666,-19.0,-0.6666666666666666
2021-12-04,31.25,52.666666666666664,67.33333333333333,-5.333333333333333,-4.4,-5.5
2021-12-05,24.333333333333332,50.0,52.333333333333336,6.5,-13.25,-3.0
2021-12-06,35.0,38.666666666666664,48.333333333333336,-8.666666666666666,-15.0,-0.6666666666666666
2021-12-07,31.0,38.0,45.666666666666664,-10.666666666666666,-18.166666666666668,0.6666666666666666
2021-12-08,31.333333333333332,35.333333333333336,37.333333333333336,-4.666666666666667,-17.166666666666668,0.6666666666666666
2021-12-09,27.666666666666668,41.333333333333336,50.666666666666664,-12.0,-16.0,0.3333333333333333
2021-12-10,30.0,36.0,46.333333333333336,-14.333333333333334,-14.833333333333334,-1.0
2021-12-11,37.25,50.333333333333336,67.0,2.0,2.8,-7.0
2021-12-12,32.666666666666664,56.0,46.666666666666664,1.0,-6.5,-4.0
2021-12-13,41.333333333333336,45.666666666666664,51.0,-7.666666666666667,-11.666666666666666,-1.0
2021-12-14,42.333333333333336,54.0,51.0,-8.333333333333334,-16.333333333333332,-0.6666666666666666
2021-12-15,41.0,51.0,36.666666666666664,1.0,-16.333333333333332,-0.3333333333333333
2021-12-16,40.0,57.666666666666664,45.666666666666664,-1.6666666666666667,-15.666666666666666,-0.6666666666666666
2021-12-17,48.75,63.666666666666664,54.0,-0.6666666666666666,-14.0,-3.0
2021-12-18,54.75,78.33333333333333,90.33333333333333,28.0,6.0,-10.0
2021-12-19,48.5,81.0,68.66666666666667,19.0,1.25,-7.0
2021-12-20,71.0,73.0,65.5,8.0,-18.833333333333332,-3.0
2021-12-21,74.33333333333333,87.5,70.66666666666667,13.666666666666666,-20.333333333333332,-3.3333333333333335
2021-12-22,76.0,99.5,70.33333333333333,19.666666666666668,-19.333333333333332,-4.333333333333333
2021-12-23,81.33333333333333,111.5,87.5,37.666666666666664,-21.833333333333332,-5.0
2021-12-24,65.0,102.0,71.5,17.666666666666668,-24.666666666666668,-5.666666666666667
2021-12-25,-34.25,-46.666666666666664,49.0,-53.333333333333336,-49.166666666666664,1.5
2021-12-26,22.666666666666668,33.5,75.66666666666667,-17.5,-18.75,-5.0
2021-12-27,-12.666666666666666,-2.6666666666666665,44.5,-30.666666666666668,-64.83333333333333,10.666666666666666
2021-12-28,40.333333333333336,45.333333333333336,60.0,-2.6666666666666665,-27.666666666666668,0.0
2021-12-29,38.666666666666664,46.0,56.666666666666664,7.0,-26.166666666666668,1.0
2021-12-30,41.666666666666664,61.0,79.66666666666667,17.333333333333332,-25.666666666666668,0.3333333333333333
2021-12-31,44.0,79.66666666666667,65.5,-2.3333333333333335,-27.0,-3.0
2022-01-01,-29.25,-27.5,47.333333333333336,-44.666666666666664,-44.333333333333336,1.5
2022-01-02,18.333333333333332,30.5,53.0,11.0,-14.25,-4.0
2022-01-03,22.666666666666668,31.333333333333332,38.0,-3.0,-25.0,3.0
2022-01-04,18.75,33.0,34.666666666666664,-11.666666666666666,-23.333333333333332,3.6666666666666665
2022-01-05,23.333333333333332,33.666666666666664,33.333333333333336,-5.333333333333333,-21.666666666666668,4.0
2022-01-06,21.666666666666668,35.666666666666664,53.0,-0.3333333333333333,-21.666666666666668,4.0
2022-01-07,20.0,30.666666666666668,41.666666666666664,-18.0,-17.666666666666668,4.0
2022-01-08,14.25,37.333333333333336,46.333333333333336,-3.3333333333333335,-3.0,-0.5
2022-01-09,5.666666666666667,33.0,37.333333333333336,-17.666666666666668,-13.0,0.0
2022-01-10,24.0,30.666666666666668,43.0,-15.0,-17.833333333333332,2.0
2022-01-11,15.75,29.0,31.333333333333332,-18.0,-19.0,3.6666666666666665
2022-01-12,16.0,26.0,26.666666666666668,-13.0,-18.833333333333332,5.333333333333333
2022-01-13,16.25,34.666666666666664,40.333333333333336,-12.0,-20.166666666666668,4.333333333333333
2022-01-14,24.75,42.0,34.0,-14.666666666666666,-20.166666666666668,5.0
2022-01-15,2.0,28.333333333333332,48.333333333333336,-7.666666666666667,-23.6,3.0
2022-01-16,3.6666666666666665,37.5,26.666666666666668,-5.5,-16.25,1.0
2022-01-17,32.0,41.0,41.0,-6.333333333333333,-16.166666666666668,4.0
2022-01-18,21.75,36.0,38.333333333333336,-16.666666666666668,-17.833333333333332,4.666666666666667
2022-01-19,18.5,30.666666666666668,29.0,-15.666666666666666,-18.833333333333332,5.666666666666667
2022-01-20,19.0,30.0,37.666666666666664,-14.0,-18.833333333333332,5.666666666666667
2022-01-21,16.25,26.0,22.666666666666668,-26.666666666666668,-20.5,7.333333333333333
2022-01-22,14.25,36.0,39.333333333333336,-13.666666666666666,-2.8,2.0
2022-01-23,10.0,30.0,26.0,-22.0,-12.0,2.0
2022-01-24,25.0,30.0,33.333333333333336,-19.0,-16.5,5.666666666666667
2022-01-25,21.0,34.333333333333336,33.0,-20.0,-16.333333333333332,5.0
2022-01-26,22.666666666666668,27.666666666666668,26.666666666666668,-10.0,-15.0,5.333333333333333
2022-01-27,23.666666666666668,39.333333333333336,34.333333333333336,-12.666666666666666,-15.833333333333334,4.666666666666667
2022-01-28,30.75,41.333333333333336,32.0,-17.333333333333332,-18.166666666666668,4.0
2022-01-29,23.25,45.0,43.333333333333336,-4.666666666666667,-3.4,-0.5
2022-01-30,17.666666666666668,38.0,32.0,-10.0,-12.0,1.0
2022-01-31,30.0,35.333333333333336,28.666666666666668,-14.0,-14.166666666666666,3.6666666666666665
2022-02-01,31.0,39.666666666666664,41.0,-9.333333333333334,-13.833333333333334,3.3333333333333335
2022-02-02,28.666666666666668,35.333333333333336,31.333333333333332,-3.3333333333333335,-10.5,4.0
2022-02-03,27.666666666666668,35.0,36.0,-13.0,-12.5,3.6666666666666665
2022-02-04,27.75,32.0,37.333333333333336,-16.666666666666668,-14.333333333333334,3.3333333333333335
2022-02-05,18.25,35.666666666666664,38.666666666666664,-5.333333333333333,1.4,0.0
2022-02-06,17.666666666666668,34.0,25.666666666666668,-1.0,-7.25,1.0
2022-02-07,33.0,33.333333333333336,38.666666666666664,-13.666666666666666,-7.666666666666667,1.0
2022-02-08,29.666666666666668,34.666666666666664,37.333333333333336,-16.0,-9.833333333333334,2.0
2022-02-09,28.0,34.333333333333336,35.666666666666664,-4.333333333333333,-7.666666666666667,2.6666666666666665
2022-02-10,30.666666666666668,37.0,43.666666666666664,-1.3333333333333333,-8.0,1.6666666666666667
2022-02-11,37.75,43.333333333333336,46.0,-10.0,-11.833333333333334,1.6666666666666667
2022-02-12,37.25,54.666666666666664,66.33333333333333,11.0,3.0,-4.0
2022-02-13,31.0,46.5,39.0,7.5,-4.75,-2.0
2022-02-14,57.666666666666664,53.333333333333336,43.666666666666664,-2.0,-6.0,-1.0
2022-02-15,23.666666666666668,30.333333333333332,29.333333333333332,-9.0,-8.333333333333334,2.3333333333333335
2022-02-16,29.333333333333332,38.333333333333336,36.0,-2.3333333333333335,-4.0,1.0
2022-02-17,30.666666666666668,41.0,48.333333333333336,1.3333333333333333,-5.166666666666667,-0.3333333333333333
2022-02-18,33.5,35.333333333333336,52.0,-8.333333333333334,-9.833333333333334,0.3333333333333333
2022-02-19,29.25,42.333333333333336,68.66666666666667,5.0,5.6,-3.0
2022-02-20,29.666666666666668,42.5,54.333333333333336,13.0,-8.75,-4.0
2022-02-21,36.333333333333336,38.333333333333336,51.0,-8.666666666666666,-3.6666666666666665,0.0
2022-02-22,33.666666666666664,39.0,48.0,-8.666666666666666,-2.5,0.3333333333333333
2022-02-23,36.333333333333336,38.666666666666664,51.0,3.3333333333333335,-1.5,0.6666666666666666
2022-02-24,37.333333333333336,48.666666666666664,63.666666666666664,3.0,-3.1666666666666665,-0.3333333333333333
2022-02-25,40.0,49.0,63.666666666666664,-6.0,-8.166666666666666,0.3333333333333333
2022-02-26,33.25,57.0,83.66666666666667,15.0,4.6,-4.5
2022-02-27,34.0,56.0,69.33333333333333,22.5,-5.75,-4.0
2022-02-28,38.666666666666664,42.333333333333336,54.0,-0.3333333333333333,-0.3333333333333333,0.0
2022-03-01,39.0,50.333333333333336,68.33333333333333,2.6666666666666665,0.16666666666666666,-0.3333333333333333
2022-03-02,31.333333333333332,40.333333333333336,54.333333333333336,3.0,-0.16666666666666666,1.0
2022-03-03,34.0,43.0,66.33333333333333,-1.0,-0.3333333333333333,1.6666666666666667
2022-03-04,37.25,41.666666666666664,83.33333333333333,1.0,-7.166666666666667,2.3333333333333335
2022-03-05,33.0,47.666666666666664,100.33333333333333,13.0,6.0,-2.0
2022-03-06,35.0,57.0,109.0,11.0,-3.0,-3.0
2022-03-07,4.0,-1.0,117.0,-32.333333333333336,-57.833333333333336,12.333333333333334
2022-03-08,39.666666666666664,43.333333333333336,70.0,9.666666666666666,3.3333333333333335,2.0
2022-03-09,38.0,35.0,76.33333333333333,5.0,5.0,3.6666666666666665
2022-03-10,35.333333333333336,38.666666666666664,68.5,4.666666666666667,5.0,5.0
2022-03-11,38.0,37.0,79.33333333333333,-6.666666666666667,-2.3333333333333335,6.333333333333333
2022-03-12,34.5,45.666666666666664,104.33333333333333,13.333333333333334,10.4,1.5
2022-03-13,20.666666666666668,48.0,59.0,11.5,-4.25,5.0
2022-03-14,38.333333333333336,37.0,55.0,-2.3333333333333335,4.166666666666667,7.666666666666667
2022-03-15,43.333333333333336,46.0,72.5,4.333333333333333,5.5,5.0
2022-03-16,39.666666666666664,40.0,55.5,5.333333333333333,6.5,5.0
2022-03-17,36.0,40.0,71.5,5.666666666666667,4.333333333333333,5.0
2022-03-18,38.0,36.333333333333336,77.33333333333333,-3.3333333333333335,-4.0,6.0
2022-03-19,36.0,45.0,98.0,13.0,9.8,1.0
2022-03-20,37.0,49.0,92.33333333333333,16.0,-0.5,2.0
2022-03-21,40.0,37.333333333333336,76.0,-0.3333333333333333,5.666666666666667,6.0
2022-03-22,39.333333333333336,43.0,77.0,-0.3333333333333333,5.333333333333333,5.0
2022-03-23,33.666666666666664,41.333333333333336,55.5,13.0,5.0,6.0
2022-03-24,31.666666666666668,37.0,67.5,3.3333333333333335,4.0,5.333333333333333
2022-03-25,35.75,40.0,61.0,-7.666666666666667,-6.333333333333333,6.0
2022-03-26,37.5,49.666666666666664,87.0,11.333333333333334,7.6,0.5
2022-03-27,30.666666666666668,54.0,87.66666666666667,21.0,-2.75,2.0
2022-03-28,32.333333333333336,33.333333333333336,53.0,-2.3333333333333335,3.5,6.666666666666667
2022-03-29,36.333333333333336,42.333333333333336,78.0,1.3333333333333333,5.333333333333333,5.333333333333333
2022-03-30,38.666666666666664,41.666666666666664,58.5,8.333333333333334,9.666666666666666,5.333333333333333
2022-03-31,36.0,43.0,75.0,4.666666666666667,4.333333333333333,4.333333333333333
2022-04-01,36.0,35.666666666666664,85.0,-4.666666666666667,-3.0,5.0
2022-04-02,30.25,45.666666666666664,110.0,4.0,10.8,1.5
2022-04-03,33.666666666666664,58.0,98.0,18.5,2.5,1.0
2022-04-04,38.333333333333336,37.666666666666664,66.5,-2.0,7.0,5.0
2022-04-05,37.666666666666664,43.666666666666664,66.5,-1.0,6.166666666666667,4.0
2022-04-06,36.333333333333336,36.666666666666664,53.5,8.0,5.833333333333333,4.666666666666667
2022-04-07,39.0,43.0,72.5,3.3333333333333335,3.5,4.333333333333333
2022-04-08,35.0,40.333333333333336,76.66666666666667,-2.6666666666666665,-4.166666666666667,5.0
2022-04-09,34.5,48.0,98.66666666666667,12.333333333333334,9.6,1.5
2022-04-10,35.5,63.0,103.33333333333333,17.5,2.25,1.0
2022-04-11,46.0,45.666666666666664,74.5,4.333333333333333,-6.666666666666667,6.333333333333333
2022-04-12,50.666666666666664,52.5,88.0,11.0,-8.333333333333334,5.0
2022-04-13,59.666666666666664,68.66666666666667,77.5,21.666666666666668,-8.666666666666666,4.0
2022-04-14,75.33333333333333,118.0,106.5,45.333333333333336,-15.333333333333334,2.0
2022-04-15,-33.0,-54.666666666666664,30.5,-51.333333333333336,-67.5,23.333333333333332
2022-04-16,20.25,32.666666666666664,128.33333333333334,1.0,-23.5,0.0
2022-04-17,45.666666666666664,34.5,114.0,17.0,-9.0,-4.0
2022-04-18,-1.3333333333333333,-11.5,83.5,-24.0,-63.5,11.333333333333334
2022-04-19,45.666666666666664,47.333333333333336,71.5,9.333333333333334,-13.5,5.0
2022-04-20,37.0,41.0,61.0,10.333333333333334,-12.5,7.0
2022-04-21,34.666666666666664,44.0,63.0,5.333333333333333,-12.166666666666666,6.666666666666667
2022-04-22,28.75,34.333333333333336,64.33333333333333,-6.333333333333333,-9.0,7.666666666666667
2022-04-23,29.25,45.666666666666664,87.66666666666667,12.666666666666666,9.6,2.0
2022-04-24,28.666666666666668,50.5,81.66666666666667,22.0,-1.25,1.0
2022-04-25,41.0,45.333333333333336,66.5,1.3333333333333333,4.833333333333333,5.333333333333333
2022-04-26,40.666666666666664,44.333333333333336,70.66666666666667,-5.666666666666667,5.0,5.0
2022-04-27,32.75,43.666666666666664,62.0,6.666666666666667,6.166666666666667,6.0
2022-04-28,43.666666666666664,54.0,67.0,6.0,5.833333333333333,4.333333333333333
2022-04-29,42.25,51.0,79.0,2.6666666666666665,-3.5,4.333333333333333
2022-04-30,38.5,55.0,104.66666666666667,16.0,10.6,0.0
2022-05-01,36.5,66.0,131.0,16.0,2.25,-1.0
2022-05-02,-6.333333333333333,-5.0,60.5,-35.0,-59.5,17.333333333333332
2022-05-03,47.666666666666664,53.0,57.0,4.0,6.0,3.3333333333333335
2022-05-04,39.0,49.0,64.33333333333333,5.666666666666667,6.166666666666667,5.0
2022-05-05,40.0,50.0,76.66666666666667,0.3333333333333333,6.333333333333333,4.0
2022-05-06,36.75,43.666666666666664,75.33333333333333,-2.3333333333333335,-1.3333333333333333,5.0
2022-05-07,36.5,56.0,94.33333333333333,5.666666666666667,13.6,0.0
2022-05-08,35.5,66.0,98.66666666666667,22.0,7.25,0.0
2022-05-09,41.333333333333336,45.0,61.5,-2.6666666666666665,3.6666666666666665,5.333333333333333
2022-05-10,48.0,49.666666666666664,63.0,-0.3333333333333333,4.5,3.6666666666666665
2022-05-11,38.666666666666664,44.333333333333336,50.5,2.3333333333333335,4.333333333333333,4.333333333333333
2022-05-12,46.0,52.666666666666664,63.5,3.0,-7.5,5.333333333333333
2022-05-13,37.0,42.666666666666664,82.66666666666667,-2.6666666666666665,-4.5,4.666666666666667
