date,retail_and_recreation_percent_change_from_baseline_Bolivia,grocery_and_pharmacy_percent_change_from_baseline_Bolivia,parks_percent_change_from_baseline_Bolivia,transit_stations_percent_change_from_baseline_Bolivia,workplaces_percent_change_from_baseline_Bolivia,residential_percent_change_from_baseline_Bolivia
2020-02-15,3.1724137931034484,5.214285714285714,-1.6818181818181819,-6.352941176470588,9.1875,0.43478260869565216
2020-02-16,0.6666666666666666,9.375,-1.826086956521739,-6.647058823529412,4.758620689655173,2.55
2020-02-17,-1.8518518518518519,3.2142857142857144,0.08888888888888889,-5.363636363636363,19.151515151515152,-1.25
2020-02-18,-1.793103448275862,3.6206896551724137,-2.1333333333333333,-6.46875,19.303030303030305,-2.0416666666666665
2020-02-19,1.4444444444444444,6.592592592592593,3.13953488372093,-2.03125,22.5625,-2.3333333333333335
2020-02-20,3.5172413793103448,7.714285714285714,6.066666666666666,-0.45161290322580644,18.03030303030303,-1.9583333333333333
2020-02-21,0.43333333333333335,5.333333333333333,1.326086956521739,6.636363636363637,14.375,-0.4583333333333333
2020-02-22,7.172413793103448,12.321428571428571,20.704545454545453,10.64516129032258,-0.375,0.9130434782608695
2020-02-23,8.0,12.36,16.177777777777777,-2.5625,-1.4333333333333333,0.25
2020-02-24,-13.25925925925926,-4.666666666666667,-3.926829268292683,-11.03125,-46.2972972972973,10.0
2020-02-25,-28.666666666666668,-21.892857142857142,-15.909090909090908,-24.483870967741936,-52.55263157894737,11.590909090909092
2020-02-26,-13.964285714285714,-7.925925925925926,-7.409090909090909,-3.90625,7.242424242424242,1.875
2020-02-27,-9.62962962962963,-2.103448275862069,-3.688888888888889,-8.28125,16.352941176470587,0.0
2020-02-28,-6.633333333333334,-1.1428571428571428,-1.934782608695652,-15.057142857142857,19.0625,-0.4166666666666667
2020-02-29,-6.620689655172414,-0.4642857142857143,-1.9787234042553192,-11.941176470588236,8.40625,2.608695652173913
2020-03-01,-9.4,0.48,-10.458333333333334,-11.764705882352942,1.1333333333333333,4.6
2020-03-02,-7.222222222222222,-0.75,-3.977777777777778,-12.181818181818182,19.58823529411765,-1.2083333333333333
2020-03-03,-3.7857142857142856,-0.034482758620689655,-3.2,-10.272727272727273,21.5625,-1.5833333333333333
2020-03-04,-0.8148148148148148,3.0384615384615383,-0.1111111111111111,-7.878787878787879,24.09375,-1.8333333333333333
2020-03-05,-3.2962962962962963,1.0,-0.6888888888888889,-8.636363636363637,22.647058823529413,-1.5
2020-03-06,-1.2,1.9285714285714286,0.21739130434782608,-10.2,22.5625,-2.2083333333333335
2020-03-07,2.0,6.428571428571429,1.108695652173913,-8.029411764705882,10.84375,0.17391304347826086
2020-03-08,-0.4482758620689655,6.125,-4.212765957446808,-9.909090909090908,2.7586206896551726,2.25
2020-03-09,-3.7037037037037037,1.0357142857142858,-1.6,-12.34375,21.294117647058822,-1.625
2020-03-10,-2.142857142857143,2.0689655172413794,-2.6222222222222222,-13.28125,22.151515151515152,-2.8333333333333335
2020-03-11,-1.7037037037037037,9.518518518518519,0.7954545454545454,-10.696969696969697,23.96875,-2.375
2020-03-12,-5.111111111111111,5.137931034482759,-0.28888888888888886,-9.935483870967742,17.515151515151516,-0.08333333333333333
2020-03-13,-8.233333333333333,1.1785714285714286,-6.1521739130434785,-12.484848484848484,1.53125,4.708333333333333
2020-03-14,-10.89655172413793,0.03571428571428571,-9.872340425531915,-13.333333333333334,1.28125,4.913043478260869
2020-03-15,-19.24137931034483,-4.24,-17.48936170212766,-20.323529411764707,-3.7666666666666666,6.7
2020-03-16,-30.071428571428573,-14.5,-22.933333333333334,-27.625,-10.194444444444445,12.75
2020-03-17,-31.655172413793103,-16.137931034482758,-25.066666666666666,-35.60606060606061,-11.25,12.0
2020-03-18,-38.035714285714285,-19.59259259259259,-29.333333333333332,-40.02857142857143,-13.916666666666666,16.782608695652176
2020-03-19,-39.275862068965516,-24.185185185185187,-31.177777777777777,-43.416666666666664,-18.486486486486488,17.125
2020-03-20,-48.8,-27.333333333333332,-39.0625,-51.916666666666664,-21.10810810810811,20.73913043478261
2020-03-21,-40.193548387096776,-4.0,-32.8936170212766,-48.31428571428572,-20.558823529411764,14.761904761904763
2020-03-22,-76.63333333333334,-60.03846153846154,-65.85416666666667,-77.0,-48.333333333333336,29.23076923076923
2020-03-23,-78.67857142857143,-71.76,-68.17777777777778,-80.78125,-62.794871794871796,37.8
2020-03-24,-76.65517241379311,-68.92,-67.06666666666666,-79.93548387096774,-64.58974358974359,35.611111111111114
2020-03-25,-76.24137931034483,-66.5,-66.6304347826087,-79.38709677419355,-63.82051282051282,35.26315789473684
2020-03-26,-82.0,-75.125,-70.0,-84.0,-69.23076923076923,39.93333333333333
2020-03-27,-80.06666666666666,-70.66666666666667,-70.0,-83.03225806451613,-67.21052631578948,40.9375
2020-03-28,-91.88888888888889,-94.125,-81.48780487804878,-87.92307692307692,-75.38461538461539,43.77777777777778
2020-03-29,-90.88461538461539,-92.61538461538461,-82.41463414634147,-91.6086956521739,-67.32352941176471,34.857142857142854
2020-03-30,-78.78571428571429,-68.52,-70.5813953488372,-82.83870967741936,-67.43589743589743,39.2
2020-03-31,-78.4074074074074,-68.48,-71.0909090909091,-82.63333333333334,-67.56410256410257,36.1764705882353
2020-04-01,-76.53571428571429,-66.36,-67.47727272727273,-81.12903225806451,-65.02564102564102,36.44444444444444
2020-04-02,-79.28571428571429,-70.56,-67.5,-81.34482758620689,-66.48717948717949,37.44444444444444
2020-04-03,-74.73333333333333,-60.84,-64.36170212765957,-79.78125,-62.973684210526315,37.05263157894737
2020-04-04,-90.89285714285714,-93.52,-81.35714285714286,-90.04166666666667,-74.36842105263158,43.77777777777778
2020-04-05,-90.73076923076923,-92.0,-82.37209302325581,-91.17391304347827,-65.6470588235294,35.0
2020-04-06,-75.25,-64.12,-66.44444444444444,-78.96875,-63.473684210526315,36.73684210526316
2020-04-07,-76.14285714285714,-64.5,-68.77272727272727,-79.93548387096774,-65.12820512820512,34.94444444444444
2020-04-08,-70.93103448275862,-58.0,-62.84444444444444,-77.3125,-60.69230769230769,33.55
2020-04-09,-72.13333333333334,-61.15384615384615,-60.77272727272727,-77.51612903225806,-63.05128205128205,34.10526315789474
2020-04-10,-90.03846153846153,-88.52,-77.225,-87.28571428571429,-76.3076923076923,45.72727272727273
2020-04-11,-79.20689655172414,-68.76923076923077,-69.15555555555555,-83.06666666666666,-61.73684210526316,35.4
2020-04-12,-90.21428571428571,-91.23076923076923,-81.53488372093024,-90.56521739130434,-64.08823529411765,35.0
2020-04-13,-75.42857142857143,-65.96,-66.27272727272727,-79.51612903225806,-62.60526315789474,37.10526315789474
2020-04-14,-76.32142857142857,-69.28,-67.70454545454545,-79.93548387096774,-63.92307692307692,35.68421052631579
2020-04-15,-75.48275862068965,-68.24,-65.13636363636364,-78.5,-62.526315789473685,36.421052631578945
2020-04-16,-75.65517241379311,-68.15384615384616,-64.33333333333333,-78.6774193548387,-62.48717948717949,36.473684210526315
2020-04-17,-73.73333333333333,-61.88,-62.17777777777778,-78.80645161290323,-60.351351351351354,37.0
2020-04-18,-88.07142857142857,-89.12,-77.88372093023256,-89.24,-70.23684210526316,41.36363636363637
2020-04-19,-90.15384615384616,-91.57692307692308,-81.02325581395348,-90.2,-64.20588235294117,34.888888888888886
2020-04-20,-73.96551724137932,-65.28,-63.38636363636363,-78.25,-60.473684210526315,36.1578947368421
2020-04-21,-75.10344827586206,-68.03846153846153,-66.5,-78.38709677419355,-61.41025641025641,34.578947368421055
2020-04-22,-72.24137931034483,-64.24,-61.43478260869565,-78.19354838709677,-58.76315789473684,34.578947368421055
2020-04-23,-74.82758620689656,-67.61538461538461,-64.55319148936171,-78.90625,-60.48717948717949,35.78947368421053
2020-04-24,-72.4,-60.16,-62.765957446808514,-77.78125,-58.67567567567568,35.36842105263158
2020-04-25,-90.14814814814815,-93.0,-81.21428571428571,-90.26923076923077,-71.94594594594595,42.36363636363637
2020-04-26,-90.48148148148148,-91.84615384615384,-82.6,-90.08333333333333,-62.55882352941177,34.44444444444444
2020-04-27,-75.64285714285714,-68.6,-65.32608695652173,-78.15151515151516,-59.526315789473685,36.0
2020-04-28,-73.27586206896552,-66.23076923076923,-65.13333333333334,-77.5625,-59.256410256410255,32.73684210526316
2020-04-29,-73.53571428571429,-64.4,-61.95744680851064,-77.1875,-57.7027027027027,33.89473684210526
2020-04-30,-71.86666666666666,-66.65384615384616,-60.41304347826087,-76.5625,-57.61538461538461,33.94736842105263
2020-05-01,-83.14814814814815,-81.29166666666667,-73.8409090909091,-85.15384615384616,-70.74358974358974,42.214285714285715
2020-05-02,-75.37931034482759,-63.916666666666664,-67.14583333333333,-81.0,-55.30555555555556,32.35294117647059
2020-05-03,-87.75,-86.76923076923077,-79.04651162790698,-88.82608695652173,-57.45454545454545,30.6
2020-05-04,-73.6896551724138,-66.72,-64.95555555555555,-77.61290322580645,-57.23684210526316,34.526315789473685
2020-05-05,-74.37931034482759,-68.57692307692308,-65.65217391304348,-78.03125,-58.23076923076923,33.88235294117647
2020-05-06,-73.89655172413794,-66.04,-62.73913043478261,-76.93548387096774,-58.108108108108105,34.88235294117647
2020-05-07,-74.62068965517241,-68.65384615384616,-63.65217391304348,-75.54545454545455,-58.89473684210526,34.705882352941174
2020-05-08,-71.4,-61.53846153846154,-59.212765957446805,-74.84848484848484,-55.486486486486484,35.470588235294116
2020-05-09,-86.67857142857143,-90.16,-77.72727272727273,-86.72,-66.45945945945945,40.666666666666664
2020-05-10,-87.57142857142857,-89.07692307692308,-78.64444444444445,-87.08,-56.03030303030303,33.2
2020-05-11,-66.96551724137932,-55.57692307692308,-58.47826086956522,-72.3030303030303,-49.60526315789474,32.5
2020-05-12,-68.9,-59.5,-58.84444444444444,-72.63636363636364,-51.61538461538461,31.285714285714285
2020-05-13,-66.6896551724138,-55.84,-55.644444444444446,-71.57575757575758,-49.62162162162162,31.61904761904762
2020-05-14,-67.7,-58.42307692307692,-56.87234042553192,-72.63636363636364,-51.026315789473685,31.285714285714285
2020-05-15,-63.8,-50.111111111111114,-54.479166666666664,-71.87878787878788,-47.189189189189186,31.523809523809526
2020-05-16,-85.92592592592592,-88.76,-76.0909090909091,-86.0,-63.75675675675676,39.15384615384615
2020-05-17,-87.37037037037037,-87.73076923076923,-78.25,-86.32,-52.09090909090909,32.18181818181818
2020-05-18,-61.96551724137931,-50.92307692307692,-52.808510638297875,-71.57575757575758,-44.26315789473684,30.714285714285715
2020-05-19,-65.3,-56.53846153846154,-56.5,-70.9375,-46.61538461538461,29.863636363636363
2020-05-20,-63.392857142857146,-52.2,-53.06521739130435,-69.26470588235294,-44.13157894736842,30.227272727272727
2020-05-21,-65.76666666666667,-53.73076923076923,-54.955555555555556,-70.28125,-46.05128205128205,30.727272727272727
2020-05-22,-62.1,-43.666666666666664,-53.520833333333336,-70.87878787878788,-42.270270270270274,30.318181818181817
2020-05-23,-83.5925925925926,-82.65384615384616,-75.34883720930233,-84.42307692307692,-59.83783783783784,38.46153846153846
2020-05-24,-84.3103448275862,-84.92592592592592,-76.20454545454545,-85.84615384615384,-48.96969696969697,31.454545454545453
2020-05-25,-60.6551724137931,-47.44444444444444,-52.19565217391305,-69.27272727272727,-42.68421052631579,29.954545454545453
2020-05-26,-58.46666666666667,-45.925925925925924,-48.93333333333333,-67.6875,-40.44736842105263,27.227272727272727
2020-05-27,-54.689655172413794,-39.7037037037037,-43.888888888888886,-63.76470588235294,-36.86486486486486,24.954545454545453
2020-05-28,-63.8,-53.55555555555556,-51.56521739130435,-69.78125,-43.08108108108108,29.181818181818183
2020-05-29,-60.03333333333333,-43.074074074074076,-49.23913043478261,-68.66666666666667,-39.45945945945946,29.227272727272727
2020-05-30,-81.82758620689656,-80.73076923076923,-73.02272727272727,-83.64285714285714,-57.13513513513514,36.733333333333334
2020-05-31,-83.46153846153847,-83.29629629629629,-75.1590909090909,-85.2,-45.303030303030305,30.416666666666668
2020-06-01,-53.10344827586207,-37.851851851851855,-42.13636363636363,-63.45454545454545,-33.91891891891892,25.857142857142858
2020-06-02,-55.333333333333336,-41.25,-45.22727272727273,-63.18181818181818,-36.0,25.857142857142858
2020-06-03,-55.48275862068966,-39.888888888888886,-45.15555555555556,-62.23529411764706,-33.810810810810814,25.272727272727273
2020-06-04,-57.86206896551724,-43.15384615384615,-46.645833333333336,-63.84848484848485,-37.108108108108105,26.772727272727273
2020-06-05,-52.46666666666667,-30.62962962962963,-43.48888888888889,-63.77142857142857,-33.37837837837838,24.727272727272727
2020-06-06,-79.51724137931035,-81.44,-71.4888888888889,-83.53333333333333,-54.69444444444444,35.5
2020-06-07,-80.55172413793103,-81.4074074074074,-73.41304347826087,-84.44,-42.03030303030303,30.076923076923077
2020-06-08,-49.5,-30.25925925925926,-41.53333333333333,-62.333333333333336,-27.434782608695652,23.956521739130434
2020-06-09,-50.58620689655172,-34.142857142857146,-43.20454545454545,-63.529411764705884,-29.57777777777778,23.47826086956522
2020-06-10,-49.22222222222222,-30.692307692307693,-40.869565217391305,-61.714285714285715,-28.4,22.608695652173914
2020-06-11,-64.10344827586206,-50.26923076923077,-53.869565217391305,-71.0,-49.65217391304348,31.0
2020-06-12,-50.689655172413794,-29.37037037037037,-39.458333333333336,-61.76470588235294,-27.844444444444445,23.181818181818183
2020-06-13,-73.35714285714286,-66.3076923076923,-65.06666666666666,-80.48484848484848,-43.40425531914894,31.77777777777778
2020-06-14,-81.46428571428571,-80.07407407407408,-72.32608695652173,-82.96296296296296,-37.4390243902439,29.384615384615383
2020-06-15,-54.0,-35.38461538461539,-42.51111111111111,-61.625,-31.32608695652174,23.954545454545453
2020-06-16,-54.266666666666666,-38.80769230769231,-44.34090909090909,-62.878787878787875,-33.17777777777778,23.772727272727273
2020-06-17,-55.392857142857146,-38.64,-44.355555555555554,-61.5,-30.869565217391305,23.727272727272727
2020-06-18,-55.172413793103445,-37.69230769230769,-42.888888888888886,-61.96969696969697,-32.869565217391305,24.181818181818183
2020-06-19,-52.3,-29.73076923076923,-41.854166666666664,-59.05882352941177,-30.0,22.09090909090909
2020-06-20,-77.14285714285714,-72.96,-68.57777777777778,-80.72413793103448,-47.148936170212764,32.529411764705884
2020-06-21,-79.66666666666667,-74.14814814814815,-71.11111111111111,-81.07407407407408,-38.170731707317074,27.923076923076923
2020-06-22,-66.10714285714286,-54.46153846153846,-57.51162790697674,-71.15151515151516,-51.787234042553195,33.65
2020-06-23,-52.733333333333334,-33.285714285714285,-42.68181818181818,-62.63636363636363,-34.62222222222222,23.130434782608695
2020-06-24,-56.44827586206897,-45.28,-48.28888888888889,-65.65714285714286,-35.02173913043478,25.695652173913043
2020-06-25,-60.166666666666664,-48.629629629629626,-48.91489361702128,-67.03125,-38.630434782608695,27.09090909090909
2020-06-26,-55.89655172413793,-34.42307692307692,-44.56521739130435,-64.48571428571428,-34.8,26.40909090909091
2020-06-27,-75.96428571428571,-71.04,-68.3953488372093,-79.48275862068965,-47.680851063829785,32.77777777777778
2020-06-28,-77.0,-69.55555555555556,-69.08888888888889,-79.96296296296296,-37.19512195121951,25.916666666666668
2020-06-29,-56.172413793103445,-41.44444444444444,-48.06666666666667,-65.18181818181819,-36.04347826086956,27.727272727272727
2020-06-30,-56.41379310344828,-46.55555555555556,-49.55555555555556,-66.45161290322581,-36.71739130434783,26.17391304347826
2020-07-01,-56.89655172413793,-45.65384615384615,-49.666666666666664,-67.18181818181819,-35.577777777777776,27.91304347826087
2020-07-02,-57.275862068965516,-45.148148148148145,-49.787234042553195,-66.25806451612904,-36.08695652173913,28.695652173913043
2020-07-03,-55.766666666666666,-37.81481481481482,-47.46808510638298,-67.0,-33.91111111111111,28.47826086956522
2020-07-04,-75.78571428571429,-74.44,-67.17391304347827,-81.46666666666667,-47.869565217391305,33.4
2020-07-05,-79.22222222222223,-75.92592592592592,-70.45652173913044,-82.03448275862068,-36.48780487804878,30.153846153846153
2020-07-06,-48.55172413793103,-27.85185185185185,-42.369565217391305,-61.3235294117647,-31.58695652173913,24.695652173913043
2020-07-07,-50.0,-35.111111111111114,-46.08888888888889,-62.588235294117645,-34.08695652173913,24.347826086956523
2020-07-08,-54.392857142857146,-40.888888888888886,-47.62222222222222,-61.90909090909091,-33.73913043478261,26.652173913043477
2020-07-09,-53.55172413793103,-39.55555555555556,-44.55555555555556,-61.29032258064516,-33.93478260869565,26.434782608695652
2020-07-10,-49.03333333333333,-29.74074074074074,-42.916666666666664,-59.74285714285714,-30.6,25.434782608695652
2020-07-11,-72.78571428571429,-71.23076923076923,-64.8695652173913,-77.86666666666666,-44.297872340425535,32.05
2020-07-12,-76.10714285714286,-72.57142857142857,-68.02222222222223,-80.03448275862068,-35.41463414634146,28.357142857142858
2020-07-13,-42.689655172413794,-23.074074074074073,-36.97872340425532,-54.68571428571428,-26.97826086956522,21.695652173913043
2020-07-14,-43.4,-27.25925925925926,-38.17777777777778,-54.714285714285715,-29.26086956521739,21.47826086956522
2020-07-15,-43.3448275862069,-25.03846153846154,-36.12765957446808,-53.22222222222222,-25.733333333333334,21.304347826086957
2020-07-16,-46.55172413793103,-31.22222222222222,-38.46666666666667,-57.1764705882353,-30.391304347826086,23.608695652173914
2020-07-17,-50.41935483870968,-34.03703703703704,-45.145833333333336,-61.17142857142857,-30.217391304347824,26.17391304347826
2020-07-18,-73.10714285714286,-72.46153846153847,-64.97826086956522,-78.51724137931035,-45.787234042553195,32.4
2020-07-19,-75.5,-72.70370370370371,-66.95555555555555,-80.28571428571429,-35.0,28.846153846153847
2020-07-20,-42.689655172413794,-24.0,-35.888888888888886,-53.51428571428571,-24.369565217391305,21.47826086956522
2020-07-21,-43.233333333333334,-27.178571428571427,-37.630434782608695,-54.65714285714286,-26.47826086956522,21.347826086956523
2020-07-22,-44.25,-28.26923076923077,-38.022222222222226,-51.94444444444444,-25.933333333333334,21.652173913043477
2020-07-23,-40.86206896551724,-23.185185185185187,-34.65217391304348,-51.666666666666664,-25.434782608695652,20.565217391304348
2020-07-24,-51.766666666666666,-34.851851851851855,-43.666666666666664,-58.42857142857143,-30.666666666666668,25.863636363636363
2020-07-25,-74.60714285714286,-73.4,-65.3913043478261,-77.65625,-47.82608695652174,33.421052631578945
2020-07-26,-74.57142857142857,-72.5,-66.95744680851064,-78.21428571428571,-37.0,28.642857142857142
2020-07-27,-44.86206896551724,-28.25925925925926,-36.0,-53.44444444444444,-27.847826086956523,23.47826086956522
2020-07-28,-43.43333333333333,-26.75,-35.47826086956522,-50.911764705882355,-26.91304347826087,21.695652173913043
2020-07-29,-44.57142857142857,-27.26923076923077,-35.44444444444444,-50.945945945945944,-26.42222222222222,21.869565217391305
2020-07-30,-45.793103448275865,-30.714285714285715,-36.48888888888889,-52.361111111111114,-29.67391304347826,23.0
2020-07-31,-48.03333333333333,-30.185185185185187,-38.979166666666664,-55.138888888888886,-29.717391304347824,24.681818181818183
2020-08-01,-70.71428571428571,-68.65384615384616,-61.041666666666664,-74.15151515151516,-45.45652173913044,31.63157894736842
2020-08-02,-72.53571428571429,-71.3076923076923,-63.958333333333336,-75.6875,-34.97560975609756,26.846153846153847
2020-08-03,-39.10344827586207,-21.185185185185187,-32.888888888888886,-51.628571428571426,-23.565217391304348,21.17391304347826
2020-08-04,-39.833333333333336,-24.703703703703702,-35.8,-52.81818181818182,-25.782608695652176,20.652173913043477
2020-08-05,-36.785714285714285,-16.11111111111111,-31.318181818181817,-48.14705882352941,-22.886363636363637,18.91304347826087
2020-08-06,-52.266666666666666,-39.57142857142857,-43.38636363636363,-58.75,-46.19565217391305,26.956521739130434
2020-08-07,-52.766666666666666,-42.18518518518518,-42.97872340425532,-62.666666666666664,-33.2,28.09090909090909
2020-08-08,-66.0,-59.69230769230769,-58.326530612244895,-71.75,-41.38297872340426,28.666666666666668
2020-08-09,-70.75862068965517,-68.96296296296296,-62.958333333333336,-75.61290322580645,-33.53658536585366,26.6
2020-08-10,-38.793103448275865,-21.74074074074074,-33.333333333333336,-53.55882352941177,-25.130434782608695,20.318181818181817
2020-08-11,-42.13333333333333,-27.142857142857142,-38.333333333333336,-53.55882352941177,-27.533333333333335,20.863636363636363
2020-08-12,-42.03448275862069,-28.115384615384617,-37.348837209302324,-51.205882352941174,-25.466666666666665,21.318181818181817
2020-08-13,-41.793103448275865,-25.428571428571427,-35.77272727272727,-51.22857142857143,-25.67391304347826,21.09090909090909
2020-08-14,-44.86666666666667,-27.703703703703702,-38.340425531914896,-55.371428571428574,-26.444444444444443,23.681818181818183
2020-08-15,-64.8,-61.148148148148145,-59.02173913043478,-67.9090909090909,-39.91304347826087,28.473684210526315
2020-08-16,-67.7,-65.51851851851852,-61.583333333333336,-71.84375,-33.048780487804876,25.714285714285715
2020-08-17,-45.1,-25.75,-38.61538461538461,-49.583333333333336,-32.0,19.130434782608695
2020-08-18,-44.4,-28.416666666666668,-40.285714285714285,-46.5,-31.61904761904762,18.0
2020-08-19,-49.5,-31.692307692307693,-42.857142857142854,-49.166666666666664,-31.285714285714285,19.391304347826086
2020-08-20,-49.6,-30.833333333333332,-43.875,-48.36363636363637,-36.54545454545455,21.956521739130434
2020-08-21,-50.23076923076923,-34.083333333333336,-45.375,-53.0,-35.19047619047619,22.0
2020-08-22,-74.93333333333334,-74.0,-67.94444444444444,-78.46666666666667,-55.55555555555556,28.5
2020-08-23,-75.93333333333334,-73.57142857142857,-69.23529411764706,-81.46666666666667,-40.714285714285715,24.4375
2020-08-24,-42.6,-23.75,-36.07692307692308,-45.083333333333336,-29.19047619047619,18.08695652173913
2020-08-25,-42.4,-27.083333333333332,-36.38461538461539,-43.916666666666664,-30.181818181818183,17.333333333333332
2020-08-26,-44.7,-28.46153846153846,-37.84615384615385,-44.666666666666664,-27.285714285714285,17.565217391304348
2020-08-27,-43.8,-25.083333333333332,-36.0,-42.90909090909091,-28.863636363636363,17.25
2020-08-28,-46.27272727272727,-30.416666666666668,-39.6,-49.61538461538461,-30.095238095238095,17.73913043478261
2020-08-29,-72.46666666666667,-71.4,-66.41176470588235,-76.93333333333334,-53.529411764705884,25.333333333333332
2020-08-30,-73.5,-71.71428571428571,-65.76470588235294,-79.8,-39.84615384615385,22.1875
2020-08-31,-42.3,-24.916666666666668,-36.57142857142857,-44.833333333333336,-27.5,16.956521739130434
2020-09-01,-38.3,-22.416666666666668,-32.76923076923077,-41.916666666666664,-27.727272727272727,15.458333333333334
2020-09-02,-40.6,-23.692307692307693,-34.15384615384615,-40.81818181818182,-24.952380952380953,15.869565217391305
2020-09-03,-39.5,-20.75,-32.857142857142854,-41.09090909090909,-27.136363636363637,15.916666666666666
2020-09-04,-45.916666666666664,-28.333333333333332,-38.875,-49.46153846153846,-29.238095238095237,17.391304347826086
2020-09-05,-62.285714285714285,-52.642857142857146,-56.411764705882355,-65.2,-40.470588235294116,19.4
2020-09-06,-68.53333333333333,-64.71428571428571,-61.11764705882353,-75.06666666666666,-37.61538461538461,20.533333333333335
2020-09-07,-38.9,-20.25,-31.833333333333332,-40.54545454545455,-26.523809523809526,15.041666666666666
2020-09-08,-36.9,-21.416666666666668,-30.75,-40.5,-27.476190476190474,13.916666666666666
2020-09-09,-39.3,-21.846153846153847,-32.0,-37.7,-23.523809523809526,13.625
2020-09-10,-37.3,-20.583333333333332,-29.428571428571427,-36.72727272727273,-25.863636363636363,14.208333333333334
2020-09-11,-27.466666666666665,-8.346153846153847,-21.085106382978722,-34.351351351351354,-17.533333333333335,13.782608695652174
2020-09-12,-42.3125,-24.814814814814813,-32.270833333333336,-47.38235294117647,-24.523809523809526,15.952380952380953
2020-09-13,-49.13333333333333,-42.88,-39.191489361702125,-57.484848484848484,-21.75,17.0
2020-09-14,-30.464285714285715,-13.785714285714286,-24.488888888888887,-37.57575757575758,-20.47826086956522,16.291666666666668
2020-09-15,-26.79310344827586,-10.74074074074074,-20.954545454545453,-33.63636363636363,-15.28888888888889,14.25
2020-09-16,-25.571428571428573,-10.555555555555555,-21.30952380952381,-34.80555555555556,-13.511111111111111,14.041666666666666
2020-09-17,-29.379310344827587,-12.321428571428571,-22.77777777777778,-34.44444444444444,-17.17391304347826,14.708333333333334
2020-09-18,-29.033333333333335,-10.148148148148149,-23.152173913043477,-35.54054054054054,-13.733333333333333,14.875
2020-09-19,-41.09375,-21.40740740740741,-31.583333333333332,-46.6,-21.558139534883722,15.571428571428571
2020-09-20,-48.0,-39.08,-40.3125,-55.794117647058826,-18.775,16.27777777777778
2020-09-21,-18.428571428571427,1.2142857142857142,-11.488888888888889,-30.0625,-15.130434782608695,11.625
2020-09-22,-29.233333333333334,-10.074074074074074,-22.11111111111111,-35.14705882352941,-18.622222222222224,13.375
2020-09-23,-30.642857142857142,-10.32,-22.431818181818183,-33.23529411764706,-14.340909090909092,13.04
2020-09-24,-35.41379310344828,-14.851851851851851,-22.955555555555556,-34.94285714285714,-25.52173913043478,15.458333333333334
2020-09-25,-32.8,-10.222222222222221,-23.19148936170213,-35.86842105263158,-15.244444444444444,13.416666666666666
2020-09-26,-43.875,-23.074074074074073,-31.195652173913043,-46.388888888888886,-20.72093023255814,14.583333333333334
2020-09-27,-50.2,-37.48,-39.083333333333336,-53.42424242424242,-19.975609756097562,15.695652173913043
2020-09-28,-34.214285714285715,-11.678571428571429,-26.456521739130434,-35.75757575757576,-16.08695652173913,15.083333333333334
2020-09-29,-31.066666666666666,-9.413793103448276,-23.108695652173914,-34.0,-16.622222222222224,12.291666666666666
2020-09-30,-31.714285714285715,-10.692307692307692,-22.755555555555556,-31.885714285714286,-16.195652173913043,11.32
2020-10-01,-31.79310344827586,-8.964285714285714,-22.444444444444443,-30.852941176470587,-16.5,9.833333333333334
2020-10-02,-27.2,-0.7142857142857143,-19.152173913043477,-34.67567567567568,-13.222222222222221,9.666666666666666
2020-10-03,-39.34375,-12.148148148148149,-25.0,-40.916666666666664,-19.681818181818183,9.75
2020-10-04,-39.689655172413794,-22.52,-27.208333333333332,-47.48571428571429,-18.195121951219512,10.347826086956522
2020-10-05,-26.464285714285715,-2.925925925925926,-18.130434782608695,-32.3125,-17.91304347826087,9.75
2020-10-06,-25.137931034482758,-5.423076923076923,-18.622222222222224,-31.484848484848484,-17.32608695652174,8.384615384615385
2020-10-07,-24.607142857142858,-6.28,-17.5,-30.235294117647058,-14.232558139534884,10.08
2020-10-08,-24.03448275862069,-2.8461538461538463,-18.022222222222222,-29.363636363636363,-13.043478260869565,10.44
2020-10-09,-23.8,-1.8518518518518519,-19.53191489361702,-31.945945945945947,-10.222222222222221,10.84
2020-10-10,-33.38709677419355,-10.444444444444445,-23.695652173913043,-37.861111111111114,-12.951219512195122,10.333333333333334
2020-10-11,-33.56666666666667,-20.5,-25.5625,-44.285714285714285,-9.85,10.565217391304348
2020-10-12,-23.321428571428573,-4.153846153846154,-19.26086956521739,-31.393939393939394,-14.630434782608695,11.333333333333334
2020-10-13,-21.96551724137931,-4.074074074074074,-20.2,-30.636363636363637,-14.152173913043478,11.52
2020-10-14,-19.928571428571427,2.4615384615384617,-14.533333333333333,-19.09090909090909,-8.681818181818182,10.52
2020-10-15,-21.620689655172413,6.038461538461538,-19.844444444444445,-16.484848484848484,-11.956521739130435,10.68
2020-10-16,-24.733333333333334,5.461538461538462,-24.340425531914892,-31.31578947368421,-9.11111111111111,12.125
2020-10-17,-38.28125,-4.148148148148148,-34.319148936170215,-47.138888888888886,-14.395348837209303,14.75
2020-10-18,-54.65625,-47.84615384615385,-32.702127659574465,-63.705882352941174,-20.075,19.217391304347824
2020-10-19,-26.75,-4.518518518518518,-23.195652173913043,-32.17142857142857,-14.043478260869565,13.083333333333334
2020-10-20,-22.133333333333333,-2.142857142857143,-22.466666666666665,-30.875,-12.444444444444445,12.08
2020-10-21,-22.892857142857142,-4.3076923076923075,-20.511111111111113,-34.142857142857146,-7.909090909090909,12.24
2020-10-22,-24.310344827586206,-2.230769230769231,-19.91111111111111,-32.73529411764706,-10.777777777777779,11.875
2020-10-23,-21.8,1.2962962962962963,-18.02173913043478,-35.083333333333336,-7.333333333333333,10.833333333333334
2020-10-24,-32.6,-7.703703703703703,-23.26086956521739,-41.333333333333336,-11.55813953488372,10.5
2020-10-25,-35.206896551724135,-18.88,-25.604166666666668,-45.23529411764706,-10.390243902439025,10.478260869565217
2020-10-26,-26.142857142857142,-5.2592592592592595,-22.130434782608695,-34.3235294117647,-11.847826086956522,12.375
2020-10-27,-21.75862068965517,-3.769230769230769,-21.31111111111111,-32.75757575757576,-12.266666666666667,10.56
2020-10-28,-21.464285714285715,-4.92,-20.2,-31.0625,-8.4,10.04
2020-10-29,-23.93103448275862,-5.24,-25.355555555555554,-29.181818181818183,-13.6,11.12
2020-10-30,-23.6,-2.1538461538461537,-22.891304347826086,-28.916666666666668,-10.044444444444444,10.0
2020-10-31,-25.1,-1.3703703703703705,-13.377777777777778,-30.114285714285714,-11.547619047619047,8.25
2020-11-01,-30.066666666666666,-14.52,-14.41304347826087,-41.285714285714285,-10.975609756097562,8.347826086956522
2020-11-02,-37.607142857142854,-28.0,-16.931818181818183,-44.18181818181818,-53.808510638297875,17.333333333333332
2020-11-03,-22.379310344827587,-8.62962962962963,-20.869565217391305,-31.09090909090909,-16.217391304347824,9.125
2020-11-04,-22.035714285714285,-5.4,-21.75,-28.636363636363637,-9.91304347826087,9.96
2020-11-05,-25.379310344827587,-3.0384615384615383,-23.42222222222222,-31.757575757575758,-12.977777777777778,10.0
2020-11-06,-30.766666666666666,-11.592592592592593,-27.104166666666668,-40.78378378378378,-15.71111111111111,14.291666666666666
2020-11-07,-32.645161290322584,-9.555555555555555,-28.404255319148938,-38.142857142857146,-8.804878048780488,9.583333333333334
2020-11-08,-34.7,-18.307692307692307,-27.595744680851062,-42.55882352941177,-8.475,10.478260869565217
2020-11-09,-23.5,-4.0,-22.68888888888889,-31.352941176470587,-10.456521739130435,10.541666666666666
2020-11-10,-22.166666666666668,-2.185185185185185,-22.108695652173914,-31.060606060606062,-16.31111111111111,10.4
2020-11-11,-20.142857142857142,-0.88,-18.555555555555557,-23.235294117647058,-7.266666666666667,9.28
2020-11-12,-22.03448275862069,-2.1923076923076925,-22.666666666666668,-29.91176470588235,-10.8,9.916666666666666
2020-11-13,-21.322580645161292,-1.0,-20.914893617021278,-32.078947368421055,-6.777777777777778,9.2
2020-11-14,-26.741935483870968,-5.481481481481482,-22.543478260869566,-34.19444444444444,-6.9523809523809526,7.125
2020-11-15,-28.333333333333332,-13.923076923076923,-22.76595744680851,-36.583333333333336,-7.65,8.26086956521739
2020-11-16,-22.178571428571427,-4.153846153846154,-21.23913043478261,-30.558823529411764,-10.155555555555555,9.583333333333334
2020-11-17,-20.0,-4.074074074074074,-20.02173913043478,-32.5625,-10.444444444444445,8.84
2020-11-18,-23.071428571428573,-7.08,-22.288888888888888,-30.484848484848484,-11.545454545454545,10.64
2020-11-19,-21.20689655172414,-1.7307692307692308,-21.355555555555554,-27.939393939393938,-9.444444444444445,9.92
2020-11-20,-20.166666666666668,-0.5555555555555556,-19.97826086956522,-31.5,-6.266666666666667,8.96
2020-11-21,-27.46875,-6.333333333333333,-20.91304347826087,-31.742857142857144,-6.023809523809524,6.958333333333333
2020-11-22,-28.70967741935484,-13.038461538461538,-21.382978723404257,-36.285714285714285,-6.0,7.391304347826087
2020-11-23,-22.928571428571427,-5.851851851851852,-21.5,-30.0,-10.521739130434783,9.75
2020-11-24,-20.8,-3.5185185185185186,-20.244444444444444,-30.21875,-9.73913043478261,8.64
2020-11-25,-20.25,-4.32,-18.977777777777778,-29.235294117647058,-5.318181818181818,9.04
2020-11-26,-20.93103448275862,-1.037037037037037,-20.733333333333334,-27.545454545454547,-8.511111111111111,8.96
2020-11-27,-21.161290322580644,-1.3703703703703705,-21.152173913043477,-29.675675675675677,-5.444444444444445,9.04
2020-11-28,-25.433333333333334,-3.8518518518518516,-19.5531914893617,-30.942857142857143,-2.55,6.833333333333333
2020-11-29,-28.322580645161292,-15.08,-21.085106382978722,-36.57142857142857,-5.15,8.217391304347826
2020-11-30,-21.607142857142858,-3.2962962962962963,-22.0,-29.529411764705884,-9.695652173913043,9.416666666666666
2020-12-01,-17.8,0.14814814814814814,-20.08695652173913,-29.0,-8.28888888888889,8.72
2020-12-02,-15.607142857142858,-0.2916666666666667,-16.266666666666666,-25.757575757575758,-2.813953488372093,7.68
2020-12-03,-16.24137931034483,5.346153846153846,-16.711111111111112,-25.65625,-6.488888888888889,7.884615384615385
2020-12-04,-18.483870967741936,5.222222222222222,-18.595744680851062,-28.135135135135137,-2.577777777777778,8.08
2020-12-05,-21.612903225806452,1.8148148148148149,-20.5,-27.794117647058822,-3.725,6.0
2020-12-06,-24.516129032258064,-7.64,-19.340425531914892,-32.17142857142857,-4.538461538461538,7.434782608695652
2020-12-07,-13.892857142857142,6.407407407407407,-13.108695652173912,-24.96969696969697,-7.760869565217392,7.12
2020-12-08,-12.310344827586206,3.9615384615384617,-12.044444444444444,-24.96875,-5.288888888888889,6.269230769230769
2020-12-09,-15.892857142857142,0.4166666666666667,-16.755555555555556,-23.625,-4.068181818181818,7.84
2020-12-10,-13.172413793103448,10.26923076923077,-10.28888888888889,-18.5625,-5.466666666666667,7.2
2020-12-11,-11.866666666666667,11.444444444444445,-13.217391304347826,-20.583333333333332,-2.0444444444444443,5.76
2020-12-12,-17.774193548387096,9.74074074074074,-12.772727272727273,-20.705882352941178,0.5,3.7916666666666665
2020-12-13,-16.451612903225808,1.48,-10.652173913043478,-22.61764705882353,0.41025641025641024,4.782608695652174
2020-12-14,-14.172413793103448,10.11111111111111,-12.804347826086957,-22.303030303030305,-7.6521739130434785,8.16
2020-12-15,-4.166666666666667,17.925925925925927,-7.136363636363637,-15.878787878787879,-4.4,5.153846153846154
2020-12-16,-4.964285714285714,16.08,-6.909090909090909,-15.181818181818182,0.4666666666666667,5.92
2020-12-17,-4.0344827586206895,20.08,-5.363636363636363,-11.90625,-2.2222222222222223,5.5
2020-12-18,-4.533333333333333,19.56,-2.8444444444444446,-15.666666666666666,1.2790697674418605,4.76
2020-12-19,-10.67741935483871,15.92,-6.5,-10.647058823529411,3.5,2.2083333333333335
2020-12-20,-11.233333333333333,10.708333333333334,-7.723404255319149,-15.323529411764707,4.589743589743589,4.043478260869565
2020-12-21,-4.642857142857143,20.88888888888889,-5.177777777777778,-12.21875,-5.195652173913044,6.16
2020-12-22,1.3571428571428572,25.14814814814815,-1.2272727272727273,-4.9375,-5.044444444444444,3.96
2020-12-23,11.714285714285714,38.458333333333336,4.976744186046512,5.125,1.1904761904761905,1.7692307692307692
2020-12-24,15.535714285714286,64.57692307692308,14.720930232558139,5.4375,-3.282608695652174,2.1153846153846154
2020-12-25,-27.666666666666668,-10.37037037037037,-2.8222222222222224,-39.2,-45.56521739130435,15.333333333333334
2020-12-26,-27.133333333333333,-2.2962962962962963,-16.933333333333334,-27.764705882352942,-12.878048780487806,10.666666666666666
2020-12-27,-23.366666666666667,-2.08,-12.72340425531915,-21.2,-2.725,8.217391304347826
2020-12-28,-11.206896551724139,12.0,-9.355555555555556,-15.636363636363637,-12.043478260869565,9.5
2020-12-29,-6.9655172413793105,16.807692307692307,-5.4772727272727275,-12.34375,-10.891304347826088,8.04
2020-12-30,-3.0,24.541666666666668,-2.9767441860465116,-2.875,-3.1136363636363638,6.6
2020-12-31,5.142857142857143,60.48,6.9523809523809526,3.6666666666666665,-6.391304347826087,5.64
2021-01-01,-38.7,-28.555555555555557,-12.090909090909092,-48.75,-54.06521739130435,17.25
2021-01-02,-37.354838709677416,-14.555555555555555,-19.195652173913043,-37.77777777777778,-24.977777777777778,16.833333333333332
2021-01-03,-35.56666666666667,-16.884615384615383,-18.0,-30.242424242424242,-13.048780487804878,13.869565217391305
2021-01-04,-18.821428571428573,11.518518518518519,-14.911111111111111,-19.727272727272727,-14.891304347826088,11.25
2021-01-05,-19.566666666666666,6.814814814814815,-19.622222222222224,-20.65625,-14.847826086956522,12.48
2021-01-06,-18.24137931034483,6.92,-16.84090909090909,-23.2,-9.26086956521739,12.56
2021-01-07,-18.724137931034484,9.615384615384615,-17.545454545454547,-21.90625,-11.608695652173912,11.666666666666666
2021-01-08,-17.066666666666666,9.148148148148149,-16.369565217391305,-30.2972972972973,-8.422222222222222,10.458333333333334
2021-01-09,-23.733333333333334,1.8888888888888888,-19.217391304347824,-27.97142857142857,-4.658536585365853,8.291666666666666
2021-01-10,-27.033333333333335,-5.961538461538462,-19.23404255319149,-30.37142857142857,-6.725,8.695652173913043
2021-01-11,-12.928571428571429,12.307692307692308,-13.688888888888888,-21.15625,-11.91304347826087,8.541666666666666
2021-01-12,-29.333333333333332,-10.703703703703704,-28.177777777777777,-47.45454545454545,-23.0,15.75
2021-01-13,-20.035714285714285,1.2,-19.91111111111111,-30.235294117647058,-13.866666666666667,8.44
2021-01-14,-21.517241379310345,0.7307692307692307,-23.11111111111111,-31.676470588235293,-19.543478260869566,7.52
2021-01-15,-24.166666666666668,-3.037037037037037,-27.32608695652174,-36.888888888888886,-19.934782608695652,7.4
2021-01-16,-32.86666666666667,-7.703703703703703,-32.53333333333333,-38.51428571428571,-17.27906976744186,7.208333333333333
2021-01-17,-47.96774193548387,-33.88461538461539,-45.34,-50.81818181818182,-28.73170731707317,14.173913043478262
2021-01-18,-23.896551724137932,-1.2962962962962963,-26.0,-32.18181818181818,-21.782608695652176,9.0
2021-01-19,-26.0,-7.555555555555555,-29.282608695652176,-46.09375,-22.53191489361702,10.541666666666666
2021-01-20,-22.428571428571427,-4.16,-25.91304347826087,-37.6,-17.434782608695652,9.25
2021-01-21,-20.344827586206897,2.1923076923076925,-22.711111111111112,-27.6875,-20.043478260869566,7.84
2021-01-22,-33.4,-15.62962962962963,-32.23913043478261,-43.416666666666664,-42.38297872340426,18.125
2021-01-23,-35.096774193548384,-10.481481481481481,-33.723404255319146,-41.27777777777778,-18.863636363636363,10.875
2021-01-24,-43.09375,-30.115384615384617,-37.12765957446808,-45.484848484848484,-23.073170731707318,15.347826086956522
2021-01-25,-23.551724137931036,-1.8518518518518519,-25.282608695652176,-34.03030303030303,-18.80851063829787,9.5
2021-01-26,-22.633333333333333,-2.5555555555555554,-24.891304347826086,-33.515151515151516,-19.434782608695652,9.56
2021-01-27,-24.75862068965517,-4.36,-25.533333333333335,-36.0,-16.217391304347824,10.28
2021-01-28,-26.413793103448278,-2.888888888888889,-27.08888888888889,-33.25,-19.630434782608695,10.625
2021-01-29,-24.806451612903224,0.5925925925925926,-25.47826086956522,-37.083333333333336,-15.478260869565217,9.04
2021-01-30,-31.5,-2.0,-27.891304347826086,-35.77777777777778,-11.627906976744185,6.625
2021-01-31,-41.096774193548384,-22.791666666666668,-35.06122448979592,-43.61764705882353,-19.666666666666668,12.391304347826088
2021-02-01,-21.928571428571427,5.2592592592592595,-20.91304347826087,-32.303030303030305,-17.41304347826087,6.88
2021-02-02,-20.6,4.703703703703703,-22.652173913043477,-33.90625,-17.851063829787233,7.48
2021-02-03,-22.821428571428573,0.36,-23.933333333333334,-33.0,-14.869565217391305,8.76
2021-02-04,-23.17241379310345,-0.25,-25.444444444444443,-33.55882352941177,-17.565217391304348,8.88
2021-02-05,-24.548387096774192,1.6666666666666667,-25.73913043478261,-35.270270270270274,-15.043478260869565,8.8
2021-02-06,-28.033333333333335,-0.37037037037037035,-25.914893617021278,-34.416666666666664,-11.930232558139535,6.958333333333333
2021-02-07,-43.75,-27.56,-34.857142857142854,-47.73529411764706,-22.476190476190474,13.391304347826088
2021-02-08,-22.464285714285715,3.1538461538461537,-23.391304347826086,-32.60606060606061,-17.170212765957448,8.25
2021-02-09,-18.633333333333333,6.222222222222222,-24.42222222222222,-30.484848484848484,-16.67391304347826,7.615384615384615
2021-02-10,-22.035714285714285,0.875,-23.782608695652176,-30.91176470588235,-13.956521739130435,10.0
2021-02-11,-16.96551724137931,9.5,-22.8,-28.303030303030305,-15.152173913043478,6.88
2021-02-12,-19.9,6.148148148148148,-24.066666666666666,-30.18421052631579,-14.869565217391305,4.92
2021-02-13,-22.70967741935484,9.26923076923077,-20.108695652173914,-21.147058823529413,-14.25,2.0833333333333335
2021-02-14,-35.875,-21.708333333333332,-25.829787234042552,-47.1764705882353,-22.878048780487806,11.26086956521739
2021-02-15,-31.25,-6.7407407407407405,-24.09090909090909,-45.03030303030303,-51.51063829787234,14.416666666666666
2021-02-16,-41.86666666666667,-22.037037037037038,-34.111111111111114,-53.484848484848484,-56.723404255319146,15.5
2021-02-17,-22.892857142857142,-1.44,-23.644444444444446,-30.62857142857143,-18.73913043478261,6.48
2021-02-18,-22.03448275862069,3.230769230769231,-26.91111111111111,-28.848484848484848,-17.195652173913043,7.0
2021-02-19,-20.966666666666665,6.222222222222222,-22.695652173913043,-31.62162162162162,-12.673913043478262,7.04
2021-02-20,-25.741935483870968,1.9259259259259258,-23.77777777777778,-29.444444444444443,-10.142857142857142,4.25
2021-02-21,-34.32258064516129,-15.4,-28.666666666666668,-37.55882352941177,-17.452380952380953,8.304347826086957
2021-02-22,-20.03448275862069,2.8518518518518516,-22.565217391304348,-30.0,-14.41304347826087,5.96
2021-02-23,-17.2,4.481481481481482,-20.130434782608695,-29.78787878787879,-14.26086956521739,5.384615384615385
2021-02-24,-18.964285714285715,1.92,-19.488888888888887,-28.914285714285715,-10.466666666666667,6.52
2021-02-25,-18.93103448275862,4.444444444444445,-20.77777777777778,-26.454545454545453,-13.108695652173912,6.0
2021-02-26,-19.7,4.555555555555555,-21.67391304347826,-30.054054054054053,-9.755555555555556,6.04
2021-02-27,-23.032258064516128,3.5925925925925926,-20.555555555555557,-26.823529411764707,-7.0,3.2916666666666665
2021-02-28,-26.903225806451612,-7.88,-18.416666666666668,-32.51428571428571,-10.21951219512195,5.173913043478261
2021-03-01,-18.928571428571427,5.3076923076923075,-20.644444444444446,-26.757575757575758,-13.217391304347826,5.48
2021-03-02,-14.482758620689655,7.185185185185185,-14.644444444444444,-28.21875,-12.043478260869565,5.153846153846154
2021-03-03,-11.785714285714286,4.583333333333333,-12.5,-24.058823529411764,-9.434782608695652,5.230769230769231
2021-03-04,-20.20689655172414,4.346153846153846,-25.622222222222224,-26.61764705882353,-14.41304347826087,7.16
2021-03-05,-21.533333333333335,6.518518518518518,-24.21276595744681,-24.37142857142857,-10.244444444444444,6.96
2021-03-06,-20.35483870967742,17.444444444444443,-18.73913043478261,-25.4,-7.333333333333333,2.5833333333333335
2021-03-07,-49.354838709677416,-38.96153846153846,-27.42222222222222,-63.51428571428571,-19.625,11.434782608695652
2021-03-08,-11.107142857142858,9.576923076923077,-14.08695652173913,-21.96875,-14.695652173913043,4.84
2021-03-09,-16.3,5.925925925925926,-21.543478260869566,-23.90625,-14.043478260869565,6.0
2021-03-10,-15.142857142857142,5.125,-18.977777777777778,-24.914285714285715,-8.956521739130435,6.08
2021-03-11,-17.0,7.555555555555555,-20.31111111111111,-24.03125,-12.195652173913043,6.423076923076923
2021-03-12,-16.166666666666668,9.518518518518519,-19.32608695652174,-26.942857142857143,-8.934782608695652,5.84
2021-03-13,-20.774193548387096,5.814814814814815,-20.543478260869566,-25.34285714285714,-10.186046511627907,2.875
2021-03-14,-27.548387096774192,-5.833333333333333,-25.208333333333332,-29.514285714285716,-12.55,6.086956521739131
2021-03-15,-18.821428571428573,6.074074074074074,-22.26086956521739,-26.03030303030303,-11.5,6.56
2021-03-16,-16.8,6.0,-20.695652173913043,-25.303030303030305,-10.58695652173913,6.076923076923077
2021-03-17,-17.035714285714285,3.875,-22.282608695652176,-26.0,-6.8478260869565215,6.8
2021-03-18,-14.379310344827585,15.76923076923077,-20.644444444444446,-24.441176470588236,-9.5,6.153846153846154
2021-03-19,-13.3,11.884615384615385,-21.543478260869566,-27.81578947368421,-6.5777777777777775,4.16
2021-03-20,-22.612903225806452,3.2222222222222223,-24.0,-29.314285714285713,-10.279069767441861,3.5
2021-03-21,-30.677419354838708,-9.833333333333334,-29.1875,-32.82857142857143,-13.0,7.434782608695652
2021-03-22,-21.607142857142858,3.8461538461538463,-24.282608695652176,-29.03030303030303,-10.608695652173912,7.666666666666667
2021-03-23,-16.724137931034484,5.769230769230769,-21.652173913043477,-26.676470588235293,-8.934782608695652,6.115384615384615
2021-03-24,-17.5,5.28,-20.369565217391305,-29.216216216216218,-5.844444444444444,6.88
2021-03-25,-16.79310344827586,8.73076923076923,-21.444444444444443,-25.294117647058822,-8.565217391304348,6.68
2021-03-26,-17.2,8.23076923076923,-21.630434782608695,-28.36842105263158,-5.511111111111111,6.36
2021-03-27,-24.548387096774192,3.9615384615384617,-26.148936170212767,-29.34285714285714,-8.0,4.708333333333333
2021-03-28,-27.06451612903226,-5.25,-21.458333333333332,-32.05714285714286,-8.575,6.260869565217392
2021-03-29,-19.857142857142858,6.076923076923077,-22.76086956521739,-27.87878787878788,-9.717391304347826,7.291666666666667
2021-03-30,-18.344827586206897,6.185185185185185,-22.282608695652176,-26.78787878787879,-9.108695652173912,6.4
2021-03-31,-15.821428571428571,8.64,-18.652173913043477,-20.583333333333332,-5.840909090909091,6.12
2021-04-01,-9.142857142857142,22.88,-7.466666666666667,-7.5588235294117645,-10.478260869565217,3.730769230769231
2021-04-02,-32.733333333333334,-0.8888888888888888,-9.911111111111111,-34.89473684210526,-50.1063829787234,14.8
2021-04-03,-27.2,-3.888888888888889,-12.733333333333333,-30.34285714285714,-17.75,7.291666666666667
2021-04-04,-27.933333333333334,-8.541666666666666,-15.936170212765957,-24.4375,-12.317073170731707,5.739130434782608
2021-04-05,-16.642857142857142,11.653846153846153,-19.347826086956523,-21.264705882352942,-9.043478260869565,6.041666666666667
2021-04-06,-14.931034482758621,10.23076923076923,-18.5,-23.727272727272727,-8.377777777777778,5.6923076923076925
2021-04-07,-13.142857142857142,10.333333333333334,-14.911111111111111,-23.97222222222222,-6.066666666666666,5.36
2021-04-08,-15.285714285714286,12.615384615384615,-18.91111111111111,-24.085714285714285,-7.391304347826087,6.16
2021-04-09,-13.4,15.0,-18.043478260869566,-25.18918918918919,-4.456521739130435,5.8
2021-04-10,-19.06451612903226,11.481481481481481,-18.8125,-26.057142857142857,-4.585365853658536,3.25
2021-04-11,-32.41935483870968,-10.375,-26.333333333333332,-40.794117647058826,-12.75609756097561,8.26086956521739
2021-04-12,-7.928571428571429,17.923076923076923,-11.173913043478262,-23.11764705882353,-7.043478260869565,5.76
2021-04-13,-13.724137931034482,8.192307692307692,-20.347826086956523,-25.970588235294116,-8.043478260869565,6.230769230769231
2021-04-14,-11.428571428571429,8.958333333333334,-18.232558139534884,-23.484848484848484,-4.590909090909091,5.88
2021-04-15,-13.321428571428571,9.615384615384615,-17.866666666666667,-25.6,-9.608695652173912,7.0
2021-04-16,-11.533333333333333,12.88,-17.32608695652174,-24.864864864864863,-3.0444444444444443,6.0
2021-04-17,-15.612903225806452,12.62962962962963,-16.755555555555556,-24.441176470588236,-3.0952380952380953,3.1666666666666665
2021-04-18,-21.258064516129032,-2.0416666666666665,-17.979591836734695,-27.147058823529413,-7.475,5.869565217391305
2021-04-19,-15.0,11.0,-20.82608695652174,-24.147058823529413,-5.369565217391305,7.32
2021-04-20,-11.758620689655173,13.88888888888889,-18.88888888888889,-26.6875,-4.543478260869565,6.56
2021-04-21,-12.964285714285714,8.833333333333334,-18.88372093023256,-28.542857142857144,-2.422222222222222,6.84
2021-04-22,-13.964285714285714,12.884615384615385,-17.6,-24.61764705882353,-3.739130434782609,7.08
2021-04-23,-13.766666666666667,10.615384615384615,-19.32608695652174,-26.789473684210527,-1.711111111111111,7.28
2021-04-24,-20.70967741935484,7.296296296296297,-20.893617021276597,-28.62857142857143,-6.488372093023256,5.833333333333333
2021-04-25,-23.903225806451612,-4.041666666666667,-21.541666666666668,-32.8,-9.7,7.086956521739131
2021-04-26,-14.035714285714286,12.76923076923077,-19.02173913043478,-26.0,-4.826086956521739,7.68
2021-04-27,-12.517241379310345,10.461538461538462,-18.5,-26.515151515151516,-4.065217391304348,6.923076923076923
2021-04-28,-13.035714285714286,9.708333333333334,-16.84090909090909,-26.294117647058822,-1.934782608695652,7.56
2021-04-29,-12.035714285714286,13.08,-17.31111111111111,-23.794117647058822,-4.065217391304348,7.153846153846154
2021-04-30,-6.896551724137931,19.28,-11.891304347826088,-21.324324324324323,1.5909090909090908,5.08
2021-05-01,-16.333333333333332,10.076923076923077,-12.282608695652174,-29.257142857142856,-19.72093023255814,4.583333333333333
2021-05-02,-18.193548387096776,2.2083333333333335,-12.869565217391305,-26.705882352941178,-8.439024390243903,5.130434782608695
2021-05-03,-10.214285714285714,14.96,-11.021739130434783,-23.87878787878788,-5.391304347826087,6.48
2021-05-04,-10.344827586206897,14.961538461538462,-16.26086956521739,-24.78125,-3.1956521739130435,6.230769230769231
2021-05-05,-11.357142857142858,13.958333333333334,-17.568181818181817,-24.27777777777778,-1.0227272727272727,7.04
2021-05-06,-14.241379310344827,15.28,-20.565217391304348,-24.4,-6.282608695652174,8.5
2021-05-07,-8.733333333333333,19.48,-16.304347826086957,-24.47222222222222,-0.43478260869565216,7.32
2021-05-08,-12.064516129032258,16.12,-15.369565217391305,-22.742857142857144,-2.4390243902439024,4.041666666666667
2021-05-09,-14.033333333333333,9.166666666666666,-14.53191489361702,-24.6,-3.951219512195122,5.217391304347826
2021-05-10,-10.071428571428571,15.56,-15.695652173913043,-23.151515151515152,-4.239130434782608,6.961538461538462
2021-05-11,-10.137931034482758,15.461538461538462,-17.695652173913043,-24.375,-3.5869565217391304,7.230769230769231
2021-05-12,-7.678571428571429,17.375,-15.795454545454545,-21.705882352941178,-1.0,7.52
2021-05-13,-8.821428571428571,18.84,-14.822222222222223,-21.28125,-4.0,7.5
2021-05-14,-6.866666666666666,20.52,-13.130434782608695,-22.594594594594593,-0.45652173913043476,7.0
2021-05-15,-10.580645161290322,20.28,-12.613636363636363,-21.352941176470587,-2.7804878048780486,3.9166666666666665
2021-05-16,-21.96875,-2.2083333333333335,-18.847826086956523,-29.2,-9.35,9.173913043478262
2021-05-17,-9.821428571428571,16.72,-13.717391304347826,-21.818181818181817,-3.3043478260869565,7.8076923076923075
2021-05-18,-8.214285714285714,17.46153846153846,-15.088888888888889,-21.21875,-3.5434782608695654,7.230769230769231
2021-05-19,-9.178571428571429,15.291666666666666,-13.046511627906977,-20.485714285714284,1.0909090909090908,8.04
2021-05-20,-9.25,18.64,-12.955555555555556,-20.8,-2.760869565217391,8.423076923076923
2021-05-21,-6.517241379310345,19.32,-11.369565217391305,-19.055555555555557,1.0217391304347827,8.08
2021-05-22,-13.064516129032258,23.4,-14.177777777777777,-18.794117647058822,-1.7317073170731707,6.208333333333333
2021-05-23,-43.96875,-37.125,-36.808510638297875,-48.142857142857146,-24.365853658536587,20.608695652173914
2021-05-24,-10.214285714285714,17.44,-14.23913043478261,-20.575757575757574,-4.217391304347826,9.653846153846153
2021-05-25,-7.607142857142857,18.76923076923077,-14.177777777777777,-19.636363636363637,-4.434782608695652,8.961538461538462
2021-05-26,3.107142857142857,32.666666666666664,-5.953488372093023,-10.0625,0.24444444444444444,6.615384615384615
2021-05-27,8.607142857142858,37.30769230769231,-3.090909090909091,-17.0,-7.434782608695652,4.846153846153846
2021-05-28,-8.689655172413794,19.4,-12.695652173913043,-25.805555555555557,-3.0,9.12
2021-05-29,-21.5625,3.52,-22.02173913043478,-32.457142857142856,-12.523809523809524,11.291666666666666
2021-05-30,-46.61290322580645,-38.84615384615385,-36.53333333333333,-53.96875,-31.825,21.565217391304348
2021-05-31,-7.107142857142857,20.46153846153846,-10.608695652173912,-19.727272727272727,-5.260869565217392,8.692307692307692
2021-06-01,-1.25,24.333333333333332,-11.204545454545455,-17.03125,-5.565217391304348,7.153846153846154
2021-06-02,4.428571428571429,35.2,-4.642857142857143,-11.78125,-3.8863636363636362,5.923076923076923
2021-06-03,-21.607142857142858,8.961538461538462,-21.813953488372093,-32.27272727272727,-45.19565217391305,18.416666666666668
2021-06-04,-14.566666666666666,6.04,-15.76086956521739,-35.4,-13.173913043478262,14.24
2021-06-05,-19.233333333333334,5.04,-19.133333333333333,-31.571428571428573,-12.439024390243903,11.5
2021-06-06,-43.56666666666667,-35.64,-32.18181818181818,-54.84848484848485,-30.3,20.217391304347824
2021-06-07,-1.6785714285714286,26.4,-6.822222222222222,-17.09090909090909,-7.782608695652174,7.1923076923076925
2021-06-08,-1.3571428571428572,25.423076923076923,-10.954545454545455,-17.03125,-6.934782608695652,7.0
2021-06-09,-0.32142857142857145,22.75,-6.857142857142857,-15.424242424242424,-4.613636363636363,7.269230769230769
2021-06-10,-2.9285714285714284,24.846153846153847,-9.977272727272727,-16.272727272727273,-7.065217391304348,7.8076923076923075
2021-06-11,-6.133333333333334,23.153846153846153,-11.521739130434783,-20.243243243243242,-5.1521739130434785,8.96
2021-06-12,-23.0,-3.76,-24.533333333333335,-33.76470588235294,-15.804878048780488,12.708333333333334
2021-06-13,-43.29032258064516,-34.416666666666664,-36.91111111111111,-54.3,-27.923076923076923,18.782608695652176
2021-06-14,-4.785714285714286,22.08,-11.133333333333333,-19.575757575757574,-8.695652173913043,6.6
2021-06-15,-2.0714285714285716,22.423076923076923,-12.325581395348838,-20.375,-6.586956521739131,6.615384615384615
2021-06-16,-2.6785714285714284,18.083333333333332,-10.883720930232558,-17.818181818181817,-6.177777777777778,5.6923076923076925
2021-06-17,-8.821428571428571,19.24,-13.822222222222223,-19.393939393939394,-11.478260869565217,7.038461538461538
2021-06-18,-9.5,21.791666666666668,-14.347826086956522,-20.085714285714285,-8.422222222222222,7.576923076923077
2021-06-19,-24.066666666666666,-0.375,-22.0,-30.142857142857142,-17.348837209302324,11.25
2021-06-20,-41.06896551724138,-33.56521739130435,-32.666666666666664,-52.71875,-31.128205128205128,18.043478260869566
2021-06-21,-38.82142857142857,-23.46153846153846,-32.74418604651163,-44.78125,-56.319148936170215,23.541666666666668
2021-06-22,-1.0689655172413792,25.24,-10.093023255813954,-18.258064516129032,-9.73913043478261,4.461538461538462
2021-06-23,-0.21428571428571427,35.30434782608695,-7.642857142857143,-15.757575757575758,-6.2272727272727275,4.0
2021-06-24,-8.892857142857142,12.333333333333334,-13.911111111111111,-24.794117647058822,-11.173913043478262,6.5
2021-06-25,-7.310344827586207,16.708333333333332,-12.304347826086957,-24.86111111111111,-6.8478260869565215,8.16
2021-06-26,-12.6,15.708333333333334,-17.704545454545453,-25.17142857142857,-7.926829268292683,6.25
2021-06-27,-41.86666666666667,-36.95652173913044,-40.297872340425535,-51.705882352941174,-28.8,18.608695652173914
2021-06-28,-11.178571428571429,15.28,-17.67391304347826,-22.147058823529413,-8.934782608695652,7.846153846153846
2021-06-29,-7.964285714285714,15.23076923076923,-16.043478260869566,-24.21212121212121,-7.777777777777778,7.576923076923077
2021-06-30,-1.6428571428571428,17.82608695652174,-9.883720930232558,-20.676470588235293,-1.9318181818181819,7.68
2021-07-01,-1.4285714285714286,23.125,-8.866666666666667,-18.78787878787879,-3.3043478260869565,7.653846153846154
2021-07-02,-3.0,21.708333333333332,-8.933333333333334,-22.25,0.8695652173913043,8.56
2021-07-03,-5.103448275862069,22.833333333333332,-11.0,-21.470588235294116,-3.6341463414634148,5.583333333333333
2021-07-04,-23.65625,-11.565217391304348,-20.67391304347826,-37.0,-17.575,12.26086956521739
2021-07-05,0.6428571428571429,24.08,-8.422222222222222,-17.941176470588236,-1.826086956521739,6.461538461538462
2021-07-06,2.5714285714285716,25.555555555555557,-10.186046511627907,-17.6875,-0.6666666666666666,6.230769230769231
2021-07-07,4.142857142857143,23.916666666666668,-5.928571428571429,-14.151515151515152,0.5454545454545454,5.961538461538462
2021-07-08,4.035714285714286,27.75,-5.023255813953488,-11.969696969696969,-1.4130434782608696,5.6923076923076925
2021-07-09,5.448275862068965,26.96,-1.4222222222222223,-12.941176470588236,2.2222222222222223,5.8076923076923075
2021-07-10,-1.4482758620689655,24.08,-3.75,-12.82857142857143,0.0,3.75
2021-07-11,-9.8,6.956521739130435,-6.673913043478261,-25.558823529411764,-7.7,7.260869565217392
2021-07-12,3.4285714285714284,23.807692307692307,-5.75,-13.272727272727273,-3.0,5.884615384615385
2021-07-13,6.214285714285714,25.153846153846153,-5.325581395348837,-14.0625,-2.088888888888889,5.346153846153846
2021-07-14,7.571428571428571,24.0,-4.238095238095238,-12.764705882352942,1.1818181818181819,5.0
2021-07-15,6.821428571428571,28.28,-3.5714285714285716,-11.96875,-0.8695652173913043,5.230769230769231
2021-07-16,5.551724137931035,27.16,-0.8604651162790697,-14.142857142857142,-2.7555555555555555,6.8076923076923075
2021-07-17,-0.3103448275862069,23.6,-3.6818181818181817,-14.314285714285715,-0.6341463414634146,4.166666666666667
2021-07-18,-8.9,10.166666666666666,-9.847826086956522,-21.085714285714285,-7.825,7.391304347826087
2021-07-19,3.1785714285714284,25.85185185185185,-6.840909090909091,-16.1875,-2.3260869565217392,6.923076923076923
2021-07-20,6.535714285714286,26.88888888888889,-5.465116279069767,-15.96875,0.044444444444444446,5.384615384615385
2021-07-21,8.071428571428571,25.25,-4.333333333333333,-11.71875,3.0681818181818183,5.269230769230769
2021-07-22,8.428571428571429,30.26923076923077,-4.627906976744186,-9.575757575757576,0.43478260869565216,5.423076923076923
2021-07-23,9.724137931034482,25.846153846153847,2.6956521739130435,-12.285714285714286,3.7777777777777777,4.6923076923076925
2021-07-24,-0.41379310344827586,18.52,-3.911111111111111,-13.342857142857143,-0.30952380952380953,3.2916666666666665
2021-07-25,-6.4,11.041666666666666,-3.2222222222222223,-18.676470588235293,-5.538461538461538,4.913043478260869
2021-07-26,3.142857142857143,22.22222222222222,-5.090909090909091,-15.53125,-1.0,6.038461538461538
2021-07-27,2.5714285714285716,22.14814814814815,-10.511627906976743,-17.09375,0.2391304347826087,6.153846153846154
2021-07-28,4.571428571428571,22.64,-7.767441860465116,-13.121212121212121,3.558139534883721,6.84
2021-07-29,5.428571428571429,26.703703703703702,-5.1395348837209305,-12.09375,2.891304347826087,6.461538461538462
2021-07-30,8.137931034482758,27.0,-2.0,-13.029411764705882,5.826086956521739,5.423076923076923
2021-07-31,4.166666666666667,27.03846153846154,-1.8863636363636365,-9.617647058823529,5.146341463414634,2.875
2021-08-01,-3.8666666666666667,16.458333333333332,-3.1136363636363638,-15.705882352941176,-3.3076923076923075,4.956521739130435
2021-08-02,6.071428571428571,28.307692307692307,-4.902439024390244,-13.363636363636363,1.7608695652173914,5.615384615384615
2021-08-03,10.0,29.555555555555557,-3.4761904761904763,-12.125,2.311111111111111,4.884615384615385
2021-08-04,12.285714285714286,30.56,1.6511627906976745,-4.545454545454546,5.954545454545454,4.423076923076923
2021-08-05,21.75,41.55555555555556,11.525,6.161290322580645,4.282608695652174,1.5384615384615385
2021-08-06,7.0,22.615384615384617,10.205128205128204,-12.242424242424242,-36.95652173913044,9.88
2021-08-07,6.068965517241379,23.346153846153847,11.068181818181818,-11.4,-5.7073170731707314,2.875
2021-08-08,3.310344827586207,18.125,8.022222222222222,-3.15625,-4.102564102564102,3.0869565217391304
2021-08-09,9.857142857142858,30.40740740740741,0.046511627906976744,-6.878787878787879,1.9782608695652173,4.5
2021-08-10,12.785714285714286,30.62962962962963,-1.4761904761904763,-7.96875,3.7111111111111112,3.8461538461538463
2021-08-11,12.714285714285714,26.48,-2.5,-7.84375,6.116279069767442,4.230769230769231
2021-08-12,12.107142857142858,30.25925925925926,-1.302325581395349,-6.3125,3.4347826086956523,4.423076923076923
2021-08-13,15.10344827586207,30.96,2.4,-8.78125,7.5777777777777775,3.8846153846153846
2021-08-14,10.137931034482758,28.76923076923077,4.622222222222222,-8.125,5.170731707317073,1.7083333333333333
2021-08-15,5.866666666666666,21.083333333333332,6.413043478260869,-11.969696969696969,-0.9230769230769231,2.739130434782609
2021-08-16,10.392857142857142,26.85185185185185,-0.4772727272727273,-10.84375,1.934782608695652,4.6923076923076925
2021-08-17,13.071428571428571,26.846153846153847,-0.2727272727272727,-11.125,3.488888888888889,4.076923076923077
2021-08-18,12.464285714285714,24.333333333333332,-0.7674418604651163,-7.9375,11.181818181818182,4.038461538461538
2021-08-19,11.071428571428571,27.14814814814815,-2.8372093023255816,-9.484848484848484,7.543478260869565,4.615384615384615
2021-08-20,12.310344827586206,26.32,2.3333333333333335,-10.264705882352942,10.555555555555555,4.1923076923076925
2021-08-21,7.666666666666667,24.0,3.739130434782609,-6.911764705882353,4.7073170731707314,1.5833333333333333
2021-08-22,2.566666666666667,16.416666666666668,5.1521739130434785,-15.28125,-2.025,2.739130434782609
2021-08-23,7.178571428571429,23.615384615384617,-1.6363636363636365,-12.818181818181818,5.934782608695652,5.1923076923076925
2021-08-24,8.285714285714286,22.615384615384617,-1.9545454545454546,-13.25,7.159090909090909,4.576923076923077
2021-08-25,6.785714285714286,19.24,-4.046511627906977,-14.125,7.27906976744186,6.038461538461538
2021-08-26,2.9285714285714284,20.923076923076923,-6.0227272727272725,-12.0625,3.6739130434782608,6.6923076923076925
2021-08-27,8.724137931034482,26.0,-0.44680851063829785,-10.970588235294118,12.069767441860465,5.08
2021-08-28,5.827586206896552,21.76,0.6956521739130435,-8.970588235294118,6.575,2.6666666666666665
2021-08-29,0.7586206896551724,13.391304347826088,1.8478260869565217,-16.606060606060606,-1.0512820512820513,3.8260869565217392
2021-08-30,6.464285714285714,21.73076923076923,-3.477272727272727,-15.90625,6.391304347826087,4.923076923076923
2021-08-31,8.892857142857142,24.185185185185187,-0.5227272727272727,-15.0625,8.795454545454545,4.076923076923077
2021-09-01,12.678571428571429,25.84,-3.024390243902439,-11.15625,11.952380952380953,3.423076923076923
2021-09-02,10.964285714285714,27.40740740740741,-0.046511627906976744,-10.969696969696969,9.673913043478262,4.230769230769231
2021-09-03,14.10344827586207,29.12,-0.8837209302325582,-10.617647058823529,12.837209302325581,3.230769230769231
2021-09-04,11.2,31.458333333333332,4.340909090909091,-7.882352941176471,6.75,0.08333333333333333
2021-09-05,-11.933333333333334,1.0,3.382978723404255,-26.314285714285713,-11.225,8.521739130434783
2021-09-06,11.321428571428571,27.03846153846154,0.7045454545454546,-10.06060606060606,8.26086956521739,4.076923076923077
2021-09-07,14.464285714285714,29.076923076923077,1.8095238095238095,-10.96875,10.395348837209303,3.230769230769231
2021-09-08,14.428571428571429,27.2,1.7380952380952381,-9.84375,12.720930232558139,3.1538461538461537
2021-09-09,9.821428571428571,26.307692307692307,-1.7209302325581395,-9.09375,10.195652173913043,4.615384615384615
2021-09-10,17.517241379310345,33.0,4.930232558139535,-7.0,14.30232558139535,2.8461538461538463
2021-09-11,13.620689655172415,28.423076923076923,8.954545454545455,-3.735294117647059,6.512195121951219,0.0
2021-09-12,12.758620689655173,22.652173913043477,12.804347826086957,-7.794117647058823,0.8717948717948718,1.5217391304347827
2021-09-13,13.5,26.92,4.767441860465116,-9.787878787878787,8.782608695652174,3.5
2021-09-14,14.107142857142858,26.23076923076923,2.813953488372093,-14.875,1.2045454545454546,4.538461538461538
2021-09-15,11.678571428571429,24.88,-0.047619047619047616,-10.34375,10.790697674418604,4.3076923076923075
2021-09-16,14.25,31.14814814814815,1.6744186046511629,-8.06060606060606,10.088888888888889,3.6153846153846154
2021-09-17,18.344827586206897,33.44,8.488888888888889,-5.757575757575758,12.30232558139535,2.230769230769231
2021-09-18,13.10344827586207,30.37037037037037,8.688888888888888,-4.606060606060606,5.975,-0.125
2021-09-19,10.689655172413794,23.416666666666668,9.914893617021276,-7.676470588235294,-1.3902439024390243,1.8695652173913044
2021-09-20,15.178571428571429,32.88461538461539,2.840909090909091,-6.8125,10.130434782608695,3.5384615384615383
2021-09-21,35.32142857142857,42.111111111111114,18.214285714285715,-2.9375,10.954545454545455,-0.11538461538461539
2021-09-22,16.821428571428573,26.24,2.761904761904762,-7.46875,16.833333333333332,3.1153846153846154
2021-09-23,17.107142857142858,31.46153846153846,8.744186046511627,-3.75,13.130434782608695,3.3461538461538463
2021-09-24,15.5,30.32,14.340909090909092,-6.212121212121212,0.8636363636363636,4.28
2021-09-25,12.862068965517242,27.26923076923077,11.727272727272727,-6.65625,4.512195121951219,0.5416666666666666
2021-09-26,9.357142857142858,18.17391304347826,7.659090909090909,-6.333333333333333,-0.6153846153846154,2.1739130434782608
2021-09-27,11.142857142857142,24.74074074074074,-0.46511627906976744,-7.666666666666667,11.652173913043478,4.153846153846154
2021-09-28,11.821428571428571,26.692307692307693,0.3953488372093023,-9.90625,13.627906976744185,3.269230769230769
2021-09-29,13.964285714285714,25.8,0.8333333333333334,-10.212121212121213,17.5,3.230769230769231
2021-09-30,14.571428571428571,30.40740740740741,1.5238095238095237,-7.46875,15.022727272727273,3.3076923076923075
2021-10-01,18.96551724137931,33.24,8.222222222222221,-6.393939393939394,18.195121951219512,2.0384615384615383
2021-10-02,13.344827586206897,28.12,4.511627906976744,-6.147058823529412,8.525,0.5
2021-10-03,8.689655172413794,20.73913043478261,7.574468085106383,-9.454545454545455,0.23076923076923078,2.1739130434782608
2021-10-04,7.571428571428571,23.444444444444443,-6.4772727272727275,-13.212121212121213,10.577777777777778,4.3076923076923075
2021-10-05,14.714285714285714,29.962962962962962,0.25,-12.3125,13.822222222222223,3.730769230769231
2021-10-06,17.75,29.28,3.357142857142857,-9.0,18.26829268292683,3.076923076923077
2021-10-07,15.5,31.192307692307693,2.4651162790697674,-7.515151515151516,10.333333333333334,4.1923076923076925
2021-10-08,19.862068965517242,34.76,9.613636363636363,-4.818181818181818,17.523809523809526,1.6923076923076923
2021-10-09,14.89655172413793,31.076923076923077,9.795454545454545,-2.515151515151515,7.119047619047619,-0.2916666666666667
2021-10-10,12.833333333333334,26.565217391304348,12.41304347826087,-8.78125,3.1538461538461537,1.1304347826086956
2021-10-11,2.107142857142857,12.555555555555555,-3.8636363636363638,-26.87878787878788,-5.478260869565218,12.0
2021-10-12,21.321428571428573,34.851851851851855,6.837209302325581,-11.09375,16.045454545454547,2.3076923076923075
2021-10-13,20.714285714285715,29.541666666666668,4.785714285714286,-8.818181818181818,20.261904761904763,2.076923076923077
2021-10-14,16.928571428571427,30.23076923076923,3.0232558139534884,-7.818181818181818,17.627906976744185,2.8461538461538463
2021-10-15,16.862068965517242,31.64,1.7777777777777777,-7.5625,18.27906976744186,2.576923076923077
2021-10-16,12.379310344827585,29.666666666666668,3.7777777777777777,-6.029411764705882,8.25,2.1666666666666665
2021-10-17,12.551724137931034,25.333333333333332,10.26086956521739,-9.470588235294118,1.25,2.3043478260869565
2021-10-18,16.964285714285715,32.333333333333336,1.3409090909090908,-8.787878787878787,14.11111111111111,3.576923076923077
2021-10-19,18.321428571428573,33.0,2.1363636363636362,-9.34375,15.568181818181818,3.1538461538461537
2021-10-20,21.678571428571427,31.583333333333332,6.714285714285714,-7.242424242424242,20.5,2.4615384615384617
2021-10-21,17.857142857142858,30.576923076923077,4.255813953488372,-8.03125,15.977777777777778,3.769230769230769
2021-10-22,21.310344827586206,31.28,5.651162790697675,-8.125,19.295454545454547,2.423076923076923
2021-10-23,15.5,28.8,7.2727272727272725,-2.3823529411764706,8.071428571428571,0.16666666666666666
2021-10-24,5.0344827586206895,18.333333333333332,0.32608695652173914,-10.088235294117647,-2.325,4.434782608695652
2021-10-25,16.75,31.807692307692307,0.022727272727272728,-8.363636363636363,14.822222222222223,4.1923076923076925
2021-10-26,21.464285714285715,32.73076923076923,3.477272727272727,-10.84375,15.767441860465116,2.8076923076923075
2021-10-27,19.857142857142858,30.75,5.785714285714286,-7.848484848484849,20.61904761904762,2.5384615384615383
2021-10-28,18.285714285714285,34.80769230769231,6.395348837209302,-2.09375,17.666666666666668,2.423076923076923
2021-10-29,22.137931034482758,37.333333333333336,7.318181818181818,0.53125,19.046511627906977,1.1153846153846154
2021-10-30,19.964285714285715,37.64,13.577777777777778,5.34375,10.15,-1.0
2021-10-31,31.0,41.78260869565217,26.57777777777778,-3.393939393939394,5.5,-0.9565217391304348
2021-11-01,30.22222222222222,44.80769230769231,24.761904761904763,-6.588235294117647,-7.413043478260869,1.7307692307692308
2021-11-02,2.357142857142857,8.37037037037037,3.375,-15.212121212121213,-54.12765957446808,10.16
2021-11-03,21.392857142857142,34.76923076923077,9.674418604651162,0.6363636363636364,13.279069767441861,2.0
2021-11-04,20.892857142857142,35.61538461538461,7.465116279069767,-2.75,15.022222222222222,2.3076923076923075
2021-11-05,20.724137931034484,37.44,5.155555555555556,-3.757575757575758,19.738095238095237,2.269230769230769
2021-11-06,17.103448275862068,37.46153846153846,4.086956521739131,-0.5,10.5,1.7083333333333333
2021-11-07,13.96551724137931,34.083333333333336,6.913043478260869,-3.823529411764706,7.846153846153846,2.5217391304347827
2021-11-08,2.857142857142857,14.11111111111111,-2.2954545454545454,-30.757575757575758,3.869565217391304,10.692307692307692
2021-11-09,9.285714285714286,21.74074074074074,1.2954545454545454,-31.25,8.5,8.0
2021-11-10,7.785714285714286,22.666666666666668,0.46511627906976744,-28.676470588235293,0.9523809523809523,9.04
2021-11-11,7.7407407407407405,24.96153846153846,0.37209302325581395,-25.848484848484848,8.181818181818182,8.68
2021-11-12,13.344827586206897,31.44,6.521739130434782,-25.823529411764707,13.454545454545455,7.36
2021-11-13,5.266666666666667,23.6,3.5434782608695654,-25.91176470588235,5.902439024390244,6.208333333333333
2021-11-14,3.3333333333333335,16.32,3.6739130434782608,-31.285714285714285,-0.5,6.869565217391305
2021-11-15,7.678571428571429,21.962962962962962,-1.0227272727272727,-29.87878787878788,6.8478260869565215,9.884615384615385
2021-11-16,9.928571428571429,24.192307692307693,-2.9302325581395348,-31.28125,9.909090909090908,8.423076923076923
2021-11-17,24.285714285714285,35.96153846153846,8.30232558139535,-16.323529411764707,21.142857142857142,4.384615384615385
2021-11-18,23.814814814814813,37.925925925925924,7.5813953488372094,-10.303030303030303,14.244444444444444,4.269230769230769
2021-11-19,24.586206896551722,37.46153846153846,8.977272727272727,-10.121212121212121,23.642857142857142,3.230769230769231
2021-11-20,19.137931034482758,32.23076923076923,9.5,-9.090909090909092,12.875,1.2083333333333333
2021-11-21,17.321428571428573,25.5,9.847826086956522,-14.90625,3.925,2.869565217391304
2021-11-22,22.464285714285715,35.03846153846154,6.318181818181818,-8.181818181818182,17.977272727272727,3.4615384615384617
2021-11-23,21.142857142857142,33.7037037037037,3.5,-10.28125,18.0,3.3076923076923075
2021-11-24,22.821428571428573,32.76,6.285714285714286,-9.090909090909092,21.80952380952381,4.0
2021-11-25,25.962962962962962,38.07692307692308,9.674418604651162,-3.5,19.466666666666665,2.6538461538461537
2021-11-26,24.79310344827586,37.46153846153846,8.613636363636363,-4.5,21.325581395348838,3.1153846153846154
2021-11-27,19.93103448275862,35.22222222222222,10.622222222222222,-3.1515151515151514,14.414634146341463,0.8333333333333334
2021-11-28,10.172413793103448,19.041666666666668,5.086956521739131,-11.333333333333334,2.15,4.521739130434782
2021-11-29,21.107142857142858,35.888888888888886,3.0930232558139537,-5.606060606060606,13.863636363636363,4.5
2021-11-30,25.892857142857142,39.77777777777778,7.444444444444445,-6.0,18.209302325581394,2.923076923076923
2021-12-01,29.571428571428573,40.28,7.902439024390244,-3.4375,21.642857142857142,2.1153846153846154
2021-12-02,27.607142857142858,43.46153846153846,10.418604651162791,-2.4193548387096775,17.68888888888889,2.923076923076923
2021-12-03,29.103448275862068,44.42307692307692,6.238095238095238,-1.90625,21.558139534883722,1.7307692307692308
2021-12-04,22.724137931034484,39.5,6.822222222222222,-3.8181818181818183,11.25,-0.041666666666666664
2021-12-05,5.533333333333333,18.208333333333332,-3.217391304347826,-15.441176470588236,-3.7435897435897436,7.565217391304348
2021-12-06,27.464285714285715,44.74074074074074,12.545454545454545,-2.0,13.434782608695652,3.423076923076923
2021-12-07,34.285714285714285,49.074074074074076,14.214285714285714,-1.40625,17.0,1.9230769230769231
2021-12-08,34.92857142857143,46.76923076923077,12.414634146341463,3.375,17.142857142857142,1.3846153846153846
2021-12-09,36.592592592592595,51.81481481481482,15.976190476190476,4.870967741935484,15.844444444444445,1.1923076923076923
2021-12-10,37.714285714285715,49.88,9.073170731707316,5.9375,19.906976744186046,-0.2692307692307692
2021-12-11,29.620689655172413,45.42307692307692,14.022727272727273,2.4242424242424243,17.536585365853657,-2.375
2021-12-12,26.714285714285715,33.458333333333336,18.152173913043477,-3.303030303030303,10.76923076923077,1.2173913043478262
2021-12-13,33.22222222222222,46.18518518518518,13.953488372093023,5.606060606060606,11.08695652173913,2.3461538461538463
2021-12-14,33.357142857142854,45.925925925925924,12.023255813953488,3.129032258064516,10.71111111111111,2.5384615384615383
2021-12-15,39.464285714285715,50.56,16.4390243902439,8.64516129032258,15.953488372093023,0.6923076923076923
2021-12-16,39.48148148148148,50.592592592592595,17.209302325581394,10.033333333333333,12.666666666666666,1.3076923076923077
2021-12-17,41.48275862068966,51.0,13.904761904761905,9.53125,18.53488372093023,-0.6538461538461539
2021-12-18,32.44827586206897,44.65384615384615,15.533333333333333,6.21875,17.5,-3.0
2021-12-19,28.285714285714285,35.208333333333336,15.73913043478261,-0.7272727272727273,11.564102564102564,1.0869565217391304
2021-12-20,36.629629629629626,50.7037037037037,12.19047619047619,10.59375,5.239130434782608,3.423076923076923
2021-12-21,41.535714285714285,54.48148148148148,11.682926829268293,13.6,7.844444444444444,1.8461538461538463
2021-12-22,45.785714285714285,61.28,18.121951219512194,20.28125,11.613636363636363,0.7307692307692307
2021-12-23,52.67857142857143,76.62962962962963,27.78048780487805,31.233333333333334,7.622222222222222,0.23076923076923078
2021-12-24,55.51724137931034,101.04,34.78048780487805,19.6875,8.477272727272727,-0.5769230769230769
2021-12-25,0.5,14.26923076923077,13.636363636363637,-27.176470588235293,-29.68888888888889,7.541666666666667
2021-12-26,15.379310344827585,27.375,13.466666666666667,-8.909090909090908,1.5,5.043478260869565
2021-12-27,29.142857142857142,47.629629629629626,16.511627906976745,6.03125,-0.9565217391304348,5.1923076923076925
2021-12-28,32.535714285714285,50.148148148148145,18.575,9.225806451612904,2.4,4.076923076923077
2021-12-29,34.142857142857146,53.52,17.975,13.064516129032258,4.681818181818182,3.64
2021-12-30,39.0,65.51851851851852,25.80952380952381,19.533333333333335,4.644444444444445,2.4615384615384617
2021-12-31,41.793103448275865,97.32,30.846153846153847,13.0,4.0227272727272725,2.1538461538461537
2022-01-01,-15.206896551724139,-7.851851851851852,7.72093023255814,-40.361111111111114,-42.34782608695652,9.416666666666666
2022-01-02,6.172413793103448,22.958333333333332,16.488888888888887,-13.1875,-5.975,6.869565217391305
2022-01-03,21.607142857142858,46.7037037037037,11.5,0.34375,-4.869565217391305,7.346153846153846
2022-01-04,23.642857142857142,46.55555555555556,12.55813953488372,-0.7,-0.7111111111111111,6.0
2022-01-05,22.0,45.2,9.536585365853659,-2.484848484848485,1.6,7.3076923076923075
2022-01-06,24.642857142857142,49.925925925925924,21.642857142857142,-1.5483870967741935,1.7608695652173914,6.230769230769231
2022-01-07,19.06896551724138,43.56,9.674418604651162,-1.7647058823529411,4.111111111111111,7.52
2022-01-08,6.896551724137931,32.857142857142854,9.130434782608695,-9.757575757575758,7.219512195121951,7.333333333333333
2022-01-09,5.928571428571429,29.166666666666668,12.23913043478261,-13.0,3.95,7.826086956521739
2022-01-10,19.428571428571427,45.074074074074076,9.767441860465116,-2.6363636363636362,-1.065217391304348,7.576923076923077
2022-01-11,20.178571428571427,45.074074074074076,8.023255813953488,-4.193548387096774,0.43478260869565216,7.846153846153846
2022-01-12,20.25,41.42307692307692,7.833333333333333,-4.1875,3.577777777777778,8.6
2022-01-13,14.321428571428571,40.73076923076923,7.72093023255814,-6.419354838709677,0.43478260869565216,9.076923076923077
2022-01-14,15.206896551724139,39.5,6.866666666666666,-6.303030303030303,5.155555555555556,10.24
2022-01-15,7.241379310344827,30.96,6.914893617021277,-10.878787878787879,10.425,8.541666666666666
2022-01-16,4.689655172413793,24.166666666666668,7.361702127659575,-14.78125,5.256410256410256,9.304347826086957
2022-01-17,16.178571428571427,39.333333333333336,7.340909090909091,-6.545454545454546,3.717391304347826,9.538461538461538
2022-01-18,18.392857142857142,39.53846153846154,7.288888888888889,-9.548387096774194,4.9772727272727275,8.846153846153847
2022-01-19,23.821428571428573,40.84,5.476190476190476,-5.875,9.162790697674419,9.28
2022-01-20,20.785714285714285,41.7037037037037,9.833333333333334,-5.838709677419355,8.155555555555555,9.56
2022-01-21,20.75862068965517,37.28,7.9772727272727275,-4.818181818181818,11.795454545454545,9.88
2022-01-22,8.758620689655173,25.74074074074074,8.617021276595745,-12.030303030303031,-4.476190476190476,9.666666666666666
2022-01-23,6.482758620689655,21.5,9.630434782608695,-13.727272727272727,5.82051282051282,8.73913043478261
2022-01-24,21.357142857142858,38.44444444444444,8.761904761904763,-4.848484848484849,8.4,8.923076923076923
2022-01-25,24.892857142857142,40.96296296296296,12.325581395348838,-6.741935483870968,10.159090909090908,7.769230769230769
2022-01-26,24.464285714285715,38.26923076923077,9.880952380952381,-5.8125,12.418604651162791,7.8
2022-01-27,19.607142857142858,37.629629629629626,8.214285714285714,-5.161290322580645,10.911111111111111,8.96
2022-01-28,19.517241379310345,36.04,6.688888888888889,-4.676470588235294,16.651162790697676,9.28
2022-01-29,14.137931034482758,31.14814814814815,9.065217391304348,-6.625,17.925,6.666666666666667
2022-01-30,12.607142857142858,25.583333333333332,12.76086956521739,-10.78125,12.5,6.826086956521739
2022-01-31,21.071428571428573,38.407407407407405,5.9772727272727275,-4.212121212121212,10.71111111111111,9.23076923076923
2022-02-01,22.357142857142858,40.17857142857143,5.976744186046512,-8.34375,17.209302325581394,8.12
2022-02-02,30.392857142857142,44.28,10.75609756097561,-4.967741935483871,21.642857142857142,7.153846153846154
2022-02-03,25.142857142857142,42.96153846153846,9.5,-4.67741935483871,18.68888888888889,7.384615384615385
2022-02-04,25.344827586206897,42.32,10.133333333333333,-3.303030303030303,24.674418604651162,7.36
2022-02-05,14.666666666666666,34.65384615384615,4.739130434782608,-7.181818181818182,19.609756097560975,6.666666666666667
2022-02-06,15.586206896551724,34.375,8.446808510638299,-9.151515151515152,16.17948717948718,7.478260869565218
2022-02-07,29.107142857142858,46.55555555555556,11.931818181818182,-6.0606060606060606,19.5,6.923076923076923
2022-02-08,30.928571428571427,47.03703703703704,11.818181818181818,-8.161290322580646,19.767441860465116,6.1923076923076925
2022-02-09,29.571428571428573,42.0,9.487804878048781,-7.1875,22.928571428571427,6.384615384615385
2022-02-10,27.607142857142858,44.888888888888886,12.465116279069768,-6.483870967741935,18.59090909090909,7.0
2022-02-11,25.93103448275862,41.12,11.355555555555556,-5.787878787878788,25.666666666666668,6.346153846153846
2022-02-12,18.75862068965517,36.07692307692308,7.0,-7.46875,22.475,6.25
2022-02-13,25.071428571428573,39.625,15.152173913043478,-5.625,18.666666666666668,5.826086956521739
2022-02-14,44.148148148148145,53.03703703703704,24.023255813953487,-0.3333333333333333,22.790697674418606,4.846153846153846
2022-02-15,27.857142857142858,44.25925925925926,12.022727272727273,-8.09375,22.953488372093023,5.8076923076923075
2022-02-16,29.5,41.625,10.666666666666666,-3.7941176470588234,27.452380952380953,5.961538461538462
2022-02-17,30.814814814814813,42.26923076923077,13.761904761904763,-4.838709677419355,24.452380952380953,5.076923076923077
2022-02-18,26.75862068965517,41.04,12.311111111111112,-0.6363636363636364,28.142857142857142,5.653846153846154
2022-02-19,19.896551724137932,35.84615384615385,11.891304347826088,-1.6875,25.8,4.666666666666667
2022-02-20,21.82758620689655,35.541666666666664,14.133333333333333,-5.333333333333333,21.743589743589745,4.739130434782608
2022-02-21,23.392857142857142,40.666666666666664,9.909090909090908,-3.0606060606060606,24.651162790697676,6.5
2022-02-22,24.0,42.666666666666664,11.704545454545455,-5.0,26.30952380952381,6.038461538461538
2022-02-23,27.464285714285715,42.96,12.1,1.4375,31.428571428571427,5.461538461538462
2022-02-24,38.03703703703704,51.074074074074076,25.333333333333332,5.833333333333333,31.75609756097561,3.3076923076923075
2022-02-25,30.24137931034483,47.84615384615385,15.785714285714286,12.633333333333333,32.775,3.076923076923077
2022-02-26,27.107142857142858,49.148148148148145,36.674418604651166,18.34375,23.923076923076923,1.8333333333333333
2022-02-27,31.5,44.708333333333336,39.292682926829265,0.71875,17.89189189189189,1.608695652173913
2022-02-28,16.77777777777778,36.2962962962963,14.864864864864865,-4.9411764705882355,-37.108695652173914,11.625
2022-03-01,-2.25,13.23076923076923,6.05,-21.21212121212121,-43.91304347826087,14.12
2022-03-02,20.142857142857142,33.8,17.365853658536587,-2.03125,16.674418604651162,6.615384615384615
2022-03-03,21.444444444444443,43.592592592592595,15.619047619047619,-2.7,25.853658536585368,7.384615384615385
2022-03-04,16.821428571428573,33.76,12.186046511627907,-8.823529411764707,25.317073170731707,11.68
2022-03-05,17.821428571428573,36.65384615384615,8.931818181818182,-4.7272727272727275,29.375,6.375
2022-03-06,14.758620689655173,30.875,16.822222222222223,-7.90625,24.81578947368421,7.695652173913044
2022-03-07,22.88888888888889,40.19230769230769,17.404761904761905,-0.7575757575757576,31.195121951219512,7.846153846153846
2022-03-08,29.88888888888889,42.48148148148148,17.829268292682926,-6.612903225806452,33.075,8.692307692307692
2022-03-09,23.59259259259259,38.0,17.725,-4.5625,39.58974358974359,8.88
2022-03-10,23.40740740740741,41.44,17.095238095238095,-5.225806451612903,38.56410256410256,9.653846153846153
2022-03-11,18.96551724137931,37.041666666666664,12.113636363636363,-4.0606060606060606,41.56410256410256,10.8
2022-03-12,17.285714285714285,40.5,13.155555555555555,-3.5454545454545454,34.43589743589744,8.666666666666666
2022-03-13,17.551724137931036,33.791666666666664,14.155555555555555,-5.818181818181818,29.57894736842105,9.956521739130435
2022-03-14,19.071428571428573,36.26923076923077,13.414634146341463,-2.5454545454545454,38.475,11.038461538461538
2022-03-15,21.285714285714285,37.84615384615385,14.146341463414634,-8.064516129032258,40.15,10.68
2022-03-16,27.77777777777778,41.16,20.51219512195122,-5.6875,45.61538461538461,8.692307692307692
2022-03-17,24.77777777777778,43.0,17.476190476190474,-5.466666666666667,41.02564102564103,9.73076923076923
2022-03-18,25.586206896551722,45.64,21.15909090909091,-4.65625,43.256410256410255,8.44
2022-03-19,19.93103448275862,40.57692307692308,14.804347826086957,-7.2727272727272725,29.94871794871795,8.5
2022-03-20,11.689655172413794,30.416666666666668,10.177777777777777,-7.606060606060606,24.894736842105264,10.347826086956522
2022-03-21,21.85185185185185,38.56,16.536585365853657,-3.8125,43.45,10.076923076923077
2022-03-22,24.928571428571427,40.592592592592595,23.714285714285715,-10.806451612903226,46.35,9.076923076923077
2022-03-23,26.071428571428573,37.916666666666664,28.9,-8.6875,47.282051282051285,8.64
2022-03-24,19.785714285714285,37.34615384615385,17.095238095238095,-10.03225806451613,45.48717948717949,9.346153846153847
2022-03-25,14.96551724137931,33.72,10.931818181818182,-6.757575757575758,45.51282051282051,11.0
2022-03-26,16.535714285714285,36.34615384615385,15.304347826086957,-5.75,37.15384615384615,8.791666666666666
2022-03-27,13.5,32.166666666666664,14.2,-9.625,29.083333333333332,9.652173913043478
2022-03-28,20.535714285714285,37.16,16.80952380952381,-3.272727272727273,48.23076923076923,9.423076923076923
2022-03-29,22.857142857142858,37.30769230769231,18.238095238095237,-9.161290322580646,50.325,8.423076923076923
2022-03-30,19.178571428571427,35.083333333333336,14.21951219512195,-11.4375,52.30769230769231,9.2
2022-03-31,17.75,39.65384615384615,13.023809523809524,-8.909090909090908,48.82051282051282,9.84
2022-04-01,21.82758620689655,40.083333333333336,15.930232558139535,-8.5,56.61538461538461,8.32
2022-04-02,18.79310344827586,40.4,16.2,-5.96875,38.97435897435897,7.666666666666667
2022-04-03,14.0,31.541666666666668,15.911111111111111,-11.666666666666666,26.864864864864863,10.08695652173913
2022-04-04,21.5,40.15384615384615,18.195121951219512,-7.5625,51.82051282051282,8.26923076923077
2022-04-05,24.857142857142858,41.96296296296296,17.5,-9.612903225806452,52.92307692307692,7.576923076923077
2022-04-06,26.178571428571427,40.92,21.775,-9.1875,56.02564102564103,7.384615384615385
2022-04-07,27.962962962962962,44.51851851851852,21.976190476190474,-5.741935483870968,53.15384615384615,7.384615384615385
2022-04-08,30.17241379310345,47.76,23.476190476190474,-0.09090909090909091,58.51282051282051,6.346153846153846
2022-04-09,24.857142857142858,46.30769230769231,22.272727272727273,-1.34375,41.8974358974359,6.125
2022-04-10,22.066666666666666,41.583333333333336,28.711111111111112,-4.424242424242424,34.16216216216216,7.739130434782608
2022-04-11,33.407407407407405,54.92307692307692,27.073170731707318,3.393939393939394,56.58974358974359,6.615384615384615
2022-04-12,40.82142857142857,50.96296296296296,32.575,-3.129032258064516,58.07692307692308,5.730769230769231
2022-04-13,27.555555555555557,42.28,23.4,4.40625,53.717948717948715,8.115384615384615
2022-04-14,38.370370370370374,59.48148148148148,40.23076923076923,27.233333333333334,38.87179487179487,6.538461538461538
2022-04-15,9.068965517241379,25.68,25.102564102564102,-8.32258064516129,-33.95652173913044,20.28
2022-04-16,15.571428571428571,33.0,26.0,-9.15625,18.0,10.375
2022-04-17,17.964285714285715,30.125,28.25,10.612903225806452,24.13157894736842,7.695652173913044
2022-04-18,26.925925925925927,43.4,24.5,4.580645161290323,54.717948717948715,7.615384615384615
2022-04-19,28.035714285714285,43.370370370370374,22.333333333333332,-4.064516129032258,57.256410256410255,7.153846153846154
2022-04-20,29.185185185185187,41.52,23.5,-3.1875,61.333333333333336,7.16
2022-04-21,27.892857142857142,45.84615384615385,23.21951219512195,1.1935483870967742,58.46153846153846,7.384615384615385
2022-04-22,30.724137931034484,45.916666666666664,24.627906976744185,1.5,62.56410256410256,6.576923076923077
2022-04-23,24.214285714285715,44.0,24.0,2.75,43.15384615384615,6.791666666666667
2022-04-24,18.366666666666667,36.083333333333336,24.866666666666667,-1.375,30.07894736842105,8.73913043478261
2022-04-25,24.642857142857142,42.26923076923077,18.853658536585368,1.0,60.02564102564103,8.576923076923077
2022-04-26,27.678571428571427,44.19230769230769,20.30952380952381,-6.161290322580645,62.82051282051282,7.615384615384615
2022-04-27,28.714285714285715,43.916666666666664,22.609756097560975,-1.935483870967742,66.12820512820512,7.153846153846154
2022-04-28,29.77777777777778,45.30769230769231,21.951219512195124,-0.4838709677419355,62.794871794871796,7.3076923076923075
2022-04-29,31.79310344827586,47.0,26.162790697674417,6.741935483870968,65.43589743589743,6.461538461538462
2022-04-30,30.464285714285715,50.42307692307692,37.38636363636363,12.90625,44.43589743589744,5.333333333333333
2022-05-01,32.17857142857143,42.291666666666664,39.24444444444445,-7.032258064516129,25.842105263157894,6.0
2022-05-02,15.392857142857142,26.32,15.365853658536585,1.032258064516129,-32.391304347826086,19.375
2022-05-03,27.785714285714285,46.46153846153846,18.5609756097561,2.4,58.425,7.961538461538462
2022-05-04,32.333333333333336,47.76,18.358974358974358,-2.75,66.17948717948718,7.52
2022-05-05,31.22222222222222,50.76923076923077,21.476190476190474,-4.387096774193548,63.1025641025641,7.615384615384615
2022-05-06,33.357142857142854,50.2,26.75,-3.71875,66.2051282051282,6.8076923076923075
2022-05-07,25.285714285714285,46.46153846153846,20.953488372093023,-2.5625,45.0,6.833333333333333
2022-05-08,23.785714285714285,39.666666666666664,25.377777777777776,-5.75,31.05263157894737,9.26086956521739
2022-05-09,27.928571428571427,46.30769230769231,21.536585365853657,-4.935483870967742,63.38461538461539,8.038461538461538
2022-05-10,31.285714285714285,48.22222222222222,22.175,-6.870967741935484,64.2051282051282,7.115384615384615
2022-05-11,31.925925925925927,45.52,22.24390243902439,-4.09375,67.7948717948718,7.230769230769231
2022-05-12,33.407407407407405,51.07692307692308,26.071428571428573,-1.3225806451612903,65.53846153846153,6.8076923076923075
2022-05-13,33.75,50.041666666666664,26.40909090909091,1.4242424242424243,66.61538461538461,6.28
