date,retail_and_recreation_percent_change_from_baseline_Chile,grocery_and_pharmacy_percent_change_from_baseline_Chile,parks_percent_change_from_baseline_Chile,transit_stations_percent_change_from_baseline_Chile,workplaces_percent_change_from_baseline_Chile,residential_percent_change_from_baseline_Chile
2020-02-15,8.606060606060606,7.838709677419355,14.985714285714286,13.806451612903226,-2.515625,-0.07272727272727272
2020-02-16,7.71875,7.950819672131147,9.840579710144928,11.147540983606557,-1.4666666666666666,0.48
2020-02-17,7.53030303030303,9.360655737704919,15.67142857142857,13.079365079365079,-5.7846153846153845,1.1355932203389831
2020-02-18,7.2,8.3,14.771428571428572,11.142857142857142,-5.184615384615385,0.9661016949152542
2020-02-19,7.03030303030303,9.566666666666666,15.19718309859155,10.634920634920634,-4.907692307692308,1.0847457627118644
2020-02-20,6.2272727272727275,8.65,18.695652173913043,10.079365079365079,-4.8,0.847457627118644
2020-02-21,5.121212121212121,8.25,18.72463768115942,8.88888888888889,-5.338461538461538,1.2542372881355932
2020-02-22,4.075757575757576,6.5,17.357142857142858,7.790322580645161,-1.8888888888888888,0.2
2020-02-23,1.7846153846153847,5.39344262295082,1.4366197183098592,4.766666666666667,-2.3333333333333335,1.14
2020-02-24,1.6666666666666667,4.409836065573771,-0.42857142857142855,3.2857142857142856,-1.0307692307692307,1.9827586206896552
2020-02-25,0.9076923076923077,3.683333333333333,0.9436619718309859,2.7301587301587302,0.23076923076923078,1.3559322033898304
2020-02-26,-1.6666666666666667,1.5166666666666666,-2.2816901408450705,0.36507936507936506,1.1846153846153846,1.7118644067796611
2020-02-27,-1.2575757575757576,2.05,-4.2,-1.7301587301587302,2.3692307692307693,1.9166666666666667
2020-02-28,5.287878787878788,5.366666666666666,-0.5211267605633803,1.2380952380952381,3.5846153846153848,1.11864406779661
2020-02-29,8.803030303030303,6.596774193548387,-3.1549295774647885,2.2857142857142856,1.453125,0.43636363636363634
2020-03-01,4.523076923076923,7.901639344262295,-11.253521126760564,-0.4032258064516129,1.4,1.98
2020-03-02,1.0,3.316666666666667,-12.507042253521126,-3.6507936507936507,12.876923076923077,0.11666666666666667
2020-03-03,0.2,4.7,-13.901408450704226,-3.761904761904762,13.815384615384616,-0.13333333333333333
2020-03-04,-2.696969696969697,2.8333333333333335,-15.67605633802817,-5.031746031746032,14.738461538461538,-0.05084745762711865
2020-03-05,-4.575757575757576,-0.1,-14.628571428571428,-6.0476190476190474,16.984615384615385,-0.6333333333333333
2020-03-06,-2.409090909090909,-0.11666666666666667,-14.385714285714286,-5.5,17.692307692307693,-0.4666666666666667
2020-03-07,-0.07575757575757576,1.1290322580645162,-17.901408450704224,-10.777777777777779,3.25,3.4727272727272727
2020-03-08,-2.8153846153846156,1.0327868852459017,-15.619718309859154,-11.193548387096774,1.2333333333333334,5.48
2020-03-09,-7.121212121212121,-3.2131147540983607,-15.366197183098592,-7.714285714285714,18.753846153846155,-1.0333333333333334
2020-03-10,-7.769230769230769,-4.45,-18.3943661971831,-6.571428571428571,19.153846153846153,-2.066666666666667
2020-03-11,-11.409090909090908,-7.133333333333334,-20.732394366197184,-8.285714285714286,18.661538461538463,-0.7833333333333333
2020-03-12,-11.863636363636363,-7.366666666666666,-21.885714285714286,-10.587301587301587,18.06153846153846,-0.5666666666666667
2020-03-13,-7.015151515151516,-1.6666666666666667,-16.690140845070424,-7.140625,18.6,-0.9666666666666667
2020-03-14,-6.107692307692307,1.032258064516129,-19.112676056338028,-13.666666666666666,3.515625,3.618181818181818
2020-03-15,-15.03076923076923,7.672131147540983,-27.154929577464788,-17.3015873015873,-0.5833333333333334,6.18
2020-03-16,-21.476923076923075,6.442622950819672,-31.676056338028168,-22.11111111111111,4.384615384615385,5.807017543859649
2020-03-17,-29.5625,-7.133333333333334,-35.88732394366197,-26.96825396825397,-6.230769230769231,9.12280701754386
2020-03-18,-36.03076923076923,-7.366666666666666,-42.267605633802816,-30.49206349206349,-12.676923076923076,12.157894736842104
2020-03-19,-47.66153846153846,-24.396825396825395,-47.42253521126761,-39.3125,-21.56923076923077,16.526315789473685
2020-03-20,-51.01538461538462,-28.57377049180328,-50.04225352112676,-46.078125,-24.753846153846155,19.789473684210527
2020-03-21,-61.671875,-38.96825396825397,-62.28169014084507,-53.578125,-29.65625,21.14
2020-03-22,-70.37096774193549,-51.46774193548387,-68.43661971830986,-64.03225806451613,-34.875,22.404255319148938
2020-03-23,-59.698412698412696,-41.67213114754098,-57.46478873239437,-56.75806451612903,-34.621212121212125,21.75438596491228
2020-03-24,-61.19047619047619,-42.24590163934426,-57.97142857142857,-55.91935483870968,-37.878787878787875,21.803571428571427
2020-03-25,-61.09375,-42.09836065573771,-58.05714285714286,-56.79032258064516,-38.8955223880597,22.75
2020-03-26,-61.317460317460316,-40.868852459016395,-57.65714285714286,-59.29032258064516,-39.1044776119403,23.196428571428573
2020-03-27,-61.40625,-42.09836065573771,-58.84285714285714,-60.65625,-38.878787878787875,26.035714285714285
2020-03-28,-64.25,-44.70967741935484,-64.45714285714286,-63.79365079365079,-36.109375,23.44
2020-03-29,-70.8,-58.66129032258065,-69.25714285714285,-69.25806451612904,-37.484375,23.022222222222222
2020-03-30,-56.359375,-39.22950819672131,-55.01428571428571,-59.403225806451616,-38.776119402985074,21.649122807017545
2020-03-31,-54.421875,-35.75409836065574,-52.521126760563384,-56.11290322580645,-39.36363636363637,20.303571428571427
2020-04-01,-55.66153846153846,-35.80327868852459,-54.72857142857143,-57.0,-39.63636363636363,21.446428571428573
2020-04-02,-58.73015873015873,-39.721311475409834,-56.91428571428571,-61.095238095238095,-41.21212121212121,23.071428571428573
2020-04-03,-58.65079365079365,-40.0,-58.042857142857144,-60.806451612903224,-39.92424242424242,25.071428571428573
2020-04-04,-62.28125,-43.12903225806452,-63.92857142857143,-62.24193548387097,-37.015625,21.571428571428573
2020-04-05,-68.75409836065573,-55.903225806451616,-68.5072463768116,-68.5,-38.4375,20.266666666666666
2020-04-06,-56.5,-39.01639344262295,-55.628571428571426,-59.46774193548387,-39.40298507462686,20.214285714285715
2020-04-07,-56.564516129032256,-37.26229508196721,-55.95774647887324,-56.983870967741936,-40.45454545454545,19.428571428571427
2020-04-08,-57.854838709677416,-38.064516129032256,-56.84285714285714,-56.75806451612903,-40.43939393939394,20.214285714285715
2020-04-09,-55.04838709677419,-31.883333333333333,-54.24285714285714,-55.33870967741935,-40.81818181818182,19.035714285714285
2020-04-10,-80.0,-59.557377049180324,-71.55072463768116,-75.85714285714286,-71.04477611940298,34.61224489795919
2020-04-11,-74.28125,-55.83870967741935,-70.54285714285714,-72.03225806451613,-51.30769230769231,24.857142857142858
2020-04-12,-73.59677419354838,-60.354838709677416,-72.8,-73.38709677419355,-38.46875,21.19148936170213
2020-04-13,-57.37096774193548,-42.34426229508197,-57.614285714285714,-59.29032258064516,-39.09090909090909,20.482142857142858
2020-04-14,-58.064516129032256,-41.22950819672131,-57.72857142857143,-57.92063492063492,-39.878787878787875,20.0
2020-04-15,-58.29032258064516,-40.0655737704918,-58.11267605633803,-57.65079365079365,-39.63636363636363,20.803571428571427
2020-04-16,-58.96825396825397,-40.75409836065574,-58.857142857142854,-59.96825396825397,-40.03030303030303,21.517857142857142
2020-04-17,-58.95238095238095,-40.85245901639344,-59.3,-61.142857142857146,-38.878787878787875,24.267857142857142
2020-04-18,-62.25,-43.73015873015873,-65.1159420289855,-62.666666666666664,-33.875,20.612244897959183
2020-04-19,-69.47540983606558,-54.596774193548384,-69.98591549295774,-70.21311475409836,-35.359375,20.020833333333332
2020-04-20,-56.11290322580645,-41.21311475409836,-56.943661971830984,-59.03225806451613,-37.166666666666664,19.732142857142858
2020-04-21,-56.58730158730159,-40.29032258064516,-57.2,-57.693548387096776,-37.95454545454545,19.053571428571427
2020-04-22,-57.4375,-40.39344262295082,-57.84285714285714,-57.67741935483871,-37.621212121212125,19.571428571428573
2020-04-23,-58.96774193548387,-41.95161290322581,-59.52857142857143,-60.354838709677416,-38.07575757575758,20.767857142857142
2020-04-24,-58.74603174603175,-41.41935483870968,-60.61971830985915,-61.142857142857146,-36.98461538461538,23.107142857142858
2020-04-25,-61.171875,-43.37096774193548,-64.49295774647888,-61.76190476190476,-32.390625,20.12
2020-04-26,-68.21311475409836,-53.16129032258065,-69.74285714285715,-69.50819672131148,-33.78125,19.291666666666668
2020-04-27,-56.03225806451613,-42.049180327868854,-58.18571428571428,-59.61290322580645,-34.16923076923077,19.649122807017545
2020-04-28,-55.15873015873016,-39.85245901639344,-56.605633802816904,-56.19047619047619,-35.196969696969695,17.05263157894737
2020-04-29,-54.44444444444444,-37.90163934426229,-56.690140845070424,-54.67741935483871,-34.166666666666664,18.649122807017545
2020-04-30,-47.23809523809524,-24.65,-50.225352112676056,-49.96774193548387,-33.40909090909091,15.807017543859649
2020-05-01,-79.80952380952381,-77.45901639344262,-66.78873239436619,-72.46774193548387,-70.59701492537313,32.36734693877551
2020-05-02,-55.25,-34.96774193548387,-62.23943661971831,-60.333333333333336,-33.75,19.4
2020-05-03,-64.69354838709677,-46.564516129032256,-68.3943661971831,-67.46666666666667,-30.78125,18.8125
2020-05-04,-48.55555555555556,-31.868852459016395,-53.394366197183096,-53.53225806451613,-30.73846153846154,17.403508771929825
2020-05-05,-48.41269841269841,-30.65573770491803,-52.140845070422536,-51.193548387096776,-31.630769230769232,17.017543859649123
2020-05-06,-50.682539682539684,-33.24590163934426,-53.49295774647887,-52.25806451612903,-32.0,18.49122807017544
2020-05-07,-50.74603174603175,-32.442622950819676,-53.19718309859155,-54.193548387096776,-31.96969696969697,19.19298245614035
2020-05-08,-50.57142857142857,-32.57377049180328,-54.70422535211268,-54.65079365079365,-30.107692307692307,21.29824561403509
2020-05-09,-50.359375,-29.870967741935484,-58.51428571428571,-56.3968253968254,-26.078125,18.86
2020-05-10,-60.82539682539682,-41.83606557377049,-65.49295774647888,-64.21311475409836,-20.725806451612904,16.816326530612244
2020-05-11,-53.73015873015873,-41.29032258064516,-56.08450704225352,-58.274193548387096,-31.015384615384615,19.87719298245614
2020-05-12,-53.03174603174603,-38.47540983606557,-56.056338028169016,-56.0,-31.476923076923075,19.649122807017545
2020-05-13,-53.41269841269841,-36.93333333333333,-56.140845070422536,-55.74193548387097,-31.56923076923077,20.31578947368421
2020-05-14,-54.285714285714285,-36.24590163934426,-56.45070422535211,-56.903225806451616,-32.333333333333336,20.43859649122807
2020-05-15,-53.53968253968254,-34.47540983606557,-56.774647887323944,-56.55555555555556,-31.43076923076923,22.80701754385965
2020-05-16,-59.34375,-41.46774193548387,-64.08450704225352,-62.46031746031746,-28.25,21.78
2020-05-17,-66.88709677419355,-50.46774193548387,-69.05633802816901,-69.65573770491804,-29.140625,20.979591836734695
2020-05-18,-55.142857142857146,-40.95161290322581,-59.16901408450704,-59.5,-32.18181818181818,21.140350877192983
2020-05-19,-55.16129032258065,-38.68333333333333,-58.87323943661972,-57.11290322580645,-33.292307692307695,20.771929824561404
2020-05-20,-53.096774193548384,-33.278688524590166,-56.859154929577464,-54.88709677419355,-32.63076923076923,20.105263157894736
2020-05-21,-72.41935483870968,-51.81967213114754,-67.0,-71.51612903225806,-64.07462686567165,31.04
2020-05-22,-54.44444444444444,-37.540983606557376,-58.40845070422535,-60.078125,-35.723076923076924,25.29824561403509
2020-05-23,-58.75,-40.74603174603175,-64.78571428571429,-63.22222222222222,-27.578125,22.46
2020-05-24,-65.77777777777777,-49.983870967741936,-68.84507042253522,-69.64516129032258,-27.90625,21.387755102040817
2020-05-25,-51.83870967741935,-37.62903225806452,-55.985915492957744,-58.23809523809524,-30.723076923076924,20.736842105263158
2020-05-26,-54.16129032258065,-38.78333333333333,-56.385714285714286,-56.935483870967744,-31.215384615384615,20.31578947368421
2020-05-27,-55.274193548387096,-39.36065573770492,-57.943661971830984,-57.557377049180324,-31.03076923076923,21.19298245614035
2020-05-28,-55.91935483870968,-39.32786885245902,-58.098591549295776,-59.354838709677416,-31.53030303030303,22.17543859649123
2020-05-29,-54.04761904761905,-35.80327868852459,-57.34285714285714,-59.03125,-30.123076923076923,24.333333333333332
2020-05-30,-54.921875,-35.857142857142854,-62.042857142857144,-59.46031746031746,-23.421875,20.78
2020-05-31,-62.67741935483871,-45.03225806451613,-66.95774647887323,-66.29032258064517,-23.571428571428573,20.122448979591837
2020-06-01,-50.91935483870968,-34.68852459016394,-56.24285714285714,-57.596774193548384,-29.353846153846153,20.403508771929825
2020-06-02,-52.868852459016395,-35.295081967213115,-57.27142857142857,-55.806451612903224,-31.307692307692307,20.45614035087719
2020-06-03,-54.75806451612903,-37.01639344262295,-58.7887323943662,-56.66129032258065,-31.923076923076923,21.771929824561404
2020-06-04,-53.904761904761905,-36.71666666666667,-57.642857142857146,-56.3968253968254,-31.09090909090909,22.29824561403509
2020-06-05,-52.98412698412698,-35.67213114754098,-57.80281690140845,-58.109375,-29.846153846153847,24.19298245614035
2020-06-06,-55.921875,-37.79032258064516,-64.22535211267606,-60.492063492063494,-24.234375,21.76
2020-06-07,-63.63934426229508,-46.74193548387097,-68.78571428571429,-67.2258064516129,-25.078125,20.79591836734694
2020-06-08,-52.53225806451613,-38.26229508196721,-57.91428571428571,-58.354838709677416,-29.579710144927535,21.228070175438596
2020-06-09,-53.645161290322584,-38.0655737704918,-58.28169014084507,-56.5,-30.529411764705884,21.017543859649123
2020-06-10,-53.96774193548387,-38.13333333333333,-58.28169014084507,-57.45161290322581,-30.869565217391305,21.964912280701753
2020-06-11,-56.54838709677419,-40.049180327868854,-60.12676056338028,-59.868852459016395,-32.46376811594203,22.82456140350877
2020-06-12,-55.904761904761905,-39.24590163934426,-60.2112676056338,-59.87301587301587,-31.492753623188406,25.403508771929825
2020-06-13,-57.765625,-40.84126984126984,-64.38028169014085,-63.53968253968254,-23.597014925373134,22.48
2020-06-14,-64.88709677419355,-49.306451612903224,-68.42857142857143,-69.25806451612904,-22.515151515151516,21.26530612244898
2020-06-15,-54.08064516129032,-40.5,-59.11267605633803,-59.888888888888886,-31.347826086956523,21.50877192982456
2020-06-16,-54.5,-38.80327868852459,-58.929577464788736,-57.0,-32.01449275362319,21.403508771929825
2020-06-17,-58.492063492063494,-41.63333333333333,-62.605633802816904,-60.19047619047619,-34.130434782608695,23.666666666666668
2020-06-18,-56.75806451612903,-39.95,-61.28169014084507,-60.523809523809526,-32.779411764705884,23.42105263157895
2020-06-19,-53.333333333333336,-35.0,-59.40845070422535,-60.03174603174603,-30.797101449275363,24.31578947368421
2020-06-20,-58.5625,-38.01587301587302,-65.8169014084507,-63.96825396825397,-25.73134328358209,23.18
2020-06-21,-67.22222222222223,-49.32258064516129,-70.01449275362319,-70.6984126984127,-18.803030303030305,20.604166666666668
2020-06-22,-59.354838709677416,-46.8,-62.225352112676056,-62.75806451612903,-34.42028985507246,23.263157894736842
2020-06-23,-58.91803278688525,-43.80327868852459,-62.40845070422535,-60.645161290322584,-35.231884057971016,23.035087719298247
2020-06-24,-60.04761904761905,-44.32786885245902,-62.140845070422536,-61.540983606557376,-35.18840579710145,23.719298245614034
2020-06-25,-57.435483870967744,-41.12903225806452,-59.63380281690141,-60.285714285714285,-34.57971014492754,23.596491228070175
2020-06-26,-57.73015873015873,-41.05,-61.183098591549296,-61.317460317460316,-33.608695652173914,26.087719298245613
2020-06-27,-59.140625,-40.79365079365079,-65.32394366197182,-63.79365079365079,-26.62686567164179,23.16
2020-06-28,-67.77049180327869,-50.53225806451613,-72.1,-73.7,-28.12121212121212,22.666666666666668
2020-06-29,-77.0,-58.032786885245905,-73.25,-76.74193548387096,-68.07352941176471,32.95918367346939
2020-06-30,-53.62903225806452,-37.22950819672131,-58.15714285714286,-56.20634920634921,-33.15942028985507,20.92982456140351
2020-07-01,-55.67741935483871,-37.40983606557377,-60.07142857142857,-58.57142857142857,-34.2463768115942,22.75438596491228
2020-07-02,-55.37096774193548,-37.63333333333333,-59.042857142857144,-58.74193548387097,-33.955882352941174,23.105263157894736
2020-07-03,-55.19047619047619,-36.622950819672134,-59.57746478873239,-60.84126984126984,-32.89855072463768,25.43859649122807
2020-07-04,-60.015625,-41.38095238095238,-68.05633802816901,-66.17460317460318,-28.26865671641791,24.12
2020-07-05,-63.523809523809526,-45.854838709677416,-68.0,-69.31666666666666,-24.166666666666668,21.625
2020-07-06,-52.596774193548384,-37.377049180327866,-56.732394366197184,-57.36507936507937,-33.028985507246375,21.736842105263158
2020-07-07,-54.193548387096776,-38.483333333333334,-58.732394366197184,-56.20634920634921,-34.0,21.54385964912281
2020-07-08,-55.96774193548387,-40.11666666666667,-59.49295774647887,-57.44444444444444,-33.68115942028985,22.666666666666668
2020-07-09,-57.403225806451616,-41.95,-60.16901408450704,-60.078125,-34.405797101449274,23.666666666666668
2020-07-10,-55.57142857142857,-39.233333333333334,-58.91549295774648,-60.375,-32.14492753623188,25.403508771929825
2020-07-11,-58.4375,-40.74193548387097,-64.66197183098592,-64.046875,-24.940298507462686,22.78
2020-07-12,-64.87301587301587,-49.774193548387096,-68.70422535211267,-70.45161290322581,-23.984848484848484,21.583333333333332
2020-07-13,-53.12903225806452,-40.61666666666667,-56.84507042253521,-57.609375,-32.11764705882353,21.49122807017544
2020-07-14,-53.354838709677416,-39.22950819672131,-56.87323943661972,-55.01587301587302,-33.38235294117647,21.12280701754386
2020-07-15,-53.096774193548384,-35.16393442622951,-56.859154929577464,-52.403225806451616,-33.2463768115942,20.92982456140351
2020-07-16,-71.14516129032258,-49.885245901639344,-66.97142857142858,-70.79032258064517,-62.51470588235294,30.705882352941178
2020-07-17,-56.25396825396825,-38.90163934426229,-60.690140845070424,-60.857142857142854,-36.470588235294116,26.75
2020-07-18,-61.09375,-42.774193548387096,-67.02816901408451,-65.88888888888889,-27.52238805970149,24.04
2020-07-19,-67.06349206349206,-51.645161290322584,-70.44285714285714,-71.83050847457628,-25.196969696969695,22.0
2020-07-20,-53.903225806451616,-39.34426229508197,-58.183098591549296,-57.5,-32.3768115942029,21.68421052631579
2020-07-21,-57.08064516129032,-42.03333333333333,-61.54929577464789,-58.65079365079365,-34.21739130434783,22.614035087719298
2020-07-22,-54.53225806451613,-38.885245901639344,-57.24285714285714,-55.714285714285715,-32.044117647058826,21.94736842105263
2020-07-23,-55.435483870967744,-40.145161290322584,-56.42857142857143,-57.375,-32.608695652173914,22.45614035087719
2020-07-24,-54.22222222222222,-37.75409836065574,-56.816901408450704,-58.682539682539684,-30.753623188405797,24.70175438596491
2020-07-25,-57.875,-39.26984126984127,-62.97142857142857,-62.57142857142857,-23.895522388059703,22.14
2020-07-26,-63.80952380952381,-48.41935483870968,-67.24285714285715,-69.14516129032258,-23.196969696969695,21.020408163265305
2020-07-27,-52.25806451612903,-38.09836065573771,-55.15492957746479,-56.53225806451613,-31.82608695652174,21.210526315789473
2020-07-28,-51.96774193548387,-37.032786885245905,-53.57746478873239,-54.06349206349206,-31.88235294117647,20.56140350877193
2020-07-29,-50.523809523809526,-33.704918032786885,-53.056338028169016,-52.42857142857143,-31.81159420289855,20.50877192982456
2020-07-30,-54.507936507936506,-37.557377049180324,-56.056338028169016,-56.80952380952381,-33.44117647058823,22.403508771929825
2020-07-31,-51.317460317460316,-32.91803278688525,-54.15492957746479,-56.671875,-30.808823529411764,24.105263157894736
2020-08-01,-54.890625,-33.01587301587302,-61.91549295774648,-60.36507936507937,-25.29850746268657,22.1
2020-08-02,-59.44444444444444,-40.18032786885246,-62.87323943661972,-66.22950819672131,-22.060606060606062,20.020408163265305
2020-08-03,-50.12698412698413,-33.41935483870968,-52.55714285714286,-56.274193548387096,-31.63768115942029,20.771929824561404
2020-08-04,-49.95238095238095,-32.91803278688525,-51.88732394366197,-53.476190476190474,-31.764705882352942,20.43859649122807
2020-08-05,-51.57142857142857,-34.32786885245902,-54.38028169014085,-53.84126984126984,-32.21739130434783,21.140350877192983
2020-08-06,-51.6031746031746,-34.95,-52.32857142857143,-54.523809523809526,-32.01449275362319,21.385964912280702
2020-08-07,-48.53968253968254,-30.934426229508198,-50.19718309859155,-54.0625,-29.579710144927535,22.473684210526315
2020-08-08,-51.546875,-31.873015873015873,-57.19718309859155,-56.46031746031746,-22.83582089552239,20.03921568627451
2020-08-09,-59.67741935483871,-41.32786885245902,-64.24285714285715,-66.16129032258064,-21.28787878787879,19.395833333333332
2020-08-10,-45.645161290322584,-30.704918032786885,-49.67142857142857,-53.0,-30.347826086956523,18.45614035087719
2020-08-11,-45.596774193548384,-30.516666666666666,-49.16901408450704,-50.142857142857146,-30.47826086956522,18.210526315789473
2020-08-12,-44.5,-28.262295081967213,-49.070422535211264,-48.935483870967744,-29.855072463768117,18.54385964912281
2020-08-13,-43.46774193548387,-25.950819672131146,-48.521126760563384,-49.666666666666664,-29.985507246376812,18.894736842105264
2020-08-14,-40.76190476190476,-21.806451612903224,-46.82857142857143,-47.390625,-28.18840579710145,19.912280701754387
2020-08-15,-50.921875,-28.126984126984127,-56.128571428571426,-55.15625,-32.17910447761194,19.666666666666668
2020-08-16,-53.483870967741936,-34.09836065573771,-59.7887323943662,-60.435483870967744,-15.924242424242424,17.102040816326532
2020-08-17,-43.46666666666667,-29.652173913043477,-49.76923076923077,-48.975,-31.264150943396228,17.31578947368421
2020-08-18,-45.24444444444445,-30.73913043478261,-50.627450980392155,-47.526315789473685,-31.115384615384617,17.12280701754386
2020-08-19,-45.46666666666667,-30.304347826086957,-49.75,-47.026315789473685,-30.884615384615383,17.403508771929825
2020-08-20,-46.51111111111111,-29.80851063829787,-49.57692307692308,-48.41025641025641,-31.18867924528302,18.107142857142858
2020-08-21,-45.28888888888889,-28.659574468085108,-47.925925925925924,-47.725,-29.28301886792453,19.403508771929825
2020-08-22,-53.208333333333336,-36.05882352941177,-58.018181818181816,-52.891891891891895,-23.53061224489796,18.26923076923077
2020-08-23,-60.07142857142857,-43.44444444444444,-66.41071428571429,-60.891891891891895,-21.45,18.25531914893617
2020-08-24,-46.787234042553195,-32.583333333333336,-53.056603773584904,-49.8,-30.79245283018868,17.42105263157895
2020-08-25,-48.61702127659574,-33.638297872340424,-54.13725490196079,-49.31578947368421,-32.35849056603774,17.842105263157894
2020-08-26,-47.46808510638298,-30.47826086956522,-52.333333333333336,-47.1578947368421,-29.90566037735849,17.57894736842105
2020-08-27,-46.53191489361702,-28.625,-51.283018867924525,-48.69230769230769,-29.685185185185187,17.92982456140351
2020-08-28,-45.48936170212766,-27.583333333333332,-51.05555555555556,-48.925,-29.09433962264151,19.649122807017545
2020-08-29,-51.895833333333336,-31.104166666666668,-57.472727272727276,-52.21621621621622,-22.755102040816325,17.884615384615383
2020-08-30,-56.73170731707317,-37.04347826086956,-61.15094339622642,-56.86486486486486,-18.789473684210527,17.285714285714285
2020-08-31,-43.34782608695652,-28.51063829787234,-45.8235294117647,-48.075,-29.358490566037737,16.105263157894736
2020-09-01,-44.108695652173914,-26.565217391304348,-47.11764705882353,-46.18421052631579,-30.903846153846153,16.087719298245613
2020-09-02,-47.4468085106383,-30.195652173913043,-49.94230769230769,-49.10526315789474,-30.537037037037038,17.339285714285715
2020-09-03,-47.659574468085104,-30.729166666666668,-50.58490566037736,-48.69230769230769,-31.074074074074073,18.125
2020-09-04,-46.234042553191486,-28.458333333333332,-48.907407407407405,-47.575,-29.452830188679247,19.571428571428573
2020-09-05,-50.833333333333336,-28.895833333333332,-55.85454545454545,-51.37837837837838,-22.375,17.74
2020-09-06,-56.951219512195124,-38.47826086956522,-58.888888888888886,-56.24324324324324,-19.829268292682926,17.510204081632654
2020-09-07,-44.608695652173914,-29.020833333333332,-46.705882352941174,-47.625,-30.39622641509434,17.107142857142858
2020-09-08,-46.56521739130435,-30.82608695652174,-51.1764705882353,-47.36842105263158,-31.660377358490567,17.482142857142858
2020-09-09,-45.787234042553195,-29.066666666666666,-47.11764705882353,-45.60526315789474,-29.245283018867923,17.125
2020-09-10,-46.234042553191486,-28.065217391304348,-48.17307692307692,-46.333333333333336,-30.87037037037037,18.303571428571427
2020-09-11,-42.815384615384616,-25.3,-45.54929577464789,-47.90625,-27.797101449275363,19.982142857142858
2020-09-12,-49.646153846153844,-31.822580645161292,-54.19718309859155,-53.8125,-22.432835820895523,18.72
2020-09-13,-54.698412698412696,-37.26229508196721,-57.267605633802816,-61.08196721311475,-20.363636363636363,18.229166666666668
2020-09-14,-39.265625,-22.866666666666667,-42.15492957746479,-44.714285714285715,-26.681159420289855,17.053571428571427
2020-09-15,-38.095238095238095,-16.866666666666667,-42.11267605633803,-42.04761904761905,-26.485294117647058,16.535714285714285
2020-09-16,-38.078125,-11.05,-41.32394366197183,-39.46031746031746,-27.26086956521739,16.071428571428573
2020-09-17,-40.27272727272727,-9.133333333333333,-40.95774647887324,-43.765625,-32.10294117647059,17.357142857142858
2020-09-18,-81.55555555555556,-79.65573770491804,-66.98591549295774,-77.40322580645162,-69.78260869565217,33.265306122448976
2020-09-19,-81.37096774193549,-80.12903225806451,-67.87323943661971,-76.67213114754098,-54.134328358208954,24.347826086956523
2020-09-20,-66.04761904761905,-52.59016393442623,-63.12676056338028,-66.51666666666667,-26.651515151515152,19.5
2020-09-21,-44.53125,-28.885245901639344,-46.95774647887324,-47.77777777777778,-29.08823529411765,18.357142857142858
2020-09-22,-46.0,-29.116666666666667,-48.80281690140845,-45.95238095238095,-28.61764705882353,18.714285714285715
2020-09-23,-48.57142857142857,-30.05,-50.84507042253521,-46.24193548387097,-27.455882352941178,19.721311475409838
2020-09-24,-48.63492063492063,-30.633333333333333,-51.36619718309859,-47.625,-28.073529411764707,20.327868852459016
2020-09-25,-48.63636363636363,-29.1,-52.67605633802817,-49.46875,-26.75,22.18032786885246
2020-09-26,-57.15625,-36.96774193548387,-59.36619718309859,-57.0625,-22.582089552238806,21.74137931034483
2020-09-27,-62.01587301587302,-44.14754098360656,-62.28169014084507,-62.01639344262295,-22.78787878787879,20.51851851851852
2020-09-28,-46.296875,-29.6,-49.45070422535211,-46.12698412698413,-25.63235294117647,19.37704918032787
2020-09-29,-48.34920634920635,-30.416666666666668,-52.63380281690141,-46.274193548387096,-27.323529411764707,19.295081967213115
2020-09-30,-46.523809523809526,-25.7,-51.63380281690141,-44.38095238095238,-27.544117647058822,18.258064516129032
2020-10-01,-46.03125,-23.366666666666667,-52.394366197183096,-44.77777777777778,-26.852941176470587,18.081967213114755
2020-10-02,-43.61904761904762,-19.133333333333333,-49.309859154929576,-39.984375,-24.852941176470587,18.540983606557376
2020-10-03,-58.1875,-33.888888888888886,-59.59154929577465,-55.859375,-26.671641791044777,21.03448275862069
2020-10-04,-62.483870967741936,-42.52459016393443,-63.15492957746479,-61.483870967741936,-26.21212121212121,19.92452830188679
2020-10-05,-41.285714285714285,-20.366666666666667,-48.38028169014085,-41.57142857142857,-25.794117647058822,16.147540983606557
2020-10-06,-41.93650793650794,-21.583333333333332,-49.225352112676056,-41.12698412698413,-26.794117647058822,16.0
2020-10-07,-43.111111111111114,-22.233333333333334,-48.53521126760563,-41.774193548387096,-24.808823529411764,16.483870967741936
2020-10-08,-44.142857142857146,-21.8,-48.84507042253521,-41.682539682539684,-25.38235294117647,17.75409836065574
2020-10-09,-42.78125,-20.366666666666667,-45.50704225352113,-39.734375,-23.91176470588235,18.540983606557376
2020-10-10,-58.484375,-37.0,-57.859154929577464,-56.707692307692305,-22.970149253731343,21.637931034482758
2020-10-11,-61.74603174603175,-41.9344262295082,-59.070422535211264,-63.95,-23.09090909090909,20.11320754716981
2020-10-12,-69.03225806451613,-48.46666666666667,-57.2112676056338,-65.125,-65.55072463768116,29.183333333333334
2020-10-13,-39.23809523809524,-17.133333333333333,-46.66197183098591,-31.603174603174605,-23.41176470588235,14.746031746031745
2020-10-14,-42.90625,-22.566666666666666,-47.19718309859155,-37.96825396825397,-23.47826086956522,16.93548387096774
2020-10-15,-42.3125,-20.6,-46.690140845070424,-37.523809523809526,-23.507246376811594,17.295081967213115
2020-10-16,-40.6875,-16.633333333333333,-44.563380281690144,-36.015625,-22.71014492753623,17.524590163934427
2020-10-17,-58.0625,-34.333333333333336,-58.38028169014085,-54.890625,-23.52238805970149,21.413793103448278
2020-10-18,-63.20634920634921,-44.50819672131148,-60.943661971830984,-60.306451612903224,-23.96969696969697,20.67924528301887
2020-10-19,-41.578125,-22.016393442622952,-47.183098591549296,-38.3968253968254,-21.88235294117647,16.278688524590162
2020-10-20,-41.09375,-20.7,-45.11267605633803,-37.0,-22.176470588235293,15.870967741935484
2020-10-21,-42.15625,-21.4,-44.859154929577464,-35.645161290322584,-20.926470588235293,16.35483870967742
2020-10-22,-41.50769230769231,-20.75,-43.36619718309859,-35.4375,-21.470588235294116,16.540983606557376
2020-10-23,-41.0,-18.066666666666666,-43.42253521126761,-34.046875,-20.470588235294116,17.21311475409836
2020-10-24,-55.171875,-31.43548387096774,-55.36619718309859,-51.96825396825397,-19.492537313432837,19.810344827586206
2020-10-25,-47.74603174603175,-29.0,-28.225352112676056,-31.612903225806452,-9.409090909090908,12.418181818181818
2020-10-26,-41.285714285714285,-22.4,-45.61971830985915,-37.666666666666664,-21.352941176470587,16.37704918032787
2020-10-27,-41.734375,-21.583333333333332,-48.0,-35.92063492063492,-21.455882352941178,16.229508196721312
2020-10-28,-41.703125,-21.816666666666666,-46.91549295774648,-36.935483870967744,-19.75,15.96774193548387
2020-10-29,-40.109375,-18.733333333333334,-45.056338028169016,-34.53125,-19.794117647058822,15.60655737704918
2020-10-30,-35.753846153846155,-10.4,-40.80281690140845,-27.671875,-18.58823529411765,14.290322580645162
2020-10-31,-55.4,-28.112903225806452,-52.2112676056338,-51.66129032258065,-31.895522388059703,19.103448275862068
2020-11-01,-58.234375,-37.622950819672134,-55.971830985915496,-55.63492063492063,-21.46969696969697,16.38888888888889
2020-11-02,-37.8,-18.311475409836067,-44.74647887323944,-36.12698412698413,-20.08823529411765,14.721311475409836
2020-11-03,-37.92307692307692,-18.016666666666666,-45.33802816901409,-35.225806451612904,-20.61764705882353,14.761904761904763
2020-11-04,-39.12698412698413,-18.721311475409838,-46.352112676056336,-36.274193548387096,-19.13235294117647,15.53225806451613
2020-11-05,-38.73015873015873,-18.033333333333335,-44.605633802816904,-35.41269841269841,-19.38235294117647,15.37704918032787
2020-11-06,-36.738461538461536,-14.133333333333333,-41.32394366197183,-33.921875,-18.38235294117647,15.262295081967213
2020-11-07,-47.753846153846155,-25.64516129032258,-50.070422535211264,-47.390625,-18.940298507462686,16.779661016949152
2020-11-08,-51.65079365079365,-33.14754098360656,-51.183098591549296,-50.87096774193548,-19.363636363636363,15.909090909090908
2020-11-09,-38.546875,-20.16393442622951,-42.7887323943662,-37.225806451612904,-19.044117647058822,14.80327868852459
2020-11-10,-38.21875,-19.733333333333334,-42.985915492957744,-36.38709677419355,-19.75,14.435483870967742
2020-11-11,-39.6031746031746,-20.766666666666666,-44.70422535211268,-37.483870967741936,-18.66176470588235,15.080645161290322
2020-11-12,-39.34375,-20.833333333333332,-44.42253521126761,-36.666666666666664,-19.397058823529413,15.672131147540984
2020-11-13,-38.890625,-14.566666666666666,-45.056338028169016,-35.546875,-18.176470588235293,15.885245901639344
2020-11-14,-47.03076923076923,-26.419354838709676,-48.83098591549296,-45.71875,-17.970149253731343,16.45762711864407
2020-11-15,-50.92307692307692,-32.377049180327866,-49.57746478873239,-46.26984126984127,-17.53030303030303,15.055555555555555
2020-11-16,-37.15873015873016,-19.216666666666665,-42.04225352112676,-35.58064516129032,-17.676470588235293,14.032786885245901
2020-11-17,-39.79032258064516,-19.766666666666666,-45.80281690140845,-36.645161290322584,-18.705882352941178,14.688524590163935
2020-11-18,-38.10769230769231,-18.833333333333332,-42.859154929577464,-35.96825396825397,-17.264705882352942,13.96774193548387
2020-11-19,-38.49230769230769,-19.2,-43.80281690140845,-35.9375,-17.926470588235293,14.688524590163935
2020-11-20,-36.4375,-14.1,-41.80281690140845,-33.640625,-16.676470588235293,14.836065573770492
2020-11-21,-45.83076923076923,-25.048387096774192,-48.929577464788736,-43.890625,-16.059701492537314,15.915254237288135
2020-11-22,-50.75,-32.40983606557377,-50.605633802816904,-44.93650793650794,-17.196969696969695,14.962962962962964
2020-11-23,-37.93650793650794,-20.35,-44.0,-37.77777777777778,-16.676470588235293,14.278688524590164
2020-11-24,-37.888888888888886,-20.133333333333333,-45.0,-35.193548387096776,-17.41176470588235,13.887096774193548
2020-11-25,-39.3125,-21.1,-45.42253521126761,-36.38095238095238,-15.867647058823529,14.548387096774194
2020-11-26,-39.296875,-20.75,-44.76056338028169,-34.76190476190476,-16.426470588235293,14.59016393442623
2020-11-27,-37.215384615384615,-15.783333333333333,-43.521126760563384,-34.671875,-15.529411764705882,14.852459016393443
2020-11-28,-43.261538461538464,-21.241935483870968,-48.225352112676056,-42.265625,-13.298507462686567,14.898305084745763
2020-11-29,-53.4,-33.75409836065574,-46.49295774647887,-42.476190476190474,-15.303030303030303,13.703703703703704
2020-11-30,-32.0,-12.6,-41.15492957746479,-33.507936507936506,-14.279411764705882,12.672131147540984
2020-12-01,-32.65625,-11.683333333333334,-43.16901408450704,-31.73015873015873,-14.911764705882353,12.516129032258064
2020-12-02,-33.796875,-13.283333333333333,-42.70422535211268,-32.483870967741936,-13.147058823529411,12.806451612903226
2020-12-03,-33.111111111111114,-13.033333333333333,-42.08450704225352,-32.671875,-13.823529411764707,12.951612903225806
2020-12-04,-31.375,-8.9,-38.53521126760563,-28.484375,-12.867647058823529,12.78688524590164
2020-12-05,-37.46153846153846,-14.161290322580646,-43.23943661971831,-35.578125,-11.402985074626866,12.694915254237289
2020-12-06,-42.0,-21.62295081967213,-43.098591549295776,-42.01587301587302,-12.848484848484848,12.553571428571429
2020-12-07,-21.875,-1.1666666666666667,-30.788732394366196,-28.555555555555557,-19.897058823529413,10.403225806451612
2020-12-08,-50.765625,-27.283333333333335,-44.140845070422536,-46.921875,-55.529411764705884,21.885245901639344
2020-12-09,-29.5,-9.516666666666667,-37.394366197183096,-21.53968253968254,-11.5,10.564516129032258
2020-12-10,-32.078125,-13.466666666666667,-37.943661971830984,-31.640625,-13.044117647058824,12.887096774193548
2020-12-11,-32.03125,-12.45,-37.38028169014085,-33.40625,-12.264705882352942,13.950819672131148
2020-12-12,-47.184615384615384,-27.096774193548388,-49.28169014084507,-47.753846153846155,-12.970149253731343,17.56896551724138
2020-12-13,-50.90625,-32.21311475409836,-48.84507042253521,-49.857142857142854,-13.303030303030303,16.74074074074074
2020-12-14,-31.6875,-15.5,-34.732394366197184,-34.3968253968254,-13.014705882352942,12.46774193548387
2020-12-15,-28.203125,-9.616666666666667,-33.732394366197184,-28.548387096774192,-12.823529411764707,11.129032258064516
2020-12-16,-26.338461538461537,-6.15,-33.140845070422536,-27.095238095238095,-10.367647058823529,11.0
2020-12-17,-23.153846153846153,-3.3,-31.211267605633804,-26.21875,-10.647058823529411,10.629032258064516
2020-12-18,-20.83076923076923,0.6,-30.112676056338028,-23.26984126984127,-9.75,10.78688524590164
2020-12-19,-36.36923076923077,-13.419354838709678,-42.04225352112676,-38.92307692307692,-8.223880597014926,14.271186440677965
2020-12-20,-38.140625,-17.688524590163933,-42.53521126760563,-41.82539682539682,-5.606060606060606,13.964285714285714
2020-12-21,-13.523076923076923,6.327868852459017,-22.718309859154928,-18.3015873015873,-8.352941176470589,7.5396825396825395
2020-12-22,-11.523809523809524,13.216666666666667,-22.295774647887324,-15.19047619047619,-8.838235294117647,7.079365079365079
2020-12-23,-12.390625,18.423728813559322,-22.56338028169014,-12.32258064516129,-7.397058823529412,7.145161290322581
2020-12-24,-25.092307692307692,15.166666666666666,-29.183098591549296,-25.5625,-19.573529411764707,10.370967741935484
2020-12-25,-80.734375,-77.38333333333334,-52.478873239436616,-71.03174603174604,-69.42028985507247,26.34426229508197
2020-12-26,-50.625,-28.338709677419356,-48.63380281690141,-52.734375,-26.01492537313433,18.43103448275862
2020-12-27,-52.46875,-33.0655737704918,-49.42253521126761,-50.0,-16.272727272727273,16.125
2020-12-28,-22.828125,-4.216666666666667,-32.394366197183096,-25.38095238095238,-11.926470588235293,10.60655737704918
2020-12-29,-21.793650793650794,2.1666666666666665,-33.521126760563384,-23.952380952380953,-12.75,10.274193548387096
2020-12-30,-20.09375,12.559322033898304,-30.309859154929576,-18.142857142857142,-11.205882352941176,9.661290322580646
2020-12-31,-28.921875,14.85,-31.056338028169016,-28.682539682539684,-22.926470588235293,11.131147540983607
2021-01-01,-81.43076923076923,-79.76666666666667,-49.54929577464789,-72.0,-71.98550724637681,24.37704918032787
2021-01-02,-53.84375,-29.79032258064516,-46.45070422535211,-53.59375,-33.35820895522388,18.344827586206897
2021-01-03,-53.23076923076923,-32.85245901639344,-47.309859154929576,-47.22222222222222,-17.666666666666668,14.964912280701755
2021-01-04,-26.953125,-7.180327868852459,-32.267605633802816,-28.253968253968253,-14.852941176470589,11.37704918032787
2021-01-05,-26.828125,-6.25,-31.845070422535212,-28.49206349206349,-15.632352941176471,11.435483870967742
2021-01-06,-28.952380952380953,-8.933333333333334,-34.46478873239437,-29.0,-15.235294117647058,12.580645161290322
2021-01-07,-28.58730158730159,-8.9,-32.943661971830984,-28.793650793650794,-16.014705882352942,12.704918032786885
2021-01-08,-28.753846153846155,-7.65,-33.28169014084507,-27.6875,-15.647058823529411,12.885245901639344
2021-01-09,-46.738461538461536,-23.677419354838708,-48.54929577464789,-47.984375,-19.52238805970149,17.54237288135593
2021-01-10,-52.75,-31.229508196721312,-51.71830985915493,-52.58730158730159,-20.37878787878788,16.944444444444443
2021-01-11,-26.40625,-7.377049180327869,-31.971830985915492,-26.095238095238095,-16.705882352941178,11.524590163934427
2021-01-12,-26.4375,-6.333333333333333,-30.464788732394368,-26.11111111111111,-18.11764705882353,10.682539682539682
2021-01-13,-28.46153846153846,-8.5,-31.985915492957748,-23.349206349206348,-18.485294117647058,9.870967741935484
2021-01-14,-37.953125,-20.65,-38.774647887323944,-34.80952380952381,-23.985294117647058,13.852459016393443
2021-01-15,-38.07692307692308,-17.5,-38.71830985915493,-34.859375,-23.808823529411764,14.216666666666667
2021-01-16,-56.84615384615385,-33.82258064516129,-53.309859154929576,-53.5,-27.582089552238806,18.517241379310345
2021-01-17,-60.07936507936508,-39.91803278688525,-55.690140845070424,-56.774193548387096,-25.4,17.30909090909091
2021-01-18,-34.125,-16.216666666666665,-34.098591549295776,-30.126984126984127,-23.676470588235293,12.049180327868852
2021-01-19,-34.66153846153846,-16.183333333333334,-33.23943661971831,-32.12698412698413,-23.91176470588235,12.01639344262295
2021-01-20,-35.276923076923076,-16.05,-33.816901408450704,-32.142857142857146,-22.720588235294116,12.516129032258064
2021-01-21,-35.61538461538461,-15.95,-34.11267605633803,-32.46031746031746,-23.205882352941178,13.344262295081966
2021-01-22,-34.55384615384615,-13.283333333333333,-33.11267605633803,-30.21875,-22.705882352941178,13.508196721311476
2021-01-23,-57.07692307692308,-33.20967741935484,-52.140845070422536,-52.96875,-26.681818181818183,18.627118644067796
2021-01-24,-59.671875,-38.81967213114754,-54.267605633802816,-56.58730158730159,-25.692307692307693,17.07547169811321
2021-01-25,-33.276923076923076,-14.45,-32.436619718309856,-30.174603174603174,-22.852941176470587,12.573770491803279
2021-01-26,-33.296875,-16.06779661016949,-33.36619718309859,-32.36507936507937,-23.426470588235293,12.836065573770492
2021-01-27,-34.353846153846156,-17.322033898305083,-34.33802816901409,-30.984126984126984,-22.470588235294116,13.360655737704919
2021-01-28,-36.353846153846156,-16.966666666666665,-36.15492957746479,-34.74603174603175,-23.147058823529413,14.065573770491802
2021-01-29,-35.815384615384616,-11.35,-38.605633802816904,-31.90625,-23.029411764705884,14.639344262295081
2021-01-30,-58.01538461538462,-31.806451612903224,-56.7887323943662,-54.703125,-29.257575757575758,19.736842105263158
2021-01-31,-60.171875,-36.32786885245902,-57.91549295774648,-56.6031746031746,-26.56923076923077,18.75
2021-02-01,-29.369230769230768,-7.416666666666667,-30.028169014084508,-29.322580645161292,-19.369230769230768,11.85483870967742
2021-02-02,-29.338461538461537,-7.366666666666666,-28.08450704225352,-27.857142857142858,-20.353846153846153,11.555555555555555
2021-02-03,-31.138461538461538,-9.216666666666667,-28.633802816901408,-28.825396825396826,-19.446153846153845,11.73015873015873
2021-02-04,-34.30769230769231,-13.716666666666667,-30.830985915492956,-29.793650793650794,-21.23076923076923,12.741935483870968
2021-02-05,-32.58461538461538,-8.816666666666666,-29.690140845070424,-26.53125,-20.49230769230769,13.14516129032258
2021-02-06,-55.43076923076923,-29.467741935483872,-51.70422535211268,-50.857142857142854,-25.84375,18.620689655172413
2021-02-07,-58.6031746031746,-36.868852459016395,-53.394366197183096,-53.32258064516129,-24.19047619047619,17.425925925925927
2021-02-08,-29.6,-8.459016393442623,-27.169014084507044,-23.73015873015873,-20.692307692307693,11.129032258064516
2021-02-09,-30.890625,-9.083333333333334,-27.56338028169014,-25.92063492063492,-21.2,11.064516129032258
2021-02-10,-32.44615384615385,-11.133333333333333,-28.52112676056338,-26.873015873015873,-20.476923076923075,11.838709677419354
2021-02-11,-30.29230769230769,-9.2,-30.816901408450704,-26.140625,-20.523076923076925,12.161290322580646
2021-02-12,-28.753846153846155,-4.85,-28.535211267605632,-23.859375,-19.56923076923077,12.016129032258064
2021-02-13,-50.13846153846154,-21.612903225806452,-48.95774647887324,-46.265625,-24.125,16.68421052631579
2021-02-14,-51.46031746031746,-29.081967213114755,-50.070422535211264,-45.77777777777778,-20.07936507936508,15.74074074074074
2021-02-15,-25.323076923076922,-4.80327868852459,-25.746478873239436,-21.18032786885246,-19.676923076923078,10.0
2021-02-16,-23.484375,-2.466666666666667,-24.211267605633804,-20.919354838709676,-19.876923076923077,9.790322580645162
2021-02-17,-26.815384615384616,-6.593220338983051,-27.422535211267604,-22.841269841269842,-18.46153846153846,10.96774193548387
2021-02-18,-25.6,-4.65,-26.87323943661972,-22.58730158730159,-19.56923076923077,11.419354838709678
2021-02-19,-24.753846153846155,-1.0,-23.225352112676056,-18.03125,-18.646153846153847,10.887096774193548
2021-02-20,-49.33846153846154,-23.887096774193548,-47.436619718309856,-44.333333333333336,-23.515625,16.614035087719298
2021-02-21,-53.44615384615385,-31.229508196721312,-51.29577464788732,-44.41935483870968,-22.428571428571427,15.722222222222221
2021-02-22,-21.50769230769231,-0.8360655737704918,-23.619718309859156,-17.80952380952381,-15.446153846153846,8.935483870967742
2021-02-23,-23.015625,-2.8,-24.633802816901408,-19.873015873015873,-16.107692307692307,9.258064516129032
2021-02-24,-24.43076923076923,-5.338983050847458,-25.802816901408452,-21.365079365079364,-15.015384615384615,9.838709677419354
2021-02-25,-23.630769230769232,-3.8333333333333335,-24.845070422535212,-21.142857142857142,-15.2,9.516129032258064
2021-02-26,-21.046153846153846,2.0166666666666666,-22.830985915492956,-17.34375,-14.046153846153846,8.741935483870968
2021-02-27,-46.52307692307692,-18.629032258064516,-47.08450704225352,-42.93650793650794,-21.015625,15.03448275862069
2021-02-28,-50.15625,-25.737704918032787,-50.50704225352113,-42.483870967741936,-18.0,14.267857142857142
2021-03-01,-20.73846153846154,0.6721311475409836,-29.549295774647888,-20.285714285714285,-10.584615384615384,8.14516129032258
2021-03-02,-22.34375,-0.5666666666666667,-31.295774647887324,-21.0,-11.307692307692308,8.587301587301587
2021-03-03,-23.83076923076923,-1.8166666666666667,-32.098591549295776,-21.661290322580644,-11.0,9.225806451612904
2021-03-04,-26.184615384615384,-4.7,-33.28169014084507,-23.07936507936508,-12.507692307692308,10.258064516129032
2021-03-05,-21.984375,1.6166666666666667,-31.028169014084508,-20.96875,-11.2,9.5
2021-03-06,-56.04615384615385,-27.580645161290324,-55.859154929577464,-51.04761904761905,-25.171875,19.105263157894736
2021-03-07,-60.21875,-35.09836065573771,-59.25352112676056,-50.83870967741935,-22.682539682539684,18.39622641509434
2021-03-08,-21.6875,-0.9344262295081968,-31.323943661971832,-23.0,-9.723076923076922,9.258064516129032
2021-03-09,-26.047619047619047,-5.166666666666667,-36.40845070422535,-24.317460317460316,-11.046153846153846,9.873015873015873
2021-03-10,-28.078125,-6.483333333333333,-39.45070422535211,-24.19047619047619,-9.938461538461539,11.193548387096774
2021-03-11,-31.46875,-10.916666666666666,-38.95774647887324,-27.580645161290324,-11.907692307692308,12.53968253968254
2021-03-12,-27.578125,-3.5833333333333335,-35.352112676056336,-25.640625,-10.338461538461539,11.709677419354838
2021-03-13,-61.38461538461539,-35.11290322580645,-60.36619718309859,-55.11290322580645,-26.6875,21.12280701754386
2021-03-14,-64.765625,-40.540983606557376,-63.25352112676056,-54.57377049180328,-24.952380952380953,20.12727272727273
2021-03-15,-31.78125,-10.540983606557377,-41.985915492957744,-31.174603174603174,-10.723076923076922,12.095238095238095
2021-03-16,-32.63492063492063,-10.916666666666666,-41.563380281690144,-30.634920634920636,-11.738461538461538,12.412698412698413
2021-03-17,-33.25,-11.85,-41.0,-29.158730158730158,-9.8,12.968253968253968
2021-03-18,-36.921875,-15.6,-43.29577464788732,-32.34920634920635,-11.615384615384615,14.661290322580646
2021-03-19,-33.828125,-8.616666666666667,-41.11267605633803,-29.84375,-9.938461538461539,14.35483870967742
2021-03-20,-61.84615384615385,-35.096774193548384,-62.23943661971831,-56.62903225806452,-26.15625,22.105263157894736
2021-03-21,-65.96875,-41.83606557377049,-64.49295774647888,-56.516666666666666,-24.603174603174605,20.821428571428573
2021-03-22,-36.328125,-14.98360655737705,-44.16901408450704,-34.79365079365079,-10.96923076923077,14.32258064516129
2021-03-23,-36.888888888888886,-12.75,-45.84507042253521,-33.76190476190476,-11.861538461538462,14.079365079365079
2021-03-24,-36.515625,-12.135593220338983,-45.394366197183096,-32.55555555555556,-11.061538461538461,14.444444444444445
2021-03-25,-42.296875,-15.133333333333333,-48.16901408450704,-39.26984126984127,-13.96923076923077,16.887096774193548
2021-03-26,-36.815384615384616,-0.31666666666666665,-43.28169014084507,-36.87301587301587,-11.738461538461538,16.096774193548388
2021-03-27,-83.87096774193549,-81.33870967741936,-77.07042253521126,-77.60344827586206,-47.421875,32.63157894736842
2021-03-28,-84.45,-83.58064516129032,-77.36619718309859,-76.12068965517241,-44.476190476190474,29.490909090909092
2021-03-29,-41.203125,-14.98360655737705,-48.23943661971831,-39.682539682539684,-13.323076923076924,15.412698412698413
2021-03-30,-40.82258064516129,-14.183333333333334,-47.816901408450704,-37.65079365079365,-13.923076923076923,15.507936507936508
2021-03-31,-37.8125,-6.433333333333334,-46.15492957746479,-32.04761904761905,-13.692307692307692,15.174603174603174
2021-04-01,-32.246153846153845,8.583333333333334,-40.63380281690141,-26.112903225806452,-14.8,13.222222222222221
2021-04-02,-77.26153846153846,-52.0,-67.29577464788733,-68.85245901639344,-66.26153846153846,36.17741935483871
2021-04-03,-73.43076923076923,-51.145161290322584,-68.59154929577464,-69.54098360655738,-45.421875,27.82456140350877
2021-04-04,-71.16129032258064,-52.53225806451613,-69.01408450704226,-63.52542372881356,-26.936507936507937,22.527272727272727
2021-04-05,-43.234375,-19.16393442622951,-50.57746478873239,-40.3968253968254,-16.692307692307693,17.238095238095237
2021-04-06,-45.234375,-21.316666666666666,-52.45070422535211,-42.111111111111114,-18.2,17.936507936507937
2021-04-07,-45.34375,-21.416666666666668,-51.66197183098591,-42.0,-18.046153846153846,18.3015873015873
2021-04-08,-48.703125,-25.901639344262296,-54.15492957746479,-43.61904761904762,-19.46153846153846,20.20967741935484
2021-04-09,-46.25,-19.639344262295083,-52.098591549295776,-44.19047619047619,-17.446153846153845,20.919354838709676
2021-04-10,-64.61538461538461,-39.87301587301587,-66.25352112676056,-62.193548387096776,-27.765625,24.57894736842105
2021-04-11,-69.90625,-49.03225806451613,-69.53521126760563,-63.6,-27.03174603174603,23.754716981132077
2021-04-12,-48.421875,-29.098360655737704,-53.028169014084504,-45.06349206349206,-18.06153846153846,19.322580645161292
2021-04-13,-49.317460317460316,-28.688524590163933,-53.29577464788732,-43.61904761904762,-19.50769230769231,18.857142857142858
2021-04-14,-49.15873015873016,-28.55,-54.36619718309859,-42.96825396825397,-19.26153846153846,19.634920634920636
2021-04-15,-48.73015873015873,-26.491803278688526,-53.309859154929576,-42.26984126984127,-18.83076923076923,19.967741935483872
2021-04-16,-46.734375,-20.295081967213115,-52.183098591549296,-42.79365079365079,-17.153846153846153,20.870967741935484
2021-04-17,-61.53846153846154,-35.854838709677416,-63.774647887323944,-59.73015873015873,-25.4375,23.29824561403509
2021-04-18,-68.50769230769231,-46.50819672131148,-68.50704225352112,-62.6,-25.61904761904762,22.79245283018868
2021-04-19,-45.23809523809524,-24.758064516129032,-52.59154929577465,-42.63492063492063,-16.16923076923077,18.56451612903226
2021-04-20,-45.66129032258065,-24.016666666666666,-52.80281690140845,-40.507936507936506,-16.723076923076924,18.19047619047619
2021-04-21,-47.317460317460316,-25.34426229508197,-53.40845070422535,-40.79365079365079,-16.76923076923077,19.22222222222222
2021-04-22,-46.421875,-23.983606557377048,-52.87323943661972,-41.93650793650794,-15.830769230769231,19.5
2021-04-23,-43.95384615384615,-17.868852459016395,-51.394366197183096,-41.609375,-13.938461538461539,20.20967741935484
2021-04-24,-59.323076923076925,-32.75806451612903,-61.12676056338028,-58.015625,-22.5625,22.43859649122807
2021-04-25,-66.0625,-43.67213114754098,-65.25352112676056,-60.19672131147541,-22.285714285714285,21.363636363636363
2021-04-26,-42.84375,-22.704918032786885,-50.690140845070424,-40.523809523809526,-13.076923076923077,17.596774193548388
2021-04-27,-42.63492063492063,-20.833333333333332,-51.57746478873239,-39.41269841269841,-14.061538461538461,17.661290322580644
2021-04-28,-41.904761904761905,-19.37704918032787,-50.66197183098591,-38.36507936507937,-13.661538461538461,17.571428571428573
2021-04-29,-40.0625,-15.721311475409836,-49.0,-36.06349206349206,-13.415384615384616,17.725806451612904
2021-04-30,-34.19047619047619,-0.6166666666666667,-46.54929577464789,-32.171875,-12.0,17.322580645161292
2021-05-01,-74.765625,-66.90322580645162,-65.43661971830986,-62.62903225806452,-48.215384615384615,26.87719298245614
2021-05-02,-58.476190476190474,-24.459016393442624,-65.11267605633803,-56.131147540983605,-21.603174603174605,20.660377358490567
2021-05-03,-32.04761904761905,-4.950819672131147,-45.76056338028169,-32.92063492063492,-10.6,15.67741935483871
2021-05-04,-32.904761904761905,-6.416666666666667,-45.83098591549296,-31.444444444444443,-10.923076923076923,15.492063492063492
2021-05-05,-32.95238095238095,-7.016666666666667,-44.76056338028169,-30.73015873015873,-10.76923076923077,15.793650793650794
2021-05-06,-32.5625,-7.066666666666666,-44.563380281690144,-30.50793650793651,-11.753846153846155,16.03174603174603
2021-05-07,-28.3125,1.7,-41.71830985915493,-26.625,-8.953846153846154,16.258064516129032
2021-05-08,-47.28125,-11.209677419354838,-53.816901408450704,-46.93650793650794,-17.78125,19.07017543859649
2021-05-09,-56.42857142857143,-29.508196721311474,-58.76056338028169,-49.16129032258065,-7.111111111111111,16.35185185185185
2021-05-10,-28.095238095238095,-7.688524590163935,-42.774647887323944,-29.50793650793651,-9.276923076923078,14.428571428571429
2021-05-11,-27.65625,-5.933333333333334,-42.61971830985915,-26.77777777777778,-9.692307692307692,14.507936507936508
2021-05-12,-28.5,-4.950819672131147,-43.33802816901409,-26.063492063492063,-10.153846153846153,15.253968253968255
2021-05-13,-27.078125,-3.783333333333333,-41.732394366197184,-25.285714285714285,-11.015384615384615,15.32258064516129
2021-05-14,-22.609375,9.7,-39.0,-21.25,-10.076923076923077,15.129032258064516
2021-05-15,-67.171875,-60.61290322580645,-49.38028169014085,-49.888888888888886,-41.046875,21.70689655172414
2021-05-16,-57.5,-54.47540983606557,-40.225352112676056,-38.88709677419355,-16.444444444444443,16.166666666666668
2021-05-17,-19.265625,2.9344262295081966,-38.95774647887324,-22.22222222222222,-7.461538461538462,13.46031746031746
2021-05-18,-21.5625,1.1333333333333333,-41.42253521126761,-20.22222222222222,-6.507692307692308,13.317460317460318
2021-05-19,-23.09375,0.7,-42.478873239436616,-21.58730158730159,-6.676923076923077,14.53968253968254
2021-05-20,-13.318181818181818,13.576271186440678,-34.67605633802817,-10.451612903225806,-6.492307692307692,11.412698412698413
2021-05-21,-58.15384615384615,-27.733333333333334,-51.63380281690141,-50.546875,-56.738461538461536,30.311475409836067
2021-05-22,-47.796875,-18.825396825396826,-50.42253521126761,-47.714285714285715,-21.984375,20.862068965517242
2021-05-23,-55.4375,-32.459016393442624,-55.352112676056336,-43.81967213114754,-15.952380952380953,18.90740740740741
2021-05-24,-15.890625,3.0655737704918034,-36.774647887323944,-16.77777777777778,-3.523076923076923,12.793650793650794
2021-05-25,-19.70769230769231,-0.06666666666666667,-38.225352112676056,-18.56451612903226,-3.4307692307692306,13.158730158730158
2021-05-26,-20.96923076923077,-1.9491525423728813,-38.985915492957744,-17.88888888888889,-3.876923076923077,13.793650793650794
2021-05-27,-21.415384615384614,-0.6833333333333333,-40.33802816901409,-21.161290322580644,-4.7384615384615385,14.34920634920635
2021-05-28,-16.953846153846154,6.083333333333333,-34.50704225352113,-16.095238095238095,-1.6615384615384616,14.483870967741936
2021-05-29,-44.40625,-13.274193548387096,-49.28169014084507,-41.98412698412698,-14.015625,19.120689655172413
2021-05-30,-49.375,-22.83606557377049,-51.46478873239437,-43.950819672131146,-13.587301587301587,18.09433962264151
2021-05-31,-17.296875,2.0655737704918034,-37.54929577464789,-19.682539682539684,-1.7230769230769232,13.666666666666666
2021-06-01,-17.90625,5.316666666666666,-38.49295774647887,-18.53968253968254,-3.1538461538461537,13.88888888888889
2021-06-02,-16.523076923076925,5.389830508474576,-36.647887323943664,-16.0,-3.3230769230769233,13.682539682539682
2021-06-03,-20.73015873015873,5.366666666666666,-38.478873239436616,-19.603174603174605,-3.753846153846154,15.161290322580646
2021-06-04,-17.15625,7.483333333333333,-33.971830985915496,-16.253968253968253,-1.8461538461538463,15.35483870967742
2021-06-05,-43.515625,-10.580645161290322,-47.225352112676056,-41.61904761904762,-13.703125,19.482758620689655
2021-06-06,-50.34375,-23.016393442622952,-51.056338028169016,-44.774193548387096,-13.174603174603174,18.48148148148148
2021-06-07,-18.4375,3.278688524590164,-35.0,-21.49206349206349,-3.4307692307692306,14.285714285714286
2021-06-08,-21.78125,4.5,-39.267605633802816,-22.46031746031746,-3.1384615384615384,14.428571428571429
2021-06-09,-23.734375,-2.2203389830508473,-40.29577464788732,-20.88888888888889,-3.830769230769231,15.46031746031746
2021-06-10,-23.384615384615383,-0.6833333333333333,-38.12676056338028,-20.58730158730159,-3.769230769230769,15.709677419354838
2021-06-11,-21.15625,4.016666666666667,-36.29577464788732,-19.46031746031746,-3.476923076923077,16.129032258064516
2021-06-12,-47.359375,-16.22222222222222,-50.36619718309859,-44.523809523809526,-14.875,19.912280701754387
2021-06-13,-54.25,-30.19672131147541,-46.40845070422535,-43.564516129032256,-14.063492063492063,17.85185185185185
2021-06-14,-25.8,-3.25,-40.690140845070424,-26.428571428571427,-4.415384615384616,15.26984126984127
2021-06-15,-24.353846153846153,-0.9,-39.33802816901409,-22.26984126984127,-3.1538461538461537,14.825396825396826
2021-06-16,-24.123076923076923,-1.7457627118644068,-38.140845070422536,-21.714285714285715,-3.5538461538461537,14.555555555555555
2021-06-17,-22.815384615384616,0.3333333333333333,-37.71830985915493,-22.126984126984127,-4.3076923076923075,14.746031746031745
2021-06-18,-23.5,3.75,-39.394366197183096,-22.80952380952381,-2.6615384615384614,15.935483870967742
2021-06-19,-41.246153846153845,-6.049180327868853,-46.929577464788736,-39.96825396825397,-13.46875,17.56140350877193
2021-06-20,-51.815384615384616,-21.524590163934427,-51.91549295774648,-47.57377049180328,-12.031746031746032,16.12962962962963
2021-06-21,-59.65625,-30.466666666666665,-53.71830985915493,-52.96825396825397,-61.13846153846154,27.295081967213115
2021-06-22,-22.984375,-0.2,-39.91549295774648,-21.571428571428573,-3.076923076923077,13.26984126984127
2021-06-23,-30.93846153846154,-7.35,-45.95774647887324,-27.49206349206349,-5.876923076923077,16.761904761904763
2021-06-24,-27.138461538461538,-1.9666666666666666,-44.014084507042256,-24.596774193548388,-3.7384615384615385,15.85483870967742
2021-06-25,-25.369230769230768,-0.8166666666666667,-42.45070422535211,-22.238095238095237,-3.646153846153846,17.516129032258064
2021-06-26,-42.8,-12.065573770491802,-47.15492957746479,-39.98412698412698,-13.265625,19.228070175438596
2021-06-27,-46.8,-19.19672131147541,-45.028169014084504,-47.08064516129032,-15.015873015873016,18.11320754716981
2021-06-28,-53.276923076923076,-22.5,-42.605633802816904,-44.095238095238095,-60.84615384615385,23.612903225806452
2021-06-29,-21.84375,-1.8135593220338984,-40.0,-17.714285714285715,-2.2153846153846155,11.88888888888889
2021-06-30,-20.859375,1.423728813559322,-39.140845070422536,-19.174603174603174,-0.6,14.301587301587302
2021-07-01,-19.5,3.933333333333333,-38.32394366197183,-19.174603174603174,-0.18461538461538463,14.629032258064516
2021-07-02,-18.53125,9.433333333333334,-37.647887323943664,-19.046875,1.8307692307692307,15.612903225806452
2021-07-03,-40.578125,-7.639344262295082,-45.267605633802816,-38.3968253968254,-11.53125,18.75438596491228
2021-07-04,-46.53968253968254,-16.360655737704917,-46.732394366197184,-39.79032258064516,-10.603174603174603,17.88888888888889
2021-07-05,-15.5,5.622950819672131,-35.267605633802816,-17.063492063492063,2.2,13.34920634920635
2021-07-06,-17.125,5.533333333333333,-37.12676056338028,-17.857142857142858,1.7076923076923076,13.507936507936508
2021-07-07,-16.78125,4.389830508474576,-35.70422535211268,-15.142857142857142,1.476923076923077,13.698412698412698
2021-07-08,-15.546875,5.366666666666666,-34.76056338028169,-13.492063492063492,0.6153846153846154,13.333333333333334
2021-07-09,-11.828125,12.033333333333333,-32.04225352112676,-7.492063492063492,2.276923076923077,13.758064516129032
2021-07-10,-30.640625,1.0491803278688525,-39.25352112676056,-26.725806451612904,-8.265625,15.982758620689655
2021-07-11,-39.109375,-11.721311475409836,-40.67605633802817,-30.79032258064516,-10.301587301587302,15.777777777777779
2021-07-12,-8.8,11.163934426229508,-28.253521126760564,-6.428571428571429,-3.8153846153846156,11.857142857142858
2021-07-13,-8.25,11.389830508474576,-25.91549295774648,-6.145161290322581,-4.569230769230769,11.523809523809524
2021-07-14,-7.875,11.542372881355933,-26.014084507042252,-1.360655737704918,-4.461538461538462,11.603174603174603
2021-07-15,1.1846153846153846,24.372881355932204,-17.788732394366196,10.083333333333334,-5.292307692307692,8.873015873015873
2021-07-16,-33.96923076923077,1.1666666666666667,-23.535211267605632,-25.444444444444443,-53.92307692307692,23.491803278688526
2021-07-17,-23.21875,5.163934426229508,-23.95774647887324,-19.523809523809526,-14.984375,14.568965517241379
2021-07-18,-33.55555555555556,-8.95,-18.971830985915492,-4.935483870967742,-8.396825396825397,11.56140350877193
2021-07-19,-2.272727272727273,15.966666666666667,-18.802816901408452,0.4426229508196721,-5.415384615384616,10.587301587301587
2021-07-20,-2.71875,16.033898305084747,-16.845070422535212,-1.1311475409836065,-3.9846153846153847,10.126984126984127
2021-07-21,-6.092307692307692,13.305084745762711,-19.64788732394366,-1.6557377049180328,-4.769230769230769,10.857142857142858
2021-07-22,-6.123076923076923,11.983050847457626,-19.985915492957748,-2.9836065573770494,-4.246153846153846,11.158730158730158
2021-07-23,-6.924242424242424,12.711864406779661,-19.52112676056338,1.0158730158730158,-2.707692307692308,12.258064516129032
2021-07-24,-16.848484848484848,7.360655737704918,-29.535211267605632,-13.412698412698413,-2.609375,12.586206896551724
2021-07-25,-25.453125,-5.25,-35.36619718309859,-17.096774193548388,-5.253968253968254,13.210526315789474
2021-07-26,-11.21875,8.01639344262295,-27.788732394366196,-8.435483870967742,2.923076923076923,11.619047619047619
2021-07-27,-11.615384615384615,6.88135593220339,-27.267605633802816,-9.426229508196721,3.7846153846153845,11.238095238095237
2021-07-28,-11.015384615384615,6.47457627118644,-25.943661971830984,-8.21311475409836,4.476923076923077,11.253968253968255
2021-07-29,-10.692307692307692,7.47457627118644,-26.225352112676056,-9.688524590163935,4.615384615384615,11.53968253968254
2021-07-30,-6.984615384615385,14.316666666666666,-26.056338028169016,-2.873015873015873,6.415384615384616,12.064516129032258
2021-07-31,-8.166666666666666,15.868852459016393,-23.6056338028169,-7.0476190476190474,0.890625,11.084745762711865
2021-08-01,-14.276923076923078,8.0,-24.845070422535212,-5.419354838709677,-0.38095238095238093,10.771929824561404
2021-08-02,-7.3125,13.540983606557377,-26.56338028169014,-7.645161290322581,7.092307692307692,10.698412698412698
2021-08-03,-5.276923076923077,15.677966101694915,-24.87323943661972,-6.80327868852459,7.092307692307692,10.063492063492063
2021-08-04,-5.7272727272727275,15.254237288135593,-25.577464788732396,-7.916666666666667,7.861538461538461,10.301587301587302
2021-08-05,-4.7272727272727275,16.1864406779661,-25.732394366197184,-5.868852459016393,8.246153846153845,10.46031746031746
2021-08-06,-1.703125,19.305084745762713,-24.12676056338028,1.7619047619047619,9.184615384615384,11.258064516129032
2021-08-07,-1.878787878787879,23.081967213114755,-23.43661971830986,-7.126984126984127,2.921875,10.59322033898305
2021-08-08,-8.707692307692307,8.542372881355933,-20.732394366197184,-7.483870967741935,2.984126984126984,10.035087719298245
2021-08-09,-6.242424242424242,13.557377049180328,-25.070422535211268,-4.253968253968254,8.953846153846154,10.444444444444445
2021-08-10,-5.923076923076923,12.525423728813559,-24.802816901408452,-5.612903225806452,9.061538461538461,10.079365079365079
2021-08-11,-6.393939393939394,11.11864406779661,-25.619718309859156,-4.838709677419355,9.061538461538461,10.238095238095237
2021-08-12,-8.696969696969697,8.64406779661017,-28.014084507042252,-7.645161290322581,9.076923076923077,10.873015873015873
2021-08-13,-5.878787878787879,14.55,-24.845070422535212,-1.0952380952380953,10.461538461538462,11.419354838709678
2021-08-14,-9.833333333333334,11.672131147540984,-25.309859154929576,-11.619047619047619,1.421875,11.389830508474576
2021-08-15,-21.630769230769232,-1.7,-35.80281690140845,-13.67741935483871,-2.253968253968254,12.68421052631579
2021-08-16,-12.453125,7.295081967213115,-31.774647887323944,-11.774193548387096,8.461538461538462,11.619047619047619
2021-08-17,-12.375,6.9491525423728815,-32.40845070422535,-11.516129032258064,8.384615384615385,11.301587301587302
2021-08-18,-16.734375,2.76271186440678,-37.16901408450704,-14.412698412698413,11.076923076923077,12.65079365079365
2021-08-19,-15.227272727272727,3.830508474576271,-34.943661971830984,-14.11111111111111,10.338461538461539,13.0
2021-08-20,-9.393939393939394,11.666666666666666,-27.830985915492956,-7.492063492063492,12.8,12.32258064516129
2021-08-21,-20.666666666666668,2.9193548387096775,-39.54929577464789,-26.047619047619047,-0.234375,14.457627118644067
2021-08-22,-20.73846153846154,-1.5333333333333334,-32.54929577464789,-18.483870967741936,-0.38095238095238093,12.912280701754385
2021-08-23,-12.43939393939394,6.754098360655738,-30.676056338028168,-9.238095238095237,12.507692307692308,10.873015873015873
2021-08-24,-11.78125,6.067796610169491,-29.929577464788732,-9.870967741935484,12.492307692307692,10.428571428571429
2021-08-25,-13.876923076923077,3.3559322033898304,-33.28169014084507,-10.564516129032258,12.276923076923078,11.476190476190476
2021-08-26,-11.151515151515152,5.322033898305085,-28.816901408450704,-8.126984126984127,12.815384615384616,11.11111111111111
2021-08-27,-10.923076923076923,8.766666666666667,-30.3943661971831,-6.682539682539683,13.738461538461538,12.290322580645162
2021-08-28,-10.636363636363637,10.59016393442623,-28.704225352112676,-18.080645161290324,3.59375,12.033333333333333
2021-08-29,-16.70769230769231,2.25,-26.732394366197184,-14.161290322580646,1.0158730158730158,11.436363636363636
2021-08-30,-10.242424242424242,8.573770491803279,-28.943661971830984,-8.873015873015873,14.430769230769231,10.333333333333334
2021-08-31,-5.907692307692308,12.983050847457626,-26.591549295774648,-5.758064516129032,14.892307692307693,9.428571428571429
2021-09-01,-5.2272727272727275,14.59322033898305,-25.985915492957748,-4.306451612903226,14.307692307692308,9.492063492063492
2021-09-02,-5.742424242424242,16.372881355932204,-26.3943661971831,-5.806451612903226,15.061538461538461,9.698412698412698
2021-09-03,-3.4545454545454546,17.15,-24.154929577464788,0.4444444444444444,15.830769230769231,10.5
2021-09-04,-2.106060606060606,19.327868852459016,-21.52112676056338,-9.222222222222221,5.571428571428571,10.133333333333333
2021-09-05,-14.892307692307693,6.633333333333334,-28.183098591549296,-10.53225806451613,1.3968253968253967,11.666666666666666
2021-09-06,-5.303030303030303,15.049180327868852,-26.746478873239436,-5.238095238095238,15.307692307692308,9.746031746031745
2021-09-07,-1.7692307692307692,17.71186440677966,-22.816901408450704,-2.564516129032258,16.846153846153847,8.444444444444445
2021-09-08,-2.0303030303030303,17.271186440677965,-22.859154929577464,-1.3064516129032258,17.0,8.698412698412698
2021-09-09,-2.393939393939394,18.52542372881356,-22.633802816901408,-2.193548387096774,16.415384615384614,8.825396825396826
2021-09-10,-0.8787878787878788,17.271186440677965,-20.281690140845072,1.9365079365079365,16.93846153846154,9.338709677419354
2021-09-11,-9.590909090909092,12.475409836065573,-32.45070422535211,-14.016129032258064,4.890625,11.813559322033898
2021-09-12,-18.661538461538463,2.3833333333333333,-37.71830985915493,-19.5,-0.5396825396825397,13.771929824561404
2021-09-13,0.06060606060606061,20.166666666666668,-21.183098591549296,-2.7096774193548385,9.692307692307692,9.507936507936508
2021-09-14,6.1692307692307695,28.45762711864407,-15.028169014084508,4.098360655737705,9.23076923076923,7.682539682539683
2021-09-15,10.242424242424242,39.186440677966104,-9.943661971830986,12.9,8.015384615384615,6.619047619047619
2021-09-16,15.590909090909092,54.53448275862069,0.5070422535211268,22.311475409836067,0.5230769230769231,5.888888888888889
2021-09-17,-25.40909090909091,13.254237288135593,-6.014084507042254,-19.03174603174603,-54.784615384615385,17.419354838709676
2021-09-18,-56.878787878787875,-54.016129032258064,-20.12676056338028,-36.225806451612904,-46.046875,11.152542372881356
2021-09-19,-47.378787878787875,-51.833333333333336,-21.788732394366196,-7.129032258064516,-21.063492063492063,8.140350877192983
2021-09-20,-1.6,19.416666666666668,-18.070422535211268,5.258064516129032,8.569230769230769,8.920634920634921
2021-09-21,-3.2615384615384615,14.932203389830509,-20.295774647887324,1.6229508196721312,13.861538461538462,8.761904761904763
2021-09-22,-5.515151515151516,11.627118644067796,-23.507042253521128,-4.0,17.2,9.53968253968254
2021-09-23,-4.7727272727272725,10.288135593220339,-20.985915492957748,-3.8524590163934427,17.06153846153846,9.587301587301587
2021-09-24,-3.8484848484848486,11.64406779661017,-19.070422535211268,-1.5396825396825398,17.092307692307692,9.806451612903226
2021-09-25,-9.863636363636363,8.37704918032787,-26.014084507042252,-15.14516129032258,4.587301587301587,11.133333333333333
2021-09-26,-18.276923076923076,-0.35,-24.943661971830984,-14.274193548387096,2.4761904761904763,11.75438596491228
2021-09-27,-6.757575757575758,9.39344262295082,-22.492957746478872,-7.225806451612903,19.53846153846154,9.301587301587302
2021-09-28,-5.815384615384615,9.033898305084746,-21.3943661971831,-5.950819672131147,20.26153846153846,8.26984126984127
2021-09-29,-8.06060606060606,8.372881355932204,-26.52112676056338,-7.032786885245901,19.93846153846154,8.952380952380953
2021-09-30,-3.5,13.186440677966102,-23.04225352112676,-2.7704918032786887,21.03076923076923,9.031746031746032
2021-10-01,0.36363636363636365,18.389830508474578,-21.366197183098592,1.1587301587301588,19.246153846153845,9.333333333333334
2021-10-02,-0.5,19.639344262295083,-20.056338028169016,-7.285714285714286,6.203125,9.5
2021-10-03,-10.384615384615385,9.25,-22.985915492957748,-5.709677419354839,2.634920634920635,10.614035087719298
2021-10-04,-3.953846153846154,14.819672131147541,-23.549295774647888,-5.222222222222222,20.861538461538462,8.476190476190476
2021-10-05,0.3076923076923077,18.10169491525424,-19.154929577464788,-1.1475409836065573,20.984615384615385,7.492063492063492
2021-10-06,0.3333333333333333,16.796610169491526,-19.338028169014084,0.36065573770491804,22.015384615384615,7.619047619047619
2021-10-07,0.6060606060606061,19.491525423728813,-19.549295774647888,1.2295081967213115,22.246153846153845,7.571428571428571
2021-10-08,3.984848484848485,20.033898305084747,-14.67605633802817,10.936507936507937,20.861538461538462,8.0
2021-10-09,6.515151515151516,25.9,-8.788732394366198,4.934426229508197,6.603174603174603,7.383333333333334
2021-10-10,1.3076923076923077,19.54385964912281,-4.676056338028169,-4.870967741935484,1.2063492063492063,8.385964912280702
2021-10-11,-21.727272727272727,3.389830508474576,-7.338028169014085,-14.8,-56.01538461538462,17.693548387096776
2021-10-12,1.8461538461538463,19.728813559322035,-18.535211267605632,9.049180327868852,22.676923076923078,6.571428571428571
2021-10-13,-2.1818181818181817,14.220338983050848,-23.760563380281692,0.6065573770491803,20.56923076923077,8.65079365079365
2021-10-14,-2.909090909090909,15.88135593220339,-24.08450704225352,-2.278688524590164,23.138461538461538,8.46031746031746
2021-10-15,2.0757575757575757,16.203389830508474,-18.014084507042252,2.4285714285714284,16.523076923076925,9.46774193548387
2021-10-16,-0.8769230769230769,16.229508196721312,-18.901408450704224,-8.714285714285714,8.125,9.666666666666666
2021-10-17,-9.125,7.4,-18.549295774647888,-4.854838709677419,4.2063492063492065,10.385964912280702
2021-10-18,-6.893939393939394,8.967213114754099,-18.422535211267604,-4.612903225806452,20.153846153846153,10.285714285714286
2021-10-19,-1.1076923076923078,14.627118644067796,-17.211267605633804,-1.6721311475409837,23.307692307692307,7.333333333333333
2021-10-20,-2.6818181818181817,14.05084745762712,-21.676056338028168,-0.45901639344262296,23.56923076923077,7.984126984126984
2021-10-21,-1.7727272727272727,13.389830508474576,-19.732394366197184,-1.180327868852459,23.83076923076923,8.142857142857142
2021-10-22,0.3181818181818182,15.627118644067796,-18.535211267605632,3.7301587301587302,24.0,8.435483870967742
2021-10-23,-2.6666666666666665,14.885245901639344,-19.788732394366196,-8.920634920634921,8.09375,9.491525423728813
2021-10-24,-16.0,2.8666666666666667,-25.91549295774648,-10.403225806451612,3.0476190476190474,11.10909090909091
2021-10-25,-4.681818181818182,12.62295081967213,-21.64788732394366,-1.8225806451612903,24.553846153846155,8.142857142857142
2021-10-26,-1.5846153846153845,13.711864406779661,-19.267605633802816,-0.5245901639344263,25.476923076923075,7.444444444444445
2021-10-27,-1.3636363636363635,13.542372881355933,-18.169014084507044,2.0,25.692307692307693,7.349206349206349
2021-10-28,0.696969696969697,15.372881355932204,-17.12676056338028,4.262295081967213,25.107692307692307,7.222222222222222
2021-10-29,8.454545454545455,27.152542372881356,-12.338028169014084,13.516129032258064,23.09375,6.984126984126984
2021-10-30,12.76923076923077,33.898305084745765,-4.154929577464789,11.737704918032787,8.140625,5.916666666666667
2021-10-31,13.953846153846154,37.719298245614034,9.915492957746478,5.483870967741935,8.34920634920635,5.105263157894737
2021-11-01,-24.78787878787879,3.6333333333333333,-6.028169014084507,-12.868852459016393,-58.707692307692305,16.080645161290324
2021-11-02,3.353846153846154,24.372881355932204,-16.169014084507044,12.229508196721312,24.107692307692307,5.857142857142857
2021-11-03,-0.12121212121212122,20.16949152542373,-22.12676056338028,3.459016393442623,24.692307692307693,7.809523809523809
2021-11-04,2.8333333333333335,20.423728813559322,-18.591549295774648,2.661290322580645,25.353846153846153,7.444444444444445
2021-11-05,7.96969696969697,24.88135593220339,-12.085714285714285,8.476190476190476,25.446153846153845,7.258064516129032
2021-11-06,5.7846153846153845,25.0,-12.746478873239436,-1.3492063492063493,9.875,7.95
2021-11-07,-3.859375,14.610169491525424,-16.732394366197184,-2.4516129032258065,5.031746031746032,9.701754385964913
2021-11-08,3.1846153846153844,20.7,-15.67605633802817,2.870967741935484,26.138461538461538,7.031746031746032
2021-11-09,4.90625,22.016949152542374,-14.845070422535212,4.467741935483871,26.76923076923077,6.317460317460317
2021-11-10,3.712121212121212,20.949152542372882,-17.08450704225352,5.344262295081967,26.307692307692307,6.7936507936507935
2021-11-11,1.4307692307692308,20.050847457627118,-18.43661971830986,3.4918032786885247,26.246153846153845,7.222222222222222
2021-11-12,4.681818181818182,18.88135593220339,-13.154929577464788,8.428571428571429,25.375,7.693548387096774
2021-11-13,2.1384615384615384,19.3,-14.338028169014084,-1.6935483870967742,8.15625,8.483333333333333
2021-11-14,-9.0,9.067796610169491,-21.154929577464788,-2.838709677419355,3.253968253968254,10.368421052631579
2021-11-15,1.0615384615384615,17.633333333333333,-17.6056338028169,4.806451612903226,25.4,7.4603174603174605
2021-11-16,1.5625,21.47457627118644,-18.704225352112676,3.9836065573770494,26.8,6.507936507936508
2021-11-17,0.9545454545454546,16.35593220338983,-17.323943661971832,6.209677419354839,26.153846153846153,7.0476190476190474
2021-11-18,1.7878787878787878,16.508474576271187,-15.366197183098592,5.67741935483871,24.753846153846155,7.142857142857143
2021-11-19,4.378787878787879,19.915254237288135,-14.704225352112676,5.158730158730159,19.584615384615386,8.080645161290322
2021-11-20,-1.8181818181818181,18.934426229508198,-19.408450704225352,-5.080645161290323,8.59375,8.883333333333333
2021-11-21,-17.15625,3.830508474576271,-3.7746478873239435,7.016129032258065,3.4761904761904763,7.5964912280701755
2021-11-22,-0.3484848484848485,17.770491803278688,-18.859154929577464,3.8253968253968256,19.16923076923077,8.333333333333334
2021-11-23,0.7384615384615385,17.050847457627118,-18.3943661971831,4.0,25.630769230769232,6.825396825396825
2021-11-24,-0.36363636363636365,15.576271186440678,-19.985915492957748,3.5161290322580645,27.03076923076923,7.222222222222222
2021-11-25,0.8787878787878788,14.94915254237288,-15.098591549295774,4.295081967213115,26.553846153846155,7.063492063492063
2021-11-26,3.0454545454545454,17.71186440677966,-13.183098591549296,10.301587301587302,25.76923076923077,7.476190476190476
2021-11-27,0.9538461538461539,18.42622950819672,-11.971830985915492,-1.7936507936507937,9.453125,7.683333333333334
2021-11-28,-7.661538461538462,10.35,-18.774647887323944,0.43548387096774194,4.4603174603174605,9.157894736842104
2021-11-29,0.9696969696969697,16.266666666666666,-15.857142857142858,4.741935483870968,27.50769230769231,7.015873015873016
2021-11-30,7.6461538461538465,24.389830508474578,-13.352112676056338,7.114754098360656,28.630769230769232,5.428571428571429
2021-12-01,6.712121212121212,25.52542372881356,-15.112676056338028,7.573770491803279,27.276923076923076,5.968253968253968
2021-12-02,7.96969696969697,24.949152542372882,-14.985915492957746,7.081967213114754,26.93846153846154,6.0476190476190474
2021-12-03,11.454545454545455,27.593220338983052,-8.154929577464788,14.412698412698413,26.8125,5.857142857142857
2021-12-04,8.338461538461539,25.983333333333334,-7.183098591549296,5.190476190476191,11.203125,6.35
2021-12-05,-0.6615384615384615,19.694915254237287,-12.19718309859155,5.903225806451613,8.222222222222221,7.56140350877193
2021-12-06,10.384615384615385,26.633333333333333,-8.845070422535212,10.920634920634921,23.56923076923077,5.650793650793651
2021-12-07,19.092307692307692,35.86440677966102,-4.857142857142857,15.59016393442623,26.092307692307692,2.5714285714285716
2021-12-08,-6.7727272727272725,18.93220338983051,-5.23943661971831,-8.306451612903226,-44.738461538461536,15.920634920634921
2021-12-09,15.666666666666666,29.23728813559322,-6.084507042253521,14.721311475409836,27.83076923076923,4.619047619047619
2021-12-10,15.590909090909092,28.11864406779661,-5.492957746478873,15.222222222222221,27.5,5.698412698412699
2021-12-11,10.4,24.672131147540984,-10.098591549295774,6.841269841269841,17.8125,6.9
2021-12-12,2.707692307692308,15.533333333333333,-14.253521126760564,8.483870967741936,15.222222222222221,8.543859649122806
2021-12-13,12.615384615384615,24.583333333333332,-8.647887323943662,11.629032258064516,28.723076923076924,5.333333333333333
2021-12-14,13.907692307692308,25.83050847457627,-6.394366197183099,13.258064516129032,29.29230769230769,4.428571428571429
2021-12-15,16.439393939393938,28.0,-5.211267605633803,14.508196721311476,29.26153846153846,4.0476190476190474
2021-12-16,16.96923076923077,26.949152542372882,-3.1690140845070425,14.01639344262295,28.215384615384615,4.095238095238095
2021-12-17,15.681818181818182,27.220338983050848,-3.3661971830985915,13.396825396825397,25.846153846153847,5.2063492063492065
2021-12-18,12.046153846153846,27.60655737704918,-6.985915492957746,10.516129032258064,21.96875,4.65
2021-12-19,-3.859375,16.88135593220339,11.028169014084508,21.193548387096776,17.03174603174603,6.43859649122807
2021-12-20,21.863636363636363,33.63333333333333,-3.7183098591549295,14.180327868852459,24.276923076923076,4.396825396825397
2021-12-21,27.338461538461537,40.672413793103445,0.676056338028169,18.774193548387096,29.16923076923077,2.4285714285714284
2021-12-22,28.09090909090909,45.327586206896555,4.253521126760563,20.65573770491803,29.0,2.142857142857143
2021-12-23,32.21212121212121,56.775862068965516,6.605633802816901,28.885245901639344,27.784615384615385,1.746031746031746
2021-12-24,9.107692307692307,52.932203389830505,-8.76056338028169,3.4126984126984126,3.6,9.53225806451613
2021-12-25,-59.28787878787879,-60.016129032258064,-23.47887323943662,-40.36507936507937,-47.734375,12.316666666666666
2021-12-26,-12.046875,8.566666666666666,-17.901408450704224,-2.338709677419355,3.4761904761904763,7.56140350877193
2021-12-27,6.318181818181818,21.9,-12.338028169014084,4.306451612903226,22.015384615384615,6.73015873015873
2021-12-28,10.430769230769231,27.305084745762713,-8.464788732394366,8.612903225806452,23.646153846153847,5.26984126984127
2021-12-29,12.181818181818182,34.224137931034484,-11.633802816901408,12.573770491803279,23.307692307692307,5.301587301587301
2021-12-30,22.727272727272727,55.1551724137931,-3.5492957746478875,25.147540983606557,21.876923076923077,3.634920634920635
2021-12-31,3.393939393939394,55.54237288135593,-5.154929577464789,10.365079365079366,-5.938461538461539,9.53225806451613
2022-01-01,-58.84848484848485,-61.354838709677416,-20.309859154929576,-35.96774193548387,-51.89230769230769,10.883333333333333
2022-01-02,-11.21875,11.568965517241379,-15.19718309859155,9.78688524590164,-3.1904761904761907,7.508771929824562
2022-01-03,5.938461538461539,25.6,-8.549295774647888,12.433333333333334,10.36923076923077,8.238095238095237
2022-01-04,8.84375,27.576271186440678,-3.492957746478873,15.283333333333333,13.615384615384615,6.825396825396825
2022-01-05,9.138461538461538,27.152542372881356,-1.4647887323943662,16.016393442622952,14.123076923076923,6.698412698412699
2022-01-06,8.863636363636363,26.220338983050848,0.5492957746478874,15.39344262295082,13.507692307692308,6.698412698412699
2022-01-07,7.166666666666667,23.915254237288135,1.267605633802817,17.365079365079364,14.553846153846154,7.507936507936508
2022-01-08,2.09375,19.76271186440678,-0.5285714285714286,9.709677419354838,10.21875,6.95
2022-01-09,-5.3538461538461535,12.847457627118644,-5.742857142857143,8.5,7.444444444444445,7.298245614035087
2022-01-10,7.676923076923077,24.95,1.9285714285714286,13.728813559322035,11.169230769230769,6.761904761904762
2022-01-11,8.703125,24.847457627118644,3.4347826086956523,16.85,11.723076923076922,6.031746031746032
2022-01-12,7.181818181818182,23.661016949152543,3.1142857142857143,15.084745762711865,11.276923076923078,6.619047619047619
2022-01-13,7.0606060606060606,22.915254237288135,3.157142857142857,16.901639344262296,10.338461538461539,7.0476190476190474
2022-01-14,7.0606060606060606,24.694915254237287,4.642857142857143,21.428571428571427,11.723076923076922,7.5
2022-01-15,-0.35384615384615387,18.796610169491526,-1.8857142857142857,14.37704918032787,8.875,6.916666666666667
2022-01-16,-5.0,12.879310344827585,-5.914285714285715,12.53225806451613,7.365079365079365,7.578947368421052
2022-01-17,8.166666666666666,27.1,6.147058823529412,20.183333333333334,8.03076923076923,7.126984126984127
2022-01-18,10.484375,27.11864406779661,8.318840579710145,18.55,8.461538461538462,6.666666666666667
2022-01-19,11.045454545454545,26.949152542372882,7.898550724637682,17.966666666666665,8.323076923076924,7.015873015873016
2022-01-20,9.924242424242424,25.83050847457627,8.057142857142857,17.166666666666668,7.984615384615385,7.682539682539683
2022-01-21,8.621212121212121,26.322033898305083,8.257142857142858,21.61904761904762,9.63076923076923,8.629032258064516
2022-01-22,0.4307692307692308,18.74576271186441,-0.6571428571428571,9.612903225806452,8.21875,8.533333333333333
2022-01-23,-5.076923076923077,12.482758620689655,-3.7285714285714286,10.112903225806452,7.063492063492063,7.912280701754386
2022-01-24,10.138461538461538,27.033333333333335,8.642857142857142,18.983333333333334,7.138461538461539,7.920634920634921
2022-01-25,10.646153846153846,27.16949152542373,7.782608695652174,18.616666666666667,6.892307692307693,7.2063492063492065
2022-01-26,9.075757575757576,24.915254237288135,7.614285714285714,16.633333333333333,6.123076923076923,7.507936507936508
2022-01-27,6.5606060606060606,26.694915254237287,5.3,15.262295081967213,6.3076923076923075,7.904761904761905
2022-01-28,8.090909090909092,23.966101694915253,9.028571428571428,17.793650793650794,8.076923076923077,9.0
2022-01-29,4.461538461538462,23.16949152542373,3.2142857142857144,11.5,9.0625,7.7
2022-01-30,-0.9076923076923077,17.35593220338983,0.34285714285714286,14.806451612903226,8.825396825396826,7.473684210526316
2022-01-31,11.954545454545455,31.75,8.471428571428572,18.133333333333333,4.6,8.158730158730158
2022-02-01,11.21875,30.896551724137932,5.739130434782608,19.316666666666666,4.0,8.555555555555555
2022-02-02,14.484848484848484,33.47457627118644,12.2,20.733333333333334,4.446153846153846,8.333333333333334
2022-02-03,13.772727272727273,31.54237288135593,12.785714285714286,21.533333333333335,3.876923076923077,8.634920634920634
2022-02-04,14.636363636363637,33.271186440677965,17.442857142857143,24.126984126984127,5.369230769230769,9.14516129032258
2022-02-05,8.136363636363637,28.152542372881356,13.371428571428572,17.524590163934427,7.841269841269841,7.383333333333334
2022-02-06,3.1538461538461537,22.035087719298247,12.371428571428572,22.20967741935484,6.158730158730159,6.298245614035087
2022-02-07,18.015384615384615,36.63333333333333,20.426470588235293,26.74576271186441,1.8307692307692307,7.873015873015873
2022-02-08,18.323076923076922,37.03389830508475,21.17391304347826,25.916666666666668,2.169230769230769,7.412698412698413
2022-02-09,16.454545454545453,33.74576271186441,17.753623188405797,23.338983050847457,1.9230769230769231,8.317460317460318
2022-02-10,16.136363636363637,32.11864406779661,18.536231884057973,24.083333333333332,1.2923076923076924,8.73015873015873
2022-02-11,12.393939393939394,30.661016949152543,19.557142857142857,22.56451612903226,2.5076923076923077,9.983870967741936
2022-02-12,4.430769230769231,24.10169491525424,11.757142857142858,12.580645161290322,6.90625,8.65
2022-02-13,0.0,19.614035087719298,5.114285714285714,13.442622950819672,7.809523809523809,7.912280701754386
2022-02-14,28.953846153846154,42.11666666666667,27.13235294117647,27.4,2.7384615384615385,7.0476190476190474
2022-02-15,15.046153846153846,32.91525423728814,16.971014492753625,27.316666666666666,2.246153846153846,7.809523809523809
2022-02-16,14.772727272727273,33.30508474576271,18.463768115942027,26.033333333333335,3.4153846153846152,8.412698412698413
2022-02-17,14.015151515151516,31.847457627118644,18.855072463768117,23.666666666666668,3.4615384615384617,8.587301587301587
2022-02-18,12.575757575757576,31.508474576271187,18.52857142857143,23.016129032258064,5.7846153846153845,9.46774193548387
2022-02-19,4.138461538461539,24.54237288135593,9.185714285714285,10.967213114754099,9.71875,8.3
2022-02-20,-0.18461538461538463,19.271186440677965,6.757142857142857,13.919354838709678,11.380952380952381,7.649122807017544
2022-02-21,14.538461538461538,32.45,16.058823529411764,20.35,7.615384615384615,7.761904761904762
2022-02-22,14.96923076923077,32.33898305084746,15.333333333333334,20.05,9.892307692307693,6.936507936507937
2022-02-23,10.378787878787879,29.54237288135593,7.014285714285714,17.516666666666666,10.938461538461539,8.015873015873016
2022-02-24,10.287878787878787,27.406779661016948,7.6571428571428575,16.183333333333334,11.907692307692308,8.698412698412698
2022-02-25,10.06060606060606,28.949152542372882,6.085714285714285,16.28125,15.384615384615385,9.222222222222221
2022-02-26,6.076923076923077,27.338983050847457,-0.28169014084507044,8.016129032258064,16.25,8.05
2022-02-27,-3.476923076923077,19.0,-10.028169014084508,5.645161290322581,17.396825396825395,8.614035087719298
2022-02-28,17.107692307692307,37.833333333333336,0.676056338028169,18.295081967213115,19.646153846153847,6.523809523809524
2022-03-01,14.830769230769231,39.79661016949152,-3.1690140845070425,15.836065573770492,22.184615384615384,6.285714285714286
2022-03-02,9.878787878787879,34.440677966101696,-1.5492957746478873,15.080645161290322,22.96923076923077,5.523809523809524
2022-03-03,5.166666666666667,26.593220338983052,-3.380281690140845,11.344262295081966,25.092307692307692,6.26984126984127
2022-03-04,9.151515151515152,28.16949152542373,-0.647887323943662,12.952380952380953,28.861538461538462,6.603174603174603
2022-03-05,6.878787878787879,27.728813559322035,-5.492957746478873,0.0,21.171875,8.85
2022-03-06,-5.25,19.25862068965517,-17.056338028169016,-1.3870967741935485,20.666666666666668,11.105263157894736
2022-03-07,8.303030303030303,31.423728813559322,0.9428571428571428,14.857142857142858,30.46153846153846,4.634920634920635
2022-03-08,7.092307692307692,27.396551724137932,-1.9014084507042253,10.32258064516129,32.06153846153846,4.9523809523809526
2022-03-09,2.8181818181818183,23.627118644067796,-2.464788732394366,9.180327868852459,33.784615384615385,5.476190476190476
2022-03-10,2.0,20.694915254237287,-0.7323943661971831,7.0,35.53846153846154,6.2063492063492065
2022-03-11,2.909090909090909,20.372881355932204,0.8309859154929577,5.968253968253968,37.95384615384615,7.349206349206349
2022-03-12,-0.5757575757575758,20.21311475409836,-4.845070422535211,-8.306451612903226,25.65625,10.766666666666667
2022-03-13,-9.215384615384615,13.542372881355933,-12.19718309859155,-3.161290322580645,25.3015873015873,11.75438596491228
2022-03-14,-1.3333333333333333,18.716666666666665,-1.8285714285714285,7.145161290322581,37.96923076923077,5.841269841269841
2022-03-15,0.5846153846153846,21.23728813559322,-1.7887323943661972,8.629032258064516,39.07692307692308,4.904761904761905
2022-03-16,-1.9090909090909092,19.152542372881356,-6.154929577464789,5.349206349206349,39.66153846153846,5.968253968253968
2022-03-17,-1.5909090909090908,16.864406779661017,-5.619718309859155,6.475409836065574,41.69230769230769,6.317460317460317
2022-03-18,3.3333333333333335,21.45762711864407,-0.8591549295774648,12.857142857142858,45.276923076923076,6.126984126984127
2022-03-19,-2.0,19.065573770491802,-5.422535211267606,-9.095238095238095,24.6875,10.566666666666666
2022-03-20,-13.046153846153846,9.94915254237288,-17.239436619718308,-4.5,23.873015873015873,12.701754385964913
2022-03-21,-2.6666666666666665,18.4,-5.535211267605634,6.672131147540983,49.276923076923076,5.841269841269841
2022-03-22,-0.8153846153846154,19.10169491525424,-5.309859154929577,7.540983606557377,51.2,5.190476190476191
2022-03-23,-2.378787878787879,16.694915254237287,-8.126760563380282,4.442622950819672,52.43076923076923,5.7936507936507935
2022-03-24,-2.9545454545454546,18.23728813559322,-8.985915492957746,4.590163934426229,54.06153846153846,5.777777777777778
2022-03-25,1.6363636363636365,16.847457627118644,-3.464788732394366,6.90625,56.5625,6.380952380952381
2022-03-26,-2.757575757575758,15.59016393442623,-8.943661971830986,-12.079365079365079,27.109375,11.016666666666667
2022-03-27,-12.515625,8.508474576271187,-17.591549295774648,-6.725806451612903,24.746031746031747,12.636363636363637
2022-03-28,-5.092307692307692,15.147540983606557,-8.352112676056338,4.854838709677419,59.390625,5.873015873015873
2022-03-29,-5.538461538461538,16.35593220338983,-11.04225352112676,1.1451612903225807,58.703125,6.2063492063492065
2022-03-30,-2.606060606060606,14.915254237288135,-8.43661971830986,3.9365079365079363,60.96923076923077,5.317460317460317
2022-03-31,1.9393939393939394,19.847457627118644,-6.873239436619718,6.508196721311475,62.546875,4.9523809523809526
2022-04-01,6.666666666666667,25.23728813559322,-3.1971830985915495,11.507936507936508,63.984375,4.5396825396825395
2022-04-02,2.5303030303030303,23.950819672131146,-11.774647887323944,-10.03225806451613,26.015625,9.766666666666667
2022-04-03,-5.984375,18.52542372881356,-18.760563380281692,-3.193548387096774,25.174603174603174,11.105263157894736
2022-04-04,-1.2615384615384615,21.901639344262296,-8.042857142857143,7.174603174603175,65.125,4.555555555555555
2022-04-05,0.676923076923077,21.88135593220339,-8.23943661971831,7.016393442622951,65.34375,4.079365079365079
2022-04-06,-0.6818181818181818,19.83050847457627,-9.084507042253522,7.344262295081967,64.15625,4.825396825396825
2022-04-07,0.7727272727272727,18.52542372881356,-8.661971830985916,5.868852459016393,64.703125,5.079365079365079
2022-04-08,6.121212121212121,22.610169491525422,-3.859154929577465,12.0625,66.4375,5.158730158730159
2022-04-09,1.5846153846153845,20.9672131147541,-11.71830985915493,-9.241935483870968,26.390625,10.25
2022-04-10,-7.953125,12.677966101694915,-18.098591549295776,-5.774193548387097,24.206349206349206,11.701754385964913
2022-04-11,-0.24615384615384617,19.883333333333333,-8.901408450704226,8.483870967741936,68.359375,4.920634920634921
2022-04-12,0.8307692307692308,20.23728813559322,-8.577464788732394,10.016129032258064,67.78125,4.746031746031746
2022-04-13,2.3181818181818183,23.16949152542373,-6.422535211267606,13.983333333333333,66.64615384615385,4.4603174603174605
2022-04-14,19.742424242424242,47.86206896551724,8.070422535211268,34.91803278688525,59.0,1.3015873015873016
2022-04-15,-29.615384615384617,7.3,0.5211267605633803,-18.047619047619047,-49.83076923076923,23.967741935483872
2022-04-16,-11.515151515151516,11.0,2.323943661971831,-22.142857142857142,-11.5,14.066666666666666
2022-04-17,-12.430769230769231,6.9491525423728815,-12.873239436619718,11.193548387096774,19.936507936507937,9.385964912280702
2022-04-18,-0.7727272727272727,17.8,-8.0,15.790322580645162,67.96875,4.904761904761905
2022-04-19,-2.6153846153846154,16.796610169491526,-11.845070422535212,9.306451612903226,69.046875,5.2063492063492065
2022-04-20,-1.1666666666666667,17.372881355932204,-9.253521126760564,8.03225806451613,69.421875,5.158730158730159
2022-04-21,-3.1818181818181817,14.101694915254237,-14.873239436619718,4.596774193548387,68.609375,6.444444444444445
2022-04-22,0.6363636363636364,18.440677966101696,-12.450704225352112,6.59375,67.796875,7.190476190476191
2022-04-23,-3.9076923076923076,16.274193548387096,-19.64788732394366,-14.048387096774194,25.875,12.183333333333334
2022-04-24,-18.384615384615383,5.933333333333334,-29.760563380281692,-13.209677419354838,19.841269841269842,13.859649122807017
2022-04-25,-5.409090909090909,15.508196721311476,-14.211267605633802,1.619047619047619,68.328125,6.936507936507937
2022-04-26,-8.938461538461539,11.898305084745763,-18.422535211267604,-1.4754098360655739,67.390625,7.317460317460317
2022-04-27,-6.196969696969697,13.88135593220339,-18.507042253521128,3.4098360655737703,67.15625,6.650793650793651
2022-04-28,-1.4393939393939394,15.322033898305085,-13.056338028169014,7.327868852459017,70.359375,5.714285714285714
2022-04-29,8.484848484848484,25.35593220338983,-6.408450704225352,13.603174603174603,69.796875,5.666666666666667
2022-04-30,9.092307692307692,29.639344262295083,-8.380281690140846,-4.3125,27.171875,9.266666666666667
2022-05-01,-28.06153846153846,-36.1,-16.64788732394366,-6.193548387096774,6.174603174603175,13.105263157894736
2022-05-02,4.393939393939394,34.728813559322035,-8.95774647887324,11.301587301587302,71.390625,5.190476190476191
2022-05-03,3.1384615384615384,27.482758620689655,-10.225352112676056,9.62295081967213,71.21875,4.920634920634921
2022-05-04,2.5606060606060606,24.389830508474578,-11.845070422535212,7.377049180327869,70.578125,5.238095238095238
2022-05-05,4.606060606060606,24.20689655172414,-11.887323943661972,7.688524590163935,70.140625,5.555555555555555
2022-05-06,12.409090909090908,30.271186440677965,-5.197183098591549,14.777777777777779,70.046875,5.507936507936508
2022-05-07,14.646153846153846,35.21666666666667,-9.929577464788732,-0.703125,28.140625,9.016666666666667
2022-05-08,-1.0769230769230769,21.47457627118644,-22.098591549295776,-0.5645161290322581,29.07936507936508,9.298245614035087
2022-05-09,-2.378787878787879,17.9672131147541,-12.23943661971831,9.11111111111111,71.3125,5.904761904761905
2022-05-10,1.4461538461538461,22.71186440677966,-10.95774647887324,8.64516129032258,73.046875,4.619047619047619
2022-05-11,-1.7727272727272727,16.796610169491526,-13.352112676056338,5.709677419354839,70.81538461538462,5.904761904761905
2022-05-12,-2.878787878787879,16.35593220338983,-15.338028169014084,2.838709677419355,69.890625,6.555555555555555
2022-05-13,4.0,21.47457627118644,-8.845070422535212,7.40625,69.921875,6.650793650793651
