date,retail_and_recreation_percent_change_from_baseline_Colombia,grocery_and_pharmacy_percent_change_from_baseline_Colombia,parks_percent_change_from_baseline_Colombia,transit_stations_percent_change_from_baseline_Colombia,workplaces_percent_change_from_baseline_Colombia,residential_percent_change_from_baseline_Colombia
2020-02-15,-6.5,-2.566666666666667,-15.648387096774194,-14.560975609756097,5.276470588235294,1.2592592592592593
2020-02-16,-5.866197183098592,1.055045871559633,-14.707936507936507,-17.29268292682927,-0.28888888888888886,2.4941176470588236
2020-02-17,-4.3515625,1.1531531531531531,-7.409774436090226,2.9367088607594938,15.294736842105262,-1.2857142857142858
2020-02-18,-4.6484375,-1.6,-7.321969696969697,1.881578947368421,16.089473684210525,-1.6456692913385826
2020-02-19,-5.902255639097745,-4.472727272727273,-8.805860805860807,0.5063291139240507,13.041237113402062,-1.90625
2020-02-20,-5.2781954887218046,-4.709090909090909,-8.192028985507246,0.05194805194805195,6.792929292929293,-0.448
2020-02-21,-7.057142857142857,-4.7368421052631575,-10.097643097643097,1.4146341463414633,12.529411764705882,-0.5206611570247934
2020-02-22,-7.854304635761589,-5.825,-11.936102236421725,-4.530120481927711,3.8275862068965516,0.4954128440366973
2020-02-23,-8.06338028169014,-5.284403669724771,-12.608832807570979,-8.375,-1.7388059701492538,1.8823529411764706
2020-02-24,-9.515873015873016,-7.045045045045045,-12.9375,-2.4625,9.7720207253886,-0.21774193548387097
2020-02-25,-10.496062992125983,-8.44954128440367,-13.391941391941392,-2.1923076923076925,10.74742268041237,-0.48360655737704916
2020-02-26,-7.795454545454546,-6.090909090909091,-7.798507462686567,-2.0375,13.466321243523316,-1.4573643410852712
2020-02-27,-6.5606060606060606,-3.2962962962962963,-10.507142857142858,-2.1,13.823834196891191,-1.3615384615384616
2020-02-28,-2.879432624113475,3.6283185840707963,-9.232323232323232,-0.9879518072289156,21.39779005524862,-2.484126984126984
2020-02-29,0.722972972972973,7.316666666666666,-6.614147909967846,-4.953488372093023,9.803571428571429,-1.0454545454545454
2020-03-01,0.09219858156028368,10.192660550458715,-8.06031746031746,-7.246913580246914,3.2803030303030303,0.7176470588235294
2020-03-02,-2.328125,6.232142857142857,-7.685393258426966,1.7468354430379747,17.793650793650794,-1.8267716535433072
2020-03-03,-3.4523809523809526,2.596330275229358,-8.179487179487179,-0.12658227848101267,18.294736842105262,-1.8828125
2020-03-04,-3.172932330827068,1.4954128440366972,-6.143911439114391,-1.4,16.03076923076923,-2.0076335877862594
2020-03-05,-3.030534351145038,1.5925925925925926,-5.9601449275362315,-0.31645569620253167,15.787564766839377,-1.9389312977099236
2020-03-06,-3.9420289855072466,-0.5663716814159292,-9.661073825503356,0.27380952380952384,22.222826086956523,-2.261904761904762
2020-03-07,-2.0463576158940397,2.2148760330578514,-9.703225806451613,-6.535714285714286,10.273809523809524,-0.22522522522522523
2020-03-08,6.567375886524823,4.972477064220183,-5.112179487179487,-10.097560975609756,4.366412213740458,0.75
2020-03-09,-8.1484375,-2.827272727272727,-12.313653136531366,-2.2375,16.822916666666668,-0.8203125
2020-03-10,-8.8828125,-4.651376146788991,-12.081180811808117,-3.580246913580247,17.294736842105262,-1.0708661417322836
2020-03-11,-8.174242424242424,-3.8454545454545452,-10.536764705882353,-3.430379746835443,14.75897435897436,-1.2790697674418605
2020-03-12,-8.38345864661654,-3.75,-10.827338129496402,-5.45679012345679,13.963730569948186,-0.9296875
2020-03-13,-9.907801418439716,-3.185840707964602,-14.53020134228188,-7.626506024096385,19.657608695652176,-1.0241935483870968
2020-03-14,-8.25,2.2416666666666667,-14.035031847133759,-14.588235294117647,9.05952380952381,0.981651376146789
2020-03-15,-14.20979020979021,5.174311926605505,-16.470031545741325,-20.63529411764706,0.7593984962406015,3.541176470588235
2020-03-16,-14.880952380952381,8.814814814814815,-17.444444444444443,-14.525,-0.23076923076923078,4.441666666666666
2020-03-17,-22.4921875,6.635514018691588,-20.655913978494624,-20.0,-7.586206896551724,7.533898305084746
2020-03-18,-27.4140625,0.8425925925925926,-22.586330935251798,-24.378048780487806,-14.284313725490197,10.165217391304347
2020-03-19,-29.492424242424242,-3.1142857142857143,-24.260714285714286,-26.641975308641975,-18.038277511961724,11.24561403508772
2020-03-20,-47.87218045112782,-17.93859649122807,-38.96308724832215,-48.01176470588236,-28.344660194174757,17.81651376146789
2020-03-21,-76.21212121212122,-54.00826446280992,-65.87074829931973,-66.46666666666667,-55.847290640394085,27.60810810810811
2020-03-22,-82.55384615384615,-64.50434782608696,-71.71478873239437,-72.09859154929578,-52.61818181818182,24.177419354838708
2020-03-23,-82.61946902654867,-66.34210526315789,-68.59375,-72.54166666666667,-71.96694214876032,34.68115942028985
2020-03-24,-65.07377049180327,-41.11711711711712,-53.41095890410959,-58.96341463414634,-51.09130434782609,24.61855670103093
2020-03-25,-81.2695652173913,-66.375,-69.41666666666667,-77.75757575757575,-65.96296296296296,32.926829268292686
2020-03-26,-80.14655172413794,-63.252252252252255,-68.17957746478874,-76.54411764705883,-66.12244897959184,33.3780487804878
2020-03-27,-80.8225806451613,-62.43589743589744,-69.02730375426621,-77.97260273972603,-63.21186440677966,35.23170731707317
2020-03-28,-81.70454545454545,-63.488,-71.93666666666667,-77.54285714285714,-61.01449275362319,30.324324324324323
2020-03-29,-85.78571428571429,-70.25438596491227,-76.04332129963899,-82.54838709677419,-56.89221556886228,25.475409836065573
2020-03-30,-76.82608695652173,-58.67256637168141,-65.63157894736842,-75.32352941176471,-62.666666666666664,32.02439024390244
2020-03-31,-75.66386554621849,-55.205357142857146,-63.6159169550173,-73.15277777777777,-62.2875,31.023255813953487
2020-04-01,-75.47863247863248,-54.909909909909906,-63.432432432432435,-74.50666666666666,-63.1375,31.458823529411763
2020-04-02,-75.36440677966101,-54.49107142857143,-63.006802721088434,-72.86666666666666,-63.03703703703704,31.823529411764707
2020-04-03,-77.69047619047619,-57.05982905982906,-66.20462046204621,-75.96103896103897,-60.209606986899566,33.82142857142857
2020-04-04,-81.13533834586467,-63.300813008130085,-71.18151815181518,-77.52112676056338,-59.6421568627451,30.155844155844157
2020-04-05,-85.38709677419355,-70.40350877192982,-76.22222222222223,-81.80645161290323,-55.76190476190476,25.283333333333335
2020-04-06,-75.83035714285714,-57.678899082568805,-64.602787456446,-74.01388888888889,-61.55508474576271,31.833333333333332
2020-04-07,-74.49137931034483,-53.50909090909091,-61.69283276450512,-72.74666666666667,-60.99163179916318,30.5
2020-04-08,-73.35087719298245,-50.23148148148148,-60.51677852348993,-72.44594594594595,-61.43037974683544,29.528735632183906
2020-04-09,-83.56880733944953,-65.11214953271028,-71.09433962264151,-79.64179104477611,-74.03968253968254,35.44285714285714
2020-04-10,-88.5546218487395,-76.76106194690266,-77.42561983471074,-86.203125,-76.77642276422765,39.53968253968254
2020-04-11,-84.4453125,-71.52066115702479,-73.82562277580071,-80.0,-63.40394088669951,31.549295774647888
2020-04-12,-87.24369747899159,-76.46728971962617,-77.76838235294117,-82.45161290322581,-57.50295857988166,25.946428571428573
2020-04-13,-74.5575221238938,-56.76146788990825,-63.524647887323944,-72.85333333333334,-58.16595744680851,30.795454545454547
2020-04-14,-74.84210526315789,-56.54128440366973,-63.163763066202094,-73.44155844155844,-58.52564102564103,30.988505747126435
2020-04-15,-73.88495575221239,-54.61818181818182,-62.16551724137931,-71.39473684210526,-58.05128205128205,29.956989247311828
2020-04-16,-73.33043478260869,-53.9009009009009,-61.63573883161512,-72.27631578947368,-58.264462809917354,30.417582417582416
2020-04-17,-74.1219512195122,-53.2,-63.772277227722775,-73.43037974683544,-54.91818181818182,31.703296703296704
2020-04-18,-81.85271317829458,-68.8688524590164,-71.8703071672355,-77.13698630136986,-56.83838383838384,30.037974683544302
2020-04-19,-86.51694915254237,-76.27027027027027,-76.10469314079423,-80.4920634920635,-54.94512195121951,25.366666666666667
2020-04-20,-72.76315789473684,-54.944954128440365,-61.77777777777778,-72.32894736842105,-54.562231759656655,29.630434782608695
2020-04-21,-73.44827586206897,-55.839285714285715,-62.84154929577465,-72.25675675675676,-55.58441558441559,29.763440860215052
2020-04-22,-72.8859649122807,-55.47222222222222,-61.82746478873239,-72.02666666666667,-54.98275862068966,29.127659574468087
2020-04-23,-72.86086956521739,-54.872727272727275,-62.023972602739725,-70.43589743589743,-55.45798319327731,29.414893617021278
2020-04-24,-73.28455284552845,-54.31896551724138,-63.83112582781457,-72.3012048192771,-51.379629629629626,30.695652173913043
2020-04-25,-79.38461538461539,-67.09917355371901,-70.39310344827587,-74.93333333333334,-52.94,28.759036144578314
2020-04-26,-84.96610169491525,-74.47272727272727,-74.95390070921985,-79.22058823529412,-51.2760736196319,24.370967741935484
2020-04-27,-68.11111111111111,-51.23853211009175,-59.311418685121104,-68.39240506329114,-48.18141592920354,27.385416666666668
2020-04-28,-67.7094017094017,-49.88073394495413,-57.843537414965986,-67.75308641975309,-49.110619469026545,26.229166666666668
2020-04-29,-66.39830508474576,-47.862385321100916,-57.0406779661017,-66.65822784810126,-49.166666666666664,26.385416666666668
2020-04-30,-64.27731092436974,-43.638888888888886,-54.67326732673267,-66.39240506329114,-48.52813852813853,25.652631578947368
2020-05-01,-76.10655737704919,-57.18803418803419,-64.91379310344827,-75.37179487179488,-62.048034934497814,34.146341463414636
2020-05-02,-76.12213740458016,-61.9,-66.87755102040816,-73.30666666666667,-49.774358974358975,27.174418604651162
2020-05-03,-83.41525423728814,-72.21621621621621,-73.49454545454546,-78.34782608695652,-49.75471698113208,23.77777777777778
2020-05-04,-63.69827586206897,-43.99065420560748,-54.75932203389831,-65.72151898734177,-44.55156950672646,25.386138613861387
2020-05-05,-63.04201680672269,-43.216981132075475,-53.85223367697594,-64.9625,-44.591928251121075,25.46078431372549
2020-05-06,-61.95798319327731,-41.574074074074076,-51.44107744107744,-63.5875,-44.26905829596413,25.235294117647058
2020-05-07,-61.69230769230769,-40.21818181818182,-50.64093959731544,-62.370370370370374,-44.23478260869565,25.480392156862745
2020-05-08,-62.22834645669291,-37.95652173913044,-52.714285714285715,-63.963855421686745,-39.6303317535545,26.356435643564357
2020-05-09,-71.85714285714286,-54.75833333333333,-60.69230769230769,-68.3157894736842,-42.740932642487046,25.17241379310345
2020-05-10,-77.37984496124031,-66.8348623853211,-66.08813559322034,-72.1830985915493,-40.72435897435897,21.53030303030303
2020-05-11,-60.41525423728814,-41.083333333333336,-50.7891156462585,-61.25,-39.67906976744186,24.038834951456312
2020-05-12,-60.162393162393165,-40.41904761904762,-50.44636678200692,-61.75308641975309,-39.36073059360731,24.281553398058254
2020-05-13,-60.08474576271186,-40.37614678899082,-50.408026755852845,-62.4320987654321,-40.14027149321267,24.18095238095238
2020-05-14,-59.7,-38.945945945945944,-50.016666666666666,-61.44444444444444,-40.72888888888889,23.78095238095238
2020-05-15,-60.44,-36.60344827586207,-51.05537459283388,-62.68674698795181,-36.27142857142857,24.524271844660195
2020-05-16,-69.74814814814815,-52.16528925619835,-59.38815789473684,-67.0125,-38.53403141361257,23.579545454545453
2020-05-17,-79.70161290322581,-66.32727272727273,-68.07534246575342,-73.12676056338029,-41.87261146496815,22.029850746268657
2020-05-18,-56.09243697478992,-35.22522522522522,-48.03754266211604,-59.6625,-35.54502369668246,22.694444444444443
2020-05-19,-57.69166666666667,-37.58878504672897,-48.86551724137931,-59.33734939759036,-36.41284403669725,23.38095238095238
2020-05-20,-56.114754098360656,-34.75229357798165,-45.77777777777778,-58.726190476190474,-36.64090909090909,22.654205607476637
2020-05-21,-56.032786885245905,-34.8,-45.97651006711409,-58.58024691358025,-37.07657657657658,23.177570093457945
2020-05-22,-57.76744186046512,-34.00869565217391,-48.35409836065574,-60.28235294117647,-31.832535885167463,23.556603773584907
2020-05-23,-68.72262773722628,-51.66393442622951,-57.285714285714285,-66.17073170731707,-33.94708994708995,22.61111111111111
2020-05-24,-77.808,-65.58715596330275,-66.50335570469798,-72.25714285714285,-38.8343949044586,21.328358208955223
2020-05-25,-73.0,-56.62385321100918,-58.978339350180505,-71.1038961038961,-60.702127659574465,30.448275862068964
2020-05-26,-53.95,-32.99065420560748,-43.88275862068966,-57.41975308641975,-31.39351851851852,20.83783783783784
2020-05-27,-53.3,-32.091743119266056,-43.37755102040816,-57.23170731707317,-33.074074074074076,21.844036697247706
2020-05-28,-53.83471074380165,-32.027027027027025,-44.20134228187919,-56.95061728395062,-32.88940092165899,22.01834862385321
2020-05-29,-53.7421875,-28.32758620689655,-44.960912052117266,-57.583333333333336,-27.723300970873787,22.435185185185187
2020-05-30,-65.51824817518248,-46.17213114754098,-55.31410256410256,-64.25,-27.344086021505376,21.41304347826087
2020-05-31,-73.56349206349206,-57.714285714285715,-62.29738562091503,-69.41772151898734,-28.848275862068967,20.0
2020-06-01,-48.95,-25.52252252252252,-40.56896551724138,-54.15584415584416,-27.34285714285714,20.053097345132745
2020-06-02,-48.63934426229508,-25.452830188679247,-40.52413793103448,-53.53658536585366,-27.793427230046948,20.321428571428573
2020-06-03,-50.37190082644628,-27.327272727272728,-42.70945945945946,-54.2962962962963,-29.58490566037736,20.56637168141593
2020-06-04,-47.903225806451616,-24.94495412844037,-39.1530612244898,-52.050632911392405,-28.51851851851852,20.256637168141594
2020-06-05,-50.296875,-25.043478260869566,-43.21568627450981,-54.195402298850574,-23.87317073170732,20.94495412844037
2020-06-06,-60.072463768115945,-39.08196721311475,-51.87539936102237,-59.40963855421687,-22.5,18.880434782608695
2020-06-07,-71.09375,-55.55855855855856,-60.69155844155844,-67.575,-26.16216216216216,18.533333333333335
2020-06-08,-47.18852459016394,-26.678571428571427,-40.95890410958904,-53.4375,-20.402027027027028,19.345132743362832
2020-06-09,-48.68852459016394,-28.394495412844037,-41.8006993006993,-53.6375,-21.618729096989966,19.732142857142858
2020-06-10,-47.2,-27.75925925925926,-41.034013605442176,-54.25301204819277,-22.59800664451827,19.61261261261261
2020-06-11,-47.11290322580645,-27.910714285714285,-40.195945945945944,-53.41975308641975,-23.194719471947195,19.707964601769913
2020-06-12,-48.847328244274806,-25.756521739130434,-42.46278317152104,-54.127906976744185,-16.84246575342466,20.10810810810811
2020-06-13,-55.8,-32.368852459016395,-48.02875399361022,-57.607142857142854,-13.074074074074074,17.50526315789474
2020-06-14,-69.01538461538462,-53.31818181818182,-59.79233226837061,-68.1025641025641,-19.09282700421941,18.371794871794872
2020-06-15,-67.20338983050847,-51.7027027027027,-54.489583333333336,-68.41333333333333,-49.4078947368421,28.0
2020-06-16,-42.596774193548384,-21.576923076923077,-36.86805555555556,-50.25925925925926,-18.543333333333333,17.642857142857142
2020-06-17,-43.86290322580645,-22.863636363636363,-39.56849315068493,-52.55555555555556,-21.62876254180602,18.598214285714285
2020-06-18,-45.24,-25.02777777777778,-39.17785234899329,-52.358024691358025,-23.09933774834437,18.803571428571427
2020-06-19,-39.689922480620154,-13.25,-38.02950819672131,-51.464285714285715,-14.98961937716263,17.324324324324323
2020-06-20,-53.86896551724138,-29.388429752066116,-46.775,-56.68674698795181,-11.33457249070632,16.636363636363637
2020-06-21,-65.6030534351145,-48.3394495412844,-55.838095238095235,-65.21052631578948,-11.187772925764191,16.320987654320987
2020-06-22,-67.48305084745763,-53.80909090909091,-55.53658536585366,-68.6103896103896,-51.13770491803279,27.488888888888887
2020-06-23,-43.739837398373986,-23.435185185185187,-38.39310344827586,-52.75,-20.21262458471761,17.589285714285715
2020-06-24,-43.46774193548387,-23.126126126126128,-36.705882352941174,-52.65432098765432,-20.74,17.52212389380531
2020-06-25,-43.7906976744186,-23.504587155963304,-37.04040404040404,-51.6375,-22.264900662251655,18.3125
2020-06-26,-45.56153846153846,-21.82456140350877,-39.79738562091503,-52.11764705882353,-16.367346938775512,18.945945945945947
2020-06-27,-51.54225352112676,-27.658333333333335,-44.759375,-54.28048780487805,-11.992395437262358,15.795918367346939
2020-06-28,-66.64615384615385,-50.32727272727273,-57.40064102564103,-65.7051282051282,-19.222689075630253,17.756410256410255
2020-06-29,-62.42016806722689,-46.11711711711712,-50.13636363636363,-65.07692307692308,-49.34098360655738,26.117021276595743
2020-06-30,-37.84920634920635,-14.942857142857143,-32.00355871886121,-49.0875,-18.434782608695652,16.223214285714285
2020-07-01,-38.01587301587302,-14.972477064220184,-33.15972222222222,-52.1,-20.36241610738255,16.787610619469028
2020-07-02,-38.54761904761905,-14.561904761904762,-32.50171821305842,-49.829268292682926,-21.67549668874172,17.392857142857142
2020-07-03,-40.333333333333336,-16.18421052631579,-35.03973509933775,-51.1764705882353,-15.376712328767123,18.081818181818182
2020-07-04,-50.84285714285714,-27.691666666666666,-44.728125,-54.416666666666664,-12.092936802973977,16.144329896907216
2020-07-05,-62.87692307692308,-45.22522522522522,-53.596875,-62.2962962962963,-16.982905982905983,16.76923076923077
2020-07-06,-39.846774193548384,-19.845454545454544,-37.104166666666664,-51.4320987654321,-20.003355704697988,17.589285714285715
2020-07-07,-41.024193548387096,-20.87735849056604,-36.74305555555556,-50.09756097560975,-21.561872909698998,17.571428571428573
2020-07-08,-42.03125,-22.685185185185187,-36.749128919860624,-53.7,-21.84,17.410714285714285
2020-07-09,-41.960629921259844,-22.583333333333332,-36.27457627118644,-50.95061728395062,-22.900990099009903,17.696428571428573
2020-07-10,-45.43511450381679,-22.878260869565217,-39.90584415584416,-52.67857142857143,-16.911262798634812,18.554545454545455
2020-07-11,-52.5,-33.114754098360656,-46.5796178343949,-55.34567901234568,-14.430147058823529,16.395833333333332
2020-07-12,-64.27906976744185,-49.58715596330275,-55.43450479233227,-64.14285714285714,-19.582978723404256,17.192307692307693
2020-07-13,-43.38655462184874,-25.20909090909091,-39.06872852233677,-53.924050632911396,-21.735785953177256,18.12727272727273
2020-07-14,-43.942622950819676,-24.660377358490567,-39.0801393728223,-53.2375,-22.906976744186046,18.216216216216218
2020-07-15,-44.3089430894309,-23.220183486238533,-39.32302405498282,-53.5875,-22.857142857142858,18.027272727272727
2020-07-16,-43.80487804878049,-22.5,-38.30847457627119,-54.15853658536585,-25.115511551155116,18.17117117117117
2020-07-17,-50.248062015503876,-26.964912280701753,-43.93811074918567,-56.666666666666664,-20.250847457627117,20.72222222222222
2020-07-18,-59.77142857142857,-39.82786885245902,-52.289808917197455,-60.13253012048193,-19.834558823529413,18.858695652173914
2020-07-19,-72.176,-58.77272727272727,-61.496753246753244,-70.66216216216216,-26.242677824267783,19.63013698630137
2020-07-20,-71.5603448275862,-60.513513513513516,-58.58156028368794,-70.84615384615384,-54.64262295081967,29.55421686746988
2020-07-21,-44.396694214876035,-24.537735849056602,-40.65292096219931,-53.41975308641975,-21.923333333333332,17.37272727272727
2020-07-22,-44.885245901639344,-24.981308411214954,-40.36518771331058,-54.353658536585364,-23.79801324503311,18.38888888888889
2020-07-23,-45.20967741935484,-25.862385321100916,-40.342465753424655,-54.09756097560975,-24.289473684210527,18.89908256880734
2020-07-24,-51.152671755725194,-30.121739130434783,-44.87012987012987,-58.129411764705885,-20.38305084745763,21.59633027522936
2020-07-25,-61.640845070422536,-45.024193548387096,-53.47452229299363,-60.90243902439025,-20.654545454545456,20.54255319148936
2020-07-26,-71.71317829457364,-59.70909090909091,-60.58860759493671,-69.13924050632912,-24.811158798283262,19.756756756756758
2020-07-27,-43.890756302521005,-24.936936936936938,-39.793103448275865,-53.734177215189874,-21.97993311036789,18.48181818181818
2020-07-28,-44.51219512195122,-24.747663551401867,-39.46875,-53.3375,-22.623333333333335,18.74774774774775
2020-07-29,-44.14754098360656,-23.88888888888889,-38.80902777777778,-52.925925925925924,-23.758278145695364,18.412844036697248
2020-07-30,-43.792,-22.155963302752294,-38.407407407407405,-52.67901234567901,-25.200657894736842,18.862385321100916
2020-07-31,-47.684615384615384,-23.666666666666668,-40.3202614379085,-56.146341463414636,-19.776271186440677,20.51851851851852
2020-08-01,-57.108695652173914,-37.049586776859506,-47.234177215189874,-57.98780487804878,-18.685185185185187,18.810526315789474
2020-08-02,-69.20930232558139,-53.788990825688074,-57.52215189873418,-68.16455696202532,-25.037815126050422,18.6
2020-08-03,-42.63333333333333,-20.767857142857142,-37.14385964912281,-53.65822784810127,-22.483333333333334,18.35185185185185
2020-08-04,-41.52892561983471,-19.37735849056604,-35.42756183745583,-52.111111111111114,-22.17,18.30275229357798
2020-08-05,-41.32258064516129,-18.678899082568808,-34.13588850174216,-53.6,-22.93708609271523,17.925925925925927
2020-08-06,-38.448,-12.518867924528301,-31.12982456140351,-49.839506172839506,-23.022950819672133,16.18348623853211
2020-08-07,-67.15873015873017,-51.168067226890756,-51.56209150326797,-68.37349397590361,-43.603960396039604,29.329787234042552
2020-08-08,-63.49285714285714,-48.47107438016529,-50.212025316455694,-61.30120481927711,-23.635714285714286,21.066666666666666
2020-08-09,-72.82575757575758,-61.450450450450454,-58.31545741324921,-68.81012658227849,-26.516806722689076,19.26027397260274
2020-08-10,-41.41935483870968,-21.00900900900901,-35.485915492957744,-53.68354430379747,-21.01,17.01834862385321
2020-08-11,-42.04,-22.429906542056074,-36.252631578947366,-52.19753086419753,-22.20265780730897,17.873873873873872
2020-08-12,-43.317460317460316,-23.953703703703702,-36.11929824561403,-54.282051282051285,-22.346666666666668,17.8
2020-08-13,-44.145161290322584,-24.2,-37.14965986394558,-52.40243902439025,-23.64026402640264,18.163636363636364
2020-08-14,-45.89393939393939,-22.464912280701753,-38.016447368421055,-54.21951219512195,-17.670068027210885,18.486238532110093
2020-08-15,-58.198581560283685,-39.85245901639344,-46.05974842767296,-55.629629629629626,-18.420664206642066,18.74736842105263
2020-08-16,-68.88636363636364,-55.0625,-55.68987341772152,-65.5125,-23.523206751054854,17.972972972972972
2020-08-17,-72.86206896551724,-57.70909090909091,-65.71014492753623,-79.03333333333333,-65.71153846153847,27.905882352941177
2020-08-18,-45.129629629629626,-20.25,-38.890625,-56.67857142857143,-28.16304347826087,16.133928571428573
2020-08-19,-47.4,-25.11764705882353,-41.96923076923077,-59.32142857142857,-31.389473684210525,17.70909090909091
2020-08-20,-45.96363636363636,-23.725490196078432,-39.86153846153846,-59.107142857142854,-31.2,17.4375
2020-08-21,-49.982142857142854,-25.814814814814813,-42.47142857142857,-60.4,-26.65934065934066,18.69724770642202
2020-08-22,-58.77777777777778,-37.0,-49.88235294117647,-60.275862068965516,-21.34567901234568,17.166666666666668
2020-08-23,-69.41666666666667,-52.232142857142854,-60.241379310344826,-70.72413793103448,-23.779661016949152,17.2
2020-08-24,-47.74074074074074,-28.01923076923077,-42.285714285714285,-59.25,-28.462365591397848,17.412844036697248
2020-08-25,-46.38181818181818,-25.096153846153847,-40.484375,-57.888888888888886,-28.880434782608695,17.375
2020-08-26,-46.472727272727276,-25.51923076923077,-39.484375,-58.32142857142857,-29.117021276595743,16.927272727272726
2020-08-27,-45.89090909090909,-24.254901960784313,-39.0,-58.17857142857143,-29.106382978723403,16.928571428571427
2020-08-28,-47.232142857142854,-22.923076923076923,-38.71641791044776,-58.13333333333333,-24.233333333333334,17.34862385321101
2020-08-29,-53.98412698412698,-30.25423728813559,-45.470588235294116,-56.857142857142854,-17.098765432098766,14.907216494845361
2020-08-30,-62.78333333333333,-41.833333333333336,-51.951219512195124,-66.58620689655173,-19.275862068965516,14.714285714285714
2020-08-31,-43.55555555555556,-21.403846153846153,-37.69491525423729,-56.407407407407405,-26.902173913043477,16.054054054054053
2020-09-01,-38.68518518518518,-12.795918367346939,-33.476190476190474,-49.0,-26.98913043478261,15.339285714285714
2020-09-02,-39.654545454545456,-15.53061224489796,-35.403225806451616,-50.888888888888886,-28.473118279569892,15.09009009009009
2020-09-03,-38.27272727272727,-14.387755102040817,-34.442622950819676,-51.333333333333336,-28.56382978723404,15.207207207207206
2020-09-04,-40.56363636363636,-16.04,-34.92537313432836,-50.689655172413794,-23.355555555555554,15.504587155963304
2020-09-05,-39.622950819672134,-14.056603773584905,-32.333333333333336,-47.407407407407405,-12.405063291139241,11.12
2020-09-06,-47.68421052631579,-25.41176470588235,-37.78947368421053,-53.7037037037037,-12.666666666666666,10.26923076923077
2020-09-07,-38.96296296296296,-18.53061224489796,-35.51724137931034,-49.38461538461539,-27.23913043478261,14.508928571428571
2020-09-08,-39.629629629629626,-18.52,-35.46031746031746,-49.42307692307692,-27.695652173913043,14.945945945945946
2020-09-09,-39.45454545454545,-19.081632653061224,-34.016666666666666,-49.888888888888886,-27.27659574468085,14.209090909090909
2020-09-10,-38.054545454545455,-18.04,-32.45,-49.46153846153846,-28.126315789473683,14.645454545454545
2020-09-11,-36.46153846153846,-18.685185185185187,-28.786666666666665,-41.45238095238095,-15.511864406779662,15.305555555555555
2020-09-12,-36.98076923076923,-16.904347826086955,-26.616613418530353,-37.91358024691358,-8.345864661654135,11.0
2020-09-13,-44.054054054054056,-28.285714285714285,-30.56697819314642,-41.59493670886076,-12.126086956521739,10.153846153846153
2020-09-14,-32.74418604651163,-17.93577981651376,-26.919117647058822,-41.45569620253165,-15.06418918918919,13.927927927927929
2020-09-15,-31.916666666666668,-14.821782178217822,-25.97426470588235,-41.12820512820513,-15.76,14.446428571428571
2020-09-16,-32.68888888888889,-15.76923076923077,-26.720588235294116,-40.721518987341774,-17.593333333333334,14.18018018018018
2020-09-17,-31.762962962962963,-14.45631067961165,-26.20567375886525,-38.91025641025641,-19.072607260726073,14.441441441441441
2020-09-18,-33.70629370629371,-13.05607476635514,-27.7248322147651,-40.426829268292686,-12.25,14.422018348623853
2020-09-19,-31.258064516129032,-10.36283185840708,-21.942122186495176,-35.04938271604938,-5.643939393939394,9.696078431372548
2020-09-20,-40.33108108108108,-24.106796116504853,-28.26791277258567,-40.473684210526315,-8.765486725663717,8.64935064935065
2020-09-21,-34.969465648854964,-17.785046728971963,-27.044117647058822,-40.84615384615385,-17.66778523489933,14.636363636363637
2020-09-22,-35.59848484848485,-13.705882352941176,-25.175182481751825,-39.76543209876543,-17.368770764119603,14.153153153153154
2020-09-23,-38.6412213740458,-15.679611650485437,-27.490974729241877,-42.1625,-18.023255813953487,14.446043165467627
2020-09-24,-37.830882352941174,-15.176470588235293,-27.320422535211268,-41.9375,-19.97029702970297,14.65
2020-09-25,-37.73426573426573,-12.779816513761467,-27.7979797979798,-39.8,-12.310580204778157,14.397058823529411
2020-09-26,-37.38461538461539,-10.482456140350877,-24.265372168284788,-35.825,-5.357414448669202,10.625
2020-09-27,-43.61073825503356,-22.721153846153847,-29.031152647975077,-36.75949367088607,-10.347826086956522,9.785046728971963
2020-09-28,-36.375,-12.0,-26.641025641025642,-39.063291139240505,-15.56418918918919,13.832116788321168
2020-09-29,-37.40298507462686,-11.57843137254902,-27.307971014492754,-38.9390243902439,-16.64784053156146,13.83453237410072
2020-09-30,-35.12592592592593,-6.504761904761905,-27.11231884057971,-40.54430379746835,-18.302325581395348,12.290780141843971
2020-10-01,-33.22962962962963,-0.27450980392156865,-24.52127659574468,-37.876543209876544,-17.023102310231025,11.049295774647888
2020-10-02,-32.978873239436616,-0.5648148148148148,-26.64527027027027,-36.80722891566265,-11.515463917525773,11.347826086956522
2020-10-03,-33.4640522875817,-2.913793103448276,-25.10355987055016,-32.65432098765432,-6.670411985018727,8.21875
2020-10-04,-38.793103448275865,-12.607843137254902,-26.67601246105919,-33.76923076923077,-10.238095238095237,7.785046728971962
2020-10-05,-31.209302325581394,-2.7788461538461537,-23.973684210526315,-34.701298701298704,-16.622073578595316,10.345323741007194
2020-10-06,-30.5,-3.7745098039215685,-22.84870848708487,-34.48148148148148,-16.45847176079734,10.503597122302159
2020-10-07,-31.32330827067669,-6.826923076923077,-24.61090909090909,-35.10126582278481,-15.336666666666666,11.02836879432624
2020-10-08,-30.259541984732824,-5.300970873786408,-23.857142857142858,-31.71794871794872,-16.278145695364238,11.65
2020-10-09,-31.95104895104895,-5.841121495327103,-24.461016949152544,-32.1219512195122,-10.45486111111111,11.72992700729927
2020-10-10,-29.47019867549669,-4.052631578947368,-15.549019607843137,-23.8875,-3.3740458015267176,8.015625
2020-10-11,-30.86394557823129,-12.581632653061224,-9.624595469255663,-26.394736842105264,-6.458149779735683,6.850467289719626
2020-10-12,-41.22950819672131,-25.990291262135923,-19.31764705882353,-37.43421052631579,-48.60197368421053,16.043795620437955
2020-10-13,-32.35606060606061,-8.009803921568627,-27.93065693430657,-32.256410256410255,-14.04,11.863309352517986
2020-10-14,-31.955555555555556,-6.836538461538462,-28.097472924187727,-33.50632911392405,-13.94314381270903,12.678571428571429
2020-10-15,-29.886363636363637,-1.411764705882353,-24.920289855072465,-32.851851851851855,-14.89,12.628571428571428
2020-10-16,-32.03472222222222,-1.7476635514018692,-26.37037037037037,-32.73170731707317,-8.796551724137931,12.905109489051094
2020-10-17,-31.90909090909091,-2.0086206896551726,-25.848387096774193,-29.567901234567902,-2.5019011406844105,9.5234375
2020-10-18,-37.82312925170068,-11.980582524271844,-27.77987421383648,-30.189873417721518,-5.124444444444444,8.703703703703704
2020-10-19,-33.69465648854962,-6.087378640776699,-29.797047970479706,-33.37662337662338,-13.821548821548822,12.941605839416058
2020-10-20,-32.25954198473283,-7.125,-27.532608695652176,-34.9875,-14.116666666666667,13.086330935251798
2020-10-21,-32.28787878787879,-6.876190476190477,-25.703296703296704,-36.74074074074074,-13.436241610738255,12.709219858156029
2020-10-22,-30.91044776119403,-5.784313725490196,-24.152727272727272,-37.037974683544306,-14.383333333333333,12.457142857142857
2020-10-23,-33.44137931034483,-7.231481481481482,-26.71864406779661,-36.58536585365854,-8.439862542955327,12.81021897810219
2020-10-24,-32.44444444444444,-4.991304347826087,-23.618122977346278,-33.73170731707317,-0.8615384615384616,9.359375
2020-10-25,-35.772413793103446,-12.40952380952381,-23.180064308681672,-32.48101265822785,-3.0044444444444443,8.055555555555555
2020-10-26,-31.296875,-4.552380952380952,-24.933085501858734,-36.03896103896104,-11.707070707070708,11.892086330935252
2020-10-27,-32.21969696969697,-6.407766990291262,-27.04,-36.142857142857146,-12.692307692307692,12.410071942446043
2020-10-28,-31.58955223880597,-6.509433962264151,-28.92086330935252,-34.675,-12.060402684563758,12.228571428571428
2020-10-29,-29.50381679389313,-3.41,-28.664310954063605,-32.53846153846154,-13.02,11.95
2020-10-30,-31.704225352112676,-0.1588785046728972,-30.08108108108108,-32.506024096385545,-6.875,11.992700729927007
2020-10-31,-35.47096774193548,-1.0854700854700854,-29.92233009708738,-31.17948717948718,-3.0919540229885056,10.296875
2020-11-01,-37.00694444444444,-9.811881188118813,-26.569620253164558,-35.77922077922078,-5.852678571428571,9.471698113207546
2020-11-02,-38.912,-17.561904761904763,-24.186567164179106,-40.6578947368421,-46.12582781456954,17.525547445255473
2020-11-03,-26.16923076923077,3.762376237623762,-24.633333333333333,-29.9,-10.213333333333333,10.428571428571429
2020-11-04,-27.863636363636363,-1.6057692307692308,-27.665467625899282,-33.175,-11.31081081081081,11.53191489361702
2020-11-05,-27.68421052631579,-1.4660194174757282,-27.52482269503546,-32.36708860759494,-12.69,11.734265734265735
2020-11-06,-30.454545454545453,-4.201834862385321,-30.87878787878788,-33.18072289156626,-6.736111111111111,12.18978102189781
2020-11-07,-28.94736842105263,-3.617391304347826,-28.581993569131832,-27.865853658536587,1.2248062015503876,8.771653543307087
2020-11-08,-34.25,-11.669811320754716,-28.588607594936708,-30.8125,-0.665158371040724,8.560747663551401
2020-11-09,-30.6875,-7.257142857142857,-31.978339350180505,-33.06578947368421,-11.10472972972973,12.207142857142857
2020-11-10,-29.99230769230769,-7.116504854368932,-31.307971014492754,-33.77922077922078,-11.533557046979865,12.20863309352518
2020-11-11,-29.736842105263158,-6.778846153846154,-30.26690391459075,-32.75949367088607,-11.488135593220338,11.894366197183098
2020-11-12,-27.65909090909091,-4.394230769230769,-29.010526315789473,-31.23076923076923,-12.102649006622517,11.727272727272727
2020-11-13,-30.739436619718308,-5.761467889908257,-32.69152542372881,-30.35,-6.709342560553633,12.05072463768116
2020-11-14,-24.589403973509935,2.3684210526315788,-21.474025974025974,-19.382716049382715,-0.8538461538461538,7.953125
2020-11-15,-25.047619047619047,-2.436893203883495,-14.519480519480519,-24.641025641025642,0.7339449541284404,6.706422018348624
2020-11-16,-35.34920634920635,-19.169811320754718,-24.928301886792454,-34.48684210526316,-45.652317880794705,16.079710144927535
2020-11-17,-28.206106870229007,-3.3173076923076925,-29.829710144927535,-27.766233766233768,-10.61,10.50354609929078
2020-11-18,-26.06766917293233,-0.638095238095238,-27.496402877697843,-26.544303797468356,-9.85135135135135,10.901408450704226
2020-11-19,-25.172932330827066,-1.5436893203883495,-27.345195729537366,-27.911392405063292,-10.916666666666666,11.1875
2020-11-20,-26.5,-0.32407407407407407,-29.48813559322034,-28.109756097560975,-4.266666666666667,11.108695652173912
2020-11-21,-20.98051948051948,6.754385964912281,-22.71474358974359,-24.463414634146343,5.743190661478599,6.734375
2020-11-22,-27.743055555555557,-4.457142857142857,-24.284345047923324,-25.860759493670887,4.009174311926605,7.256880733944954
2020-11-23,-25.2015503875969,0.18095238095238095,-26.952029520295202,-27.116883116883116,-7.941780821917808,10.354609929078014
2020-11-24,-25.83206106870229,-2.378640776699029,-27.71897810218978,-26.428571428571427,-8.668896321070234,10.719424460431656
2020-11-25,-22.962406015037594,1.6213592233009708,-23.765567765567766,-27.962025316455698,-7.735593220338983,10.098591549295774
2020-11-26,-21.253846153846155,3.5,-23.14336917562724,-26.705128205128204,-8.26936026936027,9.743055555555555
2020-11-27,-22.923076923076923,4.166666666666667,-29.107744107744107,-28.963414634146343,-3.265734265734266,9.733812949640289
2020-11-28,-22.454545454545453,4.921052631578948,-24.077170418006432,-20.135802469135804,6.0926640926640925,6.390625
2020-11-29,-22.541095890410958,4.310679611650485,-21.44551282051282,-22.371794871794872,7.305555555555555,5.834862385321101
2020-11-30,-18.8203125,10.152380952380952,-21.57037037037037,-24.092105263157894,-5.439862542955327,8.871428571428572
2020-12-01,-16.684615384615384,13.3,-19.54074074074074,-22.473684210526315,-5.926421404682274,8.58041958041958
2020-12-02,-17.223880597014926,12.737864077669903,-19.802197802197803,-24.26923076923077,-5.180272108843537,8.72027972027972
2020-12-03,-15.34351145038168,13.25242718446602,-17.8731884057971,-21.064935064935064,-6.1313131313131315,8.520833333333334
2020-12-04,-17.739436619718308,12.289719626168225,-19.976109215017065,-21.26829268292683,0.49645390070921985,7.992857142857143
2020-12-05,-16.02013422818792,12.371681415929203,-15.75,-15.345679012345679,8.948818897637794,4.609375
2020-12-06,-18.30821917808219,8.257425742574258,-13.896774193548387,-22.46153846153846,11.440758293838863,4.779816513761468
2020-12-07,-9.531746031746032,23.901960784313726,-0.8901960784313725,-19.546666666666667,-5.0,5.546099290780142
2020-12-08,-31.338582677165356,-12.538461538461538,-15.561068702290076,-37.63291139240506,-38.51324503311258,15.173913043478262
2020-12-09,-21.295454545454547,6.0,-19.321033210332104,-21.7012987012987,-5.894915254237288,7.573426573426573
2020-12-10,-20.06153846153846,7.747572815533981,-17.214022140221402,-21.506666666666668,-6.923333333333333,8.048951048951048
2020-12-11,-22.479166666666668,6.935185185185185,-19.393103448275863,-24.333333333333332,-0.1413427561837456,8.623188405797102
2020-12-12,-22.571428571428573,6.547826086956522,-13.89935064935065,-18.5125,9.35546875,5.640625
2020-12-13,-23.534246575342465,1.8431372549019607,-13.36569579288026,-16.8,12.422535211267606,5.376146788990826
2020-12-14,-19.992125984251967,7.728155339805825,-17.766037735849057,-18.60810810810811,-5.164383561643835,8.056737588652481
2020-12-15,-16.78125,12.247524752475247,-15.447761194029852,-20.051948051948052,-5.472972972972973,7.75177304964539
2020-12-16,-16.244274809160306,15.40952380952381,-13.18939393939394,-18.558441558441558,-3.996598639455782,7.112676056338028
2020-12-17,-15.815384615384616,14.891089108910892,-14.170909090909092,-18.605263157894736,-6.070469798657718,7.584507042253521
2020-12-18,-18.75177304964539,12.770642201834862,-16.49828178694158,-21.974683544303797,0.4842105263157895,7.539568345323741
2020-12-19,-18.19078947368421,14.640350877192983,-11.993421052631579,-13.025316455696203,11.090196078431372,4.15625
2020-12-20,-18.04794520547945,13.411764705882353,-12.315960912052118,-12.177215189873417,18.071428571428573,3.908256880733945
2020-12-21,-8.766129032258064,23.169811320754718,-9.417624521072797,-14.573333333333334,-3.3344827586206898,6.205673758865248
2020-12-22,-6.7637795275590555,27.46,-7.325670498084291,-10.520547945205479,-4.761744966442953,5.722222222222222
2020-12-23,-1.330827067669173,40.78217821782178,0.45,-8.027027027027026,-3.3529411764705883,4.138888888888889
2020-12-24,-5.265151515151516,52.75757575757576,7.94758064516129,-17.946666666666665,-12.623333333333333,5.0
2020-12-25,-61.333333333333336,-52.61946902654867,-37.742160278745644,-57.9375,-57.87290969899666,21.637037037037036
2020-12-26,-30.263157894736842,-2.3130434782608695,-17.102649006622517,-27.180722891566266,-9.342105263157896,9.359375
2020-12-27,-32.02758620689655,-7.228571428571429,-17.570032573289904,-19.924050632911392,7.158139534883721,7.814814814814815
2020-12-28,-15.587301587301587,14.4,-10.4901185770751,-17.24,-9.135135135135135,9.178571428571429
2020-12-29,-11.0,21.3,-4.1400778210116735,-14.18918918918919,-9.39261744966443,7.922535211267606
2020-12-30,-2.78125,37.98,6.80327868852459,-12.907894736842104,-8.095890410958905,5.951048951048951
2020-12-31,-7.924242424242424,50.69387755102041,17.35217391304348,-22.39189189189189,-19.72,6.413793103448276
2021-01-01,-66.51851851851852,-59.08849557522124,-31.669039145907472,-59.324675324675326,-62.0328947368421,21.61764705882353
2021-01-02,-44.33108108108108,-22.07017543859649,-16.36092715231788,-35.09756097560975,-31.128113879003557,15.118110236220472
2021-01-03,-33.28472222222222,-11.740384615384615,-8.572815533980583,-11.666666666666666,-6.20627802690583,6.787037037037037
2021-01-04,-19.344,11.865384615384615,-5.0843373493975905,-15.554054054054054,-14.426174496644295,9.992857142857142
2021-01-05,-20.9609375,8.359223300970873,-8.424603174603174,-17.960526315789473,-15.146666666666667,11.107913669064748
2021-01-06,-21.984962406015036,5.572815533980583,-9.740157480314961,-22.7375,-14.658862876254181,11.205673758865249
2021-01-07,-21.515151515151516,7.446601941747573,-12.0,-18.8,-15.66,11.267605633802816
2021-01-08,-31.31654676258993,1.8037383177570094,-22.22758620689655,-27.83132530120482,-12.587628865979381,13.615942028985508
2021-01-09,-47.54362416107382,-24.146551724137932,-34.89677419354839,-36.52439024390244,-13.357414448669202,16.46825396825397
2021-01-10,-53.95070422535211,-34.764150943396224,-36.87859424920128,-39.01282051282051,-13.894736842105264,14.689320388349515
2021-01-11,-55.824,-39.018691588785046,-38.885185185185186,-42.93589743589744,-50.14473684210526,23.0
2021-01-12,-22.374045801526716,4.366336633663367,-19.104089219330856,-22.571428571428573,-10.766666666666667,8.801418439716311
2021-01-13,-27.18796992481203,-1.6153846153846154,-25.291970802919707,-26.858974358974358,-14.363333333333333,8.556338028169014
2021-01-14,-29.090225563909776,-5.576923076923077,-28.471223021582734,-27.961038961038962,-18.70957095709571,9.049295774647888
2021-01-15,-32.53191489361702,-5.972477064220183,-31.301324503311257,-31.938271604938272,-15.474402730375427,9.884057971014492
2021-01-16,-42.35099337748344,-16.904347826086955,-37.29936305732484,-35.01176470588236,-13.446096654275093,11.275590551181102
2021-01-17,-52.793103448275865,-33.22641509433962,-41.39252336448598,-38.95,-17.064655172413794,11.50943396226415
2021-01-18,-29.992125984251967,-4.953271028037383,-30.05128205128205,-28.56756756756757,-16.546979865771814,9.135714285714286
2021-01-19,-31.106870229007633,-7.174757281553398,-30.689530685920577,-29.30263157894737,-17.760797342192692,9.707142857142857
2021-01-20,-30.924812030075188,-7.566037735849057,-29.7992700729927,-29.924050632911392,-16.983388704318937,10.0
2021-01-21,-30.651515151515152,-7.653846153846154,-30.514285714285716,-30.342105263157894,-17.620462046204622,10.297872340425531
2021-01-22,-33.78321678321678,-8.94392523364486,-33.98989898989899,-31.892857142857142,-11.525597269624573,10.86231884057971
2021-01-23,-38.78064516129032,-16.213675213675213,-34.7275641025641,-31.569767441860463,-9.19548872180451,10.365079365079366
2021-01-24,-48.364285714285714,-34.632075471698116,-38.80769230769231,-36.5375,-15.591489361702127,10.320754716981131
2021-01-25,-30.875,-6.669811320754717,-30.204379562043794,-28.653333333333332,-13.79391891891892,9.814285714285715
2021-01-26,-30.796992481203006,-7.048543689320389,-30.722627737226276,-29.86842105263158,-15.05,10.207142857142857
2021-01-27,-29.604477611940297,-5.747572815533981,-29.71014492753623,-30.153846153846153,-13.823333333333334,10.02112676056338
2021-01-28,-28.529850746268657,-3.6634615384615383,-28.323843416370106,-27.31168831168831,-14.865131578947368,9.80281690140845
2021-01-29,-28.593103448275862,-0.42592592592592593,-27.31058020477816,-28.566265060240966,-8.744827586206897,8.789855072463768
2021-01-30,-26.23489932885906,5.850877192982456,-22.003246753246753,-23.734939759036145,-1.1187739463601531,4.875
2021-01-31,-30.783216783216783,-2.8461538461538463,-22.84193548387097,-23.1375,-3.03125,4.275229357798165
2021-02-01,-26.37795275590551,5.962616822429907,-25.18421052631579,-26.487179487179485,-12.405405405405405,7.51063829787234
2021-02-02,-24.79230769230769,5.359223300970874,-24.202952029520294,-26.246753246753247,-13.009966777408637,7.767605633802817
2021-02-03,-26.738805970149254,0.34615384615384615,-27.051660516605168,-28.91025641025641,-13.56810631229236,8.070422535211268
2021-02-04,-26.74436090225564,-0.5849056603773585,-27.323741007194243,-28.58974358974359,-14.956953642384105,8.433566433566433
2021-02-05,-28.986206896551725,-1.3944954128440368,-28.483221476510067,-30.573170731707318,-8.693103448275862,8.615942028985508
2021-02-06,-27.192307692307693,-0.22807017543859648,-23.856687898089174,-24.609756097560975,-1.6136363636363635,5.1796875
2021-02-07,-32.21678321678322,-10.794117647058824,-24.312101910828027,-21.794871794871796,-3.8,4.6880733944954125
2021-02-08,-28.328,-1.3457943925233644,-29.58671586715867,-28.253333333333334,-12.95973154362416,8.340425531914894
2021-02-09,-27.46212121212121,-1.4952380952380953,-29.202952029520294,-28.0,-13.033222591362126,8.680851063829786
2021-02-10,-27.48148148148148,-2.2149532710280373,-28.8125,-29.935064935064936,-12.586666666666666,8.73943661971831
2021-02-11,-26.533834586466167,-0.8269230769230769,-27.81362007168459,-28.723684210526315,-13.478547854785479,8.412587412587413
2021-02-12,-29.55862068965517,-2.81981981981982,-31.154362416107382,-29.426829268292682,-7.505190311418685,8.53623188405797
2021-02-13,-27.215686274509803,1.2280701754385965,-26.022292993630572,-25.5875,-1.739463601532567,4.945736434108527
2021-02-14,-31.220689655172414,-9.201923076923077,-26.257142857142856,-22.743589743589745,-3.1244444444444444,4.790909090909091
2021-02-15,-25.401574803149607,4.798165137614679,-28.025925925925925,-24.675675675675677,-11.016722408026755,7.556338028169014
2021-02-16,-23.53787878787879,7.607843137254902,-25.76277372262774,-24.896103896103895,-11.612040133779264,7.573426573426573
2021-02-17,-23.90909090909091,6.456310679611651,-23.476014760147603,-25.53846153846154,-10.026936026936028,7.52112676056338
2021-02-18,-25.097744360902254,2.8932038834951457,-28.879432624113477,-25.37837837837838,-12.185430463576159,8.180555555555555
2021-02-19,-26.368055555555557,2.6944444444444446,-28.447811447811446,-25.0609756097561,-5.079861111111111,7.963768115942029
2021-02-20,-23.52317880794702,5.460176991150442,-22.787096774193547,-20.303797468354432,1.21455938697318,4.421875
2021-02-21,-27.20138888888889,-2.8737864077669903,-22.630573248407643,-18.21794871794872,-0.9727272727272728,4.174311926605505
2021-02-22,-26.22047244094488,3.834862385321101,-28.81985294117647,-22.293333333333333,-8.844594594594595,7.795774647887324
2021-02-23,-24.15909090909091,4.644230769230769,-26.003636363636364,-23.723684210526315,-9.006688963210703,7.873239436619718
2021-02-24,-25.106060606060606,3.3173076923076925,-26.60948905109489,-23.960526315789473,-9.341216216216216,7.503448275862069
2021-02-25,-22.757575757575758,5.932038834951456,-25.24548736462094,-22.710526315789473,-9.8,7.708333333333333
2021-02-26,-22.270833333333332,9.715596330275229,-24.575757575757574,-22.22222222222222,-2.329861111111111,6.971223021582734
2021-02-27,-18.688741721854306,15.868421052631579,-19.788961038961038,-16.329113924050635,4.058139534883721,3.13953488372093
2021-02-28,-20.248275862068965,10.271844660194175,-19.17891373801917,-11.74025974025974,2.415525114155251,2.7339449541284404
2021-03-01,-21.669354838709676,12.296296296296296,-26.6996336996337,-17.986301369863014,-7.6506849315068495,6.97887323943662
2021-03-02,-20.03875968992248,15.049019607843137,-24.058823529411764,-20.466666666666665,-7.677852348993288,7.111888111888112
2021-03-03,-20.272727272727273,13.300970873786408,-23.130111524163567,-20.794871794871796,-7.996621621621622,7.0979020979020975
2021-03-04,-21.022727272727273,10.76923076923077,-24.41090909090909,-20.289473684210527,-9.308724832214764,7.409722222222222
2021-03-05,-21.40277777777778,11.614678899082568,-24.153061224489797,-21.839506172839506,-1.8090277777777777,6.787234042553192
2021-03-06,-18.453333333333333,13.526315789473685,-18.844660194174757,-16.5,4.423076923076923,3.2790697674418605
2021-03-07,-22.65277777777778,4.932038834951456,-20.660194174757283,-16.126582278481013,2.5391705069124426,3.614678899082569
2021-03-08,-14.816,13.264150943396226,-22.41090909090909,-20.424657534246574,-6.304794520547945,6.475177304964539
2021-03-09,-22.558139534883722,7.721153846153846,-24.871323529411764,-21.960526315789473,-7.622895622895623,7.340277777777778
2021-03-10,-24.723880597014926,5.216981132075472,-27.389705882352942,-22.90909090909091,-7.686868686868687,7.993006993006993
2021-03-11,-24.106870229007633,6.019230769230769,-26.836363636363636,-21.493333333333332,-8.674496644295303,8.125
2021-03-12,-24.9375,5.669724770642202,-27.72635135135135,-21.567901234567902,-1.9547038327526132,7.928571428571429
2021-03-13,-21.493333333333332,10.370689655172415,-22.266025641025642,-18.025,5.0,4.457364341085271
2021-03-14,-24.125874125874127,3.8653846153846154,-21.313099041533548,-16.753246753246753,2.8036529680365296,4.2110091743119265
2021-03-15,-23.274193548387096,10.80373831775701,-25.821561338289964,-19.041095890410958,-5.476190476190476,7.50354609929078
2021-03-16,-21.11627906976744,13.752475247524753,-23.18819188191882,-19.136986301369863,-6.043771043771044,7.363636363636363
2021-03-17,-21.21212121212121,12.16504854368932,-24.264705882352942,-19.44871794871795,-5.1858108108108105,7.580419580419581
2021-03-18,-21.46212121212121,10.37864077669903,-25.334545454545456,-15.6,-6.374581939799331,7.944444444444445
2021-03-19,-18.174825174825173,13.605504587155963,-21.372881355932204,-17.0375,1.9303135888501741,6.411347517730497
2021-03-20,-17.397260273972602,14.526785714285714,-13.853420195439739,-9.61038961038961,6.057915057915058,3.5859375
2021-03-21,-16.496598639455783,8.3,-4.873376623376624,-14.56578947368421,4.255813953488372,2.9724770642201834
2021-03-22,-32.29365079365079,-10.90566037735849,-22.45,-25.863013698630137,-45.61639344262295,14.167883211678832
2021-03-23,-21.825757575757574,10.932038834951456,-22.214022140221402,-16.013333333333332,-3.9662162162162162,6.241379310344827
2021-03-24,-23.48872180451128,7.269230769230769,-24.74721189591078,-19.31168831168831,-5.271186440677966,7.825174825174825
2021-03-25,-19.848484848484848,12.544554455445544,-21.19494584837545,-15.921052631578947,-5.243243243243243,7.25
2021-03-26,-21.62937062937063,12.788990825688073,-24.22895622895623,-18.05,1.3066202090592334,7.25
2021-03-27,-20.132450331125828,15.219298245614034,-18.59090909090909,-13.95,8.589147286821705,4.3565891472868215
2021-03-28,-22.433566433566433,6.970873786407767,-15.964285714285714,-15.753246753246753,7.643192488262911,4.954128440366972
2021-03-29,-14.76,20.076190476190476,-13.992337164750959,-13.643835616438356,-6.77891156462585,6.425531914893617
2021-03-30,-8.496062992125983,26.431372549019606,-7.807086614173229,-12.083333333333334,-7.828859060402684,5.566433566433567
2021-03-31,-2.7153846153846155,40.333333333333336,-0.689795918367347,-3.3472222222222223,-11.67003367003367,3.9305555555555554
2021-04-01,-25.496124031007753,10.1010101010101,-1.1074380165289257,-27.52054794520548,-47.346278317152105,13.942446043165468
2021-04-02,-49.11851851851852,-27.236363636363638,-15.701438848920864,-49.53012048192771,-57.22112211221122,22.0
2021-04-03,-23.10810810810811,8.563636363636364,-4.850498338870432,-21.25925925925926,-14.354477611940299,7.140625
2021-04-04,-28.73758865248227,-0.37254901960784315,-18.12012987012987,-4.6438356164383565,0.28110599078341014,4.194444444444445
2021-04-05,-19.282258064516128,19.135922330097088,-19.98501872659176,-8.917808219178083,-4.593103448275862,7.169014084507042
2021-04-06,-20.763358778625953,16.233009708737864,-21.28358208955224,-14.355263157894736,-5.668896321070235,8.288732394366198
2021-04-07,-23.330827067669173,12.528846153846153,-22.678966789667896,-19.376623376623378,-7.308474576271187,8.825174825174825
2021-04-08,-20.297709923664122,13.77,-22.244604316546763,-17.592105263157894,-6.6521739130434785,8.251748251748252
2021-04-09,-29.704225352112676,3.1009174311926606,-30.912457912457914,-25.641975308641975,-4.674740484429066,11.63768115942029
2021-04-10,-33.390728476821195,-2.0775862068965516,-31.625,-29.864197530864196,-1.8587786259541985,10.706349206349206
2021-04-11,-39.16901408450704,-12.841121495327103,-32.883870967741935,-32.68,-5.607305936073059,10.296296296296296
2021-04-12,-24.5,8.11214953271028,-26.40221402214022,-22.835616438356166,-6.545762711864406,9.908450704225352
2021-04-13,-22.046511627906977,9.864077669902912,-23.084558823529413,-19.77027027027027,-5.126666666666667,8.482517482517483
2021-04-14,-21.69402985074627,8.64423076923077,-23.233576642335766,-20.166666666666668,-6.273648648648648,8.950704225352112
2021-04-15,-18.446969696969695,15.54,-21.571428571428573,-17.96,-5.873333333333333,8.482517482517483
2021-04-16,-26.678321678321677,12.626168224299066,-29.454237288135594,-26.123456790123456,-6.176470588235294,11.710144927536232
2021-04-17,-36.442953020134226,-1.2241379310344827,-35.19108280254777,-31.59259259259259,-7.466165413533835,12.11111111111111
2021-04-18,-43.6241134751773,-14.847619047619048,-40.69453376205788,-35.16,-12.561946902654867,11.719626168224298
2021-04-19,-18.849206349206348,15.99047619047619,-21.29889298892989,-18.180555555555557,-3.2286689419795223,8.612676056338028
2021-04-20,-20.625,12.875,-22.25092250922509,-18.246575342465754,-4.40133779264214,9.352112676056338
2021-04-21,-19.708955223880597,12.307692307692308,-21.746323529411764,-19.13157894736842,-5.074324324324325,9.21830985915493
2021-04-22,-18.99236641221374,12.990291262135923,-21.169117647058822,-16.73972602739726,-5.40133779264214,8.965034965034965
2021-04-23,-27.602739726027398,9.472222222222221,-28.385135135135137,-28.096385542168676,-4.780487804878049,12.42142857142857
2021-04-24,-34.763513513513516,-0.603448275862069,-31.083870967741934,-31.303797468354432,-3.763358778625954,11.661417322834646
2021-04-25,-43.273381294964025,-16.35576923076923,-37.6517571884984,-33.973333333333336,-9.66079295154185,11.457943925233645
2021-04-26,-21.632,11.122641509433961,-24.479553903345725,-17.397260273972602,-3.8033898305084746,9.492957746478874
2021-04-27,-24.916030534351144,7.970873786407767,-29.156934306569344,-19.43243243243243,-6.6375838926174495,10.702127659574469
2021-04-28,-33.48091603053435,-3.2476190476190476,-29.018382352941178,-34.73684210526316,-13.828282828282829,14.76595744680851
2021-04-29,-25.28787878787879,9.336633663366337,-27.772241992882563,-26.233766233766232,-10.029900332225914,12.198581560283689
2021-04-30,-30.708333333333332,14.74766355140187,-30.89864864864865,-30.26829268292683,-9.760416666666666,14.695652173913043
2021-05-01,-50.7687074829932,-15.35344827586207,-40.60576923076923,-45.62820512820513,-28.253676470588236,19.54471544715447
2021-05-02,-54.97122302158273,-26.134615384615383,-47.674121405750796,-44.48684210526316,-20.21834061135371,16.18095238095238
2021-05-03,-23.3359375,21.058823529411764,-22.22140221402214,-24.06756756756757,-9.113013698630137,12.411347517730496
2021-05-04,-23.045801526717558,22.08823529411765,-21.41328413284133,-28.84,-9.04054054054054,12.390070921985815
2021-05-05,-32.16541353383459,7.9523809523809526,-26.959558823529413,-36.0875,-15.885135135135135,16.014285714285716
2021-05-06,-27.637037037037036,10.495145631067961,-28.2,-35.15584415584416,-13.78,14.32394366197183
2021-05-07,-27.622377622377623,6.545454545454546,-28.23310810810811,-36.02469135802469,-4.825783972125436,14.079710144927537
2021-05-08,-35.25,-1.0598290598290598,-33.86942675159236,-37.734177215189874,-3.2234848484848486,12.896825396825397
2021-05-09,-32.33557046979866,-4.788461538461538,-32.484177215189874,-39.675324675324674,0.39814814814814814,10.766355140186915
2021-05-10,-24.126984126984127,6.694444444444445,-27.156363636363636,-27.93243243243243,-8.919191919191919,12.55
2021-05-11,-19.908396946564885,10.883495145631068,-23.78181818181818,-24.986486486486488,-7.558922558922559,11.7
2021-05-12,-23.196969696969695,6.504761904761905,-23.121771217712176,-32.42857142857143,-10.786440677966102,13.205673758865249
2021-05-13,-18.697674418604652,10.366336633663366,-22.39350180505415,-26.44,-8.604026845637584,11.382978723404255
2021-05-14,-18.594405594405593,14.62962962962963,-21.61904761904762,-23.116883116883116,-1.5156794425087108,11.0
2021-05-15,-20.033557046979865,13.646017699115044,-19.407166123778502,-18.012820512820515,3.318007662835249,7.984375
2021-05-16,-21.3986013986014,4.555555555555555,-17.22977346278317,-27.743589743589745,3.2511415525114153,7.851851851851852
2021-05-17,-32.73809523809524,-10.704761904761904,-28.585185185185185,-33.36363636363637,-46.52302631578947,18.652173913043477
2021-05-18,-15.65625,20.470588235294116,-17.151851851851852,-16.972972972972972,-3.8316498316498318,9.397163120567376
2021-05-19,-19.259541984732824,11.836538461538462,-17.813432835820894,-26.623376623376622,-6.562711864406779,12.354609929078014
2021-05-20,-14.234848484848484,15.1,-16.202952029520294,-19.453333333333333,-4.636363636363637,11.02112676056338
2021-05-21,-16.76923076923077,13.101851851851851,-17.422680412371133,-21.556962025316455,3.5335689045936394,11.328467153284672
2021-05-22,-18.211920529801326,10.921739130434782,-17.287581699346404,-17.620253164556964,9.3046875,8.637795275590552
2021-05-23,-22.58783783783784,1.1470588235294117,-19.547231270358306,-16.906666666666666,6.0,9.0
2021-05-24,-15.817460317460318,11.79245283018868,-17.992565055762082,-15.837837837837839,-2.9209621993127146,11.382978723404255
2021-05-25,-15.015625,13.584158415841584,-16.83895131086142,-17.013513513513512,-2.1491525423728812,11.092198581560284
2021-05-26,-13.083333333333334,15.586538461538462,-14.037453183520599,-19.896103896103895,-4.040955631399317,11.267605633802816
2021-05-27,-10.761538461538462,18.29,-15.596296296296297,-15.945945945945946,-4.087542087542087,10.664335664335665
2021-05-28,-16.237762237762237,15.678899082568808,-16.068493150684933,-23.883116883116884,1.3049645390070923,12.905797101449275
2021-05-29,-10.899328859060402,25.482142857142858,-13.57516339869281,-11.051948051948052,9.235294117647058,7.748031496062992
2021-05-30,-11.226027397260275,17.18811881188119,-13.674342105263158,-12.266666666666667,7.410138248847926,7.138888888888889
2021-05-31,-6.869918699186992,27.372549019607842,-11.976833976833976,-9.684931506849315,-0.7319587628865979,9.957142857142857
2021-06-01,-4.362204724409449,30.262135922330096,-8.567049808429118,-9.297297297297296,-0.7815699658703071,9.82394366197183
2021-06-02,-5.068181818181818,27.53,-7.463320463320463,-7.702702702702703,-1.6804123711340206,9.880281690140846
2021-06-03,-3.6818181818181817,27.84,-8.349624060150376,-7.391891891891892,-1.4305084745762713,9.401408450704226
2021-06-04,-6.60431654676259,26.98148148148148,-10.090909090909092,-7.246753246753247,6.425,9.585714285714285
2021-06-05,-3.4863013698630136,29.693693693693692,-2.5622895622895623,1.2207792207792207,11.984251968503937,5.5859375
2021-06-06,-5.891156462585034,17.181818181818183,-2.8815789473684212,-7.136986301369863,5.481308411214953,5.935185185185185
2021-06-07,-16.262295081967213,4.867924528301887,-9.173228346456693,-17.575342465753426,-43.16225165562914,16.656934306569344
2021-06-08,-7.661417322834645,22.41747572815534,-12.313207547169812,-5.819444444444445,0.6326530612244898,9.02127659574468
2021-06-09,-7.259541984732825,22.168316831683168,-10.555555555555555,-8.337837837837839,-1.5689655172413792,10.126760563380282
2021-06-10,-3.0606060606060606,26.41,-7.157088122605364,-4.875,-0.0782312925170068,9.180555555555555
2021-06-11,-7.875912408759124,21.97196261682243,-11.491289198606271,-4.298701298701299,6.152482269503546,8.920863309352518
2021-06-12,-5.938356164383562,23.855855855855857,-5.398671096345515,6.934210526315789,9.403921568627451,5.1328125
2021-06-13,-7.115646258503402,13.04,-1.8733333333333333,-4.693333333333333,4.208333333333333,5.871559633027523
2021-06-14,-17.5,0.6226415094339622,-10.016129032258064,-12.773333333333333,-44.96369636963696,15.44927536231884
2021-06-15,-2.0555555555555554,28.88235294117647,-6.064885496183206,-2.7142857142857144,-0.40816326530612246,7.197183098591549
2021-06-16,-0.16923076923076924,29.871287128712872,-4.817120622568093,-4.666666666666667,-2.969178082191781,6.277777777777778
2021-06-17,-5.325757575757576,22.85,-10.680451127819548,-5.661971830985915,-5.207357859531773,7.65034965034965
2021-06-18,-7.100719424460432,23.037383177570092,-12.285714285714286,-8.727272727272727,1.9363957597173145,7.635714285714286
2021-06-19,-4.398648648648648,27.463636363636365,-7.443708609271523,0.09090909090909091,7.875968992248062,3.9375
2021-06-20,-9.569444444444445,14.235294117647058,-15.865573770491803,-4.904109589041096,2.949074074074074,4.638888888888889
2021-06-21,-4.475806451612903,24.776699029126213,-8.5625,0.0,-5.406779661016949,7.553191489361702
2021-06-22,-6.047244094488189,22.254901960784313,-9.264367816091953,-4.463768115942029,-5.030405405405405,8.028169014084508
2021-06-23,-7.0534351145038165,17.607843137254903,-12.193181818181818,-4.2368421052631575,-5.365771812080537,8.02836879432624
2021-06-24,-3.7786259541984735,20.431372549019606,-10.310861423220974,-0.6944444444444444,-6.395348837209302,8.216783216783217
2021-06-25,-5.153284671532846,23.130841121495326,-10.92013888888889,-4.88,1.3275261324041812,7.9855072463768115
2021-06-26,-4.168918918918919,24.1858407079646,-7.167763157894737,1.605263157894737,7.113725490196078,4.875968992248062
2021-06-27,-5.108108108108108,16.7979797979798,-7.059016393442623,-0.0273972602739726,2.9452054794520546,4.6880733944954125
2021-06-28,-1.6585365853658536,27.068627450980394,-6.6141732283464565,1.8611111111111112,-3.8503401360544216,5.617021276595745
2021-06-29,-2.119047619047619,26.217821782178216,-5.942084942084942,-2.8285714285714287,-4.558922558922559,6.3076923076923075
2021-06-30,5.229007633587786,36.0,-2.8443579766536966,-1.0675675675675675,-3.3197278911564627,6.683098591549296
2021-07-01,9.184615384615384,42.41836734693877,0.9066147859922179,2.6956521739130435,-3.4093959731543624,6.409722222222222
2021-07-02,6.902255639097745,42.601941747572816,0.23550724637681159,6.506666666666667,4.614840989399293,6.192857142857143
2021-07-03,5.297872340425532,36.02857142857143,3.9653979238754324,17.87837837837838,9.015686274509804,3.1171875
2021-07-04,9.906474820143885,29.0,15.9421768707483,12.849315068493151,3.8256880733944953,2.385321100917431
2021-07-05,-2.958677685950413,16.53846153846154,4.600840336134453,-1.681159420289855,-44.459016393442624,11.280575539568344
2021-07-06,6.253968253968254,37.81818181818182,2.1031746031746033,6.246376811594203,0.9830508474576272,4.834482758620689
2021-07-07,5.782945736434108,35.97,0.796812749003984,3.8493150684931505,-1.4536082474226804,5.791666666666667
2021-07-08,5.361538461538461,34.48,0.0933852140077821,3.3333333333333335,-1.277027027027027,6.118055555555555
2021-07-09,-2.6544117647058822,25.588785046728972,-9.149825783972126,-1.105263157894737,5.635714285714286,7.127659574468085
2021-07-10,-0.625,29.142857142857142,-4.301324503311259,7.82051282051282,12.05952380952381,4.1796875
2021-07-11,-1.8972602739726028,21.534653465346533,-3.138157894736842,7.589041095890411,6.865116279069768,4.559633027522936
2021-07-12,1.467741935483871,31.50980392156863,-4.043478260869565,4.861111111111111,1.4479166666666667,6.111888111888112
2021-07-13,1.008,29.466019417475728,-3.312741312741313,3.8260869565217392,1.0204778156996588,6.486111111111111
2021-07-14,4.9609375,29.93069306930693,-2.41897233201581,3.712328767123288,1.9515570934256055,6.097222222222222
2021-07-15,8.6,36.474747474747474,1.763779527559055,5.771428571428571,2.9047619047619047,5.520833333333333
2021-07-16,6.562962962962963,36.2,0.2518248175182482,6.25,10.448028673835125,5.191489361702128
2021-07-17,7.859154929577465,35.4392523364486,2.9865319865319866,15.855263157894736,14.032,2.635658914728682
2021-07-18,3.7847222222222223,25.3265306122449,2.4285714285714284,10.067567567567568,8.934579439252337,3.5596330275229358
2021-07-19,11.918032786885245,40.25,8.566801619433198,8.785714285714286,0.5773195876288659,5.401408450704225
2021-07-20,-10.138211382113822,9.930693069306932,-2.7160493827160495,-15.534246575342467,-38.22591362126246,16.36231884057971
2021-07-21,4.476923076923077,33.44,-1.5686274509803921,5.472972972972973,4.795847750865052,5.503496503496503
2021-07-22,3.746153846153846,30.303030303030305,-2.5307692307692307,2.5,4.128813559322034,6.416666666666667
2021-07-23,2.1185185185185187,29.33644859813084,-5.25531914893617,6.093333333333334,12.938628158844764,6.246478873239437
2021-07-24,-0.29931972789115646,26.133928571428573,-7.322259136212624,9.486842105263158,15.244,4.75
2021-07-25,-4.6875,18.050505050505052,-10.592105263157896,10.527027027027026,8.107981220657276,5.706422018348624
2021-07-26,2.3225806451612905,31.99009900990099,-5.6015625,8.085714285714285,6.43598615916955,6.338028169014085
2021-07-27,3.0873015873015874,30.872549019607842,-4.905882352941177,3.4242424242424243,6.9243986254295535,6.601398601398602
2021-07-28,6.9140625,33.15,-0.9921259842519685,3.6133333333333333,7.623693379790941,5.777777777777778
2021-07-29,6.538461538461538,32.1,-2.7790697674418605,4.140845070422535,7.017123287671233,6.131944444444445
2021-07-30,7.622222222222222,37.24761904761905,-3.6258992805755397,5.355263157894737,15.073260073260073,5.276595744680851
2021-07-31,14.1,46.242990654205606,6.3175675675675675,16.18421052631579,19.408906882591094,1.62015503875969
2021-08-01,10.468531468531468,38.208333333333336,5.419141914191419,15.901408450704226,12.17142857142857,2.091743119266055
2021-08-02,9.790322580645162,44.6,0.5577689243027888,12.408450704225352,8.821052631578947,5.26056338028169
2021-08-03,7.67479674796748,40.75757575757576,1.0674603174603174,10.338028169014084,8.5,5.544827586206897
2021-08-04,10.464566929133857,39.38,1.5080645161290323,7.918918918918919,9.157342657342657,5.041666666666667
2021-08-05,10.176923076923076,37.88,1.350194552529183,9.428571428571429,8.227891156462585,5.076388888888889
2021-08-06,10.909774436090226,39.85576923076923,1.5036764705882353,11.0,15.883211678832117,4.183098591549296
2021-08-07,5.340579710144928,29.522935779816514,5.938566552901024,11.445945945945946,-4.376923076923077,5.9453125
2021-08-08,4.6875,26.714285714285715,2.5841584158415842,14.257142857142858,9.704761904761904,2.9174311926605503
2021-08-09,7.560975609756097,37.35643564356435,-0.876984126984127,11.541666666666666,10.644366197183098,4.951048951048951
2021-08-10,6.193548387096774,34.111111111111114,-1.2283464566929134,6.782608695652174,10.350694444444445,5.593103448275862
2021-08-11,7.921259842519685,32.42574257425743,-1.3098039215686275,7.8933333333333335,10.097902097902098,5.201388888888889
2021-08-12,6.207692307692308,31.10891089108911,-3.488372093023256,6.647887323943662,9.334470989761092,5.166666666666667
2021-08-13,7.293233082706767,34.65094339622642,-2.6849816849816848,14.346666666666666,16.14963503649635,4.753521126760563
2021-08-14,11.457142857142857,37.48148148148148,7.4862068965517246,25.246376811594203,15.74698795180723,2.2
2021-08-15,17.420289855072465,34.641304347826086,24.544827586206896,18.014285714285716,10.028301886792454,1.1926605504587156
2021-08-16,0.16806722689075632,18.116504854368934,6.871794871794871,7.840579710144928,-41.42244224422442,11.164285714285715
2021-08-17,9.475409836065573,41.1530612244898,3.50199203187251,17.25,10.940972222222221,3.780821917808219
2021-08-18,8.692913385826772,36.43434343434343,0.5905511811023622,11.283783783783784,14.119718309859154,4.805555555555555
2021-08-19,5.407692307692308,31.08910891089109,-4.926640926640927,6.819444444444445,12.31958762886598,5.475524475524476
2021-08-20,5.849624060150376,32.68867924528302,-5.167272727272727,7.75,20.113970588235293,4.852112676056338
2021-08-21,8.154929577464788,34.675925925925924,0.468013468013468,15.986842105263158,20.700404858299596,3.0387596899224807
2021-08-22,5.847222222222222,28.818181818181817,2.3684210526315788,11.347222222222221,13.119617224880383,3.458715596330275
2021-08-23,4.284552845528455,32.43689320388349,-5.133858267716535,11.352112676056338,13.838709677419354,5.293706293706293
2021-08-24,2.272,28.425742574257427,-5.15625,6.042253521126761,13.329824561403509,5.638888888888889
2021-08-25,7.519685039370079,31.637254901960784,-3.5078740157480315,8.23943661971831,13.690140845070422,5.227586206896552
2021-08-26,8.36923076923077,33.633663366336634,-1.4186046511627908,7.75,12.278350515463918,5.393103448275862
2021-08-27,8.38345864661654,34.68867924528302,-2.9927797833935017,7.973684210526316,21.774074074074075,4.436619718309859
2021-08-28,10.154929577464788,37.82727272727273,2.2203389830508473,15.421052631578947,21.2834008097166,2.2615384615384615
2021-08-29,4.423611111111111,28.153061224489797,-0.8104575163398693,10.535211267605634,12.39047619047619,3.44954128440367
2021-08-30,5.169354838709677,36.05940594059406,-4.796875,13.942028985507246,14.646428571428572,5.3426573426573425
2021-08-31,10.14516129032258,43.7,0.34782608695652173,11.681159420289855,16.417543859649122,4.739726027397261
2021-09-01,14.904761904761905,48.45,3.110671936758893,11.450704225352112,15.524647887323944,4.075342465753424
2021-09-02,16.1171875,46.27,3.6731517509727625,11.32857142857143,14.95847750865052,3.910958904109589
2021-09-03,12.56060606060606,43.74528301886792,-0.3007246376811594,12.756756756756756,23.08921933085502,3.7762237762237763
2021-09-04,14.546099290780141,44.75,3.8293515358361776,20.824324324324323,20.5,1.4615384615384615
2021-09-05,8.668965517241379,33.33673469387755,0.2682119205298013,14.840579710144928,13.369668246445498,2.36697247706422
2021-09-06,8.43089430894309,39.6764705882353,-2.8102766798418974,15.528571428571428,14.650176678445229,4.957746478873239
2021-09-07,8.975409836065573,39.54,0.6533864541832669,12.72463768115942,17.028169014084508,4.517241379310345
2021-09-08,11.10236220472441,37.366336633663366,0.49206349206349204,11.333333333333334,16.410526315789475,4.179310344827586
2021-09-09,11.232558139534884,34.73267326732673,0.43023255813953487,9.228571428571428,15.88888888888889,4.041095890410959
2021-09-10,9.816793893129772,35.54716981132076,-2.2274368231046933,10.066666666666666,22.854477611940297,4.183098591549296
2021-09-11,12.099290780141844,37.175925925925924,2.6723549488054608,14.445945945945946,20.384615384615383,2.1
2021-09-12,8.354166666666666,29.707070707070706,2.604651162790698,14.774647887323944,12.157142857142857,3.055045871559633
2021-09-13,9.447154471544716,38.51960784313726,0.552,15.633802816901408,17.107526881720432,4.223776223776224
2021-09-14,9.227642276422765,37.34,1.8571428571428572,12.647058823529411,16.680701754385964,4.145833333333333
2021-09-15,13.700787401574804,40.5959595959596,2.712,14.904109589041095,15.778947368421052,3.815068493150685
2021-09-16,18.6875,48.04123711340206,7.486166007905139,15.955882352941176,14.757785467128027,3.1301369863013697
2021-09-17,18.404580152671755,47.213592233009706,4.782287822878229,16.054054054054053,21.18867924528302,2.3426573426573425
2021-09-18,24.00729927007299,47.64485981308411,12.248275862068965,25.85135135135135,20.39344262295082,-0.05384615384615385
2021-09-19,13.368794326241135,33.24742268041237,5.993399339933993,20.549295774647888,10.685714285714285,1.201834862385321
2021-09-20,10.565573770491802,39.79207920792079,1.4016064257028114,15.830985915492958,16.28825622775801,4.034965034965035
2021-09-21,9.951219512195122,36.82,-0.148,12.323529411764707,17.372340425531913,4.427586206896552
2021-09-22,6.7952755905511815,28.2,-5.555984555984556,9.716216216216216,17.885714285714286,5.006896551724138
2021-09-23,12.609375,36.27,1.182170542635659,13.779411764705882,17.856140350877194,4.186206896551724
2021-09-24,10.992481203007518,34.76190476190476,-1.0401459854014599,8.68,24.54275092936803,3.647887323943662
2021-09-25,12.129496402877697,37.027522935779814,4.0508474576271185,19.88,20.65991902834008,1.7364341085271318
2021-09-26,10.76923076923077,30.917525773195877,6.693069306930693,17.397260273972602,12.17224880382775,1.8807339449541285
2021-09-27,9.532786885245901,37.63,-0.32142857142857145,15.183098591549296,19.96,3.7482517482517483
2021-09-28,5.983739837398374,32.67,-2.7440944881889764,10.26086956521739,17.80851063829787,5.068965517241379
2021-09-29,10.708661417322835,36.888888888888886,-1.8274509803921568,10.375,19.464285714285715,3.7777777777777777
2021-09-30,17.953125,46.06122448979592,3.519230769230769,14.028571428571428,19.09540636042403,3.3793103448275863
2021-10-01,20.641221374045802,51.737864077669904,5.466911764705882,14.486486486486486,27.211320754716983,2.1888111888111887
2021-10-02,21.093525179856115,50.879629629629626,9.168384879725085,22.315068493150687,21.975708502024293,0.46923076923076923
2021-10-03,17.183098591549296,42.77894736842105,9.740131578947368,22.055555555555557,13.076190476190476,1.146788990825688
2021-10-04,13.105691056910569,44.613861386138616,2.3012048192771086,16.65277777777778,20.681318681318682,2.8055555555555554
2021-10-05,13.785123966942148,44.244897959183675,3.4801587301587302,14.220588235294118,20.24822695035461,3.4081632653061225
2021-10-06,14.484126984126984,40.55555555555556,0.6047430830039525,13.25,19.483985765124554,3.493150684931507
2021-10-07,15.640625,37.88,2.722007722007722,15.542857142857143,19.153310104529616,3.3972602739726026
2021-10-08,13.225563909774436,38.68571428571428,-0.42391304347826086,15.311688311688311,26.27169811320755,2.993006993006993
2021-10-09,14.65,38.407407407407405,3.9627118644067796,19.013513513513512,21.08467741935484,1.6846153846153846
2021-10-10,7.335664335664336,27.272727272727273,-0.5298013245033113,14.231884057971014,12.804761904761905,3.128440366972477
2021-10-11,14.729508196721312,39.98,4.727642276422764,21.15714285714286,13.839285714285714,4.2727272727272725
2021-10-12,15.591666666666667,37.62626262626262,5.508,17.893939393939394,14.031358885017422,3.9931034482758623
2021-10-13,19.158730158730158,39.144329896907216,7.894308943089431,18.04225352112676,13.038327526132404,3.3472222222222223
2021-10-14,15.9140625,33.44444444444444,3.1666666666666665,19.463768115942027,10.685121107266436,4.227586206896552
2021-10-15,22.6875,48.42718446601942,12.143939393939394,25.0,17.6021897810219,2.5804195804195804
2021-10-16,21.934306569343065,44.45192307692308,16.901060070671377,38.492537313432834,17.37651821862348,0.6589147286821705
2021-10-17,27.057971014492754,40.58510638297872,31.486206896551725,26.32857142857143,11.924170616113743,0.027522935779816515
2021-10-18,10.05084745762712,26.02970297029703,18.057777777777776,15.602941176470589,-40.245847176079735,9.26241134751773
2021-10-19,17.140495867768596,45.78787878787879,6.959677419354839,22.70769230769231,20.374558303886925,1.8911564625850341
2021-10-20,16.841269841269842,41.381443298969074,3.823293172690763,18.774647887323944,18.885304659498207,3.232876712328767
2021-10-21,15.9375,38.876288659793815,1.22007722007722,18.92753623188406,19.465034965034967,3.280821917808219
2021-10-22,12.257575757575758,36.03738317757009,-2.2673992673992673,15.906666666666666,27.954716981132076,3.232394366197183
2021-10-23,11.453900709219859,33.92727272727273,-1.5570934256055364,19.876712328767123,22.971544715447155,2.646153846153846
2021-10-24,11.545454545454545,31.591836734693878,2.7350993377483444,18.47142857142857,15.634615384615385,3.385321100917431
2021-10-25,11.731707317073171,37.019417475728154,-1.468,21.652173913043477,21.66788321167883,3.5347222222222223
2021-10-26,13.049586776859504,39.03,0.24110671936758893,17.191176470588236,22.73758865248227,3.595890410958904
2021-10-27,17.511811023622048,42.717171717171716,4.019685039370079,19.90277777777778,22.13978494623656,3.0821917808219177
2021-10-28,26.19047619047619,56.08247422680412,5.747081712062257,21.185714285714287,21.806338028169016,1.8972602739726028
2021-10-29,19.107692307692307,47.24038461538461,2.7388059701492535,20.157894736842106,28.66923076923077,2.5211267605633805
2021-10-30,27.335714285714285,59.31428571428572,14.804123711340207,36.614285714285714,26.05439330543933,-0.2595419847328244
2021-10-31,46.714285714285715,72.6195652173913,43.62152777777778,26.680555555555557,27.673366834170853,-0.9545454545454546
2021-11-01,9.191666666666666,32.22,8.297071129707113,11.246376811594203,-38.72757475083056,11.316546762589928
2021-11-02,20.091666666666665,56.295918367346935,9.75,25.73134328358209,23.727272727272727,1.3945578231292517
2021-11-03,20.782258064516128,51.14141414141414,7.754032258064516,22.17142857142857,22.47292418772563,2.2857142857142856
2021-11-04,21.3359375,47.8041237113402,4.775193798449612,22.176470588235293,21.359154929577464,2.6506849315068495
2021-11-05,20.907692307692308,48.50485436893204,5.5,20.64864864864865,30.7816091954023,2.0
2021-11-06,20.857142857142858,48.49074074074074,7.450171821305842,25.88888888888889,26.429752066115704,0.8854961832061069
2021-11-07,17.67132867132867,40.361702127659576,8.178217821782178,24.930555555555557,18.559808612440193,2.4862385321100917
2021-11-08,16.860655737704917,45.37623762376238,2.623481781376518,26.159420289855074,23.60948905109489,2.9444444444444446
2021-11-09,17.66393442622951,44.696969696969695,6.14859437751004,21.318181818181817,24.741818181818182,2.5850340136054424
2021-11-10,20.023809523809526,44.16831683168317,5.530120481927711,23.492753623188406,23.496350364963504,2.1621621621621623
2021-11-11,23.4296875,44.56565656565657,8.294117647058824,24.073529411764707,22.656028368794328,1.8027210884353742
2021-11-12,22.236641221374047,46.18627450980392,8.311787072243346,30.027397260273972,29.25769230769231,1.4513888888888888
2021-11-13,26.666666666666668,49.00952380952381,16.568421052631578,47.04347826086956,22.710204081632654,-0.03076923076923077
2021-11-14,31.10948905109489,45.20652173913044,32.57534246575342,28.38235294117647,17.135265700483092,0.0
2021-11-15,12.058333333333334,27.73,14.172413793103448,15.35820895522388,-38.653333333333336,10.390070921985815
2021-11-16,21.991666666666667,48.77319587628866,10.143426294820717,33.11940298507463,24.36101083032491,1.1088435374149659
2021-11-17,24.73015873015873,52.10204081632653,10.943775100401606,27.608695652173914,23.616788321167885,1.385135135135135
2021-11-18,25.2734375,48.854166666666664,10.772549019607844,28.19402985074627,23.159010600706715,1.7876712328767124
2021-11-19,25.46564885496183,54.01960784313726,3.72992700729927,25.85333333333333,30.584615384615386,1.2447552447552448
2021-11-20,19.359154929577464,44.03703703703704,6.569444444444445,30.41891891891892,26.850622406639005,0.9923076923076923
2021-11-21,15.909090909090908,38.18556701030928,7.145695364238411,25.59722222222222,19.504901960784313,2.6788990825688073
2021-11-22,18.84297520661157,45.13725490196079,5.767068273092369,30.333333333333332,22.93040293040293,2.832167832167832
2021-11-23,16.107438016528924,40.21649484536083,0.5551181102362205,27.01492537313433,22.376344086021504,3.510344827586207
2021-11-24,21.253968253968253,42.95918367346939,4.967871485943775,26.55072463768116,21.93525179856115,2.547945205479452
2021-11-25,24.992125984251967,46.714285714285715,6.717131474103586,28.84285714285714,18.421985815602838,2.9315068493150687
2021-11-26,25.284615384615385,50.95049504950495,5.084870848708487,29.946666666666665,27.883018867924527,1.5104895104895104
2021-11-27,25.9645390070922,51.11214953271028,12.618055555555555,38.05714285714286,28.06694560669456,-0.5267175572519084
2021-11-28,24.04895104895105,46.526315789473685,13.067340067340067,32.0,22.91219512195122,0.9454545454545454
2021-11-29,26.198347107438018,54.5,10.289795918367346,34.26470588235294,21.723247232472325,1.7310344827586206
2021-11-30,32.529411764705884,62.302083333333336,16.751020408163264,30.636363636363637,22.570921985815602,0.9795918367346939
2021-12-01,39.30327868852459,68.5360824742268,21.543568464730292,33.2463768115942,21.365591397849464,-0.10810810810810811
2021-12-02,39.584,68.85416666666667,22.403225806451612,36.28358208955224,20.278169014084508,0.08904109589041095
2021-12-03,43.29457364341085,76.87878787878788,16.21072796934866,34.71232876712329,27.1787072243346,-1.2291666666666667
2021-12-04,31.891304347826086,59.36190476190476,19.150877192982456,43.36619718309859,28.763485477178424,-1.9848484848484849
2021-12-05,32.81818181818182,58.170212765957444,21.67235494880546,40.88235294117647,28.622549019607842,-0.7027027027027027
2021-12-06,37.29752066115702,67.89795918367346,23.183333333333334,37.34848484848485,19.91941391941392,0.35172413793103446
2021-12-07,46.17796610169491,80.34736842105264,49.906666666666666,37.4,23.96415770609319,-2.836734693877551
2021-12-08,20.638655462184875,33.510416666666664,28.07488986784141,3.986111111111111,-29.163879598662206,9.42361111111111
2021-12-09,34.576,57.51546391752577,18.365461847389557,32.878787878787875,22.045774647887324,0.3013698630136986
2021-12-10,32.333333333333336,56.911764705882355,15.908045977011493,30.291666666666668,29.28735632183908,0.7132867132867133
2021-12-11,28.615942028985508,51.495327102803735,17.070671378091873,42.208333333333336,33.81512605042017,-0.8484848484848485
2021-12-12,25.625,45.319148936170215,16.172881355932205,36.5735294117647,33.65,0.9363636363636364
2021-12-13,34.06611570247934,61.03030303030303,20.661087866108787,36.515151515151516,21.875457875457876,0.9517241379310345
2021-12-14,35.42372881355932,60.635416666666664,20.323651452282157,36.12307692307692,22.78014184397163,0.8979591836734694
2021-12-15,43.67213114754098,67.13684210526316,24.004166666666666,35.37313432835821,22.492805755395683,-0.24324324324324326
2021-12-16,47.36290322580645,72.91578947368421,28.073469387755104,38.484848484848484,22.36013986013986,-0.5986394557823129
2021-12-17,39.689922480620154,66.60396039603961,19.25968992248062,31.695652173913043,28.63984674329502,-0.3541666666666667
2021-12-18,38.369565217391305,63.86538461538461,27.032258064516128,49.97222222222222,35.81115879828326,-3.2611940298507465
2021-12-19,43.38732394366197,67.40217391304348,28.70408163265306,50.19402985074627,41.51282051282051,-3.25
2021-12-20,47.791666666666664,77.8265306122449,27.004255319148935,39.83582089552239,20.33211678832117,-0.1643835616438356
2021-12-21,51.78632478632478,82.96842105263158,29.824034334763947,39.56923076923077,20.81560283687943,-0.6326530612244898
2021-12-22,58.898305084745765,90.03157894736842,38.14468085106383,40.96923076923077,19.853571428571428,-1.8724832214765101
2021-12-23,68.6218487394958,108.76595744680851,47.04782608695652,49.13636363636363,18.12280701754386,-3.0789473684210527
2021-12-24,51.10236220472441,120.73684210526316,52.39495798319328,31.194444444444443,7.68705035971223,-0.7083333333333334
2021-12-25,-10.93661971830986,-5.491071428571429,15.530249110320284,-8.725,-34.94202898550725,6.248062015503876
2021-12-26,27.607142857142858,43.702127659574465,27.81911262798635,36.89705882352941,22.127450980392158,-0.3181818181818182
2021-12-27,40.016806722689076,66.1010101010101,29.678571428571427,32.42424242424242,11.483870967741936,2.6620689655172414
2021-12-28,45.47008547008547,72.06315789473685,35.1359649122807,36.26984126984127,11.961672473867596,2.2620689655172415
2021-12-29,50.75,79.66315789473684,39.58222222222222,38.66153846153846,11.454545454545455,1.2925170068027212
2021-12-30,69.20869565217392,108.0,60.75728155339806,56.66153846153846,10.26896551724138,-1.2866666666666666
2021-12-31,48.976190476190474,117.36170212765957,62.413636363636364,31.760563380281692,-5.417543859649123,1.1338028169014085
2022-01-01,-15.56338028169014,-14.336283185840708,30.71003717472119,-10.9125,-43.24381625441696,5.3
2022-01-02,26.53676470588235,39.89010989010989,45.51282051282051,48.0,3.410377358490566,-0.9818181818181818
2022-01-03,38.3,67.5,42.867924528301884,36.32835820895522,-2.7482758620689656,4.643356643356643
2022-01-04,36.27350427350427,63.30927835051546,40.437209302325584,34.014925373134325,1.7876712328767124,5.206896551724138
2022-01-05,34.6260162601626,60.447916666666664,39.199074074074076,30.507462686567163,1.910344827586207,5.486111111111111
2022-01-06,30.46031746031746,55.06185567010309,32.333333333333336,31.0,0.7755102040816326,6.409722222222222
2022-01-07,23.834645669291337,52.73267326732673,32.79435483870968,26.308823529411764,8.411552346570398,6.885714285714286
2022-01-08,22.48905109489051,46.029411764705884,36.47970479704797,42.48571428571429,18.080645161290324,3.751937984496124
2022-01-09,22.977941176470587,37.26373626373626,42.34035087719298,37.09090909090909,17.85576923076923,2.7339449541284404
2022-01-10,5.38655462184874,23.0,18.14864864864865,15.691176470588236,-37.88741721854305,13.107142857142858
2022-01-11,25.8135593220339,57.020833333333336,21.94420600858369,30.893939393939394,12.473684210526315,4.561643835616438
2022-01-12,23.616,51.144329896907216,20.72151898734177,23.63235294117647,12.583038869257951,5.7534246575342465
2022-01-13,21.322834645669293,47.59183673469388,16.602409638554217,22.119402985074625,11.948453608247423,6.248275862068965
2022-01-14,18.296875,48.699029126213595,13.182170542635658,21.85333333333333,21.805243445692884,6.464788732394366
2022-01-15,20.536231884057973,48.885714285714286,17.996503496503497,32.0958904109589,29.731404958677686,3.883720930232558
2022-01-16,17.993006993006993,43.043010752688176,19.77104377104377,35.20289855072464,25.592039800995025,3.834862385321101
2022-01-17,24.520661157024794,57.76288659793814,19.983402489626556,28.686567164179106,19.625454545454545,4.833333333333333
2022-01-18,23.49579831932773,53.96907216494845,17.288702928870293,22.597014925373134,19.793594306049823,5.1438356164383565
2022-01-19,25.870967741935484,50.865979381443296,17.947154471544714,24.785714285714285,19.665454545454544,5.082191780821918
2022-01-20,26.217741935483872,49.410526315789475,19.097165991902834,27.17391304347826,19.53356890459364,5.191780821917808
2022-01-21,21.992248062015506,47.79207920792079,11.592452830188678,22.28,28.18007662835249,5.288732394366197
2022-01-22,20.71014492753623,44.37735849056604,12.468531468531468,32.626666666666665,31.569037656903767,3.643410852713178
2022-01-23,20.30496453900709,40.193548387096776,17.91554054054054,31.633802816901408,27.36318407960199,3.376146788990826
2022-01-24,24.553719008264462,52.83673469387755,16.32377049180328,30.17142857142857,24.954887218045112,4.172413793103448
2022-01-25,21.88235294117647,50.204081632653065,14.893877551020408,27.64179104477612,23.802919708029197,4.326530612244898
2022-01-26,25.62295081967213,50.618556701030926,17.42570281124498,26.242857142857144,24.38235294117647,3.636986301369863
2022-01-27,25.58730158730159,49.649484536082475,16.564,27.432835820895523,24.57857142857143,3.6575342465753424
2022-01-28,22.4031007751938,47.1747572815534,10.713740458015268,21.87837837837838,33.94941634241245,3.9160839160839163
2022-01-29,27.768115942028984,54.4811320754717,19.115384615384617,36.605633802816904,36.238297872340425,1.8625954198473282
2022-01-30,27.18439716312057,54.333333333333336,22.71283783783784,33.865671641791046,31.755102040816325,2.1192660550458715
2022-01-31,33.450819672131146,70.20408163265306,23.024793388429753,33.656716417910445,30.91287878787879,1.8482758620689654
2022-02-01,30.21186440677966,64.375,21.194214876033058,31.19402985074627,30.96309963099631,2.054421768707483
2022-02-02,33.20161290322581,66.44791666666667,23.692946058091287,29.704225352112676,31.00374531835206,1.5743243243243243
2022-02-03,31.653225806451612,59.824742268041234,20.996,30.956521739130434,31.425992779783392,1.7297297297297298
2022-02-04,26.100775193798448,52.640776699029125,12.445283018867924,27.246575342465754,39.91732283464567,1.8041958041958042
2022-02-05,27.782608695652176,53.77669902912621,16.514084507042252,35.653333333333336,36.646808510638294,1.7384615384615385
2022-02-06,25.471830985915492,52.16129032258065,17.85049833887043,32.142857142857146,30.284263959390863,2.6513761467889907
2022-02-07,28.31967213114754,60.8,17.536585365853657,36.73529411764706,34.03787878787879,1.4275862068965517
2022-02-08,22.52542372881356,51.322916666666664,13.348360655737705,30.880597014925375,31.76865671641791,2.0952380952380953
2022-02-09,25.701612903225808,50.81443298969072,14.787755102040816,29.15714285714286,32.29323308270677,1.6986301369863013
2022-02-10,27.84,51.2680412371134,17.282868525896415,32.55882352941177,32.47826086956522,1.5547945205479452
2022-02-11,24.82170542635659,48.55339805825243,11.52434456928839,29.43243243243243,42.49800796812749,1.1398601398601398
2022-02-12,26.179856115107913,50.09708737864078,15.821678321678322,34.87837837837838,38.24892703862661,1.5307692307692307
2022-02-13,21.556338028169016,44.82105263157895,15.963333333333333,31.314285714285713,30.644329896907216,2.697247706422018
2022-02-14,27.09090909090909,55.25252525252525,15.426229508196721,33.61764705882353,38.38931297709924,1.296551724137931
2022-02-15,27.54237288135593,57.915789473684214,19.225409836065573,29.0,38.972972972972975,0.6462585034013606
2022-02-16,30.89430894308943,59.34020618556701,19.857723577235774,30.694444444444443,39.374517374517374,0.37583892617449666
2022-02-17,31.768,58.77319587628866,20.437751004016064,32.68115942028985,40.02985074626866,0.25675675675675674
2022-02-18,23.79230769230769,49.57425742574257,9.861423220973784,30.466666666666665,48.78,0.8951048951048951
2022-02-19,26.381294964028775,51.82692307692308,18.732394366197184,34.35526315789474,40.75107296137339,0.9924242424242424
2022-02-20,23.148936170212767,47.88172043010753,18.066889632107024,31.1,30.492385786802032,2.3944954128440368
2022-02-21,24.84426229508197,54.98989898989899,16.68312757201646,36.55072463768116,43.03137254901961,0.7808219178082192
2022-02-22,23.672268907563026,51.822916666666664,18.7172131147541,32.0735294117647,44.44357976653696,0.6122448979591837
2022-02-23,22.150793650793652,47.61224489795919,15.264,25.704225352112676,42.64478764478765,1.472972972972973
2022-02-24,17.811023622047244,40.21875,9.09375,22.87142857142857,40.53932584269663,2.45578231292517
2022-02-25,20.412213740458014,47.0990099009901,9.011194029850746,22.43421052631579,48.48616600790514,1.7692307692307692
2022-02-26,23.992805755395683,52.647619047619045,16.055555555555557,28.68,42.285714285714285,1.1742424242424243
2022-02-27,15.78169014084507,44.65625,7.770764119601329,24.816901408450704,30.821428571428573,3.761467889908257
2022-02-28,27.15573770491803,63.12244897959184,18.37759336099585,33.666666666666664,46.54117647058823,1.0616438356164384
2022-03-01,30.445378151260503,68.84210526315789,23.46938775510204,33.63768115942029,47.51953125,0.16326530612244897
2022-03-02,28.403225806451612,63.47959183673469,25.661087866108787,27.51388888888889,47.093023255813954,0.46258503401360546
2022-03-03,28.0,57.46875,20.772357723577237,30.91549295774648,48.00380228136882,0.8040540540540541
2022-03-04,26.3,54.09803921568628,15.319702602230484,28.293333333333333,57.45748987854251,1.0769230769230769
2022-03-05,26.30496453900709,53.4,17.95774647887324,35.13157894736842,44.161572052401745,1.2045454545454546
2022-03-06,18.083333333333332,45.16326530612245,10.656462585034014,30.430555555555557,30.875647668393782,3.8796296296296298
2022-03-07,26.598360655737704,61.17171717171717,22.208333333333332,36.4,51.8421052631579,1.6413793103448275
2022-03-08,36.54237288135593,59.175257731958766,28.940928270042193,30.333333333333332,54.37795275590551,1.3129251700680271
2022-03-09,23.741935483870968,48.45360824742268,22.450819672131146,24.136986301369863,53.34661354581673,2.175675675675676
2022-03-10,24.08730158730159,50.22,23.612903225806452,26.305555555555557,54.64705882352941,2.7210884353741496
2022-03-11,29.295454545454547,62.23762376237624,19.958174904942965,25.55128205128205,60.70204081632653,2.204225352112676
2022-03-12,15.673758865248226,45.5,18.228571428571428,26.0375,47.916666666666664,4.232558139534884
2022-03-13,25.055555555555557,60.69565217391305,42.04210526315789,18.546666666666667,39.68062827225131,2.381818181818182
2022-03-14,17.785123966942148,47.93,18.270042194092827,30.88888888888889,51.144578313253014,4.701388888888889
2022-03-15,24.789915966386555,58.29896907216495,26.838297872340426,30.34285714285714,57.81422924901186,3.068027210884354
2022-03-16,26.387096774193548,57.40816326530612,26.008333333333333,28.81081081081081,55.38247011952191,2.6802721088435373
2022-03-17,27.80952380952381,55.10526315789474,26.48780487804878,31.375,54.54296875,2.6506849315068495
2022-03-18,26.387596899224807,53.772277227722775,22.61627906976744,34.72,60.53658536585366,2.335664335664336
2022-03-19,33.94117647058823,55.245098039215684,39.345454545454544,51.72463768115942,43.743478260869566,1.4961832061068703
2022-03-20,33.81884057971015,45.31182795698925,50.23321554770318,33.138888888888886,29.932989690721648,2.238532110091743
2022-03-21,13.135593220338983,30.041666666666668,32.009049773755656,24.029850746268657,-27.942372881355933,12.673758865248226
2022-03-22,22.033898305084747,52.78350515463917,25.970464135021096,40.279411764705884,56.24313725490196,2.306122448979592
2022-03-23,20.862903225806452,47.515151515151516,22.628099173553718,32.042857142857144,54.9601593625498,2.870748299319728
2022-03-24,20.9453125,41.83,19.350806451612904,28.34722222222222,53.74903474903475,3.143835616438356
2022-03-25,20.03053435114504,43.960396039603964,15.904214559386974,24.759493670886076,62.22727272727273,3.174825174825175
2022-03-26,18.957142857142856,44.43119266055046,16.85,32.32051282051282,46.491150442477874,3.7751937984496124
2022-03-27,12.619718309859154,37.354166666666664,12.491582491582491,26.094594594594593,30.17098445595855,5.796296296296297
2022-03-28,18.442622950819672,46.47,19.722689075630253,28.083333333333332,49.84146341463415,4.293706293706293
2022-03-29,15.033333333333333,41.34,13.763485477178424,23.746478873239436,52.0078431372549,4.793103448275862
2022-03-30,21.761904761904763,50.35353535353536,21.016528925619834,29.194444444444443,55.726190476190474,3.3469387755102042
2022-03-31,24.650793650793652,54.01020408163265,21.417670682730925,27.055555555555557,55.27450980392157,3.0273972602739727
2022-04-01,25.267175572519083,55.62376237623762,19.657692307692308,26.0875,64.68312757201646,2.160839160839161
2022-04-02,27.453237410071942,57.320754716981135,27.093525179856115,34.54545454545455,48.49557522123894,1.748091603053435
2022-04-03,21.846153846153847,50.1063829787234,24.006849315068493,29.243243243243242,33.21243523316062,3.8073394495412844
2022-04-04,20.131147540983605,52.78,20.0168776371308,32.43055555555556,57.60323886639676,3.1310344827586207
2022-04-05,22.091666666666665,53.41414141414141,22.764705882352942,28.840579710144926,58.34251968503937,2.8435374149659864
2022-04-06,23.31451612903226,51.16,23.075,30.75,55.31349206349206,2.8767123287671232
2022-04-07,24.134920634920636,47.326530612244895,22.31967213114754,28.930555555555557,53.84108527131783,2.9315068493150687
2022-04-08,24.147286821705425,49.584158415841586,18.927480916030536,35.12162162162162,60.4238683127572,2.5314685314685317
2022-04-09,27.381294964028775,51.86915887850467,28.72202166064982,53.605633802816904,45.94736842105263,1.623076923076923
2022-04-10,29.59285714285714,47.8494623655914,39.39160839160839,42.67605633802817,38.69948186528497,2.7981651376146788
2022-04-11,31.974789915966387,58.696969696969695,38.17727272727273,33.63768115942029,27.856603773584904,5.0625
2022-04-12,34.97457627118644,58.66,43.00917431192661,34.8235294117647,24.88888888888889,4.972602739726027
2022-04-13,49.17948717948718,76.59574468085107,60.254901960784316,51.470588235294116,17.52173913043478,2.4413793103448276
2022-04-14,25.57377049180328,46.125,72.84293193717278,19.671641791044777,-32.693069306930695,11.354609929078014
2022-04-15,-2.248062015503876,8.277227722772277,61.81981981981982,-16.48051948051948,-42.127946127946124,18.08955223880597
2022-04-16,19.284671532846716,33.6764705882353,45.60311284046693,31.438356164383563,6.186991869918699,6.15625
2022-04-17,15.614285714285714,35.840425531914896,29.694736842105264,56.52307692307692,27.15897435897436,2.1171171171171173
2022-04-18,17.491803278688526,46.79,16.35169491525424,45.32857142857143,49.848,3.4689655172413794
2022-04-19,16.675,46.46938775510204,17.479166666666668,33.55714285714286,54.28125,3.4726027397260273
2022-04-20,20.182539682539684,47.36,18.87551867219917,30.642857142857142,54.03921568627451,3.4178082191780823
2022-04-21,22.578125,46.92783505154639,19.37037037037037,28.295774647887324,54.19305019305019,3.4178082191780823
2022-04-22,19.229007633587788,43.07843137254902,13.76425855513308,26.414634146341463,63.17283950617284,3.3943661971830985
2022-04-23,20.163120567375888,44.55140186915888,19.010752688172044,31.813333333333333,48.88546255506608,3.3410852713178296
2022-04-24,15.020979020979022,39.589473684210525,15.842465753424657,29.72222222222222,35.734375,5.296296296296297
2022-04-25,18.357723577235774,47.01010101010101,17.142857142857142,33.388888888888886,57.23790322580645,4.180555555555555
2022-04-26,21.2,48.175257731958766,21.092436974789916,27.760563380281692,59.576470588235296,3.232876712328767
2022-04-27,20.9453125,44.707070707070706,18.991769547325102,29.575342465753426,56.46456692913386,3.328767123287671
2022-04-28,23.031496062992126,46.479166666666664,19.437246963562753,25.86111111111111,52.0,4.593103448275862
2022-04-29,28.65891472868217,54.292929292929294,22.78076923076923,27.884615384615383,64.14344262295081,2.2937062937062938
2022-04-30,32.64028776978417,60.65094339622642,29.551971326164875,39.266666666666666,49.61333333333334,1.633587786259542
2022-05-01,33.17142857142857,63.81521739130435,32.489583333333336,36.87837837837838,37.329896907216494,2.5272727272727273
2022-05-02,28.30327868852459,65.4020618556701,27.948936170212765,38.12676056338028,57.93032786885246,2.8275862068965516
2022-05-03,26.14406779661017,60.53125,26.97872340425532,28.742857142857144,59.952569169960476,2.6530612244897958
2022-05-04,28.634146341463413,55.234693877551024,25.14644351464435,30.422535211267604,58.00790513833992,2.4489795918367347
2022-05-05,20.523809523809526,47.855670103092784,14.872509960159363,30.11764705882353,51.25954198473283,4.284722222222222
2022-05-06,13.62962962962963,42.29,3.5858208955223883,25.87837837837838,48.32283464566929,5.321428571428571
2022-05-07,16.229166666666668,46.699029126213595,9.65625,28.347826086956523,33.71848739495798,5.186046511627907
2022-05-08,35.07857142857143,55.797872340425535,24.315068493150687,26.02857142857143,32.01025641025641,2.541284403669725
2022-05-09,16.801652892561982,46.44,11.97107438016529,30.43661971830986,48.86614173228347,4.827586206896552
2022-05-10,20.752136752136753,51.28865979381443,17.431535269709542,29.594202898550726,57.79133858267716,3.356164383561644
2022-05-11,19.056451612903224,45.44444444444444,16.248979591836736,27.845070422535212,56.77777777777778,3.324324324324324
2022-05-12,24.365079365079364,47.93814432989691,22.13821138211382,30.718309859154928,55.69019607843137,2.6054421768707483
2022-05-13,22.061068702290076,44.94949494949495,15.965909090909092,28.61038961038961,58.393574297188756,3.2816901408450705
