date,retail_and_recreation_percent_change_from_baseline_Dominican Republic,grocery_and_pharmacy_percent_change_from_baseline_Dominican Republic,parks_percent_change_from_baseline_Dominican Republic,transit_stations_percent_change_from_baseline_Dominican Republic,workplaces_percent_change_from_baseline_Dominican Republic,residential_percent_change_from_baseline_Dominican Republic
2020-02-15,0.5909090909090909,6.0,1.12,-3.0,-1.8275862068965518,0.5833333333333334
2020-02-16,-13.285714285714286,-5.526315789473684,-7.8076923076923075,-12.7,-7.703703703703703,3.1
2020-02-17,1.8888888888888888,3.3157894736842106,-1.9166666666666667,-3.727272727272727,-4.258064516129032,0.75
2020-02-18,-0.7894736842105263,-0.9473684210526315,-2.652173913043478,4.1,2.566666666666667,-0.375
2020-02-19,-2.9,-3.7,-1.173913043478261,-1.1818181818181819,-0.26666666666666666,1.0
2020-02-20,-2.0526315789473686,-4.2,-0.3333333333333333,-2.6363636363636362,-0.5666666666666667,0.8125
2020-02-21,-2.857142857142857,-3.7,1.875,-1.0909090909090908,0.9,0.1875
2020-02-22,-3.6956521739130435,-4.565217391304348,-2.52,-2.3333333333333335,1.6206896551724137,0.38461538461538464
2020-02-23,-7.545454545454546,-7.55,-10.076923076923077,-0.5,-4.884615384615385,1.4
2020-02-24,-1.5789473684210527,-2.526315789473684,-5.041666666666667,-0.6363636363636364,2.3,0.25
2020-02-25,-1.368421052631579,-1.736842105263158,-0.5,0.6363636363636364,3.6666666666666665,0.125
2020-02-26,-0.47619047619047616,-2.1,-0.782608695652174,-2.090909090909091,-0.4,0.25
2020-02-27,-7.0,-11.80952380952381,39.18181818181818,-16.636363636363637,-40.774193548387096,12.0
2020-02-28,1.2727272727272727,2.35,0.3333333333333333,-0.09090909090909091,-2.1666666666666665,0.9333333333333333
2020-02-29,3.739130434782609,5.7272727272727275,4.56,3.1818181818181817,2.9655172413793105,-0.7692307692307693
2020-03-01,-7.363636363636363,-3.55,-10.807692307692308,-2.0,-6.333333333333333,1.2
2020-03-02,-3.5789473684210527,0.6,-12.0,-0.45454545454545453,1.5,1.0
2020-03-03,-2.4210526315789473,0.10526315789473684,-8.041666666666666,-1.8181818181818181,0.6666666666666666,1.5
2020-03-04,-1.0,0.7,-1.0454545454545454,-0.45454545454545453,1.3333333333333333,0.4375
2020-03-05,-1.3,-1.2,-1.5,0.2,1.6333333333333333,0.3125
2020-03-06,-2.5,-2.1,-2.48,-3.090909090909091,0.9666666666666667,0.0625
2020-03-07,-2.608695652173913,-1.8636363636363635,-1.32,0.45454545454545453,3.1379310344827585,-0.15384615384615385
2020-03-08,-16.217391304347824,-12.95,-21.423076923076923,-10.363636363636363,-7.185185185185185,2.8
2020-03-09,-9.263157894736842,-6.142857142857143,-16.166666666666668,-7.818181818181818,-0.1,1.8666666666666667
2020-03-10,-4.842105263157895,-2.789473684210526,-8.583333333333334,-1.3636363636363635,0.9666666666666667,1.1875
2020-03-11,-4.428571428571429,-3.65,-3.772727272727273,-6.2,1.1,1.0
2020-03-12,-5.894736842105263,-2.9,-7.416666666666667,-7.090909090909091,-0.9333333333333333,1.375
2020-03-13,-1.1428571428571428,7.578947368421052,-4.208333333333333,-5.818181818181818,-12.466666666666667,2.933333333333333
2020-03-14,-4.409090909090909,13.476190476190476,-4.88,-10.272727272727273,-1.3103448275862069,1.5
2020-03-15,-18.666666666666668,-3.45,-8.307692307692308,-16.583333333333332,-8.0,1.1
2020-03-16,-4.166666666666667,4.722222222222222,-1.375,-13.545454545454545,-14.258064516129032,3.466666666666667
2020-03-17,-10.473684210526315,9.631578947368421,-16.695652173913043,-15.909090909090908,-15.096774193548388,5.133333333333334
2020-03-18,-19.954545454545453,3.6842105263157894,-23.391304347826086,-22.416666666666668,-22.64516129032258,8.714285714285714
2020-03-19,-46.18181818181818,-21.80952380952381,-43.12,-47.75,-41.96774193548387,19.0
2020-03-20,-58.95454545454545,-35.333333333333336,-54.28,-63.61538461538461,-52.6,25.166666666666668
2020-03-21,-67.58333333333333,-47.36,-62.53846153846154,-74.42857142857143,-50.93333333333333,24.2
2020-03-22,-71.82608695652173,-55.40909090909091,-68.20689655172414,-78.33333333333333,-46.535714285714285,21.142857142857142
2020-03-23,-61.61904761904762,-38.166666666666664,-56.88,-74.46153846153847,-59.96774193548387,29.1
2020-03-24,-66.31818181818181,-48.708333333333336,-59.04,-78.33333333333333,-62.064516129032256,29.9
2020-03-25,-68.28571428571429,-51.791666666666664,-59.52,-79.58333333333333,-63.354838709677416,31.3
2020-03-26,-69.23809523809524,-52.375,-59.92,-80.08333333333333,-64.38709677419355,32.3
2020-03-27,-72.17391304347827,-56.65217391304348,-64.46153846153847,-82.38461538461539,-66.1,34.4
2020-03-28,-75.1304347826087,-58.48,-69.37037037037037,-83.53846153846153,-58.43333333333333,28.857142857142858
2020-03-29,-76.04545454545455,-61.42857142857143,-71.62068965517241,-85.16666666666667,-50.3448275862069,24.333333333333332
2020-03-30,-64.57142857142857,-42.73913043478261,-57.2,-78.33333333333333,-62.774193548387096,30.3
2020-03-31,-66.54545454545455,-49.708333333333336,-59.0,-79.5,-63.96774193548387,30.5
2020-04-01,-68.38095238095238,-52.541666666666664,-58.56,-81.16666666666667,-63.96774193548387,32.1
2020-04-02,-68.85714285714286,-52.0,-59.56,-80.58333333333333,-64.29032258064517,32.8
2020-04-03,-67.95454545454545,-50.416666666666664,-60.16,-80.92307692307692,-63.233333333333334,33.3
2020-04-04,-71.43478260869566,-54.72,-66.77777777777777,-81.21428571428571,-54.733333333333334,27.625
2020-04-05,-74.18181818181819,-57.75,-69.41379310344827,-83.75,-46.82142857142857,23.285714285714285
2020-04-06,-65.42857142857143,-48.166666666666664,-58.24,-79.58333333333333,-60.516129032258064,30.8
2020-04-07,-65.76190476190476,-48.541666666666664,-57.84,-78.91666666666667,-60.903225806451616,29.8
2020-04-08,-66.0,-47.95652173913044,-58.16,-80.07692307692308,-62.38709677419355,31.0
2020-04-09,-65.04761904761905,-43.791666666666664,-56.2,-79.3076923076923,-63.096774193548384,31.2
2020-04-10,-77.18181818181819,-67.16666666666667,-66.07692307692308,-87.72727272727273,-71.51612903225806,39.285714285714285
2020-04-11,-73.52173913043478,-57.333333333333336,-67.5925925925926,-83.76923076923077,-57.233333333333334,28.75
2020-04-12,-74.54545454545455,-60.35,-70.03571428571429,-84.91666666666667,-48.714285714285715,23.142857142857142
2020-04-13,-64.45454545454545,-47.875,-57.64,-79.33333333333333,-60.0,30.4
2020-04-14,-65.42857142857143,-49.541666666666664,-57.44,-79.75,-59.96774193548387,30.0
2020-04-15,-64.0,-47.958333333333336,-56.44,-78.15384615384616,-59.225806451612904,30.8
2020-04-16,-63.285714285714285,-45.291666666666664,-56.84,-77.92307692307692,-60.29032258064516,31.1
2020-04-17,-64.17391304347827,-45.625,-57.73076923076923,-78.84615384615384,-59.2,31.8
2020-04-18,-69.1304347826087,-52.041666666666664,-64.48148148148148,-81.61538461538461,-51.266666666666666,25.77777777777778
2020-04-19,-71.27272727272727,-54.72727272727273,-67.39285714285714,-83.0909090909091,-44.07142857142857,21.857142857142858
2020-04-20,-61.285714285714285,-43.72,-55.88,-77.46153846153847,-57.0,28.8
2020-04-21,-65.95238095238095,-50.875,-59.56,-80.0,-60.74193548387097,30.1
2020-04-22,-62.142857142857146,-44.833333333333336,-55.12,-77.23076923076923,-58.193548387096776,29.4
2020-04-23,-61.714285714285715,-44.82608695652174,-55.08,-78.0,-58.25806451612903,30.3
2020-04-24,-62.78260869565217,-46.0,-56.6,-78.53846153846153,-57.4,31.1
2020-04-25,-66.41666666666667,-49.36,-62.25925925925926,-79.84615384615384,-48.4,25.2
2020-04-26,-68.77272727272727,-53.27272727272727,-65.5,-82.16666666666667,-42.142857142857146,21.142857142857142
2020-04-27,-59.523809523809526,-44.083333333333336,-54.52,-76.3076923076923,-54.516129032258064,28.90909090909091
2020-04-28,-59.285714285714285,-43.958333333333336,-53.08,-76.33333333333333,-54.354838709677416,25.363636363636363
2020-04-29,-59.80952380952381,-44.083333333333336,-53.16,-76.46153846153847,-54.61290322580645,28.636363636363637
2020-04-30,-59.608695652173914,-42.833333333333336,-54.8,-76.84615384615384,-54.774193548387096,29.0
2020-05-01,-60.391304347826086,-43.791666666666664,-55.56,-75.0,-54.63333333333333,29.636363636363637
2020-05-02,-63.333333333333336,-45.791666666666664,-59.46153846153846,-77.0,-44.166666666666664,23.6
2020-05-03,-65.47826086956522,-47.72727272727273,-62.285714285714285,-79.58333333333333,-38.214285714285715,19.428571428571427
2020-05-04,-62.86363636363637,-47.083333333333336,-56.32,-78.61538461538461,-61.806451612903224,30.7
2020-05-05,-56.666666666666664,-39.69565217391305,-51.52,-72.58333333333333,-51.806451612903224,25.916666666666668
2020-05-06,-56.38095238095238,-37.34782608695652,-49.76,-73.0,-52.38709677419355,27.583333333333332
2020-05-07,-56.61904761904762,-38.09090909090909,-50.48,-72.33333333333333,-52.12903225806452,27.833333333333332
2020-05-08,-56.083333333333336,-35.333333333333336,-51.08,-71.3076923076923,-50.766666666666666,27.916666666666668
2020-05-09,-59.21739130434783,-38.458333333333336,-55.73076923076923,-75.0,-40.36666666666667,22.8
2020-05-10,-62.43478260869565,-42.333333333333336,-59.888888888888886,-77.75,-33.964285714285715,18.857142857142858
2020-05-11,-53.904761904761905,-35.0,-49.0,-72.38461538461539,-48.193548387096776,25.75
2020-05-12,-54.333333333333336,-35.77272727272727,-50.0,-71.41666666666667,-48.70967741935484,25.25
2020-05-13,-56.18181818181818,-38.708333333333336,-49.64,-71.15384615384616,-49.70967741935484,26.25
2020-05-14,-55.72727272727273,-37.0,-49.56,-72.38461538461539,-49.774193548387096,25.75
2020-05-15,-55.375,-35.5,-50.6,-71.85714285714286,-47.96666666666667,27.166666666666668
2020-05-16,-57.47826086956522,-35.791666666666664,-52.80769230769231,-71.38461538461539,-37.3,22.0
2020-05-17,-60.21739130434783,-39.095238095238095,-57.074074074074076,-74.75,-29.928571428571427,17.875
2020-05-18,-50.04545454545455,-31.545454545454547,-45.6,-69.25,-44.58064516129032,23.833333333333332
2020-05-19,-49.68181818181818,-29.90909090909091,-44.56,-67.58333333333333,-43.83870967741935,22.916666666666668
2020-05-20,-41.0,-26.772727272727273,-40.88,-63.416666666666664,-40.67741935483871,21.583333333333332
2020-05-21,-41.333333333333336,-25.857142857142858,-42.6,-63.666666666666664,-41.70967741935484,22.916666666666668
2020-05-22,-42.34782608695652,-25.73913043478261,-43.32,-65.25,-39.53333333333333,22.0
2020-05-23,-44.91304347826087,-26.041666666666668,-46.53846153846154,-65.33333333333333,-26.933333333333334,17.333333333333332
2020-05-24,-54.34782608695652,-34.19047619047619,-54.592592592592595,-72.75,-25.785714285714285,16.5
2020-05-25,-33.59090909090909,-19.0,-37.52,-60.333333333333336,-36.483870967741936,19.333333333333332
2020-05-26,-37.142857142857146,-24.428571428571427,-38.68,-60.833333333333336,-36.03225806451613,18.75
2020-05-27,-38.0,-26.272727272727273,-40.04,-60.0,-37.29032258064516,19.615384615384617
2020-05-28,-39.45454545454545,-27.19047619047619,-42.48,-62.333333333333336,-38.38709677419355,20.75
2020-05-29,-37.95652173913044,-22.681818181818183,-39.96,-62.166666666666664,-35.86666666666667,19.846153846153847
2020-05-30,-35.375,-16.375,-39.38461538461539,-60.333333333333336,-19.866666666666667,14.083333333333334
2020-05-31,-39.95652173913044,-16.05,-42.84615384615385,-63.416666666666664,-12.11111111111111,11.9
2020-06-01,-33.714285714285715,-20.181818181818183,-36.56,-60.416666666666664,-33.38709677419355,16.53846153846154
2020-06-02,-36.285714285714285,-23.40909090909091,-37.72,-57.333333333333336,-32.774193548387096,17.076923076923077
2020-06-03,-35.81818181818182,-23.59090909090909,-36.12,-55.25,-32.70967741935484,17.76923076923077
2020-06-04,-36.38095238095238,-22.0,-36.0,-54.0,-32.74193548387097,18.23076923076923
2020-06-05,-37.391304347826086,-22.136363636363637,-37.6,-56.083333333333336,-31.466666666666665,18.153846153846153
2020-06-06,-39.708333333333336,-20.541666666666668,-41.28,-56.25,-18.0,14.25
2020-06-07,-50.26086956521739,-29.2,-48.7037037037037,-64.41666666666667,-17.071428571428573,14.7
2020-06-08,-31.045454545454547,-16.428571428571427,-35.32,-51.666666666666664,-29.06451612903226,15.307692307692308
2020-06-09,-33.59090909090909,-19.61904761904762,-34.96,-49.833333333333336,-29.93548387096774,15.538461538461538
2020-06-10,-32.18181818181818,-20.181818181818183,-34.458333333333336,-50.333333333333336,-31.032258064516128,15.923076923076923
2020-06-11,-43.5,-29.38095238095238,-35.48,-62.833333333333336,-49.096774193548384,24.416666666666668
2020-06-12,-33.45454545454545,-18.454545454545453,-36.2,-52.666666666666664,-31.2,17.307692307692307
2020-06-13,-36.041666666666664,-18.333333333333332,-38.42307692307692,-54.916666666666664,-15.833333333333334,13.833333333333334
2020-06-14,-42.916666666666664,-21.2,-42.22222222222222,-57.583333333333336,-11.444444444444445,12.0
2020-06-15,-27.09090909090909,-12.095238095238095,-32.2,-48.25,-28.0,13.692307692307692
2020-06-16,-27.714285714285715,-13.2,-30.96,-45.666666666666664,-28.129032258064516,14.23076923076923
2020-06-17,-30.238095238095237,-16.8,-32.30434782608695,-47.916666666666664,-30.70967741935484,15.307692307692308
2020-06-18,-32.77272727272727,-20.428571428571427,-35.24,-51.083333333333336,-31.741935483870968,16.0
2020-06-19,-33.54545454545455,-19.40909090909091,-34.32,-53.75,-29.933333333333334,15.076923076923077
2020-06-20,-35.04347826086956,-18.708333333333332,-37.0,-54.583333333333336,-14.366666666666667,12.916666666666666
2020-06-21,-41.625,-22.1,-40.03846153846154,-59.0,-11.518518518518519,11.5
2020-06-22,-30.363636363636363,-17.952380952380953,-33.76,-49.0,-29.870967741935484,14.692307692307692
2020-06-23,-29.0,-15.263157894736842,-32.48,-48.18181818181818,-29.967741935483872,14.923076923076923
2020-06-24,-28.818181818181817,-14.318181818181818,-31.217391304347824,-47.166666666666664,-29.677419354838708,14.923076923076923
2020-06-25,-29.428571428571427,-14.333333333333334,-30.291666666666668,-50.0,-30.129032258064516,15.23076923076923
2020-06-26,-31.608695652173914,-16.5,-33.2,-50.75,-29.366666666666667,15.384615384615385
2020-06-27,-32.21739130434783,-14.695652173913043,-34.6,-51.333333333333336,-15.7,12.333333333333334
2020-06-28,-35.333333333333336,-15.35,-33.03846153846154,-51.25,-11.333333333333334,10.1
2020-06-29,-25.318181818181817,-13.0,-29.32,-46.666666666666664,-28.741935483870968,12.923076923076923
2020-06-30,-22.55,-4.684210526315789,-25.2,-42.54545454545455,-28.129032258064516,12.384615384615385
2020-07-01,-24.38095238095238,-8.65,-25.166666666666668,-40.333333333333336,-29.806451612903224,12.846153846153847
2020-07-02,-24.238095238095237,-7.7,-25.125,-41.81818181818182,-30.612903225806452,14.0
2020-07-03,-23.90909090909091,-7.65,-24.44,-41.0,-28.9,13.846153846153847
2020-07-04,-21.217391304347824,1.0,-21.04,-39.166666666666664,-12.448275862068966,9.166666666666666
2020-07-05,-32.714285714285715,-11.055555555555555,-22.5,-45.416666666666664,-14.37037037037037,6.7
2020-07-06,-20.55,-5.888888888888889,-18.36,-43.166666666666664,-31.451612903225808,13.0
2020-07-07,-24.05,-8.578947368421053,-25.375,-38.90909090909091,-30.096774193548388,12.846153846153847
2020-07-08,-27.818181818181817,-15.19047619047619,-29.44,-42.916666666666664,-31.967741935483872,14.076923076923077
2020-07-09,-26.571428571428573,-13.3,-27.375,-42.54545454545455,-31.741935483870968,13.76923076923077
2020-07-10,-29.52173913043478,-14.523809523809524,-29.96,-43.333333333333336,-30.466666666666665,14.538461538461538
2020-07-11,-29.5,-14.869565217391305,-30.4,-45.666666666666664,-16.266666666666666,11.083333333333334
2020-07-12,-35.583333333333336,-18.3,-30.076923076923077,-48.083333333333336,-15.5,10.5
2020-07-13,-24.5,-13.476190476190476,-28.84,-41.666666666666664,-30.677419354838708,12.923076923076923
2020-07-14,-25.80952380952381,-14.157894736842104,-28.8,-43.0,-31.580645161290324,13.307692307692308
2020-07-15,-25.727272727272727,-12.19047619047619,-27.75,-41.833333333333336,-31.806451612903224,13.846153846153847
2020-07-16,-24.61904761904762,-10.142857142857142,-28.208333333333332,-43.90909090909091,-32.03225806451613,14.153846153846153
2020-07-17,-27.59090909090909,-11.904761904761905,-30.28,-42.333333333333336,-31.6,14.692307692307692
2020-07-18,-30.041666666666668,-12.521739130434783,-32.03846153846154,-44.666666666666664,-18.033333333333335,11.916666666666666
2020-07-19,-38.25,-19.4,-36.69230769230769,-49.416666666666664,-17.821428571428573,11.7
2020-07-20,-26.681818181818183,-12.857142857142858,-32.92,-44.916666666666664,-31.903225806451612,14.307692307692308
2020-07-21,-33.19047619047619,-21.857142857142858,-36.72,-48.18181818181818,-35.12903225806452,16.46153846153846
2020-07-22,-33.81818181818182,-22.09090909090909,-36.84,-46.5,-34.87096774193548,17.384615384615383
2020-07-23,-33.09090909090909,-20.80952380952381,-36.08,-48.18181818181818,-34.87096774193548,17.615384615384617
2020-07-24,-33.18181818181818,-17.318181818181817,-35.72,-48.333333333333336,-34.2,17.153846153846153
2020-07-25,-36.916666666666664,-17.82608695652174,-39.53846153846154,-51.25,-23.233333333333334,15.583333333333334
2020-07-26,-40.17391304347826,-15.05,-40.88461538461539,-54.416666666666664,-18.5,13.2
2020-07-27,-26.59090909090909,-11.0,-30.68,-46.72727272727273,-34.12903225806452,14.846153846153847
2020-07-28,-28.45,-12.947368421052632,-30.32,-44.18181818181818,-33.903225806451616,14.923076923076923
2020-07-29,-28.227272727272727,-11.428571428571429,-30.217391304347824,-44.333333333333336,-36.0,15.076923076923077
2020-07-30,-47.714285714285715,-31.4,-51.56,-63.416666666666664,-47.87096774193548,22.166666666666668
2020-07-31,-41.857142857142854,-26.304347826086957,-45.72,-56.25,-41.7,16.75
2020-08-01,-39.5,-23.73913043478261,-43.44,-53.333333333333336,-25.366666666666667,14.666666666666666
2020-08-02,-43.041666666666664,-22.55,-42.76923076923077,-55.083333333333336,-22.75,13.7
2020-08-03,-24.857142857142858,-11.952380952380953,-28.44,-43.25,-34.38709677419355,13.461538461538462
2020-08-04,-25.904761904761905,-13.8,-28.84,-42.81818181818182,-34.74193548387097,13.76923076923077
2020-08-05,-27.727272727272727,-15.909090909090908,-28.84,-43.166666666666664,-35.54838709677419,14.846153846153847
2020-08-06,-29.142857142857142,-17.333333333333332,-28.52,-47.81818181818182,-35.61290322580645,14.846153846153847
2020-08-07,-31.545454545454547,-18.545454545454547,-29.36,-46.916666666666664,-34.4,14.923076923076923
2020-08-08,-37.458333333333336,-23.08695652173913,-37.72,-52.916666666666664,-23.8,13.916666666666666
2020-08-09,-40.958333333333336,-21.65,-36.03846153846154,-55.25,-21.785714285714285,11.9
2020-08-10,-26.5,-15.571428571428571,-30.0,-46.36363636363637,-34.225806451612904,12.76923076923077
2020-08-11,-28.09090909090909,-17.857142857142858,-28.44,-47.0,-34.645161290322584,13.692307692307692
2020-08-12,-28.952380952380953,-18.272727272727273,-28.88,-46.916666666666664,-35.483870967741936,14.615384615384615
2020-08-13,-30.333333333333332,-18.61904761904762,-29.6,-48.81818181818182,-35.45161290322581,15.23076923076923
2020-08-14,-31.181818181818183,-17.272727272727273,-30.52,-47.333333333333336,-34.53333333333333,15.538461538461538
2020-08-15,-34.75,-17.782608695652176,-37.04,-51.0,-23.366666666666667,13.75
2020-08-16,-39.125,-17.65,-34.80769230769231,-54.166666666666664,-22.071428571428573,12.0
2020-08-17,-32.4,-16.25,-26.75,-49.0,-34.0,12.692307692307692
2020-08-18,-33.6,-17.25,-24.75,-48.25,-32.666666666666664,12.615384615384615
2020-08-19,-36.4,-19.0,-26.0,-51.25,-34.25,13.615384615384615
2020-08-20,-37.2,-20.25,-28.5,-52.0,-35.0,14.0
2020-08-21,-38.2,-17.5,-32.0,-45.4,-34.833333333333336,14.538461538461538
2020-08-22,-44.0,-22.0,-45.0,-51.4,-30.0,14.5
2020-08-23,-64.0,-45.0,-65.14285714285714,-68.6,-44.5,15.375
2020-08-24,-35.6,-19.5,-33.0,-51.75,-33.666666666666664,11.846153846153847
2020-08-25,-33.6,-17.25,-25.0,-47.5,-33.583333333333336,12.461538461538462
2020-08-26,-36.0,-19.5,-26.0,-50.75,-33.833333333333336,12.692307692307692
2020-08-27,-35.6,-19.5,-27.5,-50.0,-34.083333333333336,12.846153846153847
2020-08-28,-36.2,-17.25,-27.75,-44.2,-33.916666666666664,12.692307692307692
2020-08-29,-40.6,-20.25,-33.6,-47.6,-27.555555555555557,11.333333333333334
2020-08-30,-43.4,-19.75,-34.0,-53.25,-26.333333333333332,9.7
2020-08-31,-32.0,-16.5,-26.5,-45.5,-32.916666666666664,10.76923076923077
2020-09-01,-32.6,-16.25,-26.0,-44.25,-33.75,11.923076923076923
2020-09-02,-34.6,-18.0,-26.5,-46.75,-34.583333333333336,12.384615384615385
2020-09-03,-35.6,-20.0,-31.0,-47.5,-35.5,13.615384615384615
2020-09-04,-37.2,-17.25,-32.75,-42.8,-35.083333333333336,14.076923076923077
2020-09-05,-40.4,-19.5,-33.2,-49.0,-28.77777777777778,12.5
2020-09-06,-44.4,-20.0,-32.0,-59.0,-28.166666666666668,11.1
2020-09-07,-30.4,-12.25,-23.25,-46.5,-33.25,10.846153846153847
2020-09-08,-30.6,-13.0,-22.5,-44.25,-33.75,11.307692307692308
2020-09-09,-35.2,-17.0,-25.25,-50.25,-34.083333333333336,12.0
2020-09-10,-34.2,-18.0,-23.75,-46.5,-34.666666666666664,12.538461538461538
2020-09-11,-24.772727272727273,-14.952380952380953,-27.08,-40.84615384615385,-33.733333333333334,12.076923076923077
2020-09-12,-31.0,-18.217391304347824,-31.44,-47.61538461538461,-24.8,11.333333333333334
2020-09-13,-36.54545454545455,-17.529411764705884,-29.0,-53.53846153846154,-23.607142857142858,9.9
2020-09-14,-21.85,-13.5,-25.52,-39.666666666666664,-31.0,11.0
2020-09-15,-22.55,-12.95,-26.958333333333332,-38.25,-31.225806451612904,11.846153846153847
2020-09-16,-23.5,-13.571428571428571,-24.73913043478261,-35.92307692307692,-32.45161290322581,12.076923076923077
2020-09-17,-25.45,-16.210526315789473,-28.0,-42.0,-34.03225806451613,12.846153846153847
2020-09-18,-23.59090909090909,-10.31578947368421,-27.04,-39.30769230769231,-31.866666666666667,12.461538461538462
2020-09-19,-30.043478260869566,-15.130434782608695,-31.8,-44.46153846153846,-23.966666666666665,11.916666666666666
2020-09-20,-35.208333333333336,-15.421052631578947,-29.307692307692307,-49.92307692307692,-23.071428571428573,10.2
2020-09-21,-21.238095238095237,-8.65,-25.92,-35.46153846153846,-32.54838709677419,10.923076923076923
2020-09-22,-27.8,-12.0,-30.75,-34.833333333333336,-34.61290322580645,11.307692307692308
2020-09-23,-29.681818181818183,-13.35,-32.416666666666664,-34.0,-36.096774193548384,11.857142857142858
2020-09-24,-38.59090909090909,-24.761904761904763,-20.125,-52.333333333333336,-56.29032258064516,19.0
2020-09-25,-30.0,-12.75,-30.72,-34.53846153846154,-35.03225806451613,13.0
2020-09-26,-36.041666666666664,-17.863636363636363,-33.88,-40.15384615384615,-25.9,12.6875
2020-09-27,-42.5,-20.95,-31.26923076923077,-46.46153846153846,-26.214285714285715,10.285714285714286
2020-09-28,-26.954545454545453,-9.35,-32.64,-33.75,-33.0,11.476190476190476
2020-09-29,-28.95,-11.68421052631579,-31.36,-33.416666666666664,-33.935483870967744,10.95
2020-09-30,-29.5,-12.1,-33.666666666666664,-33.23076923076923,-36.74193548387097,9.571428571428571
2020-10-01,-28.61904761904762,-9.3,-35.083333333333336,-32.75,-35.87096774193548,7.409090909090909
2020-10-02,-27.681818181818183,-8.4,-31.24,-32.083333333333336,-34.516129032258064,7.363636363636363
2020-10-03,-35.0,-14.166666666666666,-36.11538461538461,-37.53846153846154,-28.6,7.5625
2020-10-04,-39.333333333333336,-15.15,-33.57692307692308,-43.69230769230769,-30.142857142857142,6.5
2020-10-05,-25.272727272727273,-8.3,-32.12,-28.083333333333332,-35.225806451612904,6.238095238095238
2020-10-06,-26.5,-8.947368421052632,-31.5,-29.666666666666668,-34.516129032258064,6.523809523809524
2020-10-07,-26.523809523809526,-7.0,-29.695652173913043,-29.25,-33.70967741935484,8.476190476190476
2020-10-08,-26.761904761904763,-9.9,-32.083333333333336,-30.09090909090909,-33.483870967741936,10.15
2020-10-09,-28.818181818181817,-10.7,-30.56,-36.25,-31.866666666666667,10.285714285714286
2020-10-10,-34.333333333333336,-15.25,-33.69230769230769,-37.53846153846154,-23.866666666666667,10.0
2020-10-11,-39.458333333333336,-17.352941176470587,-32.26923076923077,-42.38461538461539,-25.285714285714285,8.571428571428571
2020-10-12,-24.772727272727273,-8.7,-30.8,-32.0,-32.03225806451613,9.761904761904763
2020-10-13,-26.0,-9.473684210526315,-31.916666666666668,-31.166666666666668,-32.0,10.1
2020-10-14,-27.857142857142858,-9.0,-33.130434782608695,-34.0,-32.83870967741935,11.523809523809524
2020-10-15,-27.61904761904762,-4.55,-35.125,-31.272727272727273,-32.96774193548387,11.714285714285714
2020-10-16,-26.09090909090909,0.42105263157894735,-33.64,-32.083333333333336,-31.322580645161292,11.238095238095237
2020-10-17,-33.375,-5.045454545454546,-36.15384615384615,-36.15384615384615,-24.933333333333334,10.0625
2020-10-18,-37.833333333333336,-5.75,-28.53846153846154,-38.46153846153846,-25.071428571428573,8.0
2020-10-19,-24.681818181818183,-0.2631578947368421,-32.12,-31.0,-31.548387096774192,10.142857142857142
2020-10-20,-26.45,-2.263157894736842,-31.666666666666668,-31.333333333333332,-32.096774193548384,10.428571428571429
2020-10-21,-25.818181818181817,-1.75,-27.782608695652176,-30.636363636363637,-31.516129032258064,9.954545454545455
2020-10-22,-26.857142857142858,-4.0,-28.434782608695652,-32.5,-32.225806451612904,10.0
2020-10-23,-25.318181818181817,-2.210526315789474,-24.96,-32.0,-30.466666666666665,9.619047619047619
2020-10-24,-32.125,-4.090909090909091,-26.53846153846154,-35.23076923076923,-23.833333333333332,8.4375
2020-10-25,-36.416666666666664,-4.7368421052631575,-21.423076923076923,-42.75,-22.892857142857142,6.714285714285714
2020-10-26,-23.045454545454547,2.0,-26.75,-29.5,-29.838709677419356,8.0
2020-10-27,-25.35,0.3684210526315789,-31.958333333333332,-29.083333333333332,-31.612903225806452,8.681818181818182
2020-10-28,-23.681818181818183,0.65,-32.30434782608695,-29.454545454545453,-31.516129032258064,8.454545454545455
2020-10-29,-25.523809523809526,-2.45,-37.125,-30.583333333333332,-32.25806451612903,8.857142857142858
2020-10-30,-26.636363636363637,-1.8,-35.8,-31.75,-32.0,8.136363636363637
2020-10-31,-32.875,-6.304347826086956,-37.53846153846154,-33.15384615384615,-25.0,8.5625
2020-11-01,-36.208333333333336,-5.2,-31.307692307692307,-36.0,-25.464285714285715,6.857142857142857
2020-11-02,-23.545454545454547,-0.5789473684210527,-35.96,-26.166666666666668,-32.096774193548384,7.523809523809524
2020-11-03,-29.333333333333332,-8.3,-42.0,-27.666666666666668,-34.774193548387096,9.761904761904763
2020-11-04,-25.681818181818183,-3.65,-35.416666666666664,-25.90909090909091,-31.129032258064516,8.714285714285714
2020-11-05,-27.095238095238095,-6.157894736842105,-34.2,-30.25,-31.580645161290324,8.523809523809524
2020-11-06,-28.227272727272727,-6.8,-35.16,-32.416666666666664,-30.4,8.238095238095237
2020-11-07,-32.541666666666664,-7.043478260869565,-35.42307692307692,-30.923076923076923,-26.566666666666666,7.875
2020-11-08,-39.625,-10.333333333333334,-34.0,-43.416666666666664,-30.142857142857142,8.461538461538462
2020-11-09,-37.5,-22.61904761904762,-32.72,-45.53846153846154,-59.354838709677416,16.63157894736842
2020-11-10,-26.9,-3.6842105263157894,-38.708333333333336,-25.666666666666668,-31.225806451612904,7.380952380952381
2020-11-11,-31.59090909090909,-10.6,-42.625,-30.46153846153846,-33.16129032258065,10.45
2020-11-12,-31.19047619047619,-9.80952380952381,-41.16,-33.583333333333336,-32.54838709677419,10.428571428571429
2020-11-13,-26.5,-0.85,-35.72,-31.416666666666668,-29.3,8.380952380952381
2020-11-14,-33.166666666666664,-5.2727272727272725,-38.07692307692308,-32.84615384615385,-24.133333333333333,8.4375
2020-11-15,-38.125,-5.157894736842105,-36.23076923076923,-35.23076923076923,-24.75,7.571428571428571
2020-11-16,-22.59090909090909,3.526315789473684,-33.04,-25.833333333333332,-29.29032258064516,6.9523809523809526
2020-11-17,-24.19047619047619,-0.2631578947368421,-32.36,-25.833333333333332,-30.322580645161292,7.666666666666667
2020-11-18,-27.181818181818183,-5.05,-37.75,-26.09090909090909,-31.29032258064516,9.142857142857142
2020-11-19,-29.727272727272727,-10.2,-41.04,-29.636363636363637,-31.580645161290324,10.047619047619047
2020-11-20,-26.181818181818183,-1.8,-34.48,-29.416666666666668,-28.966666666666665,8.571428571428571
2020-11-21,-32.916666666666664,-9.458333333333334,-39.26923076923077,-32.61538461538461,-25.0,8.0
2020-11-22,-38.875,-10.555555555555555,-37.0,-37.53846153846154,-26.464285714285715,7.357142857142857
2020-11-23,-25.59090909090909,-3.85,-37.08,-29.166666666666668,-29.612903225806452,7.809523809523809
2020-11-24,-25.761904761904763,-4.894736842105263,-35.48,-26.833333333333332,-30.161290322580644,8.047619047619047
2020-11-25,-25.863636363636363,-4.65,-34.708333333333336,-25.0,-29.93548387096774,8.523809523809524
2020-11-26,-24.19047619047619,-1.0,-34.608695652173914,-29.25,-30.387096774193548,8.142857142857142
2020-11-27,-22.181818181818183,0.15,-32.32,-28.75,-28.6,7.0
2020-11-28,-31.083333333333332,-7.318181818181818,-37.96153846153846,-33.53846153846154,-24.233333333333334,8.0625
2020-11-29,-34.958333333333336,-4.421052631578948,-32.38461538461539,-33.0,-24.321428571428573,7.0
2020-11-30,-20.863636363636363,5.2105263157894735,-32.041666666666664,-23.583333333333332,-27.93548387096774,6.904761904761905
2020-12-01,-21.25,7.7894736842105265,-32.458333333333336,-21.833333333333332,-27.870967741935484,7.181818181818182
2020-12-02,-21.045454545454547,6.95,-32.0,-22.583333333333332,-27.70967741935484,8.142857142857142
2020-12-03,-21.952380952380953,3.65,-33.608695652173914,-23.25,-28.161290322580644,8.571428571428571
2020-12-04,-21.636363636363637,4.6,-31.12,-22.923076923076923,-26.8,7.857142857142857
2020-12-05,-29.166666666666668,-3.227272727272727,-34.61538461538461,-28.23076923076923,-22.3,7.3125
2020-12-06,-33.833333333333336,-3.15,-29.384615384615383,-30.923076923076923,-22.928571428571427,6.071428571428571
2020-12-07,-20.9,5.315789473684211,-30.52,-20.09090909090909,-28.0,6.571428571428571
2020-12-08,-21.2,4.052631578947368,-29.708333333333332,-19.0,-26.483870967741936,6.954545454545454
2020-12-09,-24.272727272727273,0.10526315789473684,-28.782608695652176,-20.181818181818183,-27.903225806451612,8.904761904761905
2020-12-10,-27.61904761904762,-2.95,-32.916666666666664,-24.75,-30.06451612903226,10.65
2020-12-11,-24.727272727272727,2.3,-27.76,-22.0,-26.233333333333334,9.571428571428571
2020-12-12,-31.458333333333332,-1.3181818181818181,-30.03846153846154,-24.76923076923077,-21.733333333333334,8.5
2020-12-13,-35.291666666666664,-1.2,-26.03846153846154,-27.75,-21.892857142857142,7.357142857142857
2020-12-14,-19.238095238095237,9.052631578947368,-24.041666666666668,-16.583333333333332,-26.64516129032258,7.9523809523809526
2020-12-15,-18.85,12.31578947368421,-22.782608695652176,-11.181818181818182,-27.612903225806452,7.818181818181818
2020-12-16,-19.476190476190474,12.85,-23.0,-9.454545454545455,-28.0,9.047619047619047
2020-12-17,-18.714285714285715,15.263157894736842,-21.347826086956523,-10.636363636363637,-28.612903225806452,8.571428571428571
2020-12-18,-19.681818181818183,15.0,-20.68,-12.090909090909092,-27.366666666666667,8.285714285714286
2020-12-19,-26.875,9.0,-26.923076923076923,-14.461538461538462,-21.0,7.1875
2020-12-20,-29.458333333333332,11.68421052631579,-20.153846153846153,-17.363636363636363,-18.464285714285715,5.5
2020-12-21,-10.947368421052632,27.38888888888889,-15.695652173913043,-2.1818181818181817,-30.774193548387096,6.523809523809524
2020-12-22,-10.55,29.42105263157895,-12.608695652173912,4.3,-32.25806451612903,5.7727272727272725
2020-12-23,-5.5,42.611111111111114,-6.304347826086956,7.0,-32.45161290322581,6.333333333333333
2020-12-24,-10.25,43.22222222222222,-3.391304347826087,-11.1,-44.03225806451613,7.2727272727272725
2020-12-25,-38.04545454545455,-23.68421052631579,-2.6956521739130435,-46.0,-65.90322580645162,17.526315789473685
2020-12-26,-25.17391304347826,10.6,-11.36,-21.23076923076923,-30.533333333333335,8.8125
2020-12-27,-30.708333333333332,4.833333333333333,-10.884615384615385,-17.6,-21.5,6.357142857142857
2020-12-28,-13.105263157894736,21.944444444444443,-12.782608695652174,-10.181818181818182,-34.03225806451613,9.0
2020-12-29,-13.8,20.105263157894736,-14.0,-9.9,-34.483870967741936,9.0
2020-12-30,-8.526315789473685,33.166666666666664,-2.217391304347826,-3.4,-33.96774193548387,8.952380952380953
2020-12-31,-12.666666666666666,38.94444444444444,-1.7727272727272727,-15.7,-43.12903225806452,9.380952380952381
2021-01-01,-46.0,-30.95,-8.541666666666666,-51.38461538461539,-69.35483870967742,20.705882352941178
2021-01-02,-58.916666666666664,-27.041666666666668,-46.53846153846154,-51.69230769230769,-51.63333333333333,21.125
2021-01-03,-58.75,-20.65,-46.88461538461539,-49.23076923076923,-43.48275862068966,17.46153846153846
2021-01-04,-26.476190476190474,7.421052631578948,-12.73913043478261,-25.166666666666668,-55.12903225806452,15.789473684210526
2021-01-05,-22.285714285714285,8.631578947368421,-19.91304347826087,-15.363636363636363,-33.903225806451616,10.55
2021-01-06,-24.285714285714285,6.526315789473684,-21.956521739130434,-14.727272727272727,-34.12903225806452,12.3
2021-01-07,-24.857142857142858,2.55,-25.291666666666668,-17.727272727272727,-32.096774193548384,12.25
2021-01-08,-24.863636363636363,2.5789473684210527,-25.72,-16.818181818181817,-32.4,10.571428571428571
2021-01-09,-55.125,-27.958333333333332,-55.69230769230769,-49.07692307692308,-42.1,17.5
2021-01-10,-58.541666666666664,-26.94736842105263,-57.0,-51.92307692307692,-39.142857142857146,15.615384615384615
2021-01-11,-20.4,2.6842105263157894,-26.92,-12.727272727272727,-29.29032258064516,7.190476190476191
2021-01-12,-25.4,-4.473684210526316,-31.083333333333332,-19.454545454545453,-31.967741935483872,7.857142857142857
2021-01-13,-28.0,-10.0,-34.958333333333336,-25.454545454545453,-36.0,6.476190476190476
2021-01-14,-31.904761904761905,-14.5,-40.541666666666664,-30.363636363636363,-40.483870967741936,7.15
2021-01-15,-34.47826086956522,-13.7,-39.28,-32.416666666666664,-41.03225806451613,6.0
2021-01-16,-55.04,-34.130434782608695,-57.15384615384615,-51.23076923076923,-46.233333333333334,11.8125
2021-01-17,-57.26086956521739,-29.333333333333332,-56.7037037037037,-52.92307692307692,-45.13793103448276,10.307692307692308
2021-01-18,-29.59090909090909,-10.85,-39.16,-26.363636363636363,-40.29032258064516,6.3
2021-01-19,-31.954545454545453,-14.95,-41.833333333333336,-29.25,-41.25806451612903,7.05
2021-01-20,-31.181818181818183,-13.0,-40.25,-26.545454545454547,-40.96774193548387,7.5
2021-01-21,-38.95454545454545,-23.7,-30.75,-45.84615384615385,-62.74193548387097,13.95
2021-01-22,-30.40909090909091,-10.8,-35.04,-29.53846153846154,-40.25806451612903,7.45
2021-01-23,-50.875,-31.416666666666668,-51.15384615384615,-46.84615384615385,-42.9,11.9375
2021-01-24,-53.0,-26.105263157894736,-48.84615384615385,-51.0,-42.172413793103445,10.384615384615385
2021-01-25,-34.714285714285715,-19.363636363636363,-25.17391304347826,-39.5,-60.83870967741935,12.105263157894736
2021-01-26,-30.714285714285715,-13.7,-41.541666666666664,-25.0,-38.516129032258064,6.65
2021-01-27,-27.454545454545453,-7.4,-37.583333333333336,-25.09090909090909,-37.806451612903224,7.35
2021-01-28,-28.095238095238095,-5.25,-38.5,-28.0,-37.645161290322584,6.476190476190476
2021-01-29,-29.956521739130434,-2.8947368421052633,-38.53846153846154,-29.153846153846153,-36.96774193548387,4.55
2021-01-30,-39.666666666666664,-10.875,-42.38461538461539,-35.0,-34.56666666666667,4.1875
2021-01-31,-45.125,-11.105263157894736,-41.03846153846154,-42.92307692307692,-34.357142857142854,4.285714285714286
2021-02-01,-25.863636363636363,1.368421052631579,-33.8,-25.818181818181817,-37.45161290322581,2.0952380952380953
2021-02-02,-26.95,-0.15789473684210525,-34.666666666666664,-24.09090909090909,-37.41935483870968,3.1904761904761907
2021-02-03,-30.636363636363637,-10.6,-37.375,-26.166666666666668,-38.87096774193548,5.380952380952381
2021-02-04,-31.095238095238095,-11.25,-38.375,-31.09090909090909,-39.41935483870968,6.2
2021-02-05,-29.818181818181817,-9.05,-34.76,-29.846153846153847,-37.096774193548384,5.523809523809524
2021-02-06,-38.416666666666664,-17.708333333333332,-37.30769230769231,-35.61538461538461,-34.0,4.75
2021-02-07,-43.125,-17.61111111111111,-31.807692307692307,-40.69230769230769,-35.32142857142857,3.5714285714285716
2021-02-08,-27.272727272727273,-5.947368421052632,-34.96,-28.666666666666668,-37.193548387096776,4.333333333333333
2021-02-09,-26.761904761904763,-5.368421052631579,-35.708333333333336,-26.166666666666668,-37.645161290322584,4.619047619047619
2021-02-10,-28.40909090909091,-8.85,-35.208333333333336,-27.272727272727273,-37.74193548387097,5.571428571428571
2021-02-11,-29.714285714285715,-9.2,-40.375,-30.0,-39.193548387096776,4.619047619047619
2021-02-12,-30.391304347826086,-8.85,-41.0,-28.583333333333332,-38.0,1.3636363636363635
2021-02-13,-35.958333333333336,-11.25,-39.69230769230769,-33.69230769230769,-34.96666666666667,0.125
2021-02-14,-33.0,-2.6842105263157894,-28.153846153846153,-34.84615384615385,-33.535714285714285,-1.7142857142857142
2021-02-15,-27.227272727272727,-1.7,-40.16,-26.5,-38.41935483870968,0.3333333333333333
2021-02-16,-25.61904761904762,-0.6842105263157895,-36.8,-23.666666666666668,-38.83870967741935,0.6363636363636364
2021-02-17,-28.181818181818183,-3.75,-41.333333333333336,-22.818181818181817,-38.806451612903224,2.1904761904761907
2021-02-18,-28.095238095238095,-4.5,-38.92,-27.666666666666668,-38.70967741935484,2.5714285714285716
2021-02-19,-27.90909090909091,-4.15,-37.76,-26.76923076923077,-37.096774193548384,1.3636363636363635
2021-02-20,-35.208333333333336,-10.083333333333334,-37.19230769230769,-33.07692307692308,-33.7,0.6875
2021-02-21,-40.583333333333336,-10.894736842105264,-34.19230769230769,-36.53846153846154,-35.392857142857146,0.8571428571428571
2021-02-22,-26.90909090909091,-1.9473684210526316,-41.72,-26.09090909090909,-36.38709677419355,1.4285714285714286
2021-02-23,-26.428571428571427,0.3888888888888889,-39.208333333333336,-23.0,-36.935483870967744,0.8181818181818182
2021-02-24,-26.857142857142858,-0.95,-38.208333333333336,-24.09090909090909,-36.70967741935484,2.380952380952381
2021-02-25,-25.714285714285715,0.8,-38.166666666666664,-24.545454545454547,-36.58064516129032,1.8636363636363635
2021-02-26,-23.636363636363637,4.35,-32.72,-23.5,-34.63333333333333,-0.09090909090909091
2021-02-27,-35.583333333333336,-6.545454545454546,-27.92,-35.30769230769231,-44.06666666666667,2.75
2021-02-28,-36.541666666666664,-5.722222222222222,-28.615384615384617,-35.583333333333336,-34.285714285714285,-0.5
2021-03-01,-21.318181818181817,6.578947368421052,-36.24,-19.636363636363637,-34.58064516129032,-0.6190476190476191
2021-03-02,-23.1,4.631578947368421,-36.583333333333336,-19.363636363636363,-35.645161290322584,0.18181818181818182
2021-03-03,-22.681818181818183,3.1,-35.583333333333336,-18.90909090909091,-35.903225806451616,1.0
2021-03-04,-24.238095238095237,0.3,-35.791666666666664,-22.09090909090909,-36.483870967741936,1.1363636363636365
2021-03-05,-23.636363636363637,0.1,-33.8,-23.083333333333332,-33.96774193548387,0.2727272727272727
2021-03-06,-30.083333333333332,-4.739130434782608,-32.88461538461539,-27.76923076923077,-30.533333333333335,-0.625
2021-03-07,-34.125,-6.9,-23.423076923076923,-32.07692307692308,-31.428571428571427,-1.6428571428571428
2021-03-08,-24.40909090909091,0.0,-38.4,-22.90909090909091,-35.32258064516129,0.3333333333333333
2021-03-09,-31.61904761904762,-9.1,-45.92,-25.0,-37.96774193548387,3.3333333333333335
2021-03-10,-28.318181818181817,-4.85,-43.708333333333336,-21.916666666666668,-37.225806451612904,3.1904761904761907
2021-03-11,-26.523809523809526,-3.1,-40.4,-24.454545454545453,-36.12903225806452,2.6666666666666665
2021-03-12,-24.363636363636363,0.55,-36.52,-22.166666666666668,-33.36666666666667,0.8636363636363636
2021-03-13,-30.416666666666668,-4.875,-35.53846153846154,-28.53846153846154,-29.666666666666668,0.3125
2021-03-14,-33.75,-4.944444444444445,-25.692307692307693,-28.923076923076923,-29.857142857142858,-0.7142857142857143
2021-03-15,-20.454545454545453,7.526315789473684,-34.84,-18.727272727272727,-33.516129032258064,-0.38095238095238093
2021-03-16,-19.9,9.421052631578947,-34.666666666666664,-14.0,-33.38709677419355,0.09090909090909091
2021-03-17,-20.863636363636363,5.1,-34.541666666666664,-14.454545454545455,-33.32258064516129,1.4761904761904763
2021-03-18,-20.523809523809526,5.35,-32.333333333333336,-16.454545454545453,-33.32258064516129,0.9090909090909091
2021-03-19,-19.954545454545453,5.526315789473684,-31.0,-17.25,-31.612903225806452,0.13636363636363635
2021-03-20,-26.333333333333332,0.8571428571428571,-28.5,-21.23076923076923,-27.9,-0.9375
2021-03-21,-30.375,-1.368421052631579,-19.76923076923077,-21.916666666666668,-29.035714285714285,-1.5714285714285714
2021-03-22,-21.272727272727273,5.421052631578948,-37.52,-15.818181818181818,-32.645161290322584,0.2857142857142857
2021-03-23,-20.1,5.7368421052631575,-32.666666666666664,-11.0,-32.29032258064516,-0.18181818181818182
2021-03-24,-20.285714285714285,5.0,-31.083333333333332,-11.0,-32.61290322580645,0.8181818181818182
2021-03-25,-19.6,5.05,-31.416666666666668,-12.363636363636363,-32.87096774193548,0.7727272727272727
2021-03-26,-19.545454545454547,7.157894736842105,-30.6,-13.818181818181818,-31.266666666666666,-0.09090909090909091
2021-03-27,-24.666666666666668,3.5714285714285716,-28.923076923076923,-18.615384615384617,-27.266666666666666,-1.3125
2021-03-28,-29.08695652173913,0.6842105263157895,-19.03846153846154,-18.6,-27.964285714285715,-1.4285714285714286
2021-03-29,-15.15,12.947368421052632,-28.08,-8.818181818181818,-34.83870967741935,-0.7272727272727273
2021-03-30,-12.7,17.736842105263158,-24.458333333333332,-5.1,-34.645161290322584,-1.3636363636363635
2021-03-31,-8.31578947368421,28.555555555555557,-17.47826086956522,0.5,-36.516129032258064,-1.2727272727272727
2021-04-01,-6.555555555555555,36.94444444444444,-3.4285714285714284,-5.9,-47.74193548387097,0.4090909090909091
2021-04-02,-43.041666666666664,-29.77777777777778,-9.652173913043478,-44.53846153846154,-72.09677419354838,11.65
2021-04-03,-28.91304347826087,-3.55,-0.04,-32.38461538461539,-50.63333333333333,3.375
2021-04-04,-37.869565217391305,-10.222222222222221,-27.384615384615383,-22.545454545454547,-36.275862068965516,-0.21428571428571427
2021-04-05,-19.15,10.473684210526315,-35.2,-8.0,-34.58064516129032,0.7142857142857143
2021-04-06,-22.0,5.526315789473684,-36.68,-11.272727272727273,-33.935483870967744,1.45
2021-04-07,-19.772727272727273,7.947368421052632,-34.625,-11.181818181818182,-33.12903225806452,1.2272727272727273
2021-04-08,-21.047619047619047,4.25,-35.083333333333336,-14.454545454545455,-33.193548387096776,2.6666666666666665
2021-04-09,-18.636363636363637,7.473684210526316,-30.2,-20.666666666666668,-30.066666666666666,0.5909090909090909
2021-04-10,-24.833333333333332,2.409090909090909,-29.73076923076923,-24.923076923076923,-27.4,-0.375
2021-04-11,-29.08695652173913,-1.2105263157894737,-21.653846153846153,-28.5,-27.964285714285715,-0.5
2021-04-12,-17.105263157894736,9.894736842105264,-30.56,-16.818181818181817,-30.0,-0.5909090909090909
2021-04-13,-17.35,8.842105263157896,-29.869565217391305,-15.818181818181818,-33.38709677419355,0.18181818181818182
2021-04-14,-17.6,8.68421052631579,-29.91304347826087,-17.727272727272727,-32.41935483870968,0.36363636363636365
2021-04-15,-14.85,11.736842105263158,-29.391304347826086,-16.454545454545453,-31.258064516129032,0.36363636363636365
2021-04-16,-14.454545454545455,12.894736842105264,-27.8,-17.25,-29.266666666666666,-0.45454545454545453
2021-04-17,-20.47826086956522,6.9523809523809526,-26.03846153846154,-22.5,-26.633333333333333,-0.9375
2021-04-18,-24.217391304347824,4.842105263157895,-14.653846153846153,-25.90909090909091,-27.714285714285715,-2.142857142857143
2021-04-19,-14.052631578947368,15.210526315789474,-28.84,-15.454545454545455,-29.870967741935484,-1.2272727272727273
2021-04-20,-13.7,14.789473684210526,-29.217391304347824,-12.363636363636363,-30.161290322580644,-0.2727272727272727
2021-04-21,-15.1,10.842105263157896,-27.82608695652174,-15.818181818181818,-31.35483870967742,0.22727272727272727
2021-04-22,-16.7,9.473684210526315,-30.782608695652176,-18.0,-30.612903225806452,0.8181818181818182
2021-04-23,-14.272727272727273,10.789473684210526,-27.08,-15.25,-27.633333333333333,0.045454545454545456
2021-04-24,-17.652173913043477,9.80952380952381,-23.23076923076923,-21.75,-24.333333333333332,-1.3125
2021-04-25,-22.695652173913043,5.105263157894737,-14.461538461538462,-25.545454545454547,-26.714285714285715,-1.8571428571428572
2021-04-26,-14.210526315789474,14.157894736842104,-30.72,-13.363636363636363,-28.322580645161292,-0.8636363636363636
2021-04-27,-14.9,12.68421052631579,-32.541666666666664,-13.454545454545455,-29.225806451612904,-0.045454545454545456
2021-04-28,-15.85,10.894736842105264,-31.869565217391305,-13.272727272727273,-30.322580645161292,0.6818181818181818
2021-04-29,-14.0,12.578947368421053,-31.565217391304348,-14.181818181818182,-30.0,0.7727272727272727
2021-04-30,-8.523809523809524,22.526315789473685,-23.44,-5.090909090909091,-27.333333333333332,-1.3181818181818181
2021-05-01,-17.25,12.0,-9.08,-17.615384615384617,-40.36666666666667,-0.1875
2021-05-02,-17.545454545454547,15.705882352941176,-9.0,-16.9,-27.464285714285715,-2.857142857142857
2021-05-03,-8.368421052631579,26.36842105263158,-27.125,-6.0,-29.06451612903226,-1.9545454545454546
2021-05-04,-11.35,21.36842105263158,-28.695652173913043,-7.3,-28.806451612903224,-0.8636363636363636
2021-05-05,-12.9,14.95,-27.434782608695652,-8.454545454545455,-30.129032258064516,0.045454545454545456
2021-05-06,-14.05,14.157894736842104,-28.565217391304348,-11.909090909090908,-30.0,0.7272727272727273
2021-05-07,-13.5,13.473684210526315,-26.08,-12.0,-26.966666666666665,-0.09090909090909091
2021-05-08,-18.47826086956522,8.523809523809524,-24.36,-18.46153846153846,-24.9,-1.0625
2021-05-09,-24.458333333333332,4.315789473684211,-16.73076923076923,-21.90909090909091,-26.892857142857142,-1.2857142857142858
2021-05-10,-16.0,11.263157894736842,-34.96,-13.636363636363637,-29.70967741935484,0.47619047619047616
2021-05-11,-13.4,14.578947368421053,-29.666666666666668,-8.181818181818182,-28.29032258064516,0.36363636363636365
2021-05-12,-12.95,14.833333333333334,-28.304347826086957,-8.0,-29.161290322580644,0.8181818181818182
2021-05-13,-13.6,11.947368421052632,-27.82608695652174,-7.181818181818182,-29.483870967741936,0.6818181818181818
2021-05-14,-11.428571428571429,16.263157894736842,-26.0,-8.181818181818182,-27.466666666666665,-0.4090909090909091
2021-05-15,-13.0,16.047619047619047,-21.08,-12.23076923076923,-25.066666666666666,-1.75
2021-05-16,-17.80952380952381,14.555555555555555,-11.153846153846153,-15.1,-25.178571428571427,-2.2142857142857144
2021-05-17,-8.722222222222221,23.894736842105264,-26.5,-4.363636363636363,-27.419354838709676,-1.6363636363636365
2021-05-18,-10.3,19.105263157894736,-24.52173913043478,-3.2,-28.06451612903226,-1.0454545454545454
2021-05-19,-13.45,13.842105263157896,-27.608695652173914,-8.818181818181818,-28.70967741935484,0.8636363636363636
2021-05-20,-12.65,13.842105263157896,-26.083333333333332,-8.909090909090908,-28.419354838709676,0.5
2021-05-21,-10.590909090909092,17.31578947368421,-24.08,-5.454545454545454,-25.9,-0.3181818181818182
2021-05-22,-16.782608695652176,12.35,-23.92,-11.833333333333334,-23.233333333333334,0.0
2021-05-23,-18.454545454545453,12.38888888888889,-13.807692307692308,-12.2,-22.964285714285715,-1.4285714285714286
2021-05-24,-6.166666666666667,24.210526315789473,-21.708333333333332,-4.1,-25.677419354838708,-1.7727272727272727
2021-05-25,-6.842105263157895,20.157894736842106,-19.652173913043477,0.6,-26.258064516129032,-1.3181818181818181
2021-05-26,-4.7894736842105265,23.63157894736842,-16.565217391304348,-0.5454545454545454,-27.70967741935484,-1.1818181818181819
2021-05-27,-1.5263157894736843,30.38888888888889,-14.347826086956522,2.8181818181818183,-27.129032258064516,-2.0
2021-05-28,2.8,39.44444444444444,-8.16,5.0,-23.233333333333334,-4.136363636363637
2021-05-29,3.3636363636363638,42.68421052631579,-4.4,6.25,-21.666666666666668,-5.882352941176471
2021-05-30,5.8,52.375,6.461538461538462,0.5,-20.107142857142858,-8.0
2021-05-31,1.9444444444444444,40.388888888888886,-10.869565217391305,3.6,-26.612903225806452,-4.7272727272727275
2021-06-01,-0.2777777777777778,39.05555555555556,-11.91304347826087,5.6,-27.258064516129032,-3.6363636363636362
2021-06-02,-5.3,31.38888888888889,-16.956521739130434,3.0,-30.612903225806452,-1.4090909090909092
2021-06-03,-21.4,11.105263157894736,-13.454545454545455,-25.0,-59.645161290322584,8.047619047619047
2021-06-04,-6.190476190476191,31.0,-15.2,-0.5454545454545454,-29.1,-0.8181818181818182
2021-06-05,-23.625,11.772727272727273,-29.576923076923077,-14.583333333333334,-28.0,1.4375
2021-06-06,-30.25,10.166666666666666,-30.46153846153846,-24.454545454545453,-30.428571428571427,1.5714285714285714
2021-06-07,-5.277777777777778,29.157894736842106,-18.91304347826087,-0.6363636363636364,-28.93548387096774,-2.0454545454545454
2021-06-08,-7.368421052631579,26.157894736842106,-20.652173913043477,-1.0909090909090908,-29.225806451612904,-1.2272727272727273
2021-06-09,-9.6,21.736842105263158,-22.82608695652174,-3.3636363636363638,-31.06451612903226,0.09090909090909091
2021-06-10,-9.3,20.42105263157895,-21.47826086956522,-5.363636363636363,-30.451612903225808,0.0
2021-06-11,-8.904761904761905,22.105263157894736,-18.92,-3.909090909090909,-27.366666666666667,-1.2272727272727273
2021-06-12,-23.041666666666668,9.318181818181818,-28.346153846153847,-17.416666666666668,-28.166666666666668,0.0625
2021-06-13,-26.958333333333332,10.789473684210526,-25.5,-24.09090909090909,-29.928571428571427,-0.14285714285714285
2021-06-14,-7.777777777777778,23.105263157894736,-18.875,-0.18181818181818182,-30.548387096774192,-2.4545454545454546
2021-06-15,-3.8947368421052633,29.157894736842106,-16.666666666666668,3.0,-29.677419354838708,-2.6818181818181817
2021-06-16,-4.95,27.894736842105264,-15.521739130434783,1.5454545454545454,-31.967741935483872,-2.5454545454545454
2021-06-17,-7.0,23.31578947368421,-16.956521739130434,-1.5454545454545454,-32.83870967741935,-2.1818181818181817
2021-06-18,-9.909090909090908,21.263157894736842,-20.12,-3.6363636363636362,-31.903225806451612,-1.5
2021-06-19,-15.782608695652174,16.75,-19.96,-8.583333333333334,-28.233333333333334,-3.0
2021-06-20,-22.782608695652176,13.052631578947368,-17.96153846153846,-19.363636363636363,-32.17857142857143,-2.142857142857143
2021-06-21,-8.789473684210526,20.263157894736842,-22.4,-2.6363636363636362,-32.67741935483871,-2.772727272727273
2021-06-22,-8.263157894736842,22.210526315789473,-21.708333333333332,-0.5,-32.354838709677416,-2.3181818181818183
2021-06-23,-7.052631578947368,23.444444444444443,-18.043478260869566,-1.0909090909090908,-32.61290322580645,-2.0454545454545454
2021-06-24,-7.684210526315789,21.72222222222222,-18.869565217391305,-3.6363636363636362,-32.96774193548387,-1.2727272727272727
2021-06-25,-8.095238095238095,23.0,-19.28,-3.909090909090909,-30.29032258064516,-2.4545454545454546
2021-06-26,-13.652173913043478,21.157894736842106,-20.08,-10.0,-27.9,-2.875
2021-06-27,-18.91304347826087,17.352941176470587,-14.26923076923077,-13.0,-30.642857142857142,-2.5
2021-06-28,-4.666666666666667,26.210526315789473,-17.958333333333332,-1.5454545454545454,-31.806451612903224,-4.954545454545454
2021-06-29,-7.157894736842105,22.210526315789473,-18.73913043478261,-0.8181818181818182,-32.61290322580645,-3.6818181818181817
2021-06-30,-1.3888888888888888,31.842105263157894,-12.863636363636363,3.8181818181818183,-34.064516129032256,-2.590909090909091
2021-07-01,-3.1052631578947367,30.736842105263158,-18.17391304347826,1.0909090909090908,-32.54838709677419,-2.090909090909091
2021-07-02,-1.4,35.578947368421055,-13.04,2.8181818181818183,-28.866666666666667,-3.3181818181818183
2021-07-03,-20.565217391304348,17.19047619047619,-34.2,-12.416666666666666,-31.933333333333334,1.0625
2021-07-04,-17.82608695652174,20.11764705882353,-20.307692307692307,-16.818181818181817,-29.178571428571427,-1.4285714285714286
2021-07-05,1.2777777777777777,34.611111111111114,-13.91304347826087,5.818181818181818,-29.838709677419356,-3.9545454545454546
2021-07-06,0.47368421052631576,33.44444444444444,-12.08695652173913,6.5,-29.741935483870968,-3.6818181818181817
2021-07-07,-0.5555555555555556,32.388888888888886,-11.636363636363637,3.090909090909091,-31.322580645161292,-2.772727272727273
2021-07-08,-0.2631578947368421,28.94736842105263,-11.73913043478261,0.18181818181818182,-31.258064516129032,-2.772727272727273
2021-07-09,-2.9523809523809526,30.68421052631579,-9.92,1.7272727272727273,-27.566666666666666,-3.6818181818181817
2021-07-10,-9.956521739130435,20.473684210526315,-15.88,-5.75,-26.7,-3.0625
2021-07-11,-17.333333333333332,16.666666666666668,-13.884615384615385,-11.8,-30.535714285714285,-2.2857142857142856
2021-07-12,-3.3157894736842106,27.68421052631579,-21.652173913043477,-1.0,-31.032258064516128,-2.5454545454545454
2021-07-13,-0.5555555555555556,29.210526315789473,-12.409090909090908,5.7272727272727275,-29.483870967741936,-4.136363636363637
2021-07-14,-1.8888888888888888,27.666666666666668,-14.727272727272727,3.090909090909091,-30.806451612903224,-2.909090909090909
2021-07-15,2.263157894736842,33.388888888888886,-13.391304347826088,4.363636363636363,-29.64516129032258,-3.4545454545454546
2021-07-16,5.8,38.05263157894737,-6.2,6.0,-26.466666666666665,-4.681818181818182
2021-07-17,-1.6363636363636365,30.63157894736842,-6.84,2.4166666666666665,-24.8,-5.0625
2021-07-18,-8.428571428571429,28.75,-4.730769230769231,-5.0,-27.642857142857142,-3.857142857142857
2021-07-19,5.111111111111111,37.44444444444444,-11.681818181818182,4.1,-28.774193548387096,-5.090909090909091
2021-07-20,5.111111111111111,36.888888888888886,-8.090909090909092,10.7,-29.193548387096776,-5.2727272727272725
2021-07-21,4.277777777777778,34.72222222222222,-7.545454545454546,9.090909090909092,-30.0,-4.2727272727272725
2021-07-22,4.578947368421052,34.111111111111114,-7.695652173913044,6.909090909090909,-29.35483870967742,-4.181818181818182
2021-07-23,6.15,37.94444444444444,-5.12,4.4,-26.806451612903224,-4.681818181818182
2021-07-24,4.090909090909091,38.421052631578945,-4.68,6.818181818181818,-23.8,-5.75
2021-07-25,2.0,37.88235294117647,3.6153846153846154,0.7,-25.642857142857142,-6.428571428571429
2021-07-26,3.7222222222222223,34.05555555555556,-11.727272727272727,5.363636363636363,-29.451612903225808,-4.954545454545454
2021-07-27,5.833333333333333,37.333333333333336,-6.318181818181818,7.8,-28.548387096774192,-4.954545454545454
2021-07-28,1.6666666666666667,31.61111111111111,-11.590909090909092,5.454545454545454,-30.258064516129032,-4.181818181818182
2021-07-29,3.3684210526315788,33.94444444444444,-10.5,5.0,-29.806451612903224,-3.727272727272727
2021-07-30,7.75,38.21052631578947,-4.458333333333333,4.9,-28.032258064516128,-4.454545454545454
2021-07-31,1.0,33.36842105263158,-7.16,3.8333333333333335,-24.466666666666665,-5.5
2021-08-01,-2.0,31.705882352941178,4.346153846153846,-1.3,-27.321428571428573,-6.285714285714286
2021-08-02,8.38888888888889,42.111111111111114,-9.545454545454545,8.0,-31.06451612903226,-5.2727272727272725
2021-08-03,7.722222222222222,40.833333333333336,-8.727272727272727,12.9,-31.387096774193548,-4.7727272727272725
2021-08-04,5.666666666666667,36.611111111111114,-7.636363636363637,9.0,-31.806451612903224,-4.136363636363637
2021-08-05,5.368421052631579,34.388888888888886,-7.260869565217392,8.727272727272727,-31.451612903225808,-3.727272727272727
2021-08-06,4.85,38.0,-5.04,5.818181818181818,-29.64516129032258,-5.363636363636363
2021-08-07,-1.2272727272727273,28.57894736842105,-6.28,2.5833333333333335,-24.166666666666668,-7.529411764705882
2021-08-08,-5.333333333333333,26.88235294117647,0.19230769230769232,-4.6,-26.928571428571427,-5.142857142857143
2021-08-09,4.111111111111111,36.888888888888886,-13.73913043478261,4.909090909090909,-30.677419354838708,-4.045454545454546
2021-08-10,6.777777777777778,37.833333333333336,-9.818181818181818,11.7,-30.35483870967742,-4.636363636363637
2021-08-11,-16.428571428571427,10.944444444444445,-32.333333333333336,-7.181818181818182,-37.87096774193548,1.9090909090909092
2021-08-12,-5.7368421052631575,23.666666666666668,-22.391304347826086,-8.727272727272727,-36.12903225806452,0.8095238095238095
2021-08-13,6.15,34.36842105263158,-7.68,5.909090909090909,-29.193548387096776,-3.9545454545454546
2021-08-14,7.318181818181818,38.473684210526315,-1.28,9.454545454545455,-23.466666666666665,-5.6875
2021-08-15,-0.9,35.64705882352941,1.2307692307692308,-3.8,-26.035714285714285,-4.357142857142857
2021-08-16,-29.238095238095237,-4.3,-38.16,-29.454545454545453,-67.2258064516129,12.294117647058824
2021-08-17,9.5,44.77777777777778,-11.045454545454545,14.7,-30.451612903225808,-4.681818181818182
2021-08-18,7.0,38.166666666666664,-8.045454545454545,12.181818181818182,-30.096774193548388,-4.045454545454546
2021-08-19,7.421052631578948,34.611111111111114,-7.818181818181818,7.1,-29.548387096774192,-3.9545454545454546
2021-08-20,3.761904761904762,31.77777777777778,-12.4,5.818181818181818,-28.93548387096774,-3.3181818181818183
2021-08-21,1.4545454545454546,29.57894736842105,-8.0,0.16666666666666666,-22.333333333333332,-4.875
2021-08-22,-5.45,26.705882352941178,-3.5384615384615383,-3.5,-25.40740740740741,-3.857142857142857
2021-08-23,7.5,37.22222222222222,-11.173913043478262,5.090909090909091,-29.70967741935484,-5.136363636363637
2021-08-24,8.0,37.55555555555556,-9.454545454545455,8.8,-29.903225806451612,-5.090909090909091
2021-08-25,7.111111111111111,37.55555555555556,-8.727272727272727,8.727272727272727,-30.580645161290324,-4.454545454545454
2021-08-26,7.722222222222222,38.22222222222222,-8.454545454545455,9.454545454545455,-30.129032258064516,-4.545454545454546
2021-08-27,8.15,38.166666666666664,-4.96,5.5,-27.633333333333333,-4.5
2021-08-28,4.2272727272727275,32.36842105263158,-3.88,4.166666666666667,-22.833333333333332,-5.3125
2021-08-29,-2.15,28.823529411764707,3.576923076923077,0.1,-25.785714285714285,-5.214285714285714
2021-08-30,9.61111111111111,43.05555555555556,-11.363636363636363,8.727272727272727,-29.64516129032258,-5.863636363636363
2021-08-31,9.944444444444445,44.888888888888886,-9.954545454545455,13.5,-29.096774193548388,-5.681818181818182
2021-09-01,8.88888888888889,40.55555555555556,-10.863636363636363,12.363636363636363,-29.612903225806452,-4.954545454545454
2021-09-02,6.684210526315789,35.36842105263158,-12.0,6.818181818181818,-28.29032258064516,-4.5
2021-09-03,6.894736842105263,35.421052631578945,-9.72,7.7272727272727275,-26.066666666666666,-5.181818181818182
2021-09-04,2.739130434782609,30.94736842105263,-8.64,3.0,-23.066666666666666,-5.1875
2021-09-05,-2.95,29.11764705882353,0.5,-2.9,-24.964285714285715,-5.0
2021-09-06,7.388888888888889,38.111111111111114,-14.565217391304348,6.2727272727272725,-27.451612903225808,-5.7272727272727275
2021-09-07,6.555555555555555,35.833333333333336,-12.227272727272727,9.363636363636363,-26.838709677419356,-5.7272727272727275
2021-09-08,3.5,32.22222222222222,-13.217391304347826,5.181818181818182,-28.774193548387096,-4.636363636363637
2021-09-09,3.7222222222222223,28.61111111111111,-12.652173913043478,5.909090909090909,-27.516129032258064,-5.0
2021-09-10,3.65,28.157894736842106,-11.04,0.5454545454545454,-25.29032258064516,-5.318181818181818
2021-09-11,-0.5,27.05263157894737,-13.64,-4.0,-22.666666666666668,-4.1875
2021-09-12,-10.333333333333334,21.11111111111111,-13.384615384615385,-7.454545454545454,-26.428571428571427,-2.7142857142857144
2021-09-13,3.5555555555555554,28.842105263157894,-17.652173913043477,0.18181818181818182,-27.161290322580644,-5.181818181818182
2021-09-14,3.111111111111111,30.473684210526315,-17.47826086956522,5.2727272727272725,-27.516129032258064,-5.136363636363637
2021-09-15,2.4444444444444446,34.72222222222222,-17.695652173913043,3.090909090909091,-28.774193548387096,-4.863636363636363
2021-09-16,6.2631578947368425,38.55555555555556,-15.434782608695652,7.7272727272727275,-28.516129032258064,-5.090909090909091
2021-09-17,8.75,37.1578947368421,-11.68,4.7272727272727275,-25.633333333333333,-5.590909090909091
2021-09-18,4.909090909090909,34.55,-8.88,1.75,-22.733333333333334,-5.4375
2021-09-19,-3.65,32.05882352941177,-5.423076923076923,-3.0,-25.607142857142858,-3.9285714285714284
2021-09-20,5.944444444444445,36.473684210526315,-18.869565217391305,4.181818181818182,-26.70967741935484,-6.590909090909091
2021-09-21,5.388888888888889,35.05263157894737,-16.043478260869566,5.454545454545454,-25.322580645161292,-5.7272727272727275
2021-09-22,4.315789473684211,34.888888888888886,-14.434782608695652,2.6363636363636362,-24.838709677419356,-4.909090909090909
2021-09-23,9.555555555555555,36.578947368421055,-10.434782608695652,13.181818181818182,-25.387096774193548,-6.090909090909091
2021-09-24,1.4210526315789473,24.31578947368421,7.826086956521739,-12.090909090909092,-56.645161290322584,3.238095238095238
2021-09-25,5.818181818181818,31.31578947368421,-0.08,-4.0,-26.633333333333333,-3.875
2021-09-26,-3.0,25.647058823529413,-3.6538461538461537,-3.6,-26.857142857142858,-4.428571428571429
2021-09-27,4.944444444444445,34.05263157894737,-18.833333333333332,2.3636363636363638,-24.161290322580644,-6.363636363636363
2021-09-28,3.0,31.63157894736842,-15.869565217391305,5.181818181818182,-24.838709677419356,-6.045454545454546
2021-09-29,2.1666666666666665,29.61111111111111,-16.130434782608695,3.5454545454545454,-25.612903225806452,-4.954545454545454
2021-09-30,4.631578947368421,34.77777777777778,-17.217391304347824,4.0,-24.29032258064516,-5.0
2021-10-01,5.95,35.8421052631579,-16.28,4.636363636363637,-22.133333333333333,-5.409090909090909
2021-10-02,2.227272727272727,33.68421052631579,-14.2,-0.75,-23.066666666666666,-4.5
2021-10-03,-8.333333333333334,25.875,-16.615384615384617,-7.818181818181818,-28.035714285714285,-1.5714285714285714
2021-10-04,0.8888888888888888,31.05263157894737,-24.4,-1.9090909090909092,-25.322580645161292,-4.863636363636363
2021-10-05,3.388888888888889,32.94736842105263,-18.17391304347826,6.181818181818182,-24.548387096774192,-5.2727272727272725
2021-10-06,1.368421052631579,27.894736842105264,-19.695652173913043,0.8181818181818182,-24.806451612903224,-4.2272727272727275
2021-10-07,3.1052631578947367,27.57894736842105,-16.391304347826086,3.909090909090909,-24.419354838709676,-4.2272727272727275
2021-10-08,3.3,28.263157894736842,-13.96,-0.9090909090909091,-22.233333333333334,-4.954545454545454
2021-10-09,0.0,26.31578947368421,-14.0,-5.166666666666667,-23.033333333333335,-3.75
2021-10-10,-6.380952380952381,25.25,-9.192307692307692,-9.454545454545455,-25.392857142857142,-3.2857142857142856
2021-10-11,1.5,27.736842105263158,-21.76,-1.1818181818181819,-23.161290322580644,-4.7272727272727275
2021-10-12,-0.9473684210526315,23.736842105263158,-23.291666666666668,-0.8181818181818182,-23.161290322580644,-4.136363636363637
2021-10-13,0.5555555555555556,29.055555555555557,-18.52173913043478,1.4545454545454546,-28.838709677419356,-3.0
2021-10-14,2.0,27.526315789473685,-17.782608695652176,0.45454545454545453,-23.870967741935484,-4.363636363636363
2021-10-15,5.35,34.73684210526316,-14.6,0.6363636363636364,-20.566666666666666,-4.818181818181818
2021-10-16,2.6818181818181817,33.68421052631579,-14.8,-2.1666666666666665,-23.333333333333332,-3.9375
2021-10-17,-5.238095238095238,29.941176470588236,-11.076923076923077,-1.0909090909090908,-27.25,-3.142857142857143
2021-10-18,3.9444444444444446,37.27777777777778,-18.130434782608695,4.909090909090909,-22.806451612903224,-5.681818181818182
2021-10-19,4.526315789473684,34.21052631578947,-17.304347826086957,4.636363636363637,-22.903225806451612,-5.318181818181818
2021-10-20,2.210526315789474,31.555555555555557,-17.782608695652176,5.090909090909091,-23.64516129032258,-4.2727272727272725
2021-10-21,3.210526315789474,29.157894736842106,-15.91304347826087,3.909090909090909,-22.967741935483872,-4.545454545454546
2021-10-22,4.7,30.789473684210527,-13.2,1.0909090909090908,-20.333333333333332,-5.2272727272727275
2021-10-23,2.727272727272727,29.894736842105264,-11.96,-2.25,-23.333333333333332,-4.1875
2021-10-24,-4.0,26.294117647058822,-7.8076923076923075,-3.4545454545454546,-26.428571428571427,-3.142857142857143
2021-10-25,4.944444444444445,35.111111111111114,-18.695652173913043,3.1818181818181817,-22.225806451612904,-5.681818181818182
2021-10-26,6.111111111111111,33.26315789473684,-15.272727272727273,7.0,-21.29032258064516,-5.636363636363637
2021-10-27,3.7777777777777777,32.27777777777778,-13.565217391304348,5.363636363636363,-22.903225806451612,-5.045454545454546
2021-10-28,4.7894736842105265,30.31578947368421,-13.217391304347826,7.181818181818182,-22.0,-4.909090909090909
2021-10-29,6.7894736842105265,34.36842105263158,-10.84,4.818181818181818,-19.333333333333332,-5.7272727272727275
2021-10-30,6.954545454545454,35.21052631578947,-9.16,2.5833333333333335,-22.533333333333335,-5.0625
2021-10-31,-0.5,32.1764705882353,-2.1153846153846154,1.2727272727272727,-27.571428571428573,-4.5
2021-11-01,8.722222222222221,41.666666666666664,-14.956521739130435,9.0,-22.161290322580644,-6.5
2021-11-02,8.333333333333334,36.78947368421053,-13.363636363636363,12.363636363636363,-21.451612903225808,-6.090909090909091
2021-11-03,4.666666666666667,34.333333333333336,-14.565217391304348,8.909090909090908,-22.29032258064516,-4.681818181818182
2021-11-04,4.2105263157894735,30.63157894736842,-15.695652173913043,8.727272727272727,-21.580645161290324,-4.818181818181818
2021-11-05,8.4,35.578947368421055,-9.24,8.545454545454545,-27.032258064516128,-4.363636363636363
2021-11-06,-0.3181818181818182,23.63157894736842,-3.44,-6.333333333333333,-38.166666666666664,-1.4375
2021-11-07,-3.3333333333333335,26.647058823529413,-5.230769230769231,-0.5454545454545454,-27.642857142857142,-3.5714285714285716
2021-11-08,7.277777777777778,35.31578947368421,-15.652173913043478,5.7272727272727275,-20.419354838709676,-6.045454545454546
2021-11-09,6.277777777777778,32.8421052631579,-14.347826086956522,8.636363636363637,-19.612903225806452,-5.681818181818182
2021-11-10,4.166666666666667,31.0,-15.565217391304348,8.454545454545455,-21.193548387096776,-4.409090909090909
2021-11-11,3.888888888888889,30.0,-15.0,7.7272727272727275,-21.548387096774192,-3.8636363636363638
2021-11-12,5.55,29.263157894736842,-12.8,2.5833333333333335,-18.8,-4.2272727272727275
2021-11-13,2.1818181818181817,27.2,-14.24,2.5833333333333335,-23.233333333333334,-3.0625
2021-11-14,-5.095238095238095,25.470588235294116,-10.961538461538462,-1.2727272727272727,-26.75,-2.357142857142857
2021-11-15,6.222222222222222,37.05555555555556,-16.041666666666668,8.181818181818182,-21.096774193548388,-5.0
2021-11-16,10.833333333333334,43.888888888888886,-12.181818181818182,15.545454545454545,-20.29032258064516,-5.454545454545454
2021-11-17,8.222222222222221,38.55555555555556,-12.652173913043478,9.636363636363637,-20.483870967741936,-5.0
2021-11-18,8.055555555555555,38.166666666666664,-12.347826086956522,12.545454545454545,-20.322580645161292,-4.909090909090909
2021-11-19,8.7,38.833333333333336,-10.52,9.818181818181818,-18.2,-5.136363636363637
2021-11-20,5.7272727272727275,33.05,-8.92,3.6666666666666665,-22.266666666666666,-4.0625
2021-11-21,-1.35,29.352941176470587,-5.615384615384615,3.272727272727273,-26.0,-3.0
2021-11-22,8.0,38.05555555555556,-14.73913043478261,9.363636363636363,-18.64516129032258,-5.363636363636363
2021-11-23,6.315789473684211,33.63157894736842,-13.304347826086957,15.090909090909092,-18.612903225806452,-5.045454545454546
2021-11-24,7.333333333333333,35.44444444444444,-13.954545454545455,12.090909090909092,-20.096774193548388,-4.454545454545454
2021-11-25,4.105263157894737,32.26315789473684,-17.833333333333332,10.454545454545455,-20.741935483870968,-3.5454545454545454
2021-11-26,11.31578947368421,41.21052631578947,-9.88,7.454545454545454,-18.7,-5.181818181818182
2021-11-27,8.318181818181818,37.78947368421053,-6.52,7.5,-21.0,-4.5
2021-11-28,0.5,34.0,-3.1153846153846154,8.545454545454545,-23.857142857142858,-3.5
2021-11-29,9.11111111111111,43.05555555555556,-12.130434782608695,10.909090909090908,-17.838709677419356,-6.2727272727272725
2021-11-30,10.166666666666666,46.27777777777778,-12.954545454545455,16.545454545454547,-17.967741935483872,-6.590909090909091
2021-12-01,11.166666666666666,47.22222222222222,-8.954545454545455,18.90909090909091,-19.0,-6.2272727272727275
2021-12-02,11.052631578947368,44.44444444444444,-9.043478260869565,12.909090909090908,-18.161290322580644,-5.363636363636363
2021-12-03,10.9,42.388888888888886,-6.84,12.363636363636363,-16.9,-5.636363636363637
2021-12-04,6.0,37.578947368421055,-9.2,7.333333333333333,-21.9,-3.875
2021-12-05,-0.55,36.0,-3.730769230769231,9.909090909090908,-24.107142857142858,-2.9285714285714284
2021-12-06,11.38888888888889,45.22222222222222,-11.130434782608695,12.545454545454545,-17.29032258064516,-6.136363636363637
2021-12-07,12.722222222222221,45.833333333333336,-10.818181818181818,16.90909090909091,-14.96774193548387,-6.0
2021-12-08,14.055555555555555,45.94444444444444,-8.08695652173913,16.818181818181817,-16.0,-5.2272727272727275
2021-12-09,12.88888888888889,43.05882352941177,-10.217391304347826,15.0,-13.290322580645162,-5.681818181818182
2021-12-10,12.894736842105264,46.0,-7.8,13.545454545454545,-12.866666666666667,-6.045454545454546
2021-12-11,11.0,40.26315789473684,-8.92,11.416666666666666,-16.866666666666667,-4.9375
2021-12-12,3.3,39.88235294117647,-5.269230769230769,9.454545454545455,-18.035714285714285,-3.857142857142857
2021-12-13,11.944444444444445,47.388888888888886,-16.391304347826086,13.090909090909092,-14.161290322580646,-5.7272727272727275
2021-12-14,15.222222222222221,52.27777777777778,-11.652173913043478,20.818181818181817,-13.516129032258064,-6.045454545454546
2021-12-15,17.72222222222222,54.611111111111114,-8.73913043478261,21.454545454545453,-16.483870967741936,-5.818181818181818
2021-12-16,21.38888888888889,58.388888888888886,-5.260869565217392,24.0,-19.225806451612904,-5.818181818181818
2021-12-17,20.31578947368421,54.833333333333336,-2.3333333333333335,24.272727272727273,-20.066666666666666,-5.636363636363637
2021-12-18,14.954545454545455,49.526315789473685,-5.64,24.545454545454547,-17.566666666666666,-5.75
2021-12-19,10.95,55.625,-0.15384615384615385,26.818181818181817,-16.392857142857142,-5.285714285714286
2021-12-20,25.88888888888889,66.77777777777777,-2.1739130434782608,26.272727272727273,-27.483870967741936,-5.5
2021-12-21,27.72222222222222,69.4375,0.6666666666666666,36.0,-27.032258064516128,-5.454545454545454
2021-12-22,30.529411764705884,75.6875,5.2272727272727275,35.18181818181818,-29.612903225806452,-5.7272727272727275
2021-12-23,34.294117647058826,89.1875,5.095238095238095,42.6,-33.0,-5.7272727272727275
2021-12-24,22.11111111111111,81.0625,9.681818181818182,16.6,-46.25806451612903,-3.6363636363636362
2021-12-25,-1.0909090909090908,7.578947368421052,16.434782608695652,-9.384615384615385,-55.666666666666664,2.25
2021-12-26,7.2,46.5,11.92,18.90909090909091,-24.714285714285715,-3.7142857142857144
2021-12-27,23.666666666666668,64.1875,1.5,17.90909090909091,-32.61290322580645,-2.6818181818181817
2021-12-28,20.333333333333332,60.9375,0.2857142857142857,22.272727272727273,-32.225806451612904,-2.272727272727273
2021-12-29,21.61111111111111,61.529411764705884,3.3333333333333335,22.818181818181817,-34.096774193548384,-1.0909090909090908
2021-12-30,30.823529411764707,75.75,11.571428571428571,29.9,-35.0,-2.0
2021-12-31,24.88235294117647,82.375,26.476190476190474,19.5,-43.13333333333333,-1.7272727272727273
2022-01-01,2.590909090909091,4.421052631578948,32.333333333333336,-14.23076923076923,-59.266666666666666,2.9375
2022-01-02,4.6,45.125,12.153846153846153,10.545454545454545,-29.607142857142858,-0.8571428571428571
2022-01-03,14.944444444444445,62.125,-1.0454545454545454,9.454545454545455,-34.87096774193548,0.18181818181818182
2022-01-04,10.0,56.0,-7.571428571428571,15.0,-33.225806451612904,0.9090909090909091
2022-01-05,9.222222222222221,53.11764705882353,-6.7727272727272725,14.090909090909092,-33.61290322580645,2.090909090909091
2022-01-06,8.88888888888889,49.64705882352941,-5.409090909090909,8.636363636363637,-33.29032258064516,2.4545454545454546
2022-01-07,4.473684210526316,45.27777777777778,-7.44,3.4545454545454546,-31.774193548387096,2.772727272727273
2022-01-08,2.1818181818181817,37.36842105263158,-7.4,2.0833333333333335,-22.233333333333334,1.25
2022-01-09,-4.285714285714286,31.235294117647058,-2.8846153846153846,4.909090909090909,-23.428571428571427,2.0
2022-01-10,-1.8888888888888888,28.055555555555557,0.7272727272727273,-11.545454545454545,-56.67741935483871,8.142857142857142
2022-01-11,7.555555555555555,49.111111111111114,-11.454545454545455,14.181818181818182,-24.677419354838708,-0.8181818181818182
2022-01-12,4.666666666666667,41.55555555555556,-11.304347826086957,11.363636363636363,-26.06451612903226,1.5
2022-01-13,5.578947368421052,39.94444444444444,-9.695652173913043,6.454545454545454,-24.677419354838708,1.1363636363636365
2022-01-14,3.1904761904761907,43.611111111111114,-10.32,7.454545454545454,-21.8,1.2272727272727273
2022-01-15,4.545454545454546,39.421052631578945,-9.92,5.5,-15.6,0.5
2022-01-16,-0.25,38.1764705882353,-0.5384615384615384,6.0,-17.25925925925926,0.5714285714285714
2022-01-17,11.0,51.72222222222222,-7.826086956521739,11.818181818181818,-21.483870967741936,-1.5454545454545454
2022-01-18,10.61111111111111,48.111111111111114,-7.954545454545454,13.272727272727273,-20.580645161290324,-0.45454545454545453
2022-01-19,11.222222222222221,45.611111111111114,-8.909090909090908,11.727272727272727,-20.580645161290324,1.0909090909090908
2022-01-20,16.22222222222222,53.5,-3.0,17.636363636363637,-19.838709677419356,-0.45454545454545453
2022-01-21,6.166666666666667,32.72222222222222,13.954545454545455,-9.333333333333334,-52.354838709677416,8.238095238095237
2022-01-22,15.238095238095237,46.611111111111114,17.96,4.166666666666667,-20.333333333333332,0.375
2022-01-23,12.75,41.333333333333336,31.68,2.272727272727273,-18.964285714285715,-1.0714285714285714
2022-01-24,5.555555555555555,28.72222222222222,8.666666666666666,-12.181818181818182,-53.87096774193548,7.809523809523809
2022-01-25,11.333333333333334,51.5,-9.636363636363637,13.636363636363637,-12.387096774193548,-2.1363636363636362
2022-01-26,9.833333333333334,45.166666666666664,-8.363636363636363,11.0,-14.516129032258064,-0.5454545454545454
2022-01-27,9.88888888888889,43.44444444444444,-9.608695652173912,10.636363636363637,-12.903225806451612,-0.6363636363636364
2022-01-28,11.2,46.44444444444444,-9.666666666666666,8.272727272727273,-9.966666666666667,-1.4090909090909092
2022-01-29,10.272727272727273,45.421052631578945,-6.2,0.25,-11.333333333333334,-0.625
2022-01-30,1.25,37.76470588235294,-0.6153846153846154,2.272727272727273,-14.571428571428571,0.0
2022-01-31,9.38888888888889,47.63157894736842,-16.916666666666668,8.454545454545455,-13.774193548387096,-0.6818181818181818
2022-02-01,12.555555555555555,53.94444444444444,-12.304347826086957,17.545454545454547,-9.774193548387096,-1.8181818181818181
2022-02-02,11.0,50.111111111111114,-12.652173913043478,13.181818181818182,-11.870967741935484,-0.8181818181818182
2022-02-03,5.105263157894737,39.666666666666664,-18.956521739130434,8.0,-11.806451612903226,0.5454545454545454
2022-02-04,10.052631578947368,45.94444444444444,-14.208333333333334,6.545454545454546,-8.5,-0.5
2022-02-05,7.818181818181818,40.31578947368421,-11.64,1.8333333333333333,-12.466666666666667,0.25
2022-02-06,-6.65,28.294117647058822,-17.653846153846153,-10.0,-15.964285714285714,3.0
2022-02-07,9.444444444444445,45.833333333333336,-16.82608695652174,6.2727272727272725,-9.612903225806452,-1.4090909090909092
2022-02-08,10.444444444444445,45.22222222222222,-13.869565217391305,11.0,-9.96774193548387,-1.1818181818181819
2022-02-09,10.666666666666666,44.22222222222222,-10.434782608695652,9.0,-10.67741935483871,-0.9090909090909091
2022-02-10,11.0,42.72222222222222,-9.782608695652174,12.454545454545455,-10.96774193548387,-1.1818181818181819
2022-02-11,12.631578947368421,44.666666666666664,-8.083333333333334,8.181818181818182,-7.8,-1.5454545454545454
2022-02-12,10.818181818181818,42.526315789473685,-7.12,5.0,-11.466666666666667,-0.5625
2022-02-13,5.0,45.8235294117647,-2.923076923076923,4.2727272727272725,-12.074074074074074,-0.07142857142857142
2022-02-14,26.833333333333332,60.111111111111114,-1.9130434782608696,14.0,-6.709677419354839,-3.8636363636363638
2022-02-15,14.277777777777779,52.111111111111114,-8.130434782608695,15.363636363636363,-8.258064516129032,-2.5454545454545454
2022-02-16,12.722222222222221,51.44444444444444,-10.0,13.363636363636363,-9.870967741935484,-1.3181818181818181
2022-02-17,12.38888888888889,46.0,-9.08695652173913,15.090909090909092,-8.451612903225806,-1.7272727272727273
2022-02-18,12.263157894736842,47.111111111111114,-9.125,8.545454545454545,-5.866666666666666,-2.090909090909091
2022-02-19,10.909090909090908,43.89473684210526,-5.16,5.25,-10.666666666666666,-0.5
2022-02-20,4.1,39.94117647058823,2.923076923076923,7.181818181818182,-12.666666666666666,-0.6428571428571429
2022-02-21,12.055555555555555,49.888888888888886,-9.695652173913043,8.090909090909092,-7.096774193548387,-2.0
2022-02-22,11.666666666666666,47.111111111111114,-6.478260869565218,13.909090909090908,-6.483870967741935,-1.5909090909090908
2022-02-23,10.38888888888889,44.94444444444444,-6.6521739130434785,16.454545454545453,-8.225806451612904,-0.045454545454545456
2022-02-24,9.666666666666666,44.333333333333336,-7.739130434782608,13.181818181818182,-7.483870967741935,0.3181818181818182
2022-02-25,12.842105263157896,47.611111111111114,-2.4782608695652173,11.454545454545455,-4.033333333333333,-0.8181818181818182
2022-02-26,11.818181818181818,46.05263157894737,-0.56,4.666666666666667,-9.733333333333333,-0.3125
2022-02-27,6.25,42.88235294117647,18.115384615384617,9.545454545454545,-9.814814814814815,-0.6428571428571429
2022-02-28,15.166666666666666,57.72222222222222,-4.043478260869565,12.636363636363637,-6.258064516129032,-1.6363636363636365
2022-03-01,15.055555555555555,57.166666666666664,-4.095238095238095,15.818181818181818,-6.129032258064516,-1.2272727272727273
2022-03-02,12.444444444444445,51.55555555555556,-0.9130434782608695,13.818181818181818,-7.193548387096774,0.0
2022-03-03,12.61111111111111,48.27777777777778,-1.8636363636363635,11.818181818181818,-5.5,1.4090909090909092
2022-03-04,11.421052631578947,47.22222222222222,-1.826086956521739,7.454545454545454,-5.666666666666667,3.3181818181818183
2022-03-05,1.9565217391304348,34.26315789473684,-11.846153846153847,-1.4166666666666667,-10.166666666666666,4.5625
2022-03-06,-2.8,33.64705882352941,-5.653846153846154,-3.727272727272727,-12.333333333333334,4.714285714285714
2022-03-07,8.61111111111111,46.0,-6.304347826086956,0.5833333333333334,-3.2666666666666666,3.761904761904762
2022-03-08,12.166666666666666,48.94444444444444,-0.8095238095238095,8.181818181818182,-1.7419354838709677,4.476190476190476
2022-03-09,9.5,43.666666666666664,2.5,6.181818181818182,-3.8333333333333335,6.619047619047619
2022-03-10,9.555555555555555,42.333333333333336,1.1428571428571428,5.0,-1.7,7.809523809523809
2022-03-11,11.0,42.111111111111114,4.6521739130434785,-1.75,-2.966666666666667,8.523809523809524
2022-03-12,7.636363636363637,38.36842105263158,3.84,-5.0,-5.366666666666666,7.0625
2022-03-13,1.0,38.294117647058826,9.076923076923077,-1.2727272727272727,-8.25925925925926,6.615384615384615
2022-03-14,10.277777777777779,44.77777777777778,1.6956521739130435,3.6363636363636362,0.16129032258064516,8.095238095238095
2022-03-15,14.61111111111111,52.666666666666664,4.285714285714286,8.545454545454545,1.0333333333333334,7.333333333333333
2022-03-16,13.38888888888889,50.833333333333336,4.190476190476191,7.909090909090909,-2.2,7.9523809523809526
2022-03-17,11.666666666666666,47.44444444444444,3.5714285714285716,5.909090909090909,-1.1,7.857142857142857
2022-03-18,11.4,43.666666666666664,6.375,4.090909090909091,-0.03333333333333333,7.571428571428571
2022-03-19,11.090909090909092,42.31578947368421,10.68,-0.5,-6.3,6.375
2022-03-20,6.4,42.05882352941177,20.26923076923077,-1.0,-9.333333333333334,5.428571428571429
2022-03-21,11.0,46.611111111111114,2.1818181818181817,-0.9166666666666666,0.06451612903225806,7.809523809523809
2022-03-22,11.88888888888889,47.611111111111114,2.761904761904762,6.818181818181818,-0.5333333333333333,7.476190476190476
2022-03-23,11.166666666666666,45.72222222222222,2.761904761904762,6.0,-1.7666666666666666,8.19047619047619
2022-03-24,10.222222222222221,44.388888888888886,2.9545454545454546,5.2727272727272725,-2.5161290322580645,8.19047619047619
2022-03-25,13.3,47.0,8.304347826086957,2.75,-8.666666666666666,8.238095238095237
2022-03-26,11.045454545454545,41.68421052631579,9.48,-4.5,-5.966666666666667,6.3125
2022-03-27,2.2,39.11764705882353,14.423076923076923,-2.8181818181818183,-9.518518518518519,5.785714285714286
2022-03-28,4.222222222222222,38.666666666666664,-6.478260869565218,-3.5,-2.064516129032258,9.476190476190476
2022-03-29,4.222222222222222,40.22222222222222,-9.545454545454545,-1.0,-2.870967741935484,9.142857142857142
2022-03-30,7.277777777777778,46.833333333333336,-3.5652173913043477,4.545454545454546,-13.03225806451613,10.571428571428571
2022-03-31,13.722222222222221,53.76470588235294,2.909090909090909,9.181818181818182,-1.8709677419354838,7.142857142857143
2022-04-01,12.9,49.611111111111114,5.565217391304348,3.4166666666666665,-1.0333333333333334,6.761904761904762
2022-04-02,11.136363636363637,43.68421052631579,8.2,-3.3333333333333335,-6.6,5.4375
2022-04-03,3.7,42.1764705882353,17.0,-4.454545454545454,-10.392857142857142,5.0
2022-04-04,11.38888888888889,48.166666666666664,3.1818181818181817,2.8181818181818183,-0.7096774193548387,6.238095238095238
2022-04-05,11.5,47.77777777777778,2.857142857142857,3.9166666666666665,-0.8666666666666667,6.238095238095238
2022-04-06,10.166666666666666,43.833333333333336,5.2727272727272725,5.363636363636363,-3.533333333333333,7.0476190476190474
2022-04-07,11.333333333333334,45.166666666666664,3.0,8.636363636363637,-4.451612903225806,7.0476190476190474
2022-04-08,11.736842105263158,46.333333333333336,6.869565217391305,1.25,-6.033333333333333,7.428571428571429
2022-04-09,9.818181818181818,42.0,7.2,-2.1666666666666665,-6.266666666666667,5.75
2022-04-10,4.3,43.1875,19.73076923076923,-5.25,-8.925925925925926,5.142857142857143
2022-04-11,16.166666666666668,52.22222222222222,7.523809523809524,3.5833333333333335,-16.225806451612904,7.904761904761905
2022-04-12,15.11111111111111,51.611111111111114,6.619047619047619,8.545454545454545,-17.451612903225808,8.619047619047619
2022-04-13,20.11111111111111,59.77777777777778,14.6,10.272727272727273,-20.64516129032258,9.0
2022-04-14,28.352941176470587,73.93333333333334,45.4,11.818181818181818,-37.483870967741936,11.238095238095237
2022-04-15,-15.166666666666666,7.944444444444445,38.666666666666664,-32.75,-66.09677419354838,21.058823529411764
2022-04-16,8.0,36.388888888888886,45.5,-15.923076923076923,-38.266666666666666,9.9375
2022-04-17,-7.15,22.8,6.346153846153846,2.727272727272727,-21.74074074074074,6.615384615384615
2022-04-18,10.722222222222221,49.44444444444444,-0.6363636363636364,2.75,-10.03225806451613,8.31578947368421
2022-04-19,5.722222222222222,42.27777777777778,-7.0,3.4166666666666665,-4.967741935483871,8.761904761904763
2022-04-20,2.8333333333333335,37.611111111111114,-7.3478260869565215,0.18181818181818182,-7.774193548387097,10.619047619047619
2022-04-21,6.444444444444445,40.888888888888886,-6.681818181818182,-0.16666666666666666,-4.935483870967742,9.428571428571429
2022-04-22,7.7894736842105265,44.05555555555556,-2.7083333333333335,-3.25,-1.1666666666666667,8.333333333333334
2022-04-23,8.636363636363637,43.89473684210526,2.2,-5.833333333333333,-5.166666666666667,7.3125
2022-04-24,0.0,40.588235294117645,5.346153846153846,-6.818181818181818,-7.592592592592593,6.615384615384615
2022-04-25,0.7222222222222222,36.72222222222222,-1.6956521739130435,-8.0,-9.193548387096774,11.19047619047619
2022-04-26,14.222222222222221,53.94444444444444,2.5238095238095237,4.666666666666667,-0.3,6.714285714285714
2022-04-27,11.38888888888889,50.27777777777778,1.7727272727272727,6.181818181818182,-3.5483870967741935,7.619047619047619
2022-04-28,12.333333333333334,49.111111111111114,3.590909090909091,-1.5833333333333333,-2.8333333333333335,7.428571428571429
2022-04-29,14.68421052631579,54.0,8.869565217391305,1.6666666666666667,-1.1666666666666667,6.476190476190476
2022-04-30,15.863636363636363,56.94736842105263,13.68,5.5,-7.066666666666666,5.3125
2022-05-01,-0.15,40.266666666666666,13.961538461538462,-5.7272727272727275,-18.074074074074073,7.230769230769231
2022-05-02,4.166666666666667,34.22222222222222,18.714285714285715,-19.583333333333332,-53.25806451612903,15.947368421052632
2022-05-03,15.277777777777779,59.77777777777778,1.7619047619047619,7.0,-1.3,5.476190476190476
2022-05-04,11.88888888888889,51.77777777777778,2.272727272727273,6.909090909090909,-3.806451612903226,7.380952380952381
2022-05-05,10.222222222222221,46.0,-1.9090909090909092,-3.1666666666666665,-2.9,7.333333333333333
2022-05-06,8.25,42.833333333333336,-0.625,-3.9166666666666665,-1.8333333333333333,7.190476190476191
2022-05-07,6.590909090909091,39.63157894736842,0.04,-7.916666666666667,-7.5,6.3125
2022-05-08,1.5,39.705882352941174,8.5,-11.416666666666666,-9.576923076923077,5.571428571428571
2022-05-09,9.722222222222221,46.111111111111114,0.43478260869565216,-4.583333333333333,-1.5161290322580645,6.238095238095238
2022-05-10,8.11111111111111,43.333333333333336,-1.8095238095238095,-2.0,-2.2580645161290325,6.0
2022-05-11,4.944444444444445,38.72222222222222,-3.909090909090909,-2.5454545454545454,-4.233333333333333,7.095238095238095
2022-05-12,5.666666666666667,39.166666666666664,-5.454545454545454,-2.8181818181818183,-4.709677419354839,7.428571428571429
2022-05-13,7.85,42.888888888888886,-0.9583333333333334,-5.75,-2.7,6.9523809523809526
