date,retail_and_recreation_percent_change_from_baseline_Ecuador,grocery_and_pharmacy_percent_change_from_baseline_Ecuador,parks_percent_change_from_baseline_Ecuador,transit_stations_percent_change_from_baseline_Ecuador,workplaces_percent_change_from_baseline_Ecuador,residential_percent_change_from_baseline_Ecuador
2020-02-15,3.5441176470588234,0.03773584905660377,2.2416666666666667,-1.6666666666666667,-3.3766233766233764,0.10526315789473684
2020-02-16,2.3943661971830985,0.2857142857142857,1.9596774193548387,0.32,0.234375,0.06060606060606061
2020-02-17,3.5161290322580645,3.326530612244898,2.3009708737864076,1.4509803921568627,-4.737864077669903,1.5862068965517242
2020-02-18,4.476190476190476,3.5306122448979593,4.91,2.04,-5.176470588235294,1.293103448275862
2020-02-19,3.0,1.18,3.177570093457944,4.938775510204081,-7.288461538461538,1.3333333333333333
2020-02-20,6.063492063492063,3.6122448979591835,4.431192660550459,6.88,-13.384615384615385,1.9107142857142858
2020-02-21,5.584615384615384,4.22,7.556521739130435,6.615384615384615,-13.679611650485437,2.5185185185185186
2020-02-22,8.609375,7.39622641509434,23.857142857142858,13.44,-5.51948051948052,-0.6388888888888888
2020-02-23,16.952380952380953,4.586956521739131,42.63716814159292,5.9361702127659575,-4.317460317460317,-4.121212121212121
2020-02-24,7.2631578947368425,-7.770833333333333,29.204301075268816,-12.612244897959183,-59.785714285714285,9.91891891891892
2020-02-25,-10.8,-17.73469387755102,3.1145833333333335,-7.92,-62.663636363636364,10.72972972972973
2020-02-26,-1.9692307692307693,-0.84,0.7685185185185185,5.26,-12.142857142857142,1.7222222222222223
2020-02-27,0.3076923076923077,2.36734693877551,0.6936936936936937,1.2884615384615385,-8.990291262135923,2.210526315789474
2020-02-28,0.8939393939393939,1.36,0.6578947368421053,-1.9811320754716981,-9.223300970873787,2.6363636363636362
2020-02-29,-2.5652173913043477,8.056603773584905,-4.360655737704918,-1.6415094339622642,-2.051948051948052,2.5135135135135136
2020-03-01,-3.782608695652174,2.8958333333333335,-5.137096774193548,-2.52,0.07936507936507936,2.3333333333333335
2020-03-02,3.0317460317460316,7.163265306122449,2.872549019607843,-1.0384615384615385,-7.961165048543689,2.824561403508772
2020-03-03,3.890625,6.877551020408164,4.271844660194175,0.6153846153846154,-8.567307692307692,2.3684210526315788
2020-03-04,2.230769230769231,3.2244897959183674,1.9074074074074074,-0.38,-9.592233009708737,2.7017543859649122
2020-03-05,2.8615384615384616,4.591836734693878,2.5405405405405403,2.28,-11.384615384615385,2.9298245614035086
2020-03-06,0.7727272727272727,1.8,0.8938053097345132,-1.4339622641509433,-11.21359223300971,3.2545454545454544
2020-03-07,-1.5571428571428572,1.1923076923076923,-1.4672131147540983,-3.5961538461538463,-3.026315789473684,1.4054054054054055
2020-03-08,6.666666666666667,2.0416666666666665,4.666666666666667,-1.1020408163265305,1.453125,-0.24242424242424243
2020-03-09,0.47619047619047616,0.6458333333333334,2.1584158415841586,-1.4615384615384615,-12.74757281553398,3.090909090909091
2020-03-10,2.53125,4.166666666666667,4.4326923076923075,1.68,-13.076923076923077,2.482142857142857
2020-03-11,0.6307692307692307,1.6,0.1559633027522936,-0.88,-13.076923076923077,3.0727272727272728
2020-03-12,0.24615384615384617,9.604166666666666,0.36363636363636365,-1.7254901960784315,-13.365384615384615,2.8214285714285716
2020-03-13,-7.606060606060606,0.96,-5.364406779661017,-9.203703703703704,-20.721153846153847,6.8076923076923075
2020-03-14,-14.557142857142857,3.0384615384615383,-11.129032258064516,-13.814814814814815,-7.7974683544303796,5.222222222222222
2020-03-15,-25.805555555555557,-5.708333333333333,-20.37007874015748,-22.09259259259259,-8.515151515151516,5.9
2020-03-16,-14.048387096774194,21.375,-15.277777777777779,-17.79245283018868,-31.28301886792453,9.0
2020-03-17,-57.03125,-33.59183673469388,-48.86776859504132,-61.410714285714285,-56.75892857142857,23.375
2020-03-18,-73.06666666666666,-60.16326530612245,-63.61538461538461,-77.26666666666667,-69.1304347826087,32.75757575757576
2020-03-19,-75.42105263157895,-60.0,-65.9322033898305,-80.91111111111111,-70.98305084745763,34.46875
2020-03-20,-77.57377049180327,-61.96153846153846,-68.25210084033614,-81.90243902439025,-71.88793103448276,39.84375
2020-03-21,-81.36507936507937,-67.16363636363636,-71.76521739130435,-82.65,-63.68478260869565,31.105263157894736
2020-03-22,-79.60655737704919,-64.94117647058823,-71.38260869565218,-82.8157894736842,-56.20779220779221,24.3125
2020-03-23,-78.89090909090909,-66.5576923076923,-68.21621621621621,-83.7,-74.05042016806723,36.93333333333333
2020-03-24,-78.91071428571429,-64.53061224489795,-69.54629629629629,-82.07692307692308,-75.69166666666666,36.5
2020-03-25,-82.38888888888889,-71.25531914893617,-73.16981132075472,-84.55555555555556,-78.05982905982906,38.68
2020-03-26,-82.16363636363636,-69.1875,-72.66055045871559,-85.11428571428571,-77.85217391304347,38.8
2020-03-27,-82.08333333333333,-69.5,-72.34234234234235,-85.64102564102564,-76.64912280701755,43.19230769230769
2020-03-28,-83.52459016393442,-70.0377358490566,-73.75925925925925,-84.1025641025641,-66.79787234042553,33.111111111111114
2020-03-29,-82.01724137931035,-70.24528301886792,-73.96428571428571,-84.69444444444444,-58.17948717948718,25.5625
2020-03-30,-78.70370370370371,-65.86274509803921,-69.50467289719626,-83.15384615384616,-75.55172413793103,37.44444444444444
2020-03-31,-78.92727272727272,-66.375,-69.99065420560747,-82.10810810810811,-75.91666666666667,35.607142857142854
2020-04-01,-78.12280701754386,-64.73469387755102,-68.80733944954129,-81.65,-75.44915254237289,37.03448275862069
2020-04-02,-80.66071428571429,-67.83333333333333,-70.81651376146789,-81.84615384615384,-76.36974789915966,37.76923076923077
2020-04-03,-78.5,-64.63461538461539,-68.74782608695652,-81.37209302325581,-74.80341880341881,41.30769230769231
2020-04-04,-80.0,-66.03703703703704,-70.60344827586206,-81.07142857142857,-64.55319148936171,31.17391304347826
2020-04-05,-79.69491525423729,-68.23076923076923,-72.0,-83.39473684210526,-56.8974358974359,24.88235294117647
2020-04-06,-77.53571428571429,-67.50943396226415,-67.89814814814815,-82.275,-74.7457627118644,37.225806451612904
2020-04-07,-77.0909090909091,-65.33333333333333,-67.43119266055047,-80.725,-74.9504132231405,35.70967741935484
2020-04-08,-76.2542372881356,-63.9,-66.44144144144144,-79.04761904761905,-74.58333333333333,36.12903225806452
2020-04-09,-75.66666666666667,-62.53061224489796,-66.36283185840708,-78.85,-74.77586206896552,36.483870967741936
2020-04-10,-79.08474576271186,-64.75471698113208,-70.42342342342343,-82.52272727272727,-78.52173913043478,41.52
2020-04-11,-89.55555555555556,-85.60714285714286,-80.36842105263158,-90.93939393939394,-71.65957446808511,36.529411764705884
2020-04-12,-88.15094339622641,-85.03703703703704,-78.89,-89.70967741935483,-63.5,28.0
2020-04-13,-73.01754385964912,-60.6078431372549,-64.3125,-78.38095238095238,-72.54237288135593,35.74193548387097
2020-04-14,-73.50877192982456,-61.0625,-64.7433628318584,-77.3953488372093,-72.40336134453781,35.064516129032256
2020-04-15,-73.62068965517241,-61.56,-65.23008849557522,-77.14634146341463,-72.51694915254237,35.61290322580645
2020-04-16,-72.44262295081967,-60.458333333333336,-64.40178571428571,-76.83333333333333,-72.35042735042735,35.774193548387096
2020-04-17,-73.39682539682539,-58.905660377358494,-64.66386554621849,-77.77777777777777,-70.83333333333333,39.61290322580645
2020-04-18,-85.35087719298245,-79.53703703703704,-76.35576923076923,-86.70270270270271,-67.10989010989012,34.35
2020-04-19,-85.2280701754386,-82.69090909090909,-76.39603960396039,-87.25714285714285,-59.24050632911393,26.615384615384617
2020-04-20,-68.27586206896552,-55.46153846153846,-59.904347826086955,-76.13333333333334,-68.93103448275862,34.03125
2020-04-21,-71.60714285714286,-59.0,-63.21818181818182,-76.9047619047619,-70.82051282051282,34.03225806451613
2020-04-22,-70.63934426229508,-59.02,-63.21052631578947,-76.6590909090909,-70.03448275862068,33.90625
2020-04-23,-71.21666666666667,-59.326530612244895,-64.06086956521739,-75.76190476190476,-70.12173913043478,34.4375
2020-04-24,-71.88709677419355,-58.16981132075472,-63.92307692307692,-77.77272727272727,-68.79824561403508,37.90625
2020-04-25,-83.60655737704919,-77.9074074074074,-74.02777777777777,-84.3157894736842,-63.24175824175824,33.65
2020-04-26,-84.23214285714286,-81.68518518518519,-75.71428571428571,-86.96875,-56.03846153846154,26.5
2020-04-27,-67.44827586206897,-56.745098039215684,-60.474137931034484,-76.24444444444444,-66.66371681415929,33.75
2020-04-28,-67.34482758620689,-55.2,-59.62162162162162,-75.09302325581395,-67.17699115044248,31.46875
2020-04-29,-67.55172413793103,-56.775510204081634,-60.2991452991453,-73.9090909090909,-66.83620689655173,32.28125
2020-04-30,-67.01639344262296,-55.53061224489796,-59.60344827586207,-74.21739130434783,-65.56637168141593,30.75
2020-05-01,-68.734375,-54.407407407407405,-61.016666666666666,-76.0,-68.08849557522124,36.71875
2020-05-02,-80.54838709677419,-73.42592592592592,-71.74311926605505,-83.35,-58.93258426966292,31.375
2020-05-03,-81.15254237288136,-78.24528301886792,-72.64814814814815,-85.05555555555556,-50.69736842105263,25.263157894736842
2020-05-04,-61.278688524590166,-50.31372549019608,-54.7008547008547,-72.56521739130434,-62.05357142857143,31.41176470588235
2020-05-05,-62.14754098360656,-49.59183673469388,-55.04237288135593,-71.13725490196079,-62.69090909090909,31.0
2020-05-06,-61.29032258064516,-48.673469387755105,-54.48760330578512,-71.82,-62.23893805309734,31.323529411764707
2020-05-07,-61.59375,-48.92,-55.15966386554622,-70.3,-61.585585585585584,31.34285714285714
2020-05-08,-61.492537313432834,-45.90384615384615,-54.25806451612903,-71.94339622641509,-59.24107142857143,34.294117647058826
2020-05-09,-73.53731343283582,-64.16666666666667,-65.44628099173553,-77.17777777777778,-50.275862068965516,29.06896551724138
2020-05-10,-70.578125,-67.5576923076923,-63.584,-77.80952380952381,-33.76056338028169,21.166666666666668
2020-05-11,-58.60655737704918,-48.68,-52.228813559322035,-71.72549019607843,-58.009009009009006,30.228571428571428
2020-05-12,-57.557377049180324,-44.666666666666664,-51.03361344537815,-69.88461538461539,-58.054545454545455,29.416666666666668
2020-05-13,-58.3968253968254,-46.63265306122449,-52.17796610169491,-70.33333333333333,-58.00877192982456,30.13888888888889
2020-05-14,-58.693548387096776,-45.3469387755102,-52.19166666666667,-69.58823529411765,-58.107142857142854,29.97142857142857
2020-05-15,-59.34848484848485,-44.67307692307692,-52.41463414634146,-71.52830188679245,-56.00925925925926,33.30555555555556
2020-05-16,-73.19402985074628,-63.14545454545455,-65.08403361344538,-78.18604651162791,-46.48863636363637,28.96875
2020-05-17,-74.8688524590164,-71.54716981132076,-67.13793103448276,-80.7560975609756,-38.014084507042256,23.857142857142858
2020-05-18,-53.86666666666667,-42.14,-48.5,-69.32075471698113,-53.372727272727275,29.125
2020-05-19,-54.354838709677416,-41.93877551020408,-47.90833333333333,-67.88461538461539,-54.27272727272727,28.925
2020-05-20,-53.75,-39.74,-47.84033613445378,-67.6923076923077,-54.0,28.7
2020-05-21,-53.53125,-39.16326530612245,-48.77049180327869,-67.36538461538461,-54.153153153153156,29.23076923076923
2020-05-22,-54.78260869565217,-39.94,-49.33870967741935,-68.94545454545455,-51.398148148148145,31.3
2020-05-23,-66.92857142857143,-56.45454545454545,-60.664,-74.42857142857143,-39.07142857142857,26.5
2020-05-24,-72.4375,-68.27777777777777,-65.31666666666666,-79.8780487804878,-32.690140845070424,22.583333333333332
2020-05-25,-47.11290322580645,-34.86274509803921,-44.06837606837607,-64.9090909090909,-53.445454545454545,27.65
2020-05-26,-47.74603174603175,-34.816326530612244,-44.082644628099175,-63.27272727272727,-49.620370370370374,25.953488372093023
2020-05-27,-49.261538461538464,-37.0,-44.813559322033896,-64.96296296296296,-49.19266055045872,26.928571428571427
2020-05-28,-48.36507936507937,-34.91836734693877,-44.25,-64.18867924528301,-48.57798165137615,26.878048780487806
2020-05-29,-50.30434782608695,-35.8,-45.642276422764226,-65.89285714285714,-47.2,29.875
2020-05-30,-59.45070422535211,-46.05555555555556,-54.51219512195122,-70.25925925925925,-29.095238095238095,23.28125
2020-05-31,-67.6268656716418,-62.88461538461539,-60.72950819672131,-77.33333333333333,-23.686567164179106,21.23076923076923
2020-06-01,-34.75409836065574,-20.38,-35.66086956521739,-59.166666666666664,-42.63551401869159,23.558139534883722
2020-06-02,-39.796875,-25.693877551020407,-37.141666666666666,-59.2962962962963,-43.89719626168224,24.325581395348838
2020-06-03,-41.059701492537314,-27.224489795918366,-38.313559322033896,-59.67307692307692,-43.83177570093458,24.5
2020-06-04,-40.246153846153845,-25.53061224489796,-37.90909090909091,-59.39622641509434,-43.85981308411215,24.813953488372093
2020-06-05,-43.970588235294116,-27.45098039215686,-41.39837398373984,-61.50877192982456,-42.647619047619045,27.634146341463413
2020-06-06,-50.27777777777778,-33.7037037037037,-46.68,-61.472727272727276,-21.353658536585368,20.21875
2020-06-07,-64.6,-58.76923076923077,-58.388888888888886,-74.11363636363636,-18.70769230769231,20.59259259259259
2020-06-08,-33.507936507936506,-21.529411764705884,-33.243478260869566,-56.925925925925924,-38.11678832116788,22.822222222222223
2020-06-09,-37.04761904761905,-24.54901960784314,-34.925619834710744,-57.148148148148145,-39.934306569343065,23.044444444444444
2020-06-10,-36.215384615384615,-24.34,-34.077586206896555,-56.42307692307692,-39.55072463768116,23.066666666666666
2020-06-11,-36.10606060606061,-24.08,-35.0,-58.074074074074076,-39.60144927536232,23.733333333333334
2020-06-12,-38.492753623188406,-23.784313725490197,-35.59016393442623,-58.535714285714285,-37.416058394160586,25.955555555555556
2020-06-13,-45.77777777777778,-29.62962962962963,-42.05555555555556,-59.214285714285715,-14.285714285714286,18.941176470588236
2020-06-14,-62.23943661971831,-56.111111111111114,-56.88709677419355,-74.70454545454545,-14.48,19.379310344827587
2020-06-15,-30.396825396825395,-18.12,-30.92982456140351,-52.870370370370374,-36.36496350364963,22.177777777777777
2020-06-16,-31.396825396825395,-17.93877551020408,-31.016806722689076,-53.43396226415094,-37.59124087591241,22.377777777777776
2020-06-17,-33.375,-20.244897959183675,-32.675213675213676,-54.642857142857146,-38.166666666666664,22.6
2020-06-18,-34.09230769230769,-20.551020408163264,-34.38135593220339,-55.58181818181818,-38.5,22.91111111111111
2020-06-19,-35.80597014925373,-18.84,-35.14876033057851,-56.160714285714285,-36.24817518248175,24.511111111111113
2020-06-20,-40.361111111111114,-18.653846153846153,-39.8968253968254,-56.351851851851855,-11.936936936936936,16.852941176470587
2020-06-21,-56.06944444444444,-49.07843137254902,-51.94488188976378,-71.58823529411765,-5.360824742268041,17.0
2020-06-22,-32.22222222222222,-22.333333333333332,-33.65217391304348,-56.75438596491228,-38.51470588235294,22.42222222222222
2020-06-23,-31.857142857142858,-19.122448979591837,-31.54237288135593,-53.98148148148148,-38.394160583941606,22.355555555555554
2020-06-24,-32.38461538461539,-20.918367346938776,-32.504273504273506,-54.339285714285715,-37.11594202898551,22.4
2020-06-25,-33.815384615384616,-21.612244897959183,-33.7563025210084,-54.166666666666664,-37.824817518248175,22.955555555555556
2020-06-26,-37.166666666666664,-21.784313725490197,-36.0,-56.87931034482759,-37.306569343065696,25.6
2020-06-27,-41.041666666666664,-25.89090909090909,-39.104,-56.851851851851855,-13.10909090909091,18.0
2020-06-28,-58.361111111111114,-52.81132075471698,-52.93700787401575,-70.95833333333333,-15.32,19.25
2020-06-29,-29.793650793650794,-18.686274509803923,-30.710526315789473,-55.275862068965516,-35.80882352941177,22.022222222222222
2020-06-30,-29.80952380952381,-17.142857142857142,-29.907563025210084,-53.64912280701754,-36.11764705882353,21.533333333333335
2020-07-01,-29.6875,-15.607843137254902,-30.794871794871796,-52.36363636363637,-36.27536231884058,21.133333333333333
2020-07-02,-30.953846153846154,-16.26,-32.228813559322035,-53.50909090909091,-36.8768115942029,22.2
2020-07-03,-32.134328358208954,-15.294117647058824,-30.760330578512395,-54.05084745762712,-34.3235294117647,24.155555555555555
2020-07-04,-37.2112676056338,-19.90566037735849,-37.008,-53.19642857142857,-11.90990990990991,17.147058823529413
2020-07-05,-48.26027397260274,-40.61538461538461,-45.330708661417326,-67.50909090909092,-11.070707070707071,16.551724137931036
2020-07-06,-26.19047619047619,-13.04,-27.794642857142858,-52.293103448275865,-35.22222222222222,21.133333333333333
2020-07-07,-26.84375,-13.38,-28.07758620689655,-51.45454545454545,-36.21167883211679,20.844444444444445
2020-07-08,-29.681818181818183,-17.431372549019606,-31.025862068965516,-52.87931034482759,-36.108695652173914,21.17391304347826
2020-07-09,-29.984615384615385,-17.122448979591837,-30.93103448275862,-51.888888888888886,-35.971014492753625,21.733333333333334
2020-07-10,-32.656716417910445,-17.115384615384617,-32.08196721311475,-53.71186440677966,-34.31617647058823,24.044444444444444
2020-07-11,-36.04225352112676,-20.836363636363636,-35.048,-52.96363636363636,-11.036363636363637,16.714285714285715
2020-07-12,-46.225352112676056,-39.75,-43.3875968992248,-66.07692307692308,-10.323232323232324,15.827586206896552
2020-07-13,-27.921875,-16.7,-30.398230088495577,-51.473684210526315,-35.1764705882353,21.6
2020-07-14,-28.184615384615384,-16.18,-29.5982905982906,-51.981818181818184,-36.61594202898551,21.2
2020-07-15,-28.861538461538462,-15.89795918367347,-30.46086956521739,-52.160714285714285,-35.58695652173913,21.5
2020-07-16,-27.6,-14.16326530612245,-29.482758620689655,-52.107142857142854,-35.166666666666664,21.68888888888889
2020-07-17,-30.313432835820894,-14.442307692307692,-29.262295081967213,-53.5,-33.518248175182485,24.0
2020-07-18,-34.76056338028169,-18.574074074074073,-33.65079365079365,-53.827586206896555,-10.467289719626168,16.485714285714284
2020-07-19,-44.3013698630137,-36.67307692307692,-41.346456692913385,-64.62745098039215,-10.181818181818182,15.655172413793103
2020-07-20,-25.734375,-13.596153846153847,-27.333333333333332,-50.03333333333333,-33.904411764705884,21.217391304347824
2020-07-21,-26.671875,-13.96,-27.75221238938053,-49.96491228070175,-35.518248175182485,21.065217391304348
2020-07-22,-29.21875,-17.372549019607842,-30.756521739130434,-51.07017543859649,-35.42028985507246,21.622222222222224
2020-07-23,-28.384615384615383,-15.42,-29.017241379310345,-49.81481481481482,-35.35766423357664,21.652173913043477
2020-07-24,-30.432835820895523,-14.211538461538462,-28.442622950819672,-51.76271186440678,-33.625,24.695652173913043
2020-07-25,-34.888888888888886,-18.98148148148148,-32.388888888888886,-51.714285714285715,-11.522522522522523,17.085714285714285
2020-07-26,-44.666666666666664,-37.28846153846154,-40.06299212598425,-63.833333333333336,-10.73469387755102,15.724137931034482
2020-07-27,-24.822580645161292,-13.52,-25.116071428571427,-48.67796610169491,-34.77777777777778,21.456521739130434
2020-07-28,-26.421875,-13.78,-25.526315789473685,-48.24561403508772,-35.38970588235294,20.891304347826086
2020-07-29,-27.96875,-16.56,-29.726495726495727,-49.50909090909091,-36.52173913043478,21.565217391304348
2020-07-30,-28.123076923076923,-14.08,-29.71794871794872,-50.05357142857143,-36.22463768115942,21.934782608695652
2020-07-31,-31.676470588235293,-15.11320754716981,-30.371900826446282,-52.389830508474574,-34.78102189781022,24.511111111111113
2020-08-01,-32.94444444444444,-14.169811320754716,-31.747967479674795,-51.81818181818182,-11.880733944954128,16.571428571428573
2020-08-02,-40.945205479452056,-32.15384615384615,-36.75590551181102,-62.98076923076923,-11.181818181818182,15.10344827586207
2020-08-03,-22.875,-9.823529411764707,-24.428571428571427,-47.40350877192982,-34.63235294117647,20.76086956521739
2020-08-04,-22.78125,-8.16326530612245,-23.071428571428573,-45.96296296296296,-35.833333333333336,20.434782608695652
2020-08-05,-24.953125,-11.6,-27.07894736842105,-46.472727272727276,-35.7536231884058,20.608695652173914
2020-08-06,-25.46153846153846,-11.823529411764707,-26.5,-46.054545454545455,-35.78260869565217,20.630434782608695
2020-08-07,-28.970149253731343,-13.156862745098039,-27.825,-49.46551724137931,-34.46715328467153,23.02173913043478
2020-08-08,-29.458333333333332,-13.203703703703704,-27.669421487603305,-47.236363636363635,-11.558558558558559,15.057142857142857
2020-08-09,-31.63888888888889,-26.352941176470587,-25.952,-57.092592592592595,-8.474226804123711,12.6
2020-08-10,-24.60655737704918,-13.14,-23.036363636363635,-51.660714285714285,-46.79710144927536,22.11904761904762
2020-08-11,-24.206349206349206,-11.224489795918368,-22.991150442477878,-45.70909090909091,-34.613138686131386,19.565217391304348
2020-08-12,-25.41269841269841,-12.84,-25.5929203539823,-45.763636363636365,-34.80434782608695,20.434782608695652
2020-08-13,-26.90625,-13.647058823529411,-26.275862068965516,-46.82142857142857,-35.05797101449275,20.630434782608695
2020-08-14,-27.47761194029851,-11.803921568627452,-25.266666666666666,-48.01724137931034,-32.59124087591241,22.73913043478261
2020-08-15,-30.80821917808219,-12.547169811320755,-27.479674796747968,-45.857142857142854,-9.65137614678899,15.657142857142857
2020-08-16,-36.666666666666664,-28.173076923076923,-30.921259842519685,-59.03846153846154,-7.292929292929293,13.966666666666667
2020-08-17,-25.157894736842106,-10.714285714285714,-31.285714285714285,-44.15384615384615,-37.80487804878049,19.52173913043478
2020-08-18,-26.473684210526315,-10.923076923076923,-32.80952380952381,-44.0,-36.30952380952381,18.851063829787233
2020-08-19,-29.36842105263158,-14.357142857142858,-34.0,-45.9,-36.476190476190474,19.304347826086957
2020-08-20,-29.210526315789473,-13.571428571428571,-33.57142857142857,-46.45454545454545,-37.07142857142857,19.608695652173914
2020-08-21,-33.13636363636363,-17.125,-37.77272727272727,-49.23076923076923,-35.73809523809524,22.82608695652174
2020-08-22,-34.08695652173913,-17.833333333333332,-37.32142857142857,-46.27272727272727,-10.0,14.714285714285714
2020-08-23,-43.23809523809524,-35.294117647058826,-42.30769230769231,-60.45454545454545,-6.4,13.161290322580646
2020-08-24,-25.526315789473685,-12.071428571428571,-29.761904761904763,-43.75,-35.75609756097561,18.717391304347824
2020-08-25,-26.36842105263158,-12.307692307692308,-30.38095238095238,-42.55555555555556,-36.023809523809526,18.608695652173914
2020-08-26,-28.789473684210527,-13.928571428571429,-31.476190476190474,-44.0,-34.80487804878049,18.604166666666668
2020-08-27,-28.473684210526315,-12.857142857142858,-32.42857142857143,-44.5,-35.0,18.4468085106383
2020-08-28,-30.857142857142858,-14.733333333333333,-35.72727272727273,-45.76923076923077,-33.725,20.869565217391305
2020-08-29,-32.91304347826087,-18.157894736842106,-36.214285714285715,-43.54545454545455,-9.2,13.657142857142857
2020-08-30,-39.04761904761905,-32.0,-39.6,-54.2,-6.533333333333333,11.35483870967742
2020-08-31,-23.526315789473685,-9.214285714285714,-29.142857142857142,-41.166666666666664,-34.75609756097561,17.020833333333332
2020-09-01,-22.894736842105264,-6.615384615384615,-29.857142857142858,-41.0,-35.69047619047619,17.67391304347826
2020-09-02,-24.473684210526315,-8.714285714285714,-29.904761904761905,-42.4,-35.19512195121951,17.630434782608695
2020-09-03,-25.0,-8.307692307692308,-30.904761904761905,-40.7,-35.57142857142857,18.195652173913043
2020-09-04,-26.0,-8.571428571428571,-31.40909090909091,-42.23076923076923,-33.2,19.97826086956522
2020-09-05,-26.391304347826086,-8.647058823529411,-32.333333333333336,-38.72727272727273,-9.44,12.628571428571428
2020-09-06,-35.38095238095238,-27.5625,-35.12,-49.0,-6.266666666666667,10.806451612903226
2020-09-07,-21.833333333333332,-8.285714285714286,-27.666666666666668,-39.25,-35.390243902439025,17.630434782608695
2020-09-08,-22.0,-8.416666666666666,-27.666666666666668,-39.44444444444444,-35.5,17.23913043478261
2020-09-09,-25.842105263157894,-10.785714285714286,-29.61904761904762,-40.333333333333336,-34.30952380952381,17.304347826086957
2020-09-10,-24.473684210526315,-8.384615384615385,-28.38095238095238,-39.7,-35.023809523809526,17.652173913043477
2020-09-11,-17.181818181818183,-4.72,-16.93103448275862,-35.771929824561404,-30.386861313868614,19.17391304347826
2020-09-12,-18.38235294117647,-5.673469387755102,-15.834710743801653,-31.09433962264151,-7.018691588785047,11.685714285714285
2020-09-13,-21.971014492753625,-19.510204081632654,-18.951612903225808,-39.25,-4.474226804123711,9.5625
2020-09-14,-13.03225806451613,-5.8125,-15.11214953271028,-31.649122807017545,-28.352941176470587,17.083333333333332
2020-09-15,-11.903225806451612,-1.5625,-14.495327102803738,-29.6,-29.080882352941178,17.652173913043477
2020-09-16,-15.09375,-5.551020408163265,-17.938053097345133,-31.0,-30.594202898550726,17.893617021276597
2020-09-17,-16.28125,-7.673469387755102,-19.8,-33.69090909090909,-31.181159420289855,18.52173913043478
2020-09-18,-17.303030303030305,-5.48,-18.491525423728813,-34.63793103448276,-28.102941176470587,20.195652173913043
2020-09-19,-17.18840579710145,-4.06,-16.025,-30.88888888888889,-6.093457943925234,12.057142857142857
2020-09-20,-19.67142857142857,-17.122448979591837,-16.943089430894307,-35.7037037037037,-2.4270833333333335,9.375
2020-09-21,-14.983870967741936,-4.73469387755102,-17.61111111111111,-30.375,-30.125925925925927,18.108695652173914
2020-09-22,-18.206349206349206,-4.395833333333333,-20.44144144144144,-27.9811320754717,-32.04347826086956,17.404255319148938
2020-09-23,-22.476923076923075,-7.729166666666667,-26.97345132743363,-30.87272727272727,-32.22463768115942,17.420289855072465
2020-09-24,-22.765625,-7.75,-25.973684210526315,-31.472727272727273,-32.35507246376812,18.147058823529413
2020-09-25,-22.46969696969697,-5.1,-23.6,-31.862068965517242,-28.91176470588235,19.17910447761194
2020-09-26,-22.057971014492754,-4.28,-19.03305785123967,-27.442307692307693,-6.407407407407407,12.019607843137255
2020-09-27,-24.13888888888889,-15.84,-20.390243902439025,-30.64814814814815,-4.212121212121212,9.24390243902439
2020-09-28,-20.20967741935484,-5.530612244897959,-23.2972972972973,-28.910714285714285,-30.21167883211679,17.597014925373134
2020-09-29,-20.73015873015873,-4.645833333333333,-23.646017699115045,-27.894736842105264,-31.7007299270073,16.611940298507463
2020-09-30,-20.59375,-2.6530612244897958,-25.0625,-28.87272727272727,-32.369565217391305,14.8
2020-10-01,-19.734375,1.2083333333333333,-23.99122807017544,-26.660714285714285,-31.39855072463768,13.897058823529411
2020-10-02,-17.21212121212121,2.75,-20.286956521739132,-27.54385964912281,-28.744525547445257,15.323529411764707
2020-10-03,-16.855072463768117,4.72,-19.330578512396695,-23.24074074074074,-8.8,9.235294117647058
2020-10-04,-18.267605633802816,-6.591836734693878,-17.349593495934958,-26.833333333333332,-6.202020202020202,6.904761904761905
2020-10-05,-13.838709677419354,3.0,-18.59090909090909,-23.90740740740741,-32.220588235294116,13.388059701492537
2020-10-06,-13.5,2.702127659574468,-17.81081081081081,-23.203703703703702,-31.145985401459853,12.735294117647058
2020-10-07,-13.46031746031746,1.2448979591836735,-20.336283185840706,-24.98148148148148,-29.681159420289855,13.333333333333334
2020-10-08,-8.777777777777779,3.6666666666666665,-19.035398230088497,-21.462962962962962,-29.27536231884058,13.478260869565217
2020-10-09,-9.984375,2.7551020408163267,-14.724137931034482,-27.603448275862068,-42.507246376811594,18.253731343283583
2020-10-10,-11.597014925373134,-1.1,-10.239316239316238,-24.0,-8.824074074074074,10.156862745098039
2020-10-11,-15.367647058823529,-13.6,-11.074380165289256,-21.333333333333332,-2.4123711340206184,6.428571428571429
2020-10-12,-11.870967741935484,-0.9574468085106383,-18.724770642201836,-22.685185185185187,-29.335766423357665,13.850746268656716
2020-10-13,-11.548387096774194,-0.4583333333333333,-20.2972972972973,-23.59259259259259,-29.693430656934307,14.720588235294118
2020-10-14,-12.206349206349206,1.8541666666666667,-20.80701754385965,-23.574074074074073,-28.507246376811594,15.257142857142858
2020-10-15,-12.619047619047619,5.404255319148936,-21.17699115044248,-23.660714285714285,-28.52173913043478,15.927536231884059
2020-10-16,-14.015384615384615,5.16,-21.136752136752136,-25.92982456140351,-26.73722627737226,17.544117647058822
2020-10-17,-15.558823529411764,4.24,-17.975206611570247,-19.90740740740741,-4.6880733944954125,10.450980392156863
2020-10-18,-18.085714285714285,-7.416666666666667,-15.991869918699187,-22.528301886792452,-0.8469387755102041,8.142857142857142
2020-10-19,-15.53968253968254,-0.4375,-22.63063063063063,-24.303571428571427,-28.375,16.029411764705884
2020-10-20,-14.903225806451612,2.6382978723404253,-20.91891891891892,-24.134615384615383,-29.364963503649633,15.855072463768115
2020-10-21,-15.34920634920635,0.1875,-21.859649122807017,-26.90566037735849,-27.71014492753623,16.2
2020-10-22,-13.80952380952381,2.148936170212766,-17.43362831858407,-26.0,-28.087591240875913,15.927536231884059
2020-10-23,-14.151515151515152,2.2083333333333335,-15.820512820512821,-28.789473684210527,-25.48905109489051,17.220588235294116
2020-10-24,-15.117647058823529,2.44,-12.305084745762711,-23.10909090909091,-1.9906542056074767,10.333333333333334
2020-10-25,-16.788732394366196,-6.617021276595745,-11.295081967213115,-24.314814814814813,1.09375,7.595238095238095
2020-10-26,-13.241935483870968,0.851063829787234,-17.03669724770642,-24.53846153846154,-26.57777777777778,15.544117647058824
2020-10-27,-13.64516129032258,1.0,-18.536363636363635,-23.150943396226417,-28.63235294117647,15.333333333333334
2020-10-28,-14.64516129032258,-1.2291666666666667,-23.25,-23.923076923076923,-27.884057971014492,15.142857142857142
2020-10-29,-12.444444444444445,1.8085106382978724,-23.4070796460177,-22.462962962962962,-27.35036496350365,14.797101449275363
2020-10-30,-12.26865671641791,4.479166666666667,-21.043478260869566,-19.839285714285715,-24.733333333333334,15.279411764705882
2020-10-31,-6.367647058823529,11.86,-9.427350427350428,-11.481481481481481,-0.6944444444444444,7.346153846153846
2020-11-01,-6.597014925373134,-1.0425531914893618,-3.440677966101695,-18.923076923076923,0.8125,5.186046511627907
2020-11-02,-8.4,-0.25,-4.376237623762377,-32.666666666666664,-52.56934306569343,15.573529411764707
2020-11-03,-14.426229508196721,-2.8125,-18.37962962962963,-24.945454545454545,-49.44927536231884,15.735294117647058
2020-11-04,-12.920634920634921,3.1458333333333335,-23.43362831858407,-21.88235294117647,-27.666666666666668,13.971428571428572
2020-11-05,-13.796875,1.9148936170212767,-24.008849557522122,-23.48148148148148,-27.992753623188406,14.55072463768116
2020-11-06,-16.907692307692308,-0.6530612244897959,-24.58974358974359,-27.859649122807017,-25.659259259259258,16.485294117647058
2020-11-07,-16.08823529411765,-0.68,-22.126050420168067,-21.51851851851852,-1.7037037037037037,10.450980392156863
2020-11-08,-18.633802816901408,-9.96,-20.282258064516128,-24.77777777777778,1.443298969072165,8.547619047619047
2020-11-09,-12.555555555555555,0.2916666666666667,-23.227272727272727,-25.054545454545455,-28.110294117647058,14.970588235294118
2020-11-10,-11.612903225806452,1.7446808510638299,-21.714285714285715,-23.98181818181818,-27.970802919708028,14.602941176470589
2020-11-11,-12.746031746031745,0.0,-24.142857142857142,-25.59259259259259,-26.652173913043477,14.814285714285715
2020-11-12,-13.507936507936508,-0.4375,-25.017391304347825,-26.12962962962963,-27.557971014492754,15.347826086956522
2020-11-13,-13.96923076923077,1.2083333333333333,-23.256410256410255,-26.636363636363637,-25.177777777777777,16.485294117647058
2020-11-14,-12.53623188405797,3.0,-19.28688524590164,-20.38888888888889,-1.009433962264151,9.673076923076923
2020-11-15,-15.6,-5.8979591836734695,-19.48780487804878,-23.61111111111111,1.9895833333333333,7.833333333333333
2020-11-16,-12.950819672131148,1.6041666666666667,-23.45045045045045,-24.90909090909091,-26.644444444444446,15.220588235294118
2020-11-17,-12.698412698412698,0.041666666666666664,-25.097345132743364,-24.423076923076923,-27.437956204379564,15.231884057971014
2020-11-18,-13.609375,-0.3541666666666667,-25.719298245614034,-26.454545454545453,-27.043478260869566,15.214285714285714
2020-11-19,-14.142857142857142,1.1666666666666667,-26.228070175438596,-26.62962962962963,-27.145985401459853,15.565217391304348
2020-11-20,-14.909090909090908,2.0408163265306123,-25.96551724137931,-27.339285714285715,-25.875912408759124,16.83823529411765
2020-11-21,-14.149253731343284,2.34,-21.764705882352942,-21.63157894736842,-1.25,9.596153846153847
2020-11-22,-16.042857142857144,-5.0,-20.846774193548388,-24.056603773584907,2.216494845360825,7.4186046511627906
2020-11-23,-14.435483870967742,-0.1276595744680851,-26.09009009009009,-25.703703703703702,-27.11764705882353,15.411764705882353
2020-11-24,-12.483870967741936,2.2291666666666665,-24.880733944954127,-24.4,-27.0,14.898550724637682
2020-11-25,-13.126984126984127,0.16666666666666666,-25.0625,-25.30909090909091,-25.630434782608695,14.971428571428572
2020-11-26,-13.5625,0.851063829787234,-25.640350877192983,-26.30909090909091,-25.861313868613138,15.028985507246377
2020-11-27,-12.454545454545455,4.229166666666667,-24.02542372881356,-27.526315789473685,-23.57777777777778,16.014705882352942
2020-11-28,-12.223880597014926,4.76,-20.425,-20.857142857142858,0.8207547169811321,9.254901960784315
2020-11-29,-12.714285714285714,-2.5714285714285716,-18.84426229508197,-23.22222222222222,5.479166666666667,6.976190476190476
2020-11-30,-11.53225806451613,3.5208333333333335,-23.82882882882883,-23.509090909090908,-24.903703703703705,14.5
2020-12-01,-11.114754098360656,6.9787234042553195,-22.70909090909091,-22.566037735849058,-25.897058823529413,14.217391304347826
2020-12-02,-11.0,6.0,-25.045045045045047,-23.363636363636363,-24.635036496350367,14.957142857142857
2020-12-03,-9.492063492063492,9.27659574468085,-23.157894736842106,-20.547169811320753,-24.467153284671532,14.73913043478261
2020-12-04,-10.909090909090908,8.5,-22.05982905982906,-23.660714285714285,-21.8,15.544117647058824
2020-12-05,-8.26865671641791,9.92,-17.383333333333333,-15.654545454545454,1.6603773584905661,8.461538461538462
2020-12-06,-9.285714285714286,1.3695652173913044,-14.508196721311476,-19.40740740740741,6.723404255319149,6.136363636363637
2020-12-07,-6.983870967741935,8.708333333333334,-18.238532110091743,-19.685185185185187,-25.844444444444445,13.970149253731343
2020-12-08,-10.35483870967742,5.957446808510638,-22.28181818181818,-20.636363636363637,-23.573529411764707,13.782608695652174
2020-12-09,-12.619047619047619,3.6875,-23.194690265486727,-23.745454545454546,-24.817518248175183,14.514285714285714
2020-12-10,-11.203125,8.957446808510639,-19.24561403508772,-21.37037037037037,-24.861313868613138,14.735294117647058
2020-12-11,-11.26865671641791,9.510204081632653,-18.0,-21.333333333333332,-22.066666666666666,15.911764705882353
2020-12-12,-8.485294117647058,12.387755102040817,-11.647058823529411,-14.0,2.9523809523809526,8.365384615384615
2020-12-13,-10.695652173913043,3.217391304347826,-9.276422764227643,-16.21153846153846,8.2,6.488372093023256
2020-12-14,-8.82258064516129,10.680851063829786,-16.69724770642202,-17.454545454545453,-24.22222222222222,14.17910447761194
2020-12-15,-6.60655737704918,15.893617021276595,-15.62037037037037,-16.0,-24.698529411764707,13.573529411764707
2020-12-16,-5.064516129032258,17.67391304347826,-17.036363636363635,-16.903846153846153,-22.8,13.579710144927537
2020-12-17,-4.222222222222222,18.51063829787234,-17.517543859649123,-18.01851851851852,-23.764705882352942,14.102941176470589
2020-12-18,-6.03030303030303,18.166666666666668,-16.5,-17.982142857142858,-20.845588235294116,14.485294117647058
2020-12-19,-2.426470588235294,21.395833333333332,-8.491525423728813,-8.214285714285714,5.8,6.461538461538462
2020-12-20,-4.6,14.043478260869565,-6.762295081967213,-10.764705882352942,12.591397849462366,5.25
2020-12-21,-3.032258064516129,22.680851063829788,-13.787037037037036,-11.642857142857142,-22.007407407407406,12.716417910447761
2020-12-22,-5.564516129032258,22.282608695652176,-17.416666666666668,-13.709090909090909,-24.66176470588235,13.411764705882353
2020-12-23,0.3548387096774194,34.6,-13.88495575221239,-10.76923076923077,-22.437956204379564,12.228571428571428
2020-12-24,6.05,58.46511627906977,-5.153153153153153,-8.169811320754716,-23.56934306569343,10.585714285714285
2020-12-25,-30.53731343283582,-9.1875,-26.06086956521739,-43.68333333333333,-54.2536231884058,21.984848484848484
2020-12-26,-19.681159420289855,6.1,-20.925619834710744,-24.375,-7.339449541284404,12.372549019607844
2020-12-27,-18.0,-1.1875,-16.776859504132233,-20.358490566037737,6.371134020618556,9.30952380952381
2020-12-28,-5.245901639344262,16.041666666666668,-13.850467289719626,-16.464285714285715,-26.291970802919707,14.029850746268657
2020-12-29,-2.5737704918032787,21.847826086956523,-12.415094339622641,-11.781818181818181,-26.496350364963504,12.420289855072463
2020-12-30,2.2295081967213113,33.97727272727273,-9.357798165137615,-8.018518518518519,-25.233576642335766,11.728571428571428
2020-12-31,5.883333333333334,54.395348837209305,5.056603773584905,-13.169811320754716,-27.845588235294116,9.757142857142858
2021-01-01,-45.984848484848484,-46.90196078431372,-32.504347826086956,-60.327586206896555,-66.5985401459854,23.615384615384617
2021-01-02,-23.52112676056338,-3.2941176470588234,-19.54237288135593,-26.68421052631579,-20.964285714285715,14.607843137254902
2021-01-03,-21.12676056338028,-9.770833333333334,-17.0,-12.392156862745098,-2.42,9.880952380952381
2021-01-04,-12.80327868852459,9.148936170212766,-19.91743119266055,-18.77777777777778,-27.323529411764707,15.701492537313433
2021-01-05,-11.161290322580646,11.26086956521739,-19.28181818181818,-18.75925925925926,-28.0,15.411764705882353
2021-01-06,-10.238095238095237,9.108695652173912,-19.767857142857142,-19.686274509803923,-25.405797101449274,15.347826086956522
2021-01-07,-11.412698412698413,7.617021276595745,-20.92920353982301,-21.72222222222222,-26.81021897810219,15.735294117647058
2021-01-08,-13.246153846153845,4.530612244897959,-22.720338983050848,-24.357142857142858,-24.78102189781022,16.897058823529413
2021-01-09,-11.388059701492537,5.86,-20.458333333333332,-17.555555555555557,-1.853211009174312,9.666666666666666
2021-01-10,-12.661764705882353,-4.645833333333333,-18.065573770491802,-18.294117647058822,1.9583333333333333,7.357142857142857
2021-01-11,-10.451612903225806,4.340425531914893,-22.554545454545455,-19.054545454545455,-26.66176470588235,13.897058823529411
2021-01-12,-12.64516129032258,1.851063829787234,-24.936936936936938,-20.296296296296298,-29.21167883211679,13.594202898550725
2021-01-13,-16.0,-3.625,-28.982142857142858,-25.566037735849058,-30.71014492753623,12.028571428571428
2021-01-14,-18.53968253968254,-6.916666666666667,-31.565217391304348,-27.925925925925927,-33.61594202898551,12.441176470588236
2021-01-15,-20.045454545454547,-6.333333333333333,-31.367521367521366,-30.810344827586206,-32.948905109489054,13.661764705882353
2021-01-16,-20.785714285714285,-5.705882352941177,-29.78688524590164,-27.945454545454545,-13.185840707964601,8.098039215686274
2021-01-17,-19.98611111111111,-13.42,-25.153225806451612,-27.0,-8.0,5.534883720930233
2021-01-18,-18.322580645161292,-7.9787234042553195,-31.82300884955752,-28.796296296296298,-33.98540145985402,13.044776119402986
2021-01-19,-18.225806451612904,-5.291666666666667,-31.309734513274336,-26.87037037037037,-34.720588235294116,12.855072463768115
2021-01-20,-18.177419354838708,-4.775510204081633,-30.991304347826087,-28.166666666666668,-33.45985401459854,13.26086956521739
2021-01-21,-18.580645161290324,-5.666666666666667,-31.017391304347825,-27.11111111111111,-33.391304347826086,13.705882352941176
2021-01-22,-21.6,-8.081632653061224,-32.48760330578512,-30.071428571428573,-31.554744525547445,15.882352941176471
2021-01-23,-18.264705882352942,-3.823529411764706,-26.801652892561982,-24.767857142857142,-9.00909090909091,8.549019607843137
2021-01-24,-19.4,-14.553191489361701,-25.6260162601626,-26.12962962962963,-5.76,6.690476190476191
2021-01-25,-17.868852459016395,-5.361702127659575,-29.857142857142858,-26.836363636363636,-32.35036496350365,13.552238805970148
2021-01-26,-17.265625,-4.520833333333333,-29.920353982300885,-25.20754716981132,-33.2043795620438,13.073529411764707
2021-01-27,-18.923076923076923,-7.958333333333333,-30.895652173913042,-28.854545454545455,-31.78102189781022,14.043478260869565
2021-01-28,-18.184615384615384,-5.895833333333333,-29.191304347826087,-26.11111111111111,-32.35766423357664,13.81159420289855
2021-01-29,-17.575757575757574,-0.75,-26.153846153846153,-28.396551724137932,-29.715328467153284,13.382352941176471
2021-01-30,-14.897058823529411,4.020408163265306,-21.447154471544714,-22.763636363636362,-8.891891891891891,6.0576923076923075
2021-01-31,-13.173913043478262,-2.5319148936170213,-16.098360655737704,-23.58490566037736,-2.479591836734694,3.1627906976744184
2021-02-01,-13.95,5.276595744680851,-22.24770642201835,-24.236363636363638,-30.875,9.676470588235293
2021-02-02,-10.904761904761905,7.872340425531915,-21.605504587155963,-19.470588235294116,-31.705882352941178,9.159420289855072
2021-02-03,-13.8125,2.3541666666666665,-24.776785714285715,-25.814814814814813,-31.565217391304348,9.857142857142858
2021-02-04,-14.158730158730158,0.3617021276595745,-25.805309734513273,-21.98148148148148,-32.81021897810219,11.159420289855072
2021-02-05,-16.833333333333332,1.5625,-24.948275862068964,-23.140350877192983,-29.654411764705884,12.558823529411764
2021-02-06,-16.619718309859156,2.2,-21.6,-7.849056603773585,-6.198198198198198,5.923076923076923
2021-02-07,-0.3880597014925373,15.680851063829786,11.504273504273504,9.816326530612244,5.344086021505376,-3.888888888888889
2021-02-08,-12.870967741935484,1.7083333333333333,-25.27927927927928,-16.055555555555557,-32.846715328467155,11.373134328358208
2021-02-09,-12.88888888888889,3.893617021276596,-24.25225225225225,-16.71153846153846,-32.496350364963504,11.044117647058824
2021-02-10,-12.26984126984127,5.125,-24.405405405405407,-20.5,-31.68840579710145,10.871428571428572
2021-02-11,-12.225806451612904,6.297872340425532,-24.56140350877193,-20.59259259259259,-32.35766423357664,10.014705882352942
2021-02-12,-11.538461538461538,9.081632653061224,-24.466101694915253,-22.228070175438596,-32.175182481751825,9.602941176470589
2021-02-13,-5.388059701492537,15.32,-14.822033898305085,-9.018867924528301,-9.477477477477477,1.5849056603773586
2021-02-14,2.6923076923076925,12.466666666666667,-0.27049180327868855,-11.78,-1.03,-1.488888888888889
2021-02-15,-13.473684210526315,-1.4375,-10.088235294117647,-31.98076923076923,-58.88405797101449,10.208955223880597
2021-02-16,-22.95,-10.53191489361702,-20.22222222222222,-30.471698113207548,-61.24087591240876,10.205882352941176
2021-02-17,-10.619047619047619,11.170212765957446,-21.883928571428573,-17.557692307692307,-32.07971014492754,7.1571428571428575
2021-02-18,-11.777777777777779,9.23404255319149,-24.72566371681416,-20.25,-32.55072463768116,9.279411764705882
2021-02-19,-14.6,6.520833333333333,-24.647058823529413,-24.68421052631579,-30.32846715328467,11.073529411764707
2021-02-20,-13.432835820895523,8.2,-21.834710743801654,-18.0,-8.891891891891891,4.769230769230769
2021-02-21,-14.681159420289855,-2.0217391304347827,-19.664,-18.547169811320753,-4.7272727272727275,3.255813953488372
2021-02-22,-11.693548387096774,7.617021276595745,-25.545454545454547,-20.181818181818183,-31.394160583941606,9.101449275362318
2021-02-23,-9.693548387096774,8.72340425531915,-23.473214285714285,-14.90566037735849,-32.18978102189781,8.608695652173912
2021-02-24,-11.301587301587302,6.659574468085107,-25.044642857142858,-17.692307692307693,-31.065217391304348,9.3
2021-02-25,-11.285714285714286,6.723404255319149,-24.495652173913044,-18.01923076923077,-31.029197080291972,9.840579710144928
2021-02-26,-10.661538461538461,9.729166666666666,-22.94871794871795,-20.910714285714285,-28.927007299270073,10.397058823529411
2021-02-27,-8.432835820895523,13.333333333333334,-19.884297520661157,-15.0,-6.891891891891892,3.769230769230769
2021-02-28,-11.08695652173913,3.369565217391304,-17.8,-15.568627450980392,-3.5,2.1818181818181817
2021-03-01,-8.887096774193548,10.893617021276595,-25.572727272727274,-19.22222222222222,-31.525547445255473,8.852941176470589
2021-03-02,-10.112903225806452,11.021739130434783,-25.699115044247787,-18.436363636363637,-32.69565217391305,9.117647058823529
2021-03-03,-7.809523809523809,13.27659574468085,-24.283185840707965,-18.11764705882353,-31.36231884057971,9.043478260869565
2021-03-04,-7.507936507936508,13.74468085106383,-22.663716814159294,-16.574074074074073,-31.40875912408759,8.579710144927537
2021-03-05,-9.015151515151516,13.041666666666666,-22.612068965517242,-18.912280701754387,-29.56934306569343,10.294117647058824
2021-03-06,-6.208955223880597,15.574468085106384,-16.677685950413224,-12.462962962962964,-7.454545454545454,2.7169811320754715
2021-03-07,-10.735294117647058,4.239130434782608,-18.93548387096774,-11.76923076923077,-4.07,2.3863636363636362
2021-03-08,-4.288135593220339,12.369565217391305,-22.394495412844037,-15.517857142857142,-30.78676470588235,7.391304347826087
2021-03-09,-8.065573770491802,12.217391304347826,-22.675675675675677,-15.89090909090909,-31.883211678832115,8.414285714285715
2021-03-10,-8.88888888888889,12.555555555555555,-24.964285714285715,-15.538461538461538,-30.32608695652174,8.757142857142858
2021-03-11,-9.031746031746032,11.638297872340425,-22.530973451327434,-16.173076923076923,-30.846715328467152,9.101449275362318
2021-03-12,-8.738461538461538,13.520833333333334,-21.603448275862068,-18.473684210526315,-28.63235294117647,9.558823529411764
2021-03-13,-7.242424242424242,15.416666666666666,-17.81512605042017,-10.763636363636364,-6.981651376146789,3.358490566037736
2021-03-14,-9.338235294117647,6.434782608695652,-15.114754098360656,-12.673076923076923,-3.101010101010101,2.022222222222222
2021-03-15,-6.516666666666667,15.808510638297872,-21.172727272727272,-12.777777777777779,-29.437956204379564,7.942028985507246
2021-03-16,-4.819672131147541,18.108695652173914,-19.75925925925926,-11.803921568627452,-30.153284671532848,7.885714285714286
2021-03-17,-5.507936507936508,17.08695652173913,-20.765765765765767,-13.803921568627452,-28.81159420289855,8.042857142857143
2021-03-18,-4.904761904761905,17.02127659574468,-20.80909090909091,-15.018867924528301,-28.861313868613138,8.608695652173912
2021-03-19,-5.753846153846154,17.083333333333332,-18.853448275862068,-16.232142857142858,-26.452554744525546,8.926470588235293
2021-03-20,-4.7164179104477615,18.836734693877553,-14.709401709401709,-11.0,-4.837837837837838,2.7169811320754715
2021-03-21,-6.115942028985507,9.26086956521739,-9.78225806451613,-12.351851851851851,-0.24,1.511111111111111
2021-03-22,-5.950819672131147,15.595744680851064,-19.52777777777778,-13.24074074074074,-28.058823529411764,7.7101449275362315
2021-03-23,-5.098360655737705,16.847826086956523,-18.672727272727272,-11.211538461538462,-29.108695652173914,7.101449275362318
2021-03-24,-6.566666666666666,15.456521739130435,-20.669642857142858,-16.185185185185187,-28.605839416058394,8.242857142857142
2021-03-25,-5.032786885245901,17.73913043478261,-18.17699115044248,-13.20754716981132,-28.64963503649635,8.214285714285714
2021-03-26,-5.634920634920635,17.145833333333332,-17.213675213675213,-18.375,-26.525547445255473,9.632352941176471
2021-03-27,-5.955223880597015,16.46808510638298,-15.760330578512397,-11.296296296296296,-4.201834862385321,3.547169811320755
2021-03-28,-8.926470588235293,5.914893617021277,-13.139344262295081,-13.641509433962264,0.5306122448979592,2.6363636363636362
2021-03-29,-7.433333333333334,14.063829787234043,-20.46728971962617,-14.69811320754717,-28.264705882352942,8.347826086956522
2021-03-30,-6.442622950819672,17.152173913043477,-19.854545454545455,-13.547169811320755,-28.562043795620436,8.214285714285714
2021-03-31,-4.721311475409836,22.955555555555556,-18.463636363636365,-12.81132075471698,-28.681159420289855,8.057142857142857
2021-04-01,-1.6507936507936507,30.068181818181817,-18.126126126126128,-6.269230769230769,-29.78102189781022,7.428571428571429
2021-04-02,-32.720588235294116,-1.14,-36.2991452991453,-40.758620689655174,-57.175182481751825,19.279411764705884
2021-04-03,-22.3,7.583333333333333,-27.132231404958677,-26.29824561403509,-15.097345132743364,9.096153846153847
2021-04-04,-24.056338028169016,-1.8297872340425532,-28.944,-21.28301886792453,-5.6138613861386135,6.953488372093023
2021-04-05,-7.161290322580645,17.22222222222222,-19.7,-12.072727272727272,-29.022058823529413,9.279411764705882
2021-04-06,-7.950819672131147,18.954545454545453,-21.45045045045045,-13.23076923076923,-30.971014492753625,8.857142857142858
2021-04-07,-9.459016393442623,17.22222222222222,-23.51818181818182,-14.132075471698114,-31.007246376811594,9.657142857142857
2021-04-08,-6.234375,18.6,-19.741071428571427,-12.962264150943396,-29.44927536231884,9.44927536231884
2021-04-09,-11.96875,16.4375,-23.153846153846153,-12.706896551724139,-27.580882352941178,11.485294117647058
2021-04-10,-6.462686567164179,22.42222222222222,-16.175,9.607843137254902,-2.4954128440366974,3.792452830188679
2021-04-11,14.469696969696969,41.84090909090909,21.93103448275862,36.36,9.797872340425531,-4.533333333333333
2021-04-12,-4.39344262295082,18.76595744680851,-18.796296296296298,-5.566037735849057,-29.416058394160583,8.797101449275363
2021-04-13,-1.75,23.09090909090909,-17.238532110091743,-6.6923076923076925,-28.956204379562045,7.8428571428571425
2021-04-14,-3.5901639344262297,19.844444444444445,-20.44144144144144,-10.73076923076923,-29.869565217391305,8.485714285714286
2021-04-15,-3.3968253968253967,21.68888888888889,-22.336283185840706,-13.363636363636363,-29.00729927007299,9.414285714285715
2021-04-16,-6.619047619047619,21.659574468085108,-21.025862068965516,-18.120689655172413,-27.191176470588236,11.058823529411764
2021-04-17,-7.9411764705882355,19.680851063829788,-19.628099173553718,-13.381818181818181,-5.324074074074074,5.788461538461538
2021-04-18,-9.028985507246377,11.0,-17.79032258064516,-10.52,-1.2,4.409090909090909
2021-04-19,-6.213114754098361,18.108695652173914,-22.121495327102803,-32.517857142857146,-29.22962962962963,11.161764705882353
2021-04-20,-4.540983606557377,22.0,-19.419642857142858,-31.754716981132077,-29.759124087591243,9.742857142857142
2021-04-21,-4.868852459016393,21.822222222222223,-21.454545454545453,-12.96078431372549,-29.28985507246377,9.7
2021-04-22,-2.338709677419355,31.543478260869566,-18.973214285714285,-10.807692307692308,-28.18978102189781,9.2
2021-04-23,-7.421875,46.234042553191486,-18.137931034482758,-18.596491228070175,-27.817518248175183,11.0
2021-04-24,-72.265625,-74.5,-66.19266055045871,-68.81818181818181,-55.660714285714285,30.46938775510204
2021-04-25,-72.49152542372882,-78.20754716981132,-66.66964285714286,-70.41463414634147,-50.46078431372549,25.57894736842105
2021-04-26,-2.0655737704918034,27.58695652173913,-17.10185185185185,-9.814814814814815,-26.823529411764707,9.46376811594203
2021-04-27,-6.967213114754099,18.891304347826086,-22.458715596330276,-12.307692307692308,-29.666666666666668,10.507246376811594
2021-04-28,-5.180327868852459,21.977777777777778,-21.490909090909092,-12.807692307692308,-29.014492753623188,10.542857142857143
2021-04-29,-0.5079365079365079,31.931818181818183,-18.354545454545455,-5.117647058823529,-28.855072463768117,9.457142857142857
2021-04-30,0.40625,54.369565217391305,-17.801724137931036,-19.69090909090909,-39.60144927536232,12.852941176470589
2021-05-01,-67.3076923076923,-72.62745098039215,-63.45762711864407,-64.57142857142857,-54.23076923076923,28.367346938775512
2021-05-02,-67.7258064516129,-75.6470588235294,-62.922413793103445,-66.95238095238095,-47.60952380952381,24.026315789473685
2021-05-03,7.8474576271186445,42.333333333333336,-10.00943396226415,0.0,-25.651851851851852,7.63768115942029
2021-05-04,2.5166666666666666,34.888888888888886,-14.074074074074074,-3.764705882352941,-27.169117647058822,8.428571428571429
2021-05-05,1.6229508196721312,32.53488372093023,-16.01834862385321,-6.529411764705882,-27.471014492753625,9.057142857142857
2021-05-06,2.935483870967742,36.84090909090909,-16.39090909090909,-5.673076923076923,-27.028985507246375,9.042857142857143
2021-05-07,7.234375,62.71111111111111,-7.724137931034483,-3.207547169811321,-22.54074074074074,7.614285714285714
2021-05-08,-63.26865671641791,-66.27450980392157,-58.609756097560975,-64.53658536585365,-49.41525423728814,25.877551020408163
2021-05-09,-57.779411764705884,-66.07692307692308,-55.46341463414634,-63.3,-36.5377358490566,19.125
2021-05-10,7.406779661016949,39.8,-9.650943396226415,0.46,-25.147058823529413,7.385714285714286
2021-05-11,2.283333333333333,32.36363636363637,-13.796296296296296,-3.8,-26.66176470588235,9.32857142857143
2021-05-12,3.066666666666667,32.81818181818182,-14.559633027522937,-3.64,-26.768115942028984,10.0
2021-05-13,2.7096774193548385,33.674418604651166,-15.881818181818181,-4.784313725490196,-26.138686131386862,10.057971014492754
2021-05-14,5.538461538461538,55.58695652173913,-9.070175438596491,-4.584905660377358,-23.125925925925927,9.521739130434783
2021-05-15,-62.701492537313435,-68.3,-59.435483870967744,-62.54761904761905,-49.779661016949156,26.448979591836736
2021-05-16,-62.86153846153846,-71.41176470588235,-58.47540983606557,-66.58974358974359,-41.57943925233645,22.342105263157894
2021-05-17,8.322033898305085,42.51111111111111,-10.339622641509434,4.326530612244898,-22.392592592592592,7.927536231884058
2021-05-18,5.169491525423729,37.83720930232558,-10.266666666666667,-1.0980392156862746,-24.474074074074075,9.142857142857142
2021-05-19,3.7868852459016393,31.697674418604652,-13.809090909090909,-6.803921568627451,-23.496350364963504,9.985714285714286
2021-05-20,5.645161290322581,33.16279069767442,-11.309090909090909,-5.0588235294117645,-23.279411764705884,9.842857142857143
2021-05-21,7.7846153846153845,35.48936170212766,-6.612612612612613,-2.6923076923076925,-19.022222222222222,9.927536231884059
2021-05-22,7.537313432835821,32.24444444444445,-3.658119658119658,-0.9803921568627451,1.925233644859813,4.377358490566038
2021-05-23,5.6923076923076925,16.288888888888888,-0.575,-9.959183673469388,3.510204081632653,3.909090909090909
2021-05-24,8.322033898305085,27.266666666666666,-3.4857142857142858,-7.12,-42.36231884057971,11.985294117647058
2021-05-25,7.3559322033898304,32.04651162790697,-8.392156862745098,2.163265306122449,-21.75,8.485714285714286
2021-05-26,8.278688524590164,30.906976744186046,-9.25925925925926,-0.66,-22.13768115942029,8.814285714285715
2021-05-27,10.016129032258064,33.13636363636363,-7.4495412844036695,2.6122448979591835,-21.802919708029197,8.457142857142857
2021-05-28,12.0,35.76086956521739,-4.08256880733945,-3.4339622641509435,-18.21323529411765,8.852941176470589
2021-05-29,11.402985074626866,34.044444444444444,-0.5304347826086957,1.7843137254901962,1.9074074074074074,3.641509433962264
2021-05-30,6.705882352941177,19.76086956521739,-0.7804878048780488,-3.816326530612245,2.2083333333333335,3.5454545454545454
2021-05-31,15.350877192982455,41.48837209302326,-0.8627450980392157,4.346938775510204,-19.746268656716417,7.385714285714286
2021-06-01,28.19298245614035,52.18604651162791,6.303921568627451,7.3125,-20.389705882352942,5.9
2021-06-02,14.344262295081966,39.58139534883721,-4.276190476190476,3.22,-21.598540145985403,7.642857142857143
2021-06-03,12.5,37.44186046511628,-4.616822429906542,0.9,-20.919708029197082,8.385714285714286
2021-06-04,14.578125,38.266666666666666,-3.669724770642202,-2.3962264150943398,-16.725925925925925,9.043478260869565
2021-06-05,15.761194029850746,39.6,3.9304347826086956,6.196078431372549,2.2314814814814814,3.018867924528302
2021-06-06,10.092307692307692,23.711111111111112,2.8264462809917354,0.8367346938775511,2.010204081632653,2.727272727272727
2021-06-07,12.181818181818182,36.13953488372093,-2.8932038834951457,2.66,-20.613138686131386,8.08695652173913
2021-06-08,13.067796610169491,35.04651162790697,-3.62,3.142857142857143,-20.62686567164179,7.942857142857143
2021-06-09,14.672131147540984,37.58139534883721,-1.9523809523809523,4.62,-20.59124087591241,7.628571428571429
2021-06-10,14.754098360655737,37.76744186046512,-1.8113207547169812,3.392156862745098,-19.919708029197082,7.714285714285714
2021-06-11,12.138461538461538,36.4468085106383,-3.36697247706422,-2.019230769230769,-17.566176470588236,8.614285714285714
2021-06-12,13.323529411764707,35.666666666666664,3.5,3.3529411764705883,0.9906542056074766,2.3962264150943398
2021-06-13,5.4393939393939394,19.02173913043478,0.29411764705882354,-3.0,0.15463917525773196,2.7111111111111112
2021-06-14,10.051724137931034,31.0,-3.6346153846153846,3.6666666666666665,-21.466666666666665,7.565217391304348
2021-06-15,12.254237288135593,37.422222222222224,-4.584158415841584,2.3541666666666665,-21.48175182481752,7.5285714285714285
2021-06-16,13.39344262295082,37.97674418604651,-5.076923076923077,-1.2745098039215685,-22.5,6.0285714285714285
2021-06-17,11.836065573770492,35.81395348837209,-6.926605504587156,-1.7058823529411764,-23.8768115942029,6.457142857142857
2021-06-18,10.651515151515152,35.276595744680854,-7.0181818181818185,-5.648148148148148,-21.274074074074075,6.771428571428571
2021-06-19,14.35820895522388,40.422222222222224,-0.8695652173913043,5.137254901960785,-2.944954128440367,1.2641509433962264
2021-06-20,13.075757575757576,24.804347826086957,2.925619834710744,-2.1,-0.04040404040404041,-0.8444444444444444
2021-06-21,8.233333333333333,29.333333333333332,-5.365384615384615,-1.0,-25.51492537313433,6.928571428571429
2021-06-22,10.898305084745763,33.18604651162791,-4.099009900990099,-0.2,-23.830882352941178,6.4
2021-06-23,8.5,28.733333333333334,-9.161904761904761,-2.0,-24.036231884057973,7.485714285714286
2021-06-24,13.225806451612904,33.36363636363637,-5.422018348623853,-0.56,-22.795620437956206,6.871428571428571
2021-06-25,12.723076923076922,35.130434782608695,-4.3,-4.384615384615385,-22.705882352941178,8.228571428571428
2021-06-26,13.970149253731343,32.86666666666667,2.1228070175438596,3.7254901960784315,-1.110091743119266,2.509433962264151
2021-06-27,10.402985074626866,17.933333333333334,2.4237288135593222,-1.2244897959183674,-0.15151515151515152,1.9555555555555555
2021-06-28,13.298245614035087,32.44444444444444,-2.6019417475728157,-0.14285714285714285,-22.11111111111111,5.1571428571428575
2021-06-29,10.084745762711865,29.90909090909091,-5.623762376237623,-2.2549019607843137,-23.904411764705884,5.571428571428571
2021-06-30,14.229508196721312,36.43181818181818,-6.769230769230769,0.5686274509803921,-22.05839416058394,7.128571428571429
2021-07-01,20.098360655737704,43.16279069767442,-0.9245283018867925,3.96,-20.746376811594203,6.257142857142857
2021-07-02,21.4,43.29545454545455,1.091743119266055,1.8148148148148149,-18.125,7.314285714285714
2021-07-03,21.56923076923077,42.62222222222222,4.891891891891892,10.941176470588236,0.24299065420560748,1.7735849056603774
2021-07-04,21.93846153846154,30.0,11.837606837606838,8.979591836734693,0.711340206185567,0.3111111111111111
2021-07-05,22.071428571428573,43.13953488372093,3.4019607843137254,7.58,-19.333333333333332,5.428571428571429
2021-07-06,21.224137931034484,41.48837209302326,1.2376237623762376,7.416666666666667,-19.6,5.785714285714286
2021-07-07,20.189655172413794,40.55813953488372,0.5825242718446602,7.16,-20.76086956521739,5.628571428571429
2021-07-08,21.35483870967742,40.48837209302326,0.3076923076923077,7.12,-20.144927536231883,5.8
2021-07-09,20.092307692307692,40.27272727272727,0.35514018691588783,2.423076923076923,-16.918518518518518,7.357142857142857
2021-07-10,20.363636363636363,39.53333333333333,6.216216216216216,10.117647058823529,1.5504587155963303,1.849056603773585
2021-07-11,18.323076923076922,27.844444444444445,10.177966101694915,8.408163265306122,1.958762886597938,1.0222222222222221
2021-07-12,19.053571428571427,38.88636363636363,3.607843137254902,9.5,-20.385185185185186,6.128571428571429
2021-07-13,21.220338983050848,40.348837209302324,2.6666666666666665,11.520833333333334,-19.68148148148148,5.4
2021-07-14,21.491525423728813,40.18604651162791,0.75,9.94,-19.43065693430657,5.6571428571428575
2021-07-15,24.18032786885246,43.883720930232556,2.5673076923076925,8.8,-18.75,5.614285714285714
2021-07-16,22.384615384615383,43.31818181818182,2.3551401869158877,2.9056603773584904,-15.91851851851852,6.8
2021-07-17,20.846153846153847,40.4,4.223214285714286,8.215686274509803,1.8130841121495327,2.0943396226415096
2021-07-18,16.4,27.652173913043477,5.64957264957265,6.25,2.6363636363636362,1.3555555555555556
2021-07-19,20.236363636363638,41.11363636363637,2.1176470588235294,6.5,-19.360294117647058,6.585714285714285
2021-07-20,22.596491228070175,45.69767441860465,3.438775510204082,10.244897959183673,-19.037037037037038,5.814285714285714
2021-07-21,20.56896551724138,41.116279069767444,0.4174757281553398,8.04,-18.474452554744527,5.885714285714286
2021-07-22,22.475409836065573,40.604651162790695,1.2095238095238094,9.040816326530612,-18.036496350364963,6.071428571428571
2021-07-23,21.58730158730159,40.31111111111111,1.3211009174311927,2.188679245283019,-15.786764705882353,7.3768115942028984
2021-07-24,22.227272727272727,40.577777777777776,8.736363636363636,10.807692307692308,3.675925925925926,2.2264150943396226
2021-07-25,22.359375,28.84090909090909,13.803418803418804,5.96,4.082474226804123,1.3555555555555556
2021-07-26,25.69090909090909,42.23255813953488,8.313131313131313,9.98,-20.6,6.242857142857143
2021-07-27,21.714285714285715,39.51162790697674,3.88,10.877551020408163,-18.044444444444444,5.314285714285714
2021-07-28,23.29824561403509,39.395348837209305,1.1067961165048543,7.469387755102041,-17.854014598540147,5.742857142857143
2021-07-29,24.721311475409838,39.906976744186046,1.0097087378640777,9.6,-17.802919708029197,6.171428571428572
2021-07-30,26.984126984126984,47.29545454545455,3.4485981308411215,4.943396226415095,-15.303703703703704,6.671428571428572
2021-07-31,31.363636363636363,49.22222222222222,12.234234234234235,18.627450980392158,5.175925925925926,0.4528301886792453
2021-08-01,26.650793650793652,34.93333333333333,14.068376068376068,16.5,4.375,-0.28888888888888886
2021-08-02,28.87037037037037,49.18604651162791,7.42,14.346938775510203,-18.57777777777778,5.585714285714285
2021-08-03,29.236363636363638,50.116279069767444,7.858585858585859,16.041666666666668,-18.50735294117647,5.0285714285714285
2021-08-04,28.344827586206897,48.06976744186046,5.737864077669903,12.84,-18.268115942028984,5.2
2021-08-05,31.28813559322034,49.395348837209305,7.7745098039215685,13.291666666666666,-17.795620437956206,4.985714285714286
2021-08-06,29.793650793650794,48.84090909090909,7.6,14.627450980392156,-15.777777777777779,5.785714285714286
2021-08-07,34.765625,47.63636363636363,18.1588785046729,25.34,3.8679245283018866,0.1509433962264151
2021-08-08,36.847457627118644,39.16279069767442,32.24324324324324,19.26530612244898,4.938144329896907,-1.4
2021-08-09,28.574074074074073,41.77272727272727,16.391752577319586,7.530612244897959,-43.405797101449274,8.666666666666666
2021-08-10,29.345454545454544,49.51162790697674,11.13265306122449,20.574468085106382,-17.75,3.8857142857142857
2021-08-11,27.017543859649123,45.69767441860465,5.920792079207921,13.653061224489797,-18.94160583941606,5.314285714285714
2021-08-12,28.16949152542373,45.23255813953488,6.611650485436893,12.68,-17.735294117647058,5.5285714285714285
2021-08-13,28.349206349206348,47.36363636363637,7.773584905660377,8.596153846153847,-15.308823529411764,6.5285714285714285
2021-08-14,31.015151515151516,47.733333333333334,15.263636363636364,20.14,5.731481481481482,0.8113207547169812
2021-08-15,29.515625,34.57142857142857,19.06140350877193,20.25531914893617,6.5,-0.4
2021-08-16,31.21818181818182,49.023809523809526,9.69,16.387755102040817,-18.845588235294116,4.871428571428571
2021-08-17,31.339285714285715,52.83720930232558,10.84375,19.3265306122449,-18.511111111111113,4.514285714285714
2021-08-18,29.74137931034483,47.72093023255814,6.921568627450981,15.96,-15.058823529411764,4.8
2021-08-19,30.67241379310345,46.69767441860465,7.485436893203883,15.306122448979592,-14.845588235294118,5.085714285714285
2021-08-20,31.142857142857142,49.56818181818182,9.514285714285714,10.450980392156863,-13.644444444444444,5.771428571428571
2021-08-21,33.10606060606061,46.46666666666667,15.563636363636364,19.816326530612244,5.518867924528302,0.6226415094339622
2021-08-22,29.84375,34.47727272727273,18.614035087719298,22.416666666666668,6.494736842105263,-0.5111111111111111
2021-08-23,28.833333333333332,44.34090909090909,8.848484848484848,13.78,-16.205882352941178,4.957142857142857
2021-08-24,27.509090909090908,44.55813953488372,8.030927835051546,16.6875,-16.440298507462686,4.728571428571429
2021-08-25,29.403508771929825,45.13953488372093,7.99009900990099,15.877551020408163,-15.883211678832117,4.8428571428571425
2021-08-26,29.93103448275862,44.93023255813954,7.815533980582524,15.791666666666666,-15.720588235294118,4.742857142857143
2021-08-27,30.253968253968253,45.90909090909091,8.584905660377359,10.862745098039216,-12.807407407407407,5.742857142857143
2021-08-28,33.15151515151515,44.22222222222222,16.296296296296298,20.3,6.747663551401869,0.5283018867924528
2021-08-29,29.306451612903224,32.63636363636363,18.482456140350877,21.895833333333332,7.494736842105263,-0.37777777777777777
2021-08-30,28.89090909090909,43.74418604651163,9.029702970297029,17.085106382978722,-15.691176470588236,4.885714285714286
2021-08-31,32.339285714285715,51.093023255813954,9.206185567010309,20.4468085106383,-14.656716417910447,4.1571428571428575
2021-09-01,33.3859649122807,53.02325581395349,7.466019417475728,15.26,-15.28888888888889,4.5
2021-09-02,34.083333333333336,49.651162790697676,6.41747572815534,10.46938775510204,-14.75,4.785714285714286
2021-09-03,32.5,52.82222222222222,7.583333333333333,9.27450980392157,-11.177777777777777,5.7
2021-09-04,36.723076923076924,53.28260869565217,15.825688073394495,20.42,6.859813084112149,0.1509433962264151
2021-09-05,31.306451612903224,38.18181818181818,16.517241379310345,21.26530612244898,8.787234042553191,-0.6888888888888889
2021-09-06,29.036363636363635,46.44186046511628,5.73,12.979591836734693,-15.597014925373134,5.828571428571428
2021-09-07,31.345454545454544,49.27906976744186,9.540816326530612,16.854166666666668,-14.276119402985074,4.585714285714285
2021-09-08,30.859649122807017,47.906976744186046,8.480392156862745,13.88,-14.198529411764707,4.857142857142857
2021-09-09,31.083333333333332,44.348837209302324,4.980582524271845,11.42,-14.066666666666666,4.942857142857143
2021-09-10,31.6984126984127,48.53333333333333,8.066666666666666,9.823529411764707,-10.777777777777779,5.885714285714286
2021-09-11,34.71212121212121,49.111111111111114,13.82882882882883,17.88235294117647,7.59433962264151,0.7924528301886793
2021-09-12,28.46031746031746,35.56818181818182,13.070175438596491,18.510204081632654,7.4375,0.1111111111111111
2021-09-13,30.945454545454545,45.72093023255814,10.323232323232324,14.36734693877551,-14.73134328358209,4.928571428571429
2021-09-14,30.763636363636362,46.674418604651166,10.070707070707071,16.25531914893617,-15.444444444444445,4.457142857142857
2021-09-15,30.24561403508772,48.16279069767442,5.900990099009901,12.36734693877551,-15.441176470588236,5.1571428571428575
2021-09-16,31.57894736842105,49.41860465116279,7.543689320388349,11.857142857142858,-15.608695652173912,4.957142857142857
2021-09-17,34.65573770491803,49.75,9.790476190476191,10.32,-12.365671641791044,5.642857142857143
2021-09-18,35.96923076923077,48.78260869565217,15.321100917431192,18.372549019607842,6.830188679245283,0.4339622641509434
2021-09-19,32.46774193548387,36.52272727272727,20.843478260869563,20.659574468085108,7.442105263157894,-0.6222222222222222
2021-09-20,32.018181818181816,48.2093023255814,10.656565656565656,14.66,-14.223880597014926,4.8
2021-09-21,28.945454545454545,45.906976744186046,5.9,14.270833333333334,-14.23134328358209,5.328571428571428
2021-09-22,29.321428571428573,42.76744186046512,5.088235294117647,11.88,-11.118518518518519,5.185714285714286
2021-09-23,30.196428571428573,45.0,7.25,12.122448979591837,-11.022222222222222,5.042857142857143
2021-09-24,32.33870967741935,46.29545454545455,10.50925925925926,10.4,-8.626865671641792,5.4
2021-09-25,33.04545454545455,45.17777777777778,12.794392523364486,15.882352941176471,8.915094339622641,0.8490566037735849
2021-09-26,30.93548387096774,32.95454545454545,21.70689655172414,21.142857142857142,9.387096774193548,-0.4444444444444444
2021-09-27,30.78181818181818,42.09090909090909,9.425742574257425,13.26530612244898,-11.962686567164178,4.628571428571429
2021-09-28,28.854545454545455,41.93023255813954,7.5353535353535355,13.895833333333334,-12.066666666666666,4.285714285714286
2021-09-29,29.232142857142858,42.86046511627907,5.019230769230769,11.04,-11.325925925925926,4.614285714285714
2021-09-30,33.89473684210526,49.093023255813954,8.145631067961165,16.020408163265305,-10.837037037037037,4.257142857142857
2021-10-01,37.9344262295082,55.0,12.648148148148149,13.32,-8.104477611940299,4.671428571428572
2021-10-02,42.95384615384615,55.333333333333336,19.62037037037037,23.34,9.735849056603774,-0.6226415094339622
2021-10-03,39.903225806451616,42.79545454545455,24.669565217391305,27.4375,10.126315789473685,-1.6444444444444444
2021-10-04,32.25925925925926,48.81395348837209,9.343434343434344,17.1875,-11.126865671641792,3.757142857142857
2021-10-05,35.51851851851852,51.95348837209303,10.56,16.979166666666668,-11.738805970149254,4.071428571428571
2021-10-06,33.232142857142854,49.0,6.811881188118812,17.06,-10.888059701492537,4.285714285714286
2021-10-07,41.660714285714285,52.72093023255814,11.534653465346535,24.104166666666668,-11.037037037037036,2.414285714285714
2021-10-08,40.13559322033898,57.955555555555556,18.310679611650485,10.591836734693878,-32.29710144927536,8.1
2021-10-09,40.76190476190476,49.46666666666667,24.214953271028037,14.647058823529411,4.311320754716981,0.7547169811320755
2021-10-10,30.0,33.24444444444445,15.752136752136753,25.479166666666668,8.989247311827956,0.24444444444444444
2021-10-11,34.611111111111114,47.627906976744185,10.683673469387756,19.625,-9.134328358208956,4.428571428571429
2021-10-12,33.67272727272727,48.883720930232556,9.702970297029703,16.5,-9.609022556390977,4.271428571428571
2021-10-13,33.82142857142857,47.16279069767442,7.696078431372549,18.354166666666668,-9.029850746268657,4.3
2021-10-14,32.689655172413794,44.51162790697674,7.198019801980198,15.020833333333334,-8.422222222222222,4.414285714285715
2021-10-15,34.25806451612903,48.977777777777774,7.981132075471698,10.72,-6.641791044776119,5.828571428571428
2021-10-16,39.353846153846156,51.71111111111111,14.81081081081081,20.94,12.211538461538462,0.33962264150943394
2021-10-17,34.21311475409836,40.81818181818182,16.8,22.5,11.602150537634408,-0.15555555555555556
2021-10-18,33.32727272727273,46.70454545454545,7.94949494949495,12.979166666666666,-10.761194029850746,5.214285714285714
2021-10-19,33.31481481481482,47.58139534883721,8.57,16.895833333333332,-10.156716417910447,4.728571428571429
2021-10-20,33.214285714285715,47.44186046511628,5.8316831683168315,15.918367346938776,-9.664179104477611,4.457142857142857
2021-10-21,34.333333333333336,46.348837209302324,5.178217821782178,14.5625,-9.352941176470589,5.114285714285714
2021-10-22,34.11290322580645,47.62222222222222,6.866666666666666,11.14,-6.029850746268656,5.571428571428571
2021-10-23,35.166666666666664,44.97826086956522,11.141592920353983,17.4,12.788461538461538,1.3962264150943395
2021-10-24,33.145161290322584,37.36363636363637,14.042735042735043,18.836734693877553,12.505376344086022,0.35555555555555557
2021-10-25,32.092592592592595,43.266666666666666,6.649484536082475,17.23404255319149,-8.529850746268657,4.9
2021-10-26,27.339285714285715,41.83720930232558,3.97,1.7551020408163265,-9.902985074626866,6.742857142857143
2021-10-27,28.714285714285715,42.04545454545455,2.485148514851485,0.8571428571428571,-9.73134328358209,6.271428571428571
2021-10-28,37.05357142857143,50.883720930232556,9.872549019607844,11.795918367346939,-8.037037037037036,4.5
2021-10-29,44.13333333333333,59.93181818181818,13.826923076923077,22.46938775510204,-4.2164179104477615,3.6714285714285713
2021-10-30,54.516666666666666,66.65217391304348,32.05714285714286,43.041666666666664,14.509803921568627,-2.5283018867924527
2021-10-31,66.21153846153847,61.30952380952381,52.904761904761905,40.97872340425532,14.279569892473118,-4.777777777777778
2021-11-01,57.083333333333336,58.68292682926829,51.64705882352941,14.979166666666666,-46.369565217391305,4.9714285714285715
2021-11-02,48.90384615384615,51.36585365853659,47.42528735632184,15.148936170212766,-51.75,4.542857142857143
2021-11-03,37.14545454545455,48.19047619047619,17.68686868686869,19.06,-38.43478260869565,6.242857142857143
2021-11-04,38.392857142857146,54.31818181818182,8.568627450980392,19.714285714285715,-10.592592592592593,3.9857142857142858
2021-11-05,35.32258064516129,50.2,7.018867924528302,11.428571428571429,-6.380597014925373,6.171428571428572
2021-11-06,40.166666666666664,48.733333333333334,13.535714285714286,18.84313725490196,16.096153846153847,1.3018867924528301
2021-11-07,36.19672131147541,40.59090909090909,17.301724137931036,22.46938775510204,14.315217391304348,0.7777777777777778
2021-11-08,37.18867924528302,49.5,11.489583333333334,21.9375,-7.962686567164179,4.3
2021-11-09,36.77777777777778,50.74418604651163,9.67,21.604166666666668,-7.567164179104478,4.114285714285714
2021-11-10,36.69642857142857,48.95454545454545,8.14,21.3265306122449,-6.874074074074074,4.371428571428571
2021-11-11,36.54385964912281,47.093023255813954,6.910891089108911,18.9375,-6.962962962962963,4.485714285714286
2021-11-12,36.56666666666667,49.22727272727273,7.0095238095238095,13.2,-6.962686567164179,6.214285714285714
2021-11-13,42.292307692307695,50.6,15.027027027027026,21.020408163265305,14.942307692307692,0.8113207547169812
2021-11-14,38.33870967741935,42.81818181818182,20.076271186440678,22.693877551020407,14.021739130434783,0.3333333333333333
2021-11-15,37.9622641509434,52.04651162790697,10.846938775510203,22.541666666666668,-7.492537313432836,4.671428571428572
2021-11-16,38.53703703703704,52.02325581395349,7.818181818181818,19.693877551020407,-6.849624060150376,4.328571428571428
2021-11-17,39.07142857142857,53.18604651162791,9.376237623762377,19.551020408163264,-6.5851851851851855,4.414285714285715
2021-11-18,38.29824561403509,51.74418604651163,9.174757281553399,18.693877551020407,-6.303703703703704,4.585714285714285
2021-11-19,40.88333333333333,52.0,10.941747572815533,13.607843137254902,-6.022058823529412,5.6
2021-11-20,43.09230769230769,52.75555555555555,17.857142857142858,21.12,13.221153846153847,0.37735849056603776
2021-11-21,40.645161290322584,46.81818181818182,20.623931623931625,26.291666666666668,14.096774193548388,-0.044444444444444446
2021-11-22,38.888888888888886,51.45238095238095,11.25,21.125,-6.571428571428571,4.5285714285714285
2021-11-23,36.870370370370374,51.55813953488372,8.38,16.5,-6.804511278195489,4.514285714285714
2021-11-24,37.50877192982456,50.093023255813954,7.069306930693069,19.877551020408163,-5.355555555555555,4.6
2021-11-25,38.53448275862069,52.16279069767442,8.42156862745098,18.458333333333332,-5.303703703703704,4.5285714285714285
2021-11-26,42.854838709677416,58.4,11.115384615384615,15.411764705882353,-2.0970149253731343,4.457142857142857
2021-11-27,45.184615384615384,56.44444444444444,16.743119266055047,23.653061224489797,15.902912621359222,-0.24528301886792453
2021-11-28,43.12698412698413,48.34090909090909,20.94017094017094,23.897959183673468,17.217391304347824,-0.4
2021-11-29,38.0,50.30232558139535,9.443298969072165,19.306122448979593,-4.593984962406015,4.714285714285714
2021-11-30,42.264150943396224,58.93023255813954,11.616161616161616,22.102040816326532,-4.3007518796992485,3.942857142857143
2021-12-01,43.19642857142857,59.95348837209303,11.514851485148515,20.408163265306122,-3.798507462686567,3.642857142857143
2021-12-02,44.41818181818182,62.325581395348834,13.712871287128714,20.58,-3.5703703703703704,3.742857142857143
2021-12-03,43.25806451612903,60.0,16.313725490196077,19.5,-0.5746268656716418,4.314285714285714
2021-12-04,48.16923076923077,60.31111111111111,21.333333333333332,24.215686274509803,15.471153846153847,-0.4339622641509434
2021-12-05,46.80952380952381,52.404761904761905,23.71794871794872,24.125,16.774193548387096,-0.7555555555555555
2021-12-06,46.26,62.1219512195122,19.83157894736842,28.06382978723404,-4.900763358778626,4.3428571428571425
2021-12-07,42.25925925925926,58.61904761904762,14.53,20.224489795918366,-1.4962406015037595,3.842857142857143
2021-12-08,44.49122807017544,58.651162790697676,12.601941747572816,18.36,0.7164179104477612,3.5
2021-12-09,44.75,58.285714285714285,10.524271844660195,17.686274509803923,1.781954887218045,3.557142857142857
2021-12-10,45.06666666666667,59.6,12.923809523809524,14.461538461538462,4.3007518796992485,4.228571428571429
2021-12-11,47.47692307692308,56.955555555555556,16.06422018348624,24.14,22.254901960784313,-0.37735849056603776
2021-12-12,41.622950819672134,48.53488372093023,13.060344827586206,24.0625,24.554347826086957,0.3333333333333333
2021-12-13,41.84905660377358,57.13636363636363,10.91,20.632653061224488,1.3969465648854962,4.357142857142857
2021-12-14,45.39622641509434,62.357142857142854,12.34,22.791666666666668,1.5606060606060606,3.857142857142857
2021-12-15,53.851851851851855,70.30952380952381,15.676470588235293,26.854166666666668,3.338345864661654,2.5142857142857142
2021-12-16,56.16981132075472,72.45238095238095,12.504854368932039,24.392156862745097,3.0,2.3098591549295775
2021-12-17,56.46666666666667,73.04545454545455,16.660194174757283,24.176470588235293,5.348484848484849,2.585714285714286
2021-12-18,58.921875,71.44444444444444,17.963636363636365,34.875,23.93069306930693,-2.6037735849056602
2021-12-19,61.233333333333334,69.47619047619048,23.043478260869566,35.5,30.77173913043478,-2.4
2021-12-20,60.568627450980394,79.275,20.649484536082475,26.274509803921568,2.5984848484848486,1.8873239436619718
2021-12-21,66.27450980392157,88.02439024390245,23.96842105263158,32.729166666666664,3.8625954198473282,0.6857142857142857
2021-12-22,69.5,92.95121951219512,22.07070707070707,36.72,2.045112781954887,-0.11267605633802817
2021-12-23,78.82,111.17948717948718,30.333333333333332,47.869565217391305,-4.686567164179104,-1.1805555555555556
2021-12-24,65.94827586206897,122.1951219512195,34.81818181818182,20.980392156862745,-25.360294117647058,3.6
2021-12-25,27.46153846153846,34.08888888888889,21.166666666666668,-1.8076923076923077,-14.17117117117117,2.7735849056603774
2021-12-26,48.049180327868854,49.325581395348834,27.210526315789473,26.604166666666668,18.684782608695652,-0.5555555555555556
2021-12-27,54.4,69.65853658536585,23.516129032258064,26.208333333333332,-10.022388059701493,3.8142857142857145
2021-12-28,59.5,77.51219512195122,26.666666666666668,30.857142857142858,-9.813432835820896,2.8
2021-12-29,61.88,82.63414634146342,24.737373737373737,34.145833333333336,-10.272058823529411,2.8
2021-12-30,76.10204081632654,104.925,39.07216494845361,45.265306122448976,-10.397058823529411,0.4647887323943662
2021-12-31,65.39622641509433,121.85,58.5531914893617,16.372549019607842,-31.605839416058394,4.314285714285714
2022-01-01,7.453125,-8.10204081632653,16.822429906542055,-20.58490566037736,-40.52542372881356,5.113207547169812
2022-01-02,39.932203389830505,41.666666666666664,24.232142857142858,45.30434782608695,2.3789473684210525,1.4444444444444444
2022-01-03,39.490566037735846,60.395348837209305,14.876288659793815,24.93877551020408,-8.022556390977444,6.714285714285714
2022-01-04,36.0,60.095238095238095,12.0,16.653061224489797,-5.917293233082707,6.957142857142857
2022-01-05,33.63793103448276,57.13636363636363,7.623762376237623,11.4,-6.488888888888889,8.071428571428571
2022-01-06,32.86206896551724,56.84090909090909,8.495145631067961,8.509803921568627,-6.562962962962963,8.514285714285714
2022-01-07,27.375,49.77777777777778,4.490566037735849,0.4807692307692308,-5.857142857142857,11.142857142857142
2022-01-08,27.015384615384615,46.31111111111111,8.464285714285714,7.634615384615385,14.238095238095237,7.056603773584905
2022-01-09,24.369230769230768,37.214285714285715,12.957627118644067,8.895833333333334,14.130434782608695,6.088888888888889
2022-01-10,29.0,50.45454545454545,6.224489795918367,9.020408163265307,-13.776119402985074,9.857142857142858
2022-01-11,27.87037037037037,50.18181818181818,7.3,10.574468085106384,-14.577777777777778,9.714285714285714
2022-01-12,24.5,45.36363636363637,1.912621359223301,7.1,-15.691176470588236,11.085714285714285
2022-01-13,23.262295081967213,44.0,1.6407766990291262,3.306122448979592,-15.525547445255475,11.428571428571429
2022-01-14,23.174603174603174,44.75555555555555,1.7547169811320755,-0.058823529411764705,-11.300751879699249,13.271428571428572
2022-01-15,22.333333333333332,42.733333333333334,2.4504504504504503,5.204081632653061,12.352380952380953,8.557692307692308
2022-01-16,23.323076923076922,36.19047619047619,11.288135593220339,6.36734693877551,14.782608695652174,6.704545454545454
2022-01-17,26.18867924528302,48.116279069767444,6.39,6.94,-13.097014925373134,11.685714285714285
2022-01-18,24.854545454545455,46.16279069767442,2.69,6.395833333333333,-14.170370370370371,11.771428571428572
2022-01-19,25.553571428571427,43.56818181818182,-1.4854368932038835,2.673469387755102,-13.942028985507246,12.771428571428572
2022-01-20,27.07017543859649,45.20454545454545,-0.5754716981132075,2.4081632653061225,-13.118518518518519,12.9
2022-01-21,25.360655737704917,44.53333333333333,-0.9532710280373832,-2.14,-9.746268656716419,14.391304347826088
2022-01-22,27.015384615384615,41.23913043478261,2.5964912280701755,2.82,14.823529411764707,8.442307692307692
2022-01-23,27.25,34.31818181818182,10.296610169491526,2.3617021276595747,16.315217391304348,6.454545454545454
2022-01-24,28.28301886792453,43.97674418604651,2.8686868686868685,6.938775510204081,-6.977443609022556,11.485714285714286
2022-01-25,26.555555555555557,42.2093023255814,0.93,7.723404255319149,-7.43609022556391,11.228571428571428
2022-01-26,29.821428571428573,43.72727272727273,1.3557692307692308,6.833333333333333,-6.195488721804511,10.7
2022-01-27,26.821428571428573,37.18604651162791,-3.3679245283018866,1.163265306122449,-6.360294117647059,10.985714285714286
2022-01-28,28.557377049180328,41.56818181818182,-0.308411214953271,0.7647058823529411,-2.3208955223880596,12.457142857142857
2022-01-29,34.784615384615385,47.26086956521739,7.621621621621622,8.816326530612244,19.627450980392158,6.384615384615385
2022-01-30,32.184615384615384,36.48837209302326,9.932203389830509,7.595744680851064,18.597826086956523,5.2
2022-01-31,32.735849056603776,46.84444444444444,5.05050505050505,10.591836734693878,-2.2196969696969697,9.557142857142857
2022-02-01,40.90384615384615,57.95348837209303,9.806122448979592,14.152173913043478,-1.105263157894737,7.857142857142857
2022-02-02,40.592592592592595,56.75,9.475728155339805,12.91304347826087,-0.6466165413533834,8.385714285714286
2022-02-03,40.464285714285715,57.30232558139535,10.450980392156863,12.938775510204081,0.007462686567164179,8.314285714285715
2022-02-04,41.81666666666667,57.266666666666666,10.336538461538462,9.46938775510204,3.330827067669173,9.185714285714285
2022-02-05,45.46875,56.55555555555556,15.563636363636364,16.306122448979593,21.653465346534652,3.9622641509433962
2022-02-06,40.793103448275865,47.142857142857146,17.88888888888889,16.782608695652176,21.89010989010989,2.888888888888889
2022-02-07,40.431372549019606,57.095238095238095,13.252525252525253,18.916666666666668,2.6515151515151514,7.085714285714285
2022-02-08,41.73076923076923,57.073170731707314,13.02061855670103,18.958333333333332,1.5263157894736843,6.585714285714285
2022-02-09,42.22222222222222,56.093023255813954,11.009803921568627,17.152173913043477,2.8333333333333335,6.7
2022-02-10,42.981818181818184,56.42857142857143,14.22549019607843,17.74,2.7313432835820897,6.442857142857143
2022-02-11,42.666666666666664,55.8,12.085714285714285,9.74,2.0150375939849625,8.071428571428571
2022-02-12,47.16129032258065,56.666666666666664,17.90740740740741,15.66,22.356435643564357,3.2452830188679247
2022-02-13,46.07272727272727,50.476190476190474,23.303571428571427,19.244897959183675,24.88888888888889,1.8222222222222222
2022-02-14,71.60416666666667,72.75,33.06315789473684,23.541666666666668,6.393939393939394,3.5428571428571427
2022-02-15,44.716981132075475,58.75609756097561,16.510416666666668,22.108695652173914,3.6390977443609023,5.3428571428571425
2022-02-16,44.44444444444444,59.857142857142854,14.647058823529411,18.48936170212766,5.878787878787879,5.542857142857143
2022-02-17,44.05555555555556,58.04761904761905,14.990099009900991,18.571428571428573,6.0,5.314285714285714
2022-02-18,42.932203389830505,54.82222222222222,14.893203883495145,10.98076923076923,9.639097744360901,6.128571428571429
2022-02-19,47.83076923076923,55.68181818181818,21.55140186915888,18.770833333333332,24.613861386138613,2.5283018867924527
2022-02-20,43.86206896551724,47.31707317073171,25.12280701754386,21.72340425531915,24.065217391304348,1.511111111111111
2022-02-21,43.9,58.23255813953488,20.2680412371134,22.104166666666668,7.840909090909091,4.885714285714286
2022-02-22,43.65384615384615,57.833333333333336,19.726315789473684,21.645833333333332,8.5,4.6
2022-02-23,42.25454545454546,54.61904761904762,16.81188118811881,21.08695652173913,9.045801526717558,4.942857142857143
2022-02-24,44.72222222222222,57.595238095238095,20.06930693069307,21.877551020408163,10.278195488721805,4.542857142857143
2022-02-25,51.53448275862069,65.46666666666667,27.431372549019606,26.551020408163264,12.961832061068701,4.285714285714286
2022-02-26,55.275862068965516,69.77777777777777,46.9126213592233,42.42553191489362,24.792079207920793,0.1320754716981132
2022-02-27,55.92982456140351,54.46341463414634,59.58653846153846,35.68888888888889,21.296703296703296,-1.711111111111111
2022-02-28,48.5,43.26190476190476,62.674418604651166,2.8,-47.13333333333333,7.4714285714285715
2022-03-01,25.735849056603772,28.642857142857142,26.032967032967033,9.195652173913043,-51.169117647058826,9.614285714285714
2022-03-02,42.345454545454544,61.80487804878049,21.232323232323232,27.47826086956522,4.977443609022556,4.7
2022-03-03,42.589285714285715,62.02439024390244,19.15841584158416,19.040816326530614,10.037878787878787,6.2
2022-03-04,42.57377049180328,58.111111111111114,16.825242718446603,8.58,14.610687022900763,8.571428571428571
2022-03-05,43.03125,52.4,18.27777777777778,16.541666666666668,29.376237623762375,4.943396226415095
2022-03-06,41.950819672131146,47.666666666666664,22.77391304347826,21.456521739130434,29.651685393258425,4.136363636363637
2022-03-07,45.98039215686274,60.1,27.38144329896907,18.510204081632654,13.045801526717558,6.6571428571428575
2022-03-08,57.66,64.17073170731707,34.05434782608695,20.020833333333332,15.0,6.128571428571429
2022-03-09,44.370370370370374,57.285714285714285,25.760416666666668,16.80851063829787,15.030534351145038,7.714285714285714
2022-03-10,43.58181818181818,56.80487804878049,27.142857142857142,15.816326530612244,17.12213740458015,8.771428571428572
2022-03-11,43.18032786885246,54.90909090909091,25.643564356435643,10.12,19.11627906976744,10.3
2022-03-12,43.4,52.36363636363637,25.37735849056604,14.224489795918368,32.52,6.75
2022-03-13,45.41935483870968,48.88095238095238,33.828828828828826,24.68888888888889,33.53932584269663,4.9772727272727275
2022-03-14,43.333333333333336,57.525,31.694736842105264,17.52,16.484615384615385,9.728571428571428
2022-03-15,44.28846153846154,60.048780487804876,29.010752688172044,20.319148936170212,16.778625954198475,9.242857142857142
2022-03-16,44.44444444444444,59.904761904761905,23.8659793814433,16.893617021276597,16.9618320610687,9.285714285714286
2022-03-17,44.81481481481482,59.76190476190476,26.0,16.551020408163264,17.03846153846154,9.214285714285714
2022-03-18,44.516666666666666,56.15909090909091,25.784313725490197,12.18,19.286821705426355,9.842857142857143
2022-03-19,46.30769230769231,55.88636363636363,29.778846153846153,16.163265306122447,31.56,6.096153846153846
2022-03-20,44.81666666666667,47.5,32.10091743119266,26.454545454545453,31.50561797752809,4.636363636363637
2022-03-21,42.86,55.976190476190474,29.926315789473684,19.979591836734695,16.7,9.628571428571428
2022-03-22,44.90384615384615,59.51219512195122,29.606382978723403,20.729166666666668,17.862595419847327,8.928571428571429
2022-03-23,43.96296296296296,56.76190476190476,24.711340206185568,19.638297872340427,17.480916030534353,8.957142857142857
2022-03-24,44.54545454545455,54.04761904761905,22.00990099009901,18.875,18.053846153846155,9.014285714285714
2022-03-25,42.96666666666667,54.79545454545455,25.137254901960784,15.224489795918368,20.7265625,9.457142857142857
2022-03-26,41.53846153846154,50.52272727272727,25.50467289719626,18.346938775510203,31.49,6.615384615384615
2022-03-27,41.24590163934426,46.357142857142854,27.181818181818183,28.066666666666666,31.707865168539325,4.886363636363637
2022-03-28,39.21153846153846,52.63414634146341,26.84536082474227,22.659574468085108,18.56153846153846,9.642857142857142
2022-03-29,40.407407407407405,48.904761904761905,22.31578947368421,18.680851063829788,17.31297709923664,9.014285714285714
2022-03-30,41.68518518518518,54.23809523809524,23.701030927835053,19.26086956521739,18.184615384615384,8.971428571428572
2022-03-31,43.054545454545455,56.214285714285715,23.949494949494948,22.625,18.49230769230769,8.6
2022-04-01,46.8,60.68181818181818,26.941176470588236,14.66,20.078740157480315,8.8
2022-04-02,48.46774193548387,61.09090909090909,31.625,25.46808510638298,32.83673469387755,5.019230769230769
2022-04-03,49.24561403508772,54.88095238095238,36.48148148148148,32.84782608695652,34.42696629213483,3.0454545454545454
2022-04-04,45.76470588235294,61.09756097560975,32.638297872340424,25.04255319148936,16.31297709923664,7.928571428571429
2022-04-05,46.38461538461539,62.1219512195122,30.210526315789473,24.1875,16.361538461538462,7.957142857142857
2022-04-06,46.129629629629626,59.95238095238095,27.197916666666668,23.770833333333332,16.068702290076335,7.985714285714286
2022-04-07,47.36363636363637,58.904761904761905,30.505050505050505,24.387755102040817,16.838461538461537,7.671428571428572
2022-04-08,49.46551724137931,61.97727272727273,30.313725490196077,22.94,19.640625,8.257142857142858
2022-04-09,50.61290322580645,59.59090909090909,32.03846153846154,27.755102040816325,33.56122448979592,4.673076923076923
2022-04-10,53.464285714285715,57.90243902439025,44.850467289719624,39.955555555555556,37.86516853932584,2.977272727272727
2022-04-11,48.96,61.97560975609756,36.83157894736842,30.208333333333332,15.861538461538462,8.2
2022-04-12,48.86538461538461,61.80487804878049,32.463157894736845,29.395833333333332,17.423076923076923,8.014285714285714
2022-04-13,52.888888888888886,64.35714285714286,31.484536082474225,30.04255319148936,16.161538461538463,7.6571428571428575
2022-04-14,60.83018867924528,75.65,41.234693877551024,45.541666666666664,12.96923076923077,5.5
2022-04-15,32.01639344262295,50.77272727272727,36.61224489795919,-4.1923076923076925,-40.4485294117647,19.014705882352942
2022-04-16,51.435483870967744,58.08888888888889,46.84848484848485,18.897959183673468,19.257425742574256,6.788461538461538
2022-04-17,48.12280701754386,49.390243902439025,38.424528301886795,52.34090909090909,33.333333333333336,2.5454545454545454
2022-04-18,45.01960784313726,59.785714285714285,28.84375,29.583333333333332,17.49230769230769,8.485714285714286
2022-04-19,45.40384615384615,61.5,28.736842105263158,28.29787234042553,17.387596899224807,8.0
2022-04-20,44.851851851851855,58.857142857142854,23.525252525252526,27.106382978723403,17.906976744186046,8.628571428571428
2022-04-21,48.62264150943396,62.54761904761905,29.37,29.541666666666668,22.184615384615384,7.328571428571428
2022-04-22,48.33898305084746,61.61363636363637,30.128712871287128,25.333333333333332,22.559055118110237,8.785714285714286
2022-04-23,50.704918032786885,59.95454545454545,36.20192307692308,32.53061224489796,36.123711340206185,4.773584905660377
2022-04-24,48.89655172413793,54.357142857142854,37.75454545454546,40.76086956521739,37.611111111111114,4.090909090909091
2022-04-25,49.38,63.90243902439025,37.084210526315786,32.041666666666664,23.140625,8.142857142857142
2022-04-26,49.5,62.714285714285715,32.308510638297875,34.170212765957444,24.155038759689923,7.614285714285714
2022-04-27,49.127272727272725,62.42857142857143,29.59375,29.5625,24.689922480620154,7.414285714285715
2022-04-28,49.54545454545455,62.88095238095238,29.666666666666668,27.857142857142858,24.76923076923077,7.5285714285714285
2022-04-29,54.03448275862069,68.27272727272727,32.92156862745098,29.980392156862745,27.865079365079364,7.6
2022-04-30,60.37096774193548,72.64444444444445,40.51960784313726,39.46808510638298,38.275510204081634,3.9056603773584904
2022-05-01,67.79629629629629,67.90243902439025,56.640776699029125,38.18181818181818,38.7752808988764,2.066666666666667
2022-05-02,55.44,69.6,40.46153846153846,25.708333333333332,-25.94776119402985,14.420289855072463
2022-05-03,55.26923076923077,75.73170731707317,35.53191489361702,40.0,25.8062015503876,6.1
2022-05-04,53.30909090909091,71.52380952380952,27.581632653061224,32.638297872340424,26.093023255813954,7.314285714285714
2022-05-05,53.78181818181818,71.69047619047619,26.91919191919192,31.25531914893617,26.23846153846154,7.442857142857143
2022-05-06,55.91379310344828,70.63636363636364,31.970588235294116,29.46938775510204,31.080645161290324,6.614285714285714
2022-05-07,63.2,77.95454545454545,41.18627450980392,40.666666666666664,40.30612244897959,2.830188679245283
2022-05-08,78.74509803921569,84.65853658536585,50.716981132075475,47.166666666666664,47.550561797752806,-0.044444444444444446
2022-05-09,53.38775510204081,71.92682926829268,38.244680851063826,33.38775510204081,26.968503937007874,6.428571428571429
2022-05-10,51.372549019607845,70.90243902439025,32.797872340425535,32.958333333333336,27.27777777777778,6.828571428571428
2022-05-11,48.888888888888886,65.73809523809524,31.38144329896907,30.369565217391305,27.86046511627907,6.414285714285715
2022-05-12,48.31481481481482,62.95238095238095,29.551020408163264,25.520833333333332,28.186046511627907,7.0285714285714285
2022-05-13,50.98275862068966,63.45454545454545,31.901960784313726,22.627450980392158,32.13821138211382,7.085714285714285
