date,retail_and_recreation_percent_change_from_baseline_El Salvador,grocery_and_pharmacy_percent_change_from_baseline_El Salvador,parks_percent_change_from_baseline_El Salvador,transit_stations_percent_change_from_baseline_El Salvador,workplaces_percent_change_from_baseline_El Salvador,residential_percent_change_from_baseline_El Salvador
2020-02-15,2.0,4.111111111111111,-0.06666666666666667,-3.375,4.066666666666666,-0.8333333333333334
2020-02-16,0.16666666666666666,4.75,-0.3333333333333333,-2.0,0.7333333333333333,-0.4
2020-02-17,-1.9090909090909092,1.8888888888888888,-3.8,-0.14285714285714285,6.333333333333333,-0.5
2020-02-18,-2.909090909090909,-1.25,-1.4666666666666666,-0.2857142857142857,5.733333333333333,-0.7
2020-02-19,-1.7272727272727273,-2.0,-4.466666666666667,0.0,4.533333333333333,-0.4
2020-02-20,-2.6363636363636362,-3.125,-2.066666666666667,0.5714285714285714,4.666666666666667,-0.5
2020-02-21,0.0,0.375,-2.933333333333333,0.14285714285714285,11.266666666666667,-0.8
2020-02-22,-0.5454545454545454,0.7777777777777778,-2.2,-3.0,3.7333333333333334,-0.16666666666666666
2020-02-23,-1.5454545454545454,0.625,-1.0666666666666667,-4.25,1.9333333333333333,0.2
2020-02-24,-2.727272727272727,-1.0,-3.2666666666666666,-2.142857142857143,6.066666666666666,-0.2
2020-02-25,-0.7272727272727273,-0.375,-1.7333333333333334,-2.5714285714285716,6.2,-0.9
2020-02-26,-2.090909090909091,-5.25,0.4,-0.7142857142857143,5.266666666666667,-0.5
2020-02-27,-1.5454545454545454,-2.375,-2.2666666666666666,-1.1428571428571428,4.533333333333333,-0.3
2020-02-28,0.6363636363636364,2.75,-2.7333333333333334,-0.5,12.066666666666666,-1.8
2020-02-29,2.727272727272727,5.666666666666667,-2.2666666666666666,-0.75,5.533333333333333,-1.1666666666666667
2020-03-01,1.0909090909090908,5.75,0.3333333333333333,0.25,5.2,-0.8
2020-03-02,0.5454545454545454,4.111111111111111,-3.4,4.142857142857143,8.266666666666667,-1.1
2020-03-03,0.5454545454545454,2.375,-2.2666666666666666,-0.5714285714285714,7.533333333333333,-1.1
2020-03-04,-0.45454545454545453,0.5,-1.0666666666666667,-1.2857142857142858,6.266666666666667,-0.4
2020-03-05,-1.4545454545454546,-1.25,-1.8,-5.0,6.2,-0.5
2020-03-06,-1.8181818181818181,-2.2222222222222223,-4.0,-1.0,13.133333333333333,-1.3
2020-03-07,-2.1818181818181817,-2.3333333333333335,-5.0,-6.125,5.066666666666666,0.16666666666666666
2020-03-08,-1.75,-2.25,-3.1333333333333333,-7.125,2.466666666666667,1.0
2020-03-09,-2.3636363636363638,-0.5,-4.4,-3.5714285714285716,7.133333333333334,-0.4
2020-03-10,-2.3636363636363638,-0.5,-2.933333333333333,-4.0,6.4,-1.2
2020-03-11,-1.1818181818181819,10.5,-1.8666666666666667,-3.5714285714285716,5.8,-1.1
2020-03-12,-5.818181818181818,5.5,-5.8,-14.142857142857142,-7.733333333333333,4.0
2020-03-13,-7.454545454545454,8.25,-8.2,-13.75,-1.2666666666666666,4.25
2020-03-14,-11.454545454545455,4.333333333333333,-14.466666666666667,-16.0,-0.06666666666666667,4.833333333333333
2020-03-15,-23.333333333333332,0.375,-20.933333333333334,-22.75,-2.533333333333333,6.4
2020-03-16,-14.181818181818182,8.75,-14.733333333333333,-23.571428571428573,-9.266666666666667,6.5
2020-03-17,-20.636363636363637,3.25,-17.533333333333335,-26.0,-14.466666666666667,8.625
2020-03-18,-29.181818181818183,-5.875,-21.666666666666668,-33.285714285714285,-18.266666666666666,10.375
2020-03-19,-36.18181818181818,0.625,-29.4,-37.75,-30.133333333333333,15.625
2020-03-20,-46.54545454545455,-19.625,-38.2,-47.125,-33.333333333333336,22.0
2020-03-21,-54.61538461538461,-27.22222222222222,-47.06666666666667,-51.9,-29.733333333333334,19.5
2020-03-22,-79.5,-62.5,-70.0,-71.88888888888889,-48.266666666666666,24.333333333333332
2020-03-23,-71.63636363636364,-51.0,-58.6,-67.22222222222223,-60.0,33.0
2020-03-24,-74.45454545454545,-56.125,-61.4,-67.66666666666667,-63.13333333333333,33.0
2020-03-25,-73.18181818181819,-54.0,-61.13333333333333,-67.88888888888889,-62.53333333333333,33.333333333333336
2020-03-26,-73.0909090909091,-53.25,-60.4,-67.44444444444444,-62.6,33.833333333333336
2020-03-27,-71.36363636363636,-50.666666666666664,-59.6,-68.5,-58.4,33.833333333333336
2020-03-28,-75.23076923076923,-58.22222222222222,-64.93333333333334,-69.33333333333333,-51.53333333333333,28.8
2020-03-29,-78.91666666666667,-65.75,-69.4,-71.0,-44.2,24.333333333333332
2020-03-30,-64.0,-46.0,-52.733333333333334,-62.375,-58.13333333333333,31.333333333333332
2020-03-31,-63.916666666666664,-43.875,-53.333333333333336,-60.666666666666664,-57.86666666666667,30.0
2020-04-01,-64.66666666666667,-44.5,-53.86666666666667,-61.75,-58.06666666666667,30.833333333333332
2020-04-02,-66.08333333333333,-46.5,-55.0,-63.375,-58.86666666666667,31.5
2020-04-03,-67.16666666666667,-47.111111111111114,-56.333333333333336,-65.22222222222223,-55.0,32.833333333333336
2020-04-04,-71.07692307692308,-53.77777777777778,-62.4,-66.3,-48.666666666666664,29.0
2020-04-05,-75.75,-60.875,-67.2,-67.0,-41.333333333333336,24.0
2020-04-06,-62.90909090909091,-43.75,-53.4,-66.0,-59.6,31.666666666666668
2020-04-07,-69.0,-51.75,-58.266666666666666,-66.75,-62.93333333333333,32.0
2020-04-08,-70.5,-52.0,-58.8,-65.22222222222223,-63.93333333333333,33.166666666666664
2020-04-09,-74.81818181818181,-57.75,-61.4,-69.77777777777777,-70.0,37.8
2020-04-10,-82.36363636363636,-72.55555555555556,-69.13333333333334,-79.2,-74.2,45.333333333333336
2020-04-11,-81.25,-67.66666666666667,-71.2,-79.4,-63.0,34.0
2020-04-12,-80.16666666666667,-67.0,-72.33333333333333,-75.44444444444444,-47.2,25.333333333333332
2020-04-13,-67.63636363636364,-49.5,-59.2,-65.66666666666667,-60.4,33.5
2020-04-14,-67.91666666666667,-49.22222222222222,-57.93333333333333,-64.22222222222223,-58.8,32.0
2020-04-15,-66.5,-46.375,-56.86666666666667,-65.125,-57.93333333333333,31.666666666666668
2020-04-16,-66.83333333333333,-46.0,-56.0,-63.888888888888886,-58.6,32.333333333333336
2020-04-17,-67.0,-47.888888888888886,-58.333333333333336,-67.66666666666667,-54.333333333333336,34.0
2020-04-18,-73.07692307692308,-56.44444444444444,-64.6,-69.9,-49.93333333333333,29.8
2020-04-19,-80.08333333333333,-66.77777777777777,-71.6,-73.44444444444444,-46.06666666666667,25.0
2020-04-20,-65.75,-48.77777777777778,-55.8,-66.22222222222223,-56.733333333333334,32.166666666666664
2020-04-21,-66.66666666666667,-49.5,-57.06666666666667,-65.55555555555556,-57.93333333333333,31.333333333333332
2020-04-22,-67.33333333333333,-49.0,-58.266666666666666,-64.33333333333333,-57.93333333333333,31.666666666666668
2020-04-23,-67.08333333333333,-50.5,-57.666666666666664,-65.0,-58.46666666666667,32.166666666666664
2020-04-24,-65.75,-47.111111111111114,-57.8,-63.44444444444444,-52.93333333333333,32.666666666666664
2020-04-25,-71.07692307692308,-55.666666666666664,-64.86666666666666,-68.6,-48.4,28.8
2020-04-26,-78.41666666666667,-66.33333333333333,-71.6,-74.88888888888889,-43.93333333333333,24.333333333333332
2020-04-27,-62.18181818181818,-46.375,-55.333333333333336,-62.44444444444444,-54.8,31.0
2020-04-28,-62.75,-46.5,-55.46666666666667,-62.111111111111114,-55.2,26.0
2020-04-29,-62.5,-45.25,-54.6,-62.5,-54.733333333333334,30.166666666666668
2020-04-30,-61.0,-41.25,-53.13333333333333,-61.55555555555556,-54.666666666666664,29.0
2020-05-01,-70.83333333333333,-53.888888888888886,-61.0,-70.0,-65.06666666666666,37.8
2020-05-02,-67.07692307692308,-49.44444444444444,-60.8,-65.0,-45.733333333333334,27.4
2020-05-03,-75.6923076923077,-61.888888888888886,-69.46666666666667,-71.1,-41.06666666666667,23.0
2020-05-04,-58.45454545454545,-40.25,-53.4,-61.111111111111114,-51.46666666666667,29.0
2020-05-05,-59.416666666666664,-39.75,-52.266666666666666,-61.77777777777778,-53.06666666666667,28.666666666666668
2020-05-06,-58.0,-36.25,-51.13333333333333,-58.77777777777778,-53.333333333333336,28.333333333333332
2020-05-07,-78.9090909090909,-68.375,-65.46666666666667,-77.33333333333333,-63.266666666666666,35.166666666666664
2020-05-08,-79.08333333333333,-68.77777777777777,-67.0,-75.8,-59.6,38.0
2020-05-09,-79.53846153846153,-68.88888888888889,-69.86666666666666,-78.5,-53.53333333333333,31.4
2020-05-10,-76.83333333333333,-60.75,-68.8,-74.11111111111111,-41.4,22.333333333333332
2020-05-11,-72.63636363636364,-55.22222222222222,-60.666666666666664,-72.88888888888889,-59.333333333333336,33.5
2020-05-12,-74.33333333333333,-61.375,-61.4,-74.22222222222223,-60.06666666666667,32.666666666666664
2020-05-13,-74.33333333333333,-60.5,-61.666666666666664,-72.11111111111111,-60.0,33.5
2020-05-14,-69.83333333333333,-49.0,-58.53333333333333,-69.11111111111111,-59.06666666666667,30.833333333333332
2020-05-15,-71.5,-52.22222222222222,-60.13333333333333,-69.5,-54.2,33.5
2020-05-16,-77.07692307692308,-63.888888888888886,-66.73333333333333,-73.8,-50.06666666666667,30.2
2020-05-17,-80.16666666666667,-65.33333333333333,-71.66666666666667,-74.88888888888889,-40.93333333333333,24.333333333333332
2020-05-18,-68.58333333333333,-51.111111111111114,-58.6,-70.44444444444444,-55.53333333333333,32.166666666666664
2020-05-19,-68.41666666666667,-47.875,-56.666666666666664,-69.66666666666667,-56.666666666666664,30.833333333333332
2020-05-20,-69.83333333333333,-53.375,-57.6,-68.77777777777777,-57.266666666666666,31.833333333333332
2020-05-21,-68.91666666666667,-52.75,-56.53333333333333,-70.33333333333333,-57.0,32.333333333333336
2020-05-22,-67.41666666666667,-47.77777777777778,-57.733333333333334,-68.44444444444444,-51.733333333333334,32.333333333333336
2020-05-23,-72.61538461538461,-54.22222222222222,-64.13333333333334,-71.8,-44.53333333333333,28.2
2020-05-24,-79.5,-65.25,-70.86666666666666,-74.44444444444444,-38.6,24.0
2020-05-25,-69.0909090909091,-53.75,-57.13333333333333,-69.33333333333333,-54.53333333333333,32.0
2020-05-26,-65.33333333333333,-45.0,-54.93333333333333,-67.66666666666667,-53.6,29.5
2020-05-27,-64.41666666666667,-44.125,-54.6,-65.55555555555556,-53.93333333333333,29.833333333333332
2020-05-28,-66.58333333333333,-49.5,-54.733333333333334,-67.11111111111111,-54.06666666666667,30.333333333333332
2020-05-29,-68.33333333333333,-51.44444444444444,-57.86666666666667,-68.55555555555556,-49.666666666666664,31.833333333333332
2020-05-30,-74.38461538461539,-57.0,-67.6,-73.3,-46.53333333333333,27.8
2020-05-31,-81.3,-66.55555555555556,-74.33333333333333,-77.0,-44.86666666666667,21.666666666666668
2020-06-01,-71.41666666666667,-57.55555555555556,-62.86666666666667,-73.11111111111111,-59.13333333333333,32.5
2020-06-02,-67.63636363636364,-50.375,-58.13333333333333,-69.11111111111111,-55.733333333333334,30.0
2020-06-03,-63.166666666666664,-43.25,-55.6,-67.375,-53.93333333333333,29.166666666666668
2020-06-04,-66.16666666666667,-46.25,-57.93333333333333,-68.88888888888889,-56.13333333333333,30.5
2020-06-05,-68.41666666666667,-52.666666666666664,-59.2,-70.1,-51.93333333333333,32.166666666666664
2020-06-06,-70.6923076923077,-56.0,-62.6,-70.6,-42.2,27.2
2020-06-07,-71.3076923076923,-51.625,-65.06666666666666,-69.77777777777777,-32.0,21.25
2020-06-08,-59.72727272727273,-41.0,-51.93333333333333,-65.11111111111111,-49.333333333333336,28.166666666666668
2020-06-09,-61.416666666666664,-48.0,-52.4,-64.55555555555556,-50.2,27.666666666666668
2020-06-10,-59.666666666666664,-45.666666666666664,-52.06666666666667,-65.11111111111111,-49.333333333333336,27.833333333333332
2020-06-11,-57.416666666666664,-38.0,-49.13333333333333,-63.888888888888886,-49.06666666666667,27.5
2020-06-12,-58.0,-39.77777777777778,-50.86666666666667,-63.333333333333336,-44.266666666666666,27.666666666666668
2020-06-13,-64.6923076923077,-51.888888888888886,-58.53333333333333,-66.55555555555556,-35.86666666666667,24.166666666666668
2020-06-14,-69.6923076923077,-54.5,-63.4,-67.22222222222223,-27.333333333333332,20.25
2020-06-15,-52.45454545454545,-32.0,-45.8,-60.0,-44.6,24.833333333333332
2020-06-16,-45.81818181818182,-23.625,-41.733333333333334,-57.55555555555556,-43.13333333333333,21.666666666666668
2020-06-17,-48.90909090909091,-28.25,-44.733333333333334,-61.375,-56.46666666666667,27.666666666666668
2020-06-18,-52.5,-35.25,-47.93333333333333,-60.55555555555556,-45.733333333333334,23.833333333333332
2020-06-19,-50.0,-29.7,-46.0,-59.55555555555556,-40.333333333333336,22.833333333333332
2020-06-20,-54.07692307692308,-35.111111111111114,-50.8,-61.44444444444444,-31.333333333333332,20.166666666666668
2020-06-21,-62.833333333333336,-43.5,-58.86666666666667,-65.77777777777777,-27.066666666666666,18.5
2020-06-22,-44.81818181818182,-27.11111111111111,-43.666666666666664,-57.333333333333336,-43.8,23.166666666666668
2020-06-23,-45.27272727272727,-25.22222222222222,-42.46666666666667,-56.888888888888886,-44.8,22.666666666666668
2020-06-24,-48.09090909090909,-27.77777777777778,-44.53333333333333,-58.625,-44.8,23.166666666666668
2020-06-25,-47.0,-26.0,-42.4,-60.0,-44.6,23.0
2020-06-26,-47.81818181818182,-28.0,-44.86666666666667,-58.625,-39.733333333333334,24.0
2020-06-27,-53.84615384615385,-33.44444444444444,-50.06666666666667,-59.22222222222222,-31.333333333333332,20.333333333333332
2020-06-28,-61.75,-42.5,-58.06666666666667,-63.333333333333336,-28.2,18.5
2020-06-29,-45.72727272727273,-28.77777777777778,-43.2,-57.111111111111114,-42.4,22.833333333333332
2020-06-30,-43.45454545454545,-22.4,-41.666666666666664,-53.888888888888886,-43.2,21.666666666666668
2020-07-01,-45.27272727272727,-23.666666666666668,-43.06666666666667,-54.625,-43.86666666666667,22.666666666666668
2020-07-02,-48.25,-26.875,-44.06666666666667,-55.77777777777778,-45.266666666666666,24.0
2020-07-03,-49.72727272727273,-28.333333333333332,-46.666666666666664,-57.5,-39.93333333333333,24.333333333333332
2020-07-04,-53.76923076923077,-32.888888888888886,-51.733333333333334,-57.22222222222222,-32.2,20.166666666666668
2020-07-05,-61.5,-41.625,-58.86666666666667,-61.111111111111114,-30.066666666666666,17.75
2020-07-06,-46.27272727272727,-30.4,-44.53333333333333,-57.22222222222222,-43.733333333333334,23.5
2020-07-07,-47.81818181818182,-29.666666666666668,-43.666666666666664,-54.0,-44.8,22.833333333333332
2020-07-08,-49.54545454545455,-32.5,-44.86666666666667,-57.25,-44.666666666666664,23.666666666666668
2020-07-09,-50.416666666666664,-34.22222222222222,-45.666666666666664,-58.333333333333336,-45.86666666666667,24.166666666666668
2020-07-10,-52.916666666666664,-37.8,-50.0,-60.875,-41.6,25.833333333333332
2020-07-11,-53.15384615384615,-34.333333333333336,-51.333333333333336,-55.666666666666664,-30.466666666666665,20.166666666666668
2020-07-12,-61.25,-43.25,-57.13333333333333,-61.44444444444444,-29.4,17.5
2020-07-13,-46.09090909090909,-30.0,-44.266666666666666,-55.44444444444444,-43.266666666666666,23.333333333333332
2020-07-14,-47.18181818181818,-28.333333333333332,-44.733333333333334,-53.333333333333336,-44.666666666666664,22.5
2020-07-15,-46.27272727272727,-26.444444444444443,-44.0,-55.5,-43.93333333333333,22.666666666666668
2020-07-16,-45.75,-25.8,-42.8,-54.75,-44.13333333333333,23.0
2020-07-17,-47.333333333333336,-27.7,-44.53333333333333,-56.375,-39.266666666666666,23.333333333333332
2020-07-18,-51.23076923076923,-30.666666666666668,-49.0,-55.0,-29.866666666666667,18.833333333333332
2020-07-19,-58.083333333333336,-38.0,-54.13333333333333,-56.77777777777778,-27.6,16.5
2020-07-20,-44.90909090909091,-28.77777777777778,-43.2,-54.5,-42.53333333333333,22.166666666666668
2020-07-21,-45.18181818181818,-29.0,-42.0,-53.333333333333336,-43.266666666666666,22.166666666666668
2020-07-22,-46.81818181818182,-27.444444444444443,-42.733333333333334,-54.625,-42.8,22.166666666666668
2020-07-23,-47.083333333333336,-28.4,-41.733333333333334,-55.125,-43.2,22.666666666666668
2020-07-24,-45.90909090909091,-25.88888888888889,-41.46666666666667,-53.75,-37.4,22.666666666666668
2020-07-25,-50.5,-30.666666666666668,-46.333333333333336,-53.888888888888886,-28.866666666666667,18.5
2020-07-26,-57.5,-38.875,-51.8,-57.333333333333336,-27.266666666666666,16.25
2020-07-27,-44.09090909090909,-27.5,-41.06666666666667,-54.5,-41.86666666666667,21.5
2020-07-28,-45.45454545454545,-28.5,-41.666666666666664,-55.25,-42.8,21.333333333333332
2020-07-29,-44.5,-25.11111111111111,-39.333333333333336,-52.875,-42.733333333333334,21.166666666666668
2020-07-30,-44.333333333333336,-23.25,-39.8,-52.875,-43.0,21.166666666666668
2020-07-31,-42.666666666666664,-21.7,-39.266666666666666,-52.625,-36.6,20.666666666666668
2020-08-01,-45.916666666666664,-22.666666666666668,-41.666666666666664,-48.55555555555556,-27.6,16.166666666666668
2020-08-02,-53.166666666666664,-32.75,-48.266666666666666,-52.55555555555556,-27.2,13.75
2020-08-03,-40.0,-22.3,-37.2,-54.25,-45.6,21.833333333333332
2020-08-04,-39.81818181818182,-19.5,-35.666666666666664,-58.57142857142857,-46.733333333333334,20.833333333333332
2020-08-05,-44.27272727272727,-27.0,-37.53333333333333,-55.0,-51.733333333333334,24.0
2020-08-06,-52.666666666666664,-37.75,-41.46666666666667,-62.0,-60.93333333333333,27.666666666666668
2020-08-07,-45.5,-25.555555555555557,-39.333333333333336,-54.875,-41.333333333333336,22.333333333333332
2020-08-08,-48.916666666666664,-30.88888888888889,-43.4,-54.111111111111114,-29.533333333333335,17.333333333333332
2020-08-09,-56.75,-39.125,-49.93333333333333,-57.55555555555556,-27.0,14.75
2020-08-10,-43.09090909090909,-27.555555555555557,-39.53333333333333,-56.25,-40.733333333333334,19.5
2020-08-11,-41.54545454545455,-23.333333333333332,-36.2,-58.0,-41.06666666666667,19.0
2020-08-12,-43.0,-26.0,-36.0,-57.57142857142857,-40.2,19.333333333333332
2020-08-13,-43.5,-26.666666666666668,-37.0,-52.5,-41.266666666666666,20.166666666666668
2020-08-14,-44.833333333333336,-25.11111111111111,-40.06666666666667,-53.625,-35.6,19.833333333333332
2020-08-15,-43.5,-20.11111111111111,-38.8,-48.77777777777778,-24.933333333333334,14.666666666666666
2020-08-16,-51.166666666666664,-29.125,-45.666666666666664,-52.875,-24.6,13.0
2020-08-17,-47.333333333333336,-24.333333333333332,-44.333333333333336,-53.5,-41.166666666666664,18.5
2020-08-18,-48.333333333333336,-26.0,-45.333333333333336,-53.0,-40.666666666666664,18.333333333333332
2020-08-19,-50.0,-27.333333333333332,-45.0,-54.0,-40.833333333333336,19.166666666666668
2020-08-20,-50.333333333333336,-27.666666666666668,-47.666666666666664,-54.0,-41.666666666666664,19.333333333333332
2020-08-21,-50.666666666666664,-25.0,-48.0,-51.0,-36.666666666666664,19.5
2020-08-22,-49.4,-26.333333333333332,-47.0,-52.5,-28.4,15.833333333333334
2020-08-23,-57.666666666666664,-36.666666666666664,-51.666666666666664,-69.66666666666667,-26.0,14.0
2020-08-24,-42.666666666666664,-25.666666666666668,-43.0,-45.5,-37.833333333333336,17.333333333333332
2020-08-25,-40.333333333333336,-22.333333333333332,-42.666666666666664,-44.0,-39.333333333333336,16.142857142857142
2020-08-26,-41.666666666666664,-25.333333333333332,-40.666666666666664,-43.5,-37.666666666666664,16.285714285714285
2020-08-27,-42.0,-23.666666666666668,-43.0,-44.5,-38.833333333333336,17.5
2020-08-28,-39.0,-17.666666666666668,-36.666666666666664,-42.5,-33.666666666666664,16.666666666666668
2020-08-29,-36.75,-19.333333333333332,-36.333333333333336,-40.5,-23.6,12.0
2020-08-30,-39.666666666666664,-26.0,-40.0,-58.666666666666664,-19.666666666666668,10.0
2020-08-31,-33.0,-15.333333333333334,-35.0,-37.5,-35.833333333333336,13.875
2020-09-01,-33.666666666666664,-14.333333333333334,-34.333333333333336,-39.5,-37.333333333333336,13.857142857142858
2020-09-02,-36.333333333333336,-18.666666666666668,-32.0,-35.0,-37.333333333333336,15.5
2020-09-03,-38.666666666666664,-22.666666666666668,-41.0,-36.5,-38.166666666666664,16.5
2020-09-04,-37.666666666666664,-18.333333333333332,-35.333333333333336,-33.5,-32.5,16.0
2020-09-05,-34.5,-20.0,-33.333333333333336,-30.5,-23.8,11.833333333333334
2020-09-06,-40.666666666666664,-29.666666666666668,-40.0,-54.0,-22.666666666666668,10.25
2020-09-07,-35.333333333333336,-22.666666666666668,-38.666666666666664,-31.5,-36.5,15.5
2020-09-08,-36.666666666666664,-22.0,-38.666666666666664,-34.0,-37.166666666666664,14.428571428571429
2020-09-09,-36.666666666666664,-20.666666666666668,-34.333333333333336,-32.5,-35.833333333333336,13.75
2020-09-10,-37.333333333333336,-22.333333333333332,-37.0,-29.0,-36.833333333333336,14.571428571428571
2020-09-11,-28.90909090909091,-17.125,-32.266666666666666,-37.0,-30.4,14.666666666666666
2020-09-12,-27.916666666666668,-18.666666666666668,-34.93333333333333,-35.44444444444444,-21.333333333333332,10.666666666666666
2020-09-13,-33.90909090909091,-24.875,-34.6,-40.25,-21.933333333333334,8.25
2020-09-14,-21.727272727272727,-10.75,-27.333333333333332,-35.625,-32.6,12.857142857142858
2020-09-15,-25.09090909090909,-15.375,-25.666666666666668,-48.285714285714285,-55.333333333333336,21.666666666666668
2020-09-16,-25.454545454545453,-12.625,-25.266666666666666,-35.142857142857146,-33.0,12.375
2020-09-17,-27.181818181818183,-16.25,-29.8,-37.125,-35.4,14.571428571428571
2020-09-18,-27.0,-14.75,-31.2,-35.0,-27.933333333333334,14.5
2020-09-19,-25.5,-16.11111111111111,-34.53333333333333,-37.0,-20.266666666666666,10.5
2020-09-20,-32.27272727272727,-23.25,-34.4,-36.0,-20.066666666666666,8.75
2020-09-21,-25.272727272727273,-14.75,-31.933333333333334,-31.25,-34.53333333333333,14.0
2020-09-22,-26.272727272727273,-10.25,-34.13333333333333,-33.5,-35.2,12.857142857142858
2020-09-23,-30.90909090909091,-13.25,-34.2,-34.285714285714285,-36.2,12.636363636363637
2020-09-24,-32.45454545454545,-15.125,-38.0,-35.375,-37.53333333333333,13.909090909090908
2020-09-25,-30.727272727272727,-10.625,-38.2,-30.625,-31.133333333333333,13.2
2020-09-26,-27.818181818181817,-8.88888888888889,-37.8,-32.375,-20.866666666666667,9.777777777777779
2020-09-27,-32.63636363636363,-18.375,-35.666666666666664,-32.375,-21.866666666666667,7.714285714285714
2020-09-28,-26.90909090909091,-9.125,-35.266666666666666,-31.375,-31.933333333333334,12.090909090909092
2020-09-29,-25.90909090909091,-5.5,-34.6,-31.875,-34.333333333333336,10.909090909090908
2020-09-30,-26.0,-5.25,-32.8,-30.375,-35.06666666666667,8.818181818181818
2020-10-01,-25.09090909090909,-4.625,-33.4,-29.25,-35.266666666666666,7.2727272727272725
2020-10-02,-28.818181818181817,-8.75,-36.53333333333333,-25.625,-29.466666666666665,8.363636363636363
2020-10-03,-27.75,-11.555555555555555,-39.13333333333333,-26.875,-24.6,5.888888888888889
2020-10-04,-31.833333333333332,-18.25,-36.666666666666664,-30.375,-26.666666666666668,5.142857142857143
2020-10-05,-25.181818181818183,-7.5,-31.733333333333334,-26.5,-33.333333333333336,7.636363636363637
2020-10-06,-25.636363636363637,-9.5,-31.266666666666666,-24.571428571428573,-34.13333333333333,8.090909090909092
2020-10-07,-26.181818181818183,-11.5,-31.4,-26.25,-33.0,9.727272727272727
2020-10-08,-27.181818181818183,-13.25,-35.4,-29.125,-33.333333333333336,12.272727272727273
2020-10-09,-26.363636363636363,-12.25,-36.0,-24.625,-26.466666666666665,11.727272727272727
2020-10-10,-23.166666666666668,-12.666666666666666,-35.93333333333333,-28.5,-18.2,8.555555555555555
2020-10-11,-26.666666666666668,-18.625,-30.6,-30.625,-19.133333333333333,6.571428571428571
2020-10-12,-24.272727272727273,-11.125,-33.93333333333333,-30.428571428571427,-31.2,11.454545454545455
2020-10-13,-26.181818181818183,-12.5,-36.666666666666664,-31.571428571428573,-32.0,11.545454545454545
2020-10-14,-24.818181818181817,-8.25,-31.8,-28.714285714285715,-31.533333333333335,11.454545454545455
2020-10-15,-23.454545454545453,-3.375,-35.13333333333333,-28.571428571428573,-32.53333333333333,12.0
2020-10-16,-24.0,-2.888888888888889,-36.0,-21.875,-25.866666666666667,11.454545454545455
2020-10-17,-20.416666666666668,-4.222222222222222,-34.46666666666667,-22.625,-18.066666666666666,7.888888888888889
2020-10-18,-25.833333333333332,-11.625,-28.466666666666665,-24.125,-20.466666666666665,5.857142857142857
2020-10-19,-25.272727272727273,-8.125,-35.86666666666667,-28.571428571428573,-30.333333333333332,11.727272727272727
2020-10-20,-22.636363636363637,-6.5,-33.46666666666667,-29.142857142857142,-31.133333333333333,11.454545454545455
2020-10-21,-22.636363636363637,-6.25,-26.133333333333333,-27.0,-29.6,10.909090909090908
2020-10-22,-22.727272727272727,-8.0,-28.066666666666666,-29.428571428571427,-31.2,12.0
2020-10-23,-21.545454545454547,-3.0,-27.8,-21.375,-23.933333333333334,11.181818181818182
2020-10-24,-21.90909090909091,-4.777777777777778,-29.6,-25.125,-16.466666666666665,7.666666666666667
2020-10-25,-29.25,-14.25,-33.333333333333336,-29.0,-20.733333333333334,7.0
2020-10-26,-21.0,-3.25,-26.933333333333334,-29.285714285714285,-28.6,10.727272727272727
2020-10-27,-21.181818181818183,-4.25,-28.466666666666665,-27.428571428571427,-29.666666666666668,10.454545454545455
2020-10-28,-22.09090909090909,-8.0,-28.2,-24.857142857142858,-29.666666666666668,10.545454545454545
2020-10-29,-20.454545454545453,-4.75,-29.733333333333334,-24.428571428571427,-30.933333333333334,10.0
2020-10-30,-18.09090909090909,-0.25,-29.333333333333332,-17.625,-23.6,9.363636363636363
2020-10-31,-15.0,0.4444444444444444,-26.6,-19.625,-14.266666666666667,5.6
2020-11-01,-13.75,-0.5,-16.6,-19.714285714285715,-15.466666666666667,2.75
2020-11-02,-26.181818181818183,-14.0,-21.2,-42.714285714285715,-60.666666666666664,18.181818181818183
2020-11-03,-19.363636363636363,3.25,-32.8,-23.857142857142858,-28.933333333333334,9.363636363636363
2020-11-04,-28.363636363636363,-13.375,-41.0,-30.571428571428573,-31.2,12.818181818181818
2020-11-05,-31.0,-16.625,-44.733333333333334,-35.75,-32.733333333333334,13.818181818181818
2020-11-06,-28.181818181818183,-12.875,-43.733333333333334,-30.75,-26.066666666666666,12.909090909090908
2020-11-07,-23.916666666666668,-12.666666666666666,-43.2,-29.75,-15.2,9.11111111111111
2020-11-08,-28.5,-18.875,-39.2,-31.0,-18.066666666666666,6.428571428571429
2020-11-09,-23.545454545454547,-10.875,-37.8,-28.625,-28.466666666666665,10.636363636363637
2020-11-10,-19.454545454545453,-6.125,-35.13333333333333,-29.571428571428573,-29.333333333333332,9.727272727272727
2020-11-11,-20.0,-8.0,-29.533333333333335,-27.142857142857142,-28.066666666666666,9.818181818181818
2020-11-12,-19.90909090909091,-8.25,-32.0,-28.428571428571427,-29.466666666666665,9.909090909090908
2020-11-13,-17.545454545454547,-1.875,-32.06666666666667,-24.285714285714285,-21.933333333333334,9.272727272727273
2020-11-14,-14.545454545454545,-0.4444444444444444,-31.333333333333332,-22.25,-12.733333333333333,5.6
2020-11-15,-16.416666666666668,-3.125,-27.066666666666666,-19.25,-15.266666666666667,3.375
2020-11-16,-15.818181818181818,2.25,-31.4,-23.571428571428573,-26.333333333333332,8.272727272727273
2020-11-17,-23.545454545454547,-6.75,-39.53333333333333,-30.142857142857142,-29.6,10.636363636363637
2020-11-18,-32.54545454545455,-18.25,-45.8,-33.75,-34.0,14.818181818181818
2020-11-19,-19.818181818181817,-5.375,-33.93333333333333,-26.571428571428573,-29.266666666666666,10.363636363636363
2020-11-20,-17.454545454545453,-2.75,-32.13333333333333,-20.571428571428573,-21.666666666666668,9.0
2020-11-21,-18.272727272727273,-9.0,-35.8,-20.25,-14.933333333333334,6.8
2020-11-22,-19.916666666666668,-10.625,-30.8,-19.875,-14.2,4.875
2020-11-23,-16.727272727272727,-3.4444444444444446,-31.666666666666668,-24.285714285714285,-26.866666666666667,8.727272727272727
2020-11-24,-13.363636363636363,1.25,-28.466666666666665,-21.0,-27.0,7.909090909090909
2020-11-25,-12.090909090909092,0.0,-23.933333333333334,-16.142857142857142,-27.266666666666666,7.636363636363637
2020-11-26,-12.545454545454545,-0.125,-27.2,-20.285714285714285,-27.533333333333335,7.454545454545454
2020-11-27,-10.0,3.5,-29.466666666666665,-15.125,-20.8,6.454545454545454
2020-11-28,-11.545454545454545,-1.1111111111111112,-28.933333333333334,-17.0,-11.666666666666666,4.3
2020-11-29,-12.25,-3.5,-24.533333333333335,-12.0,-10.2,3.0
2020-11-30,-9.909090909090908,6.666666666666667,-26.8,-16.857142857142858,-24.133333333333333,6.909090909090909
2020-12-01,-10.272727272727273,6.625,-25.6,-15.428571428571429,-25.333333333333332,6.7272727272727275
2020-12-02,-11.363636363636363,1.875,-21.2,-16.142857142857142,-24.666666666666668,7.545454545454546
2020-12-03,-11.818181818181818,0.625,-24.6,-17.285714285714285,-24.866666666666667,8.181818181818182
2020-12-04,-12.454545454545455,3.0,-26.466666666666665,-14.375,-18.733333333333334,7.363636363636363
2020-12-05,-10.181818181818182,-2.0,-23.866666666666667,-12.75,-9.2,3.9
2020-12-06,-11.916666666666666,-4.625,-20.866666666666667,-9.625,-9.266666666666667,2.5
2020-12-07,-11.363636363636363,1.75,-22.933333333333334,-17.571428571428573,-24.2,6.818181818181818
2020-12-08,-11.090909090909092,1.5,-22.133333333333333,-18.142857142857142,-23.6,7.0
2020-12-09,-11.454545454545455,-0.375,-19.466666666666665,-12.428571428571429,-24.0,7.636363636363637
2020-12-10,-10.363636363636363,2.5,-19.8,-12.285714285714286,-24.666666666666668,7.636363636363637
2020-12-11,-9.545454545454545,5.25,-20.2,-9.857142857142858,-18.333333333333332,7.545454545454546
2020-12-12,-8.636363636363637,2.875,-18.333333333333332,-5.0,-8.333333333333334,3.7
2020-12-13,-8.583333333333334,1.875,-14.733333333333333,0.0,-7.066666666666666,2.375
2020-12-14,-7.7272727272727275,6.875,-20.933333333333334,-10.285714285714286,-22.733333333333334,7.090909090909091
2020-12-15,-3.8181818181818183,15.625,-16.733333333333334,-6.0,-23.6,5.818181818181818
2020-12-16,-2.909090909090909,15.625,-13.933333333333334,-3.142857142857143,-22.533333333333335,6.181818181818182
2020-12-17,-1.0909090909090908,16.125,-13.866666666666667,-3.7142857142857144,-23.2,6.090909090909091
2020-12-18,-0.8181818181818182,19.625,-15.0,-9.142857142857142,-16.6,5.0
2020-12-19,0.18181818181818182,15.75,-14.933333333333334,-4.375,-6.2,1.1
2020-12-20,1.25,18.875,-9.866666666666667,5.285714285714286,-0.6666666666666666,-0.125
2020-12-21,7.0,29.125,-11.6,-5.142857142857143,-22.333333333333332,4.909090909090909
2020-12-22,9.909090909090908,37.375,-8.933333333333334,0.7142857142857143,-23.133333333333333,3.4166666666666665
2020-12-23,14.272727272727273,49.25,1.0666666666666667,3.7142857142857144,-22.2,3.0833333333333335
2020-12-24,0.9090909090909091,48.875,11.933333333333334,6.571428571428571,-37.8,5.583333333333333
2020-12-25,-40.36363636363637,-42.0,-14.6,-53.875,-72.13333333333334,21.0
2020-12-26,-7.090909090909091,0.625,-15.333333333333334,-20.375,-18.533333333333335,6.8
2020-12-27,-7.416666666666667,-3.375,-11.6,-14.714285714285714,-4.8,3.625
2020-12-28,2.4,17.75,-9.533333333333333,-16.428571428571427,-32.666666666666664,9.363636363636363
2020-12-29,7.2727272727272725,26.0,-5.666666666666667,-13.571428571428571,-33.6,8.090909090909092
2020-12-30,11.909090909090908,43.75,4.133333333333334,-5.571428571428571,-31.533333333333335,7.181818181818182
2020-12-31,-1.3636363636363635,47.625,12.6,1.1428571428571428,-38.8,6.833333333333333
2021-01-01,-38.27272727272727,-46.75,-3.533333333333333,-56.75,-73.2,20.4
2021-01-02,-13.363636363636363,-8.444444444444445,-14.466666666666667,-29.375,-29.333333333333332,8.88888888888889
2021-01-03,-14.166666666666666,-10.625,-16.333333333333332,-20.625,-14.8,5.375
2021-01-04,-10.545454545454545,6.375,-21.733333333333334,-24.0,-24.4,8.818181818181818
2021-01-05,-7.818181818181818,6.375,-19.8,-20.857142857142858,-24.933333333333334,8.363636363636363
2021-01-06,-8.545454545454545,3.125,-16.533333333333335,-19.285714285714285,-24.266666666666666,8.636363636363637
2021-01-07,-9.272727272727273,0.0,-21.333333333333332,-20.285714285714285,-24.466666666666665,8.545454545454545
2021-01-08,-9.181818181818182,1.75,-24.733333333333334,-18.571428571428573,-18.2,7.454545454545454
2021-01-09,-10.545454545454545,-3.3333333333333335,-27.666666666666668,-22.875,-10.6,4.5
2021-01-10,-12.5,-5.5,-22.866666666666667,-21.25,-11.066666666666666,3.375
2021-01-11,-8.090909090909092,0.625,-24.4,-20.714285714285715,-23.533333333333335,6.0
2021-01-12,-8.727272727272727,0.125,-25.333333333333332,-20.142857142857142,-25.133333333333333,5.636363636363637
2021-01-13,-11.272727272727273,-5.5,-24.466666666666665,-23.857142857142858,-27.4,4.2727272727272725
2021-01-14,-13.0,-5.75,-28.533333333333335,-23.25,-30.066666666666666,4.818181818181818
2021-01-15,-12.545454545454545,-2.0,-30.6,-22.75,-24.8,4.0
2021-01-16,-13.636363636363637,-5.888888888888889,-31.666666666666668,-23.125,-18.533333333333335,2.0
2021-01-17,-16.333333333333332,-10.0,-28.066666666666666,-23.625,-19.8,0.625
2021-01-18,-12.363636363636363,-2.5,-31.333333333333332,-21.5,-29.666666666666668,5.363636363636363
2021-01-19,-13.636363636363637,-3.625,-30.6,-26.0,-30.4,5.0
2021-01-20,-13.181818181818182,-5.375,-26.533333333333335,-22.285714285714285,-29.6,5.454545454545454
2021-01-21,-13.272727272727273,-5.625,-29.2,-20.0,-30.533333333333335,6.090909090909091
2021-01-22,-12.909090909090908,-3.5,-28.466666666666665,-20.142857142857142,-23.666666666666668,5.090909090909091
2021-01-23,-13.090909090909092,-6.444444444444445,-30.666666666666668,-22.625,-16.4,3.0
2021-01-24,-17.166666666666668,-11.125,-27.4,-21.75,-18.0,1.5
2021-01-25,-10.818181818181818,-1.1111111111111112,-28.266666666666666,-23.142857142857142,-27.733333333333334,5.090909090909091
2021-01-26,-10.727272727272727,-1.875,-27.2,-22.428571428571427,-28.066666666666666,4.818181818181818
2021-01-27,-13.181818181818182,-5.125,-23.866666666666667,-21.428571428571427,-28.066666666666666,5.545454545454546
2021-01-28,-13.090909090909092,-4.375,-27.6,-18.75,-28.066666666666666,5.0
2021-01-29,-11.727272727272727,1.75,-26.8,-17.25,-21.933333333333334,2.8181818181818183
2021-01-30,-9.454545454545455,3.75,-23.6,-18.75,-14.733333333333333,-0.8
2021-01-31,-13.0,-0.125,-23.333333333333332,-17.5,-16.266666666666666,-1.25
2021-02-01,-11.272727272727273,2.4444444444444446,-25.666666666666668,-19.571428571428573,-27.533333333333335,3.0
2021-02-02,-11.090909090909092,3.125,-24.666666666666668,-19.571428571428573,-29.066666666666666,3.272727272727273
2021-02-03,-14.272727272727273,0.25,-23.866666666666667,-23.285714285714285,-28.0,4.545454545454546
2021-02-04,-13.363636363636363,-2.625,-25.8,-22.375,-28.666666666666668,4.818181818181818
2021-02-05,-13.818181818181818,-2.2222222222222223,-26.2,-21.375,-21.6,4.7272727272727275
2021-02-06,-13.909090909090908,-2.888888888888889,-27.333333333333332,-23.25,-15.0,1.8
2021-02-07,-19.333333333333332,-10.25,-24.133333333333333,-25.375,-17.866666666666667,0.5
2021-02-08,-13.272727272727273,0.125,-27.066666666666666,-23.875,-27.333333333333332,4.636363636363637
2021-02-09,-12.909090909090908,0.625,-26.333333333333332,-24.0,-28.0,4.7272727272727275
2021-02-10,-13.454545454545455,-1.875,-22.8,-22.714285714285715,-27.6,4.454545454545454
2021-02-11,-13.090909090909092,-0.375,-26.666666666666668,-23.142857142857142,-29.133333333333333,3.090909090909091
2021-02-12,-10.454545454545455,4.5,-28.0,-19.25,-22.533333333333335,0.8181818181818182
2021-02-13,-6.636363636363637,6.888888888888889,-25.666666666666668,-18.75,-15.466666666666667,-3.2
2021-02-14,-1.0,6.75,-16.733333333333334,-18.125,-14.333333333333334,-5.75
2021-02-15,-8.181818181818182,9.625,-26.6,-19.5,-27.733333333333334,0.18181818181818182
2021-02-16,-9.363636363636363,10.375,-26.8,-21.0,-28.266666666666666,0.6363636363636364
2021-02-17,-9.818181818181818,5.125,-20.8,-20.428571428571427,-27.2,1.0909090909090908
2021-02-18,-10.818181818181818,3.5,-24.933333333333334,-19.857142857142858,-28.933333333333334,1.9090909090909092
2021-02-19,-11.0,7.0,-25.333333333333332,-18.875,-21.8,0.8181818181818182
2021-02-20,-7.454545454545454,7.333333333333333,-24.0,-20.875,-16.133333333333333,-2.7
2021-02-21,-10.416666666666666,3.125,-17.133333333333333,-19.625,-16.4,-3.875
2021-02-22,-8.727272727272727,7.0,-25.266666666666666,-20.875,-26.4,0.9090909090909091
2021-02-23,-7.909090909090909,9.75,-21.933333333333334,-19.714285714285715,-26.866666666666667,0.5454545454545454
2021-02-24,-7.2727272727272725,10.375,-12.933333333333334,-19.428571428571427,-25.866666666666667,0.36363636363636365
2021-02-25,-7.545454545454546,11.875,-22.933333333333334,-16.125,-28.133333333333333,1.0
2021-02-26,-5.454545454545454,16.75,-22.533333333333335,-12.25,-19.6,-0.45454545454545453
2021-02-27,-6.090909090909091,16.125,-24.133333333333333,-13.75,-12.533333333333333,-3.3
2021-02-28,-16.166666666666668,2.375,-14.266666666666667,-19.625,-16.066666666666666,-5.875
2021-03-01,-8.090909090909092,12.625,-25.933333333333334,-19.375,-29.6,1.0909090909090908
2021-03-02,-4.363636363636363,17.375,-23.133333333333333,-16.285714285714285,-26.933333333333334,0.7272727272727273
2021-03-03,-6.7272727272727275,12.25,-19.8,-15.714285714285714,-27.0,1.0909090909090908
2021-03-04,-6.454545454545454,10.875,-22.6,-14.375,-27.266666666666666,1.5454545454545454
2021-03-05,-6.090909090909091,11.5,-23.066666666666666,-13.125,-20.533333333333335,0.5454545454545454
2021-03-06,-5.181818181818182,9.25,-23.2,-15.875,-15.733333333333333,-2.5
2021-03-07,-11.416666666666666,2.0,-18.533333333333335,-19.75,-19.133333333333333,-3.75
2021-03-08,-6.909090909090909,9.5,-25.6,-16.571428571428573,-25.733333333333334,1.0909090909090908
2021-03-09,-8.818181818181818,9.625,-24.733333333333334,-17.285714285714285,-26.6,1.1818181818181819
2021-03-10,-9.090909090909092,8.125,-21.666666666666668,-14.857142857142858,-26.466666666666665,1.8181818181818181
2021-03-11,-9.0,9.875,-23.466666666666665,-14.5,-27.2,2.0
2021-03-12,-8.090909090909092,14.75,-22.6,-13.25,-20.066666666666666,0.7272727272727273
2021-03-13,-5.636363636363637,12.88888888888889,-23.333333333333332,-14.375,-15.6,-3.0
2021-03-14,-9.083333333333334,6.875,-18.666666666666668,-15.5,-19.066666666666666,-3.625
2021-03-15,-4.909090909090909,19.75,-24.4,-13.285714285714286,-23.466666666666665,-0.09090909090909091
2021-03-16,-4.2727272727272725,21.25,-22.6,-13.571428571428571,-24.666666666666668,-0.36363636363636365
2021-03-17,-5.2727272727272725,15.625,-17.666666666666668,-11.857142857142858,-23.533333333333335,0.15384615384615385
2021-03-18,-6.636363636363637,15.0,-20.4,-14.0,-24.733333333333334,0.9230769230769231
2021-03-19,-6.909090909090909,15.75,-20.933333333333334,-10.571428571428571,-18.4,-0.45454545454545453
2021-03-20,-2.3636363636363638,16.875,-18.933333333333334,-9.75,-13.2,-3.6
2021-03-21,-6.833333333333333,10.375,-16.466666666666665,-12.625,-17.2,-4.0
2021-03-22,-3.272727272727273,19.875,-21.866666666666667,-12.142857142857142,-21.666666666666668,-0.4166666666666667
2021-03-23,-3.090909090909091,18.25,-19.666666666666668,-12.571428571428571,-22.933333333333334,-0.4166666666666667
2021-03-24,-2.6363636363636362,17.75,-15.933333333333334,-9.428571428571429,-22.466666666666665,-0.25
2021-03-25,-2.0,19.75,-18.6,-9.142857142857142,-23.6,-0.38461538461538464
2021-03-26,0.0,23.875,-15.6,-5.714285714285714,-16.0,-1.7272727272727273
2021-03-27,0.8181818181818182,20.0,-17.4,-7.25,-12.4,-4.3
2021-03-28,-0.9166666666666666,15.5,-8.8,-7.625,-14.466666666666667,-5.625
2021-03-29,7.2,29.75,-10.066666666666666,-9.571428571428571,-34.4,0.9090909090909091
2021-03-30,10.9,36.625,-3.7333333333333334,-7.142857142857143,-35.0,-0.5833333333333334
2021-03-31,16.3,42.5,6.866666666666666,-1.0,-38.266666666666666,-0.8461538461538461
2021-04-01,9.1,36.5,19.733333333333334,-12.285714285714286,-55.266666666666666,2.5833333333333335
2021-04-02,-19.0,-11.875,6.666666666666667,-48.125,-67.93333333333334,11.4
2021-04-03,-13.636363636363637,-9.333333333333334,-6.733333333333333,-35.666666666666664,-53.733333333333334,3.3
2021-04-04,-9.0,3.125,-15.466666666666667,-19.75,-25.0,-2.75
2021-04-05,4.545454545454546,29.75,-18.066666666666666,-10.571428571428571,-31.733333333333334,1.7272727272727273
2021-04-06,-1.7272727272727273,23.375,-18.6,-11.285714285714286,-22.0,-0.6666666666666666
2021-04-07,-3.1818181818181817,18.25,-15.133333333333333,-10.142857142857142,-22.4,0.07692307692307693
2021-04-08,-1.4545454545454546,18.125,-17.533333333333335,-11.0,-21.8,-0.07692307692307693
2021-04-09,-3.272727272727273,19.25,-18.466666666666665,-7.75,-14.8,-0.36363636363636365
2021-04-10,-2.272727272727273,16.375,-21.666666666666668,-11.625,-11.6,-2.5
2021-04-11,-8.166666666666666,11.125,-19.0,-15.428571428571429,-15.533333333333333,-2.5
2021-04-12,-2.6363636363636362,18.75,-21.066666666666666,-10.0,-20.0,-0.5384615384615384
2021-04-13,-5.454545454545454,18.0,-21.266666666666666,-12.571428571428571,-21.533333333333335,-0.23076923076923078
2021-04-14,-2.1818181818181817,19.0,-16.2,-9.285714285714286,-21.866666666666667,-0.5384615384615384
2021-04-15,0.36363636363636365,26.875,-17.933333333333334,-7.142857142857143,-21.066666666666666,-0.3076923076923077
2021-04-16,2.0,27.875,-18.666666666666668,-2.7142857142857144,-13.466666666666667,-1.1818181818181819
2021-04-17,1.6363636363636365,23.25,-20.733333333333334,-5.625,-10.8,-3.2
2021-04-18,-2.9166666666666665,17.875,-16.866666666666667,-8.857142857142858,-15.2,-3.375
2021-04-19,-2.1818181818181817,20.75,-22.466666666666665,-8.142857142857142,-19.466666666666665,-0.3333333333333333
2021-04-20,-1.0,22.875,-19.066666666666666,-7.714285714285714,-20.466666666666665,-0.5833333333333334
2021-04-21,-0.45454545454545453,21.625,-16.066666666666666,-5.714285714285714,-20.466666666666665,-0.3333333333333333
2021-04-22,0.8181818181818182,24.0,-16.466666666666665,-7.714285714285714,-19.733333333333334,-0.46153846153846156
2021-04-23,1.8181818181818181,28.0,-17.4,-2.5714285714285716,-12.6,-1.1818181818181819
2021-04-24,2.8181818181818183,22.875,-18.2,-6.0,-10.533333333333333,-3.7
2021-04-25,-0.75,17.25,-17.2,-9.857142857142858,-13.2,-3.625
2021-04-26,1.6363636363636365,25.5,-19.066666666666666,-9.428571428571429,-17.466666666666665,-0.9230769230769231
2021-04-27,1.2727272727272727,25.0,-18.6,-8.285714285714286,-19.333333333333332,-0.9230769230769231
2021-04-28,2.090909090909091,24.5,-13.533333333333333,-1.0,-19.333333333333332,-0.6153846153846154
2021-04-29,3.090909090909091,28.625,-15.666666666666666,-4.428571428571429,-20.4,-0.9230769230769231
2021-04-30,7.909090909090909,39.875,-14.2,1.8571428571428572,-12.2,-2.8181818181818183
2021-05-01,0.36363636363636365,23.0,-12.866666666666667,-12.75,-33.333333333333336,0.0
2021-05-02,-3.909090909090909,23.142857142857142,-16.533333333333335,-8.428571428571429,-14.6,-3.0
2021-05-03,4.0,30.5,-17.133333333333333,-5.857142857142857,-18.066666666666666,-1.0769230769230769
2021-05-04,2.272727272727273,30.125,-16.733333333333334,-2.7142857142857144,-19.266666666666666,-1.0833333333333333
2021-05-05,3.090909090909091,26.5,-13.0,-2.7142857142857144,-19.0,-0.5384615384615384
2021-05-06,-1.8181818181818181,23.125,-20.466666666666665,-4.0,-20.466666666666665,-0.07692307692307693
2021-05-07,3.909090909090909,31.875,-16.533333333333335,-0.2857142857142857,-11.2,-1.4545454545454546
2021-05-08,8.545454545454545,33.0,-16.0,0.625,-8.666666666666666,-3.7
2021-05-09,13.555555555555555,36.714285714285715,-6.4,-0.625,-10.466666666666667,-5.75
2021-05-10,27.22222222222222,47.5,8.4,-10.142857142857142,-52.13333333333333,1.6666666666666667
2021-05-11,4.0,34.125,-15.6,0.42857142857142855,-17.866666666666667,-2.6923076923076925
2021-05-12,4.454545454545454,32.75,-11.133333333333333,3.4285714285714284,-18.933333333333334,-1.3076923076923077
2021-05-13,5.2727272727272725,32.125,-10.466666666666667,1.7142857142857142,-18.866666666666667,-1.1538461538461537
2021-05-14,6.636363636363637,37.5,-15.066666666666666,3.7142857142857144,-13.133333333333333,-1.2727272727272727
2021-05-15,10.545454545454545,40.375,-15.0,2.25,-10.466666666666667,-4.0
2021-05-16,5.333333333333333,34.0,-11.933333333333334,0.2857142857142857,-12.266666666666667,-4.875
2021-05-17,7.636363636363637,38.375,-14.733333333333333,2.857142857142857,-15.666666666666666,-1.9230769230769231
2021-05-18,6.636363636363637,36.625,-13.133333333333333,2.2857142857142856,-16.533333333333335,-1.5384615384615385
2021-05-19,6.818181818181818,36.25,-7.933333333333334,1.2857142857142858,-16.266666666666666,-0.9230769230769231
2021-05-20,8.181818181818182,38.375,-7.066666666666666,3.0,-16.6,-0.46153846153846156
2021-05-21,7.090909090909091,38.375,-12.0,4.285714285714286,-8.733333333333333,-1.0
2021-05-22,9.363636363636363,34.625,-15.0,3.375,-7.466666666666667,-3.1
2021-05-23,1.0909090909090908,27.125,-15.4,-4.285714285714286,-11.666666666666666,-2.375
2021-05-24,8.0,36.75,-12.333333333333334,1.2857142857142858,-13.733333333333333,-1.25
2021-05-25,6.909090909090909,35.375,-13.733333333333333,2.4285714285714284,-15.466666666666667,-1.3076923076923077
2021-05-26,9.454545454545455,39.0,-5.066666666666666,6.0,-14.533333333333333,-2.076923076923077
2021-05-27,11.090909090909092,39.125,-6.666666666666667,6.428571428571429,-14.8,-1.6923076923076923
2021-05-28,14.636363636363637,46.125,-5.133333333333334,9.428571428571429,-6.2,-3.6363636363636362
2021-05-29,13.727272727272727,43.125,-9.0,10.5,-8.266666666666667,-4.9
2021-05-30,5.818181818181818,38.142857142857146,-9.333333333333334,6.714285714285714,-13.8,-5.0
2021-05-31,12.4,46.125,-8.066666666666666,9.285714285714286,-12.133333333333333,-3.1538461538461537
2021-06-01,13.909090909090908,47.875,-5.4,10.142857142857142,-13.466666666666667,-3.3846153846153846
2021-06-02,12.545454545454545,42.875,-1.1333333333333333,12.428571428571429,-13.733333333333333,-3.1538461538461537
2021-06-03,11.181818181818182,40.75,-5.266666666666667,9.571428571428571,-14.2,-2.8461538461538463
2021-06-04,10.090909090909092,38.375,-7.466666666666667,11.142857142857142,-5.0,-2.8181818181818183
2021-06-05,12.545454545454545,39.125,-11.2,11.625,-8.466666666666667,-4.1
2021-06-06,5.909090909090909,32.0,-9.266666666666667,6.571428571428571,-13.133333333333333,-4.125
2021-06-07,9.1,38.625,-10.066666666666666,6.857142857142857,-11.0,-3.1538461538461537
2021-06-08,10.272727272727273,37.625,-8.133333333333333,7.142857142857143,-12.066666666666666,-3.230769230769231
2021-06-09,9.909090909090908,35.125,-4.733333333333333,9.285714285714286,-12.8,-2.5384615384615383
2021-06-10,10.181818181818182,37.375,-4.866666666666666,9.285714285714286,-12.6,-2.6153846153846154
2021-06-11,9.181818181818182,34.375,-7.866666666666666,9.0,-6.4,-3.090909090909091
2021-06-12,5.363636363636363,28.875,-17.866666666666667,2.25,-10.666666666666666,-2.7
2021-06-13,1.0833333333333333,26.0,-16.2,-0.8571428571428571,-16.866666666666667,-3.375
2021-06-14,8.818181818181818,37.25,-12.133333333333333,4.857142857142857,-13.4,-3.3846153846153846
2021-06-15,10.545454545454545,44.625,-9.666666666666666,8.571428571428571,-13.866666666666667,-3.8461538461538463
2021-06-16,16.09090909090909,51.25,-2.8,18.142857142857142,-15.266666666666667,-5.230769230769231
2021-06-17,21.727272727272727,45.625,-2.2,-4.142857142857143,-54.06666666666667,2.3333333333333335
2021-06-18,7.7272727272727275,37.625,-11.0,6.857142857142857,-11.666666666666666,-3.727272727272727
2021-06-19,7.818181818181818,32.125,-14.333333333333334,1.125,-14.733333333333333,-4.4
2021-06-20,0.7272727272727273,27.0,-15.8,-1.2857142857142858,-21.066666666666666,-4.875
2021-06-21,10.5,39.5,-9.8,2.857142857142857,-17.333333333333332,-4.3076923076923075
2021-06-22,16.09090909090909,42.25,-7.933333333333334,3.142857142857143,-25.133333333333333,-3.6666666666666665
2021-06-23,5.818181818181818,30.625,-12.4,3.5714285714285716,-19.4,-1.6153846153846154
2021-06-24,10.818181818181818,39.125,-5.733333333333333,8.714285714285714,-17.933333333333334,-3.769230769230769
2021-06-25,13.818181818181818,40.375,-6.133333333333334,9.857142857142858,-10.6,-4.2727272727272725
2021-06-26,11.545454545454545,34.375,-11.333333333333334,4.625,-12.2,-5.0
2021-06-27,4.7,30.125,-11.866666666666667,2.0,-18.333333333333332,-4.375
2021-06-28,11.454545454545455,38.5,-11.933333333333334,5.714285714285714,-15.933333333333334,-5.461538461538462
2021-06-29,7.454545454545454,33.25,-12.933333333333334,5.571428571428571,-18.533333333333335,-4.230769230769231
2021-06-30,16.818181818181817,47.5,-3.7333333333333334,13.142857142857142,-15.333333333333334,-3.923076923076923
2021-07-01,16.363636363636363,49.375,-5.933333333333334,12.714285714285714,-15.666666666666666,-3.923076923076923
2021-07-02,15.727272727272727,46.625,-5.466666666666667,14.142857142857142,-7.8,-3.909090909090909
2021-07-03,15.636363636363637,40.125,-10.866666666666667,9.25,-11.2,-4.6
2021-07-04,3.7,28.0,-17.266666666666666,7.857142857142857,-20.133333333333333,-3.625
2021-07-05,9.8,38.625,-13.333333333333334,6.714285714285714,-13.6,-2.5
2021-07-06,14.4,41.125,-7.533333333333333,8.857142857142858,-13.533333333333333,-3.6666666666666665
2021-07-07,15.818181818181818,42.875,1.6,12.571428571428571,-13.8,-4.230769230769231
2021-07-08,15.727272727272727,42.375,-2.0,10.714285714285714,-14.8,-3.769230769230769
2021-07-09,12.909090909090908,39.25,-6.0,11.142857142857142,-7.266666666666667,-4.0
2021-07-10,12.727272727272727,35.875,-13.066666666666666,6.5,-11.4,-4.3
2021-07-11,3.9,29.714285714285715,-12.466666666666667,2.5,-16.933333333333334,-3.875
2021-07-12,10.9,37.875,-10.8,6.0,-13.266666666666667,-3.230769230769231
2021-07-13,12.090909090909092,39.625,-10.066666666666666,10.428571428571429,-14.266666666666667,-3.8461538461538463
2021-07-14,14.272727272727273,40.125,-4.133333333333334,12.285714285714286,-14.066666666666666,-3.8461538461538463
2021-07-15,19.636363636363637,52.0,-1.0,14.857142857142858,-13.533333333333333,-4.461538461538462
2021-07-16,19.454545454545453,50.125,-2.533333333333333,17.285714285714285,-6.533333333333333,-4.454545454545454
2021-07-17,17.363636363636363,43.625,-9.733333333333333,11.375,-10.133333333333333,-4.9
2021-07-18,7.8,35.57142857142857,-10.333333333333334,3.857142857142857,-15.866666666666667,-4.25
2021-07-19,15.6,43.75,-4.733333333333333,12.571428571428571,-11.933333333333334,-3.923076923076923
2021-07-20,18.545454545454547,45.75,-3.1333333333333333,12.571428571428571,-13.8,-3.923076923076923
2021-07-21,16.90909090909091,42.5,2.1333333333333333,14.714285714285714,-13.4,-4.0
2021-07-22,17.363636363636363,42.375,-1.2,14.857142857142858,-14.466666666666667,-4.0
2021-07-23,18.818181818181817,47.125,-2.8,15.571428571428571,-6.0,-3.909090909090909
2021-07-24,15.272727272727273,39.875,-11.466666666666667,10.375,-10.333333333333334,-4.3
2021-07-25,10.9,33.875,-5.666666666666667,6.125,-15.866666666666667,-4.25
2021-07-26,15.222222222222221,40.375,-4.6,11.142857142857142,-13.333333333333334,-3.4615384615384617
2021-07-27,13.636363636363637,40.375,-8.533333333333333,15.0,-12.933333333333334,-3.769230769230769
2021-07-28,16.545454545454547,40.625,-1.3333333333333333,18.0,-12.666666666666666,-3.5384615384615383
2021-07-29,20.0,43.5,0.6666666666666666,16.428571428571427,-12.6,-3.923076923076923
2021-07-30,21.636363636363637,50.25,-0.6666666666666666,21.428571428571427,-5.066666666666666,-4.636363636363637
2021-07-31,20.363636363636363,46.5,-8.933333333333334,15.875,-8.133333333333333,-5.3
2021-08-01,18.9,45.857142857142854,-0.13333333333333333,12.714285714285714,-14.933333333333334,-5.5
2021-08-02,28.11111111111111,55.125,3.1333333333333333,15.428571428571429,-28.066666666666666,-1.75
2021-08-03,27.666666666666668,52.375,5.866666666666666,14.571428571428571,-33.0,-1.4166666666666667
2021-08-04,30.555555555555557,54.625,16.8,16.857142857142858,-36.2,-0.7692307692307693
2021-08-05,28.555555555555557,49.75,23.533333333333335,7.571428571428571,-45.333333333333336,1.3333333333333333
2021-08-06,7.6,22.375,11.333333333333334,-13.0,-58.0,7.363636363636363
2021-08-07,16.0,28.625,-2.4,3.25,-26.0,-1.4
2021-08-08,7.3,27.0,-7.2,6.285714285714286,-16.533333333333335,-3.375
2021-08-09,17.5,44.5,-3.466666666666667,17.714285714285715,-11.333333333333334,-3.923076923076923
2021-08-10,19.6,45.25,0.26666666666666666,16.0,-11.8,-4.153846153846154
2021-08-11,17.272727272727273,40.375,1.9333333333333333,16.714285714285715,-12.533333333333333,-3.923076923076923
2021-08-12,14.818181818181818,36.875,-4.866666666666666,13.142857142857142,-13.4,-2.769230769230769
2021-08-13,19.0,45.125,-1.6,14.857142857142858,-4.866666666666666,-3.8181818181818183
2021-08-14,19.454545454545453,43.375,-9.866666666666667,14.125,-8.066666666666666,-5.0
2021-08-15,15.333333333333334,43.714285714285715,-5.533333333333333,10.142857142857142,-12.933333333333334,-5.125
2021-08-16,18.666666666666668,47.875,-3.933333333333333,14.714285714285714,-10.6,-4.461538461538462
2021-08-17,19.9,44.75,-3.2,17.142857142857142,-12.333333333333334,-4.076923076923077
2021-08-18,18.636363636363637,39.375,0.4,16.285714285714285,-10.333333333333334,-3.923076923076923
2021-08-19,15.181818181818182,37.75,-4.933333333333334,13.428571428571429,-11.133333333333333,-2.923076923076923
2021-08-20,14.272727272727273,39.625,-9.733333333333333,14.571428571428571,-4.6,-3.0
2021-08-21,15.545454545454545,37.125,-13.266666666666667,8.375,-8.2,-3.8
2021-08-22,6.3,31.0,-11.8,2.142857142857143,-14.666666666666666,-3.5
2021-08-23,11.0,34.25,-13.266666666666667,10.0,-10.533333333333333,-3.1538461538461537
2021-08-24,16.181818181818183,40.75,-7.666666666666667,10.142857142857142,-11.133333333333333,-3.8461538461538463
2021-08-25,19.727272727272727,44.25,0.6,14.857142857142858,-10.466666666666667,-3.923076923076923
2021-08-26,19.272727272727273,45.375,-1.5333333333333334,16.142857142857142,-11.133333333333333,-3.769230769230769
2021-08-27,21.181818181818183,48.25,-1.0666666666666667,14.285714285714286,-3.3333333333333335,-4.0
2021-08-28,18.545454545454547,42.375,-10.666666666666666,9.875,-7.2,-4.6
2021-08-29,12.9,37.142857142857146,-6.6,3.4285714285714284,-12.133333333333333,-3.875
2021-08-30,18.88888888888889,48.625,-6.333333333333333,10.571428571428571,-9.4,-4.384615384615385
2021-08-31,20.2,50.25,-6.6,15.857142857142858,-9.133333333333333,-4.0
2021-09-01,23.272727272727273,52.875,1.7333333333333334,19.857142857142858,-9.6,-4.076923076923077
2021-09-02,21.363636363636363,45.625,-4.0,17.714285714285715,-11.333333333333334,-3.5384615384615383
2021-09-03,20.727272727272727,45.375,-4.066666666666666,19.0,-2.2,-3.8181818181818183
2021-09-04,18.818181818181817,39.5,-13.066666666666666,8.125,-6.866666666666666,-3.4
2021-09-05,11.0,36.42857142857143,-9.6,3.2857142857142856,-11.866666666666667,-4.25
2021-09-06,18.0,43.125,-4.533333333333333,11.285714285714286,-8.066666666666666,-3.923076923076923
2021-09-07,14.8,39.5,-0.7333333333333333,14.571428571428571,-9.0,-3.6923076923076925
2021-09-08,16.454545454545453,37.625,-2.533333333333333,10.142857142857142,-9.8,-3.3076923076923075
2021-09-09,16.727272727272727,40.125,-3.3333333333333335,13.428571428571429,-10.0,-3.3076923076923075
2021-09-10,8.363636363636363,32.875,-16.133333333333333,9.857142857142858,-6.333333333333333,-0.8181818181818182
2021-09-11,14.636363636363637,37.875,-15.066666666666666,1.5,-7.333333333333333,-1.8
2021-09-12,9.0,33.57142857142857,-12.866666666666667,-0.5714285714285714,-13.533333333333333,-2.125
2021-09-13,17.22222222222222,42.75,-3.4,7.857142857142857,-8.866666666666667,-3.3076923076923075
2021-09-14,22.9,52.5,-0.6666666666666666,12.0,-10.866666666666667,-5.076923076923077
2021-09-15,16.5,44.875,9.666666666666666,-8.714285714285714,-55.266666666666666,6.363636363636363
2021-09-16,18.272727272727273,49.75,-2.8666666666666667,12.428571428571429,-11.266666666666667,-3.6153846153846154
2021-09-17,21.818181818181817,51.875,0.13333333333333333,13.714285714285714,-4.266666666666667,-3.909090909090909
2021-09-18,20.818181818181817,46.125,-7.266666666666667,11.0,-6.733333333333333,-4.8
2021-09-19,12.6,40.0,-8.266666666666667,5.285714285714286,-11.933333333333334,-3.875
2021-09-20,16.11111111111111,46.375,-4.0,10.571428571428571,-9.066666666666666,-3.4615384615384617
2021-09-21,19.333333333333332,50.0,-1.4666666666666666,8.857142857142858,-10.466666666666667,-3.6153846153846154
2021-09-22,20.90909090909091,48.125,4.333333333333333,12.428571428571429,-8.2,-3.5384615384615383
2021-09-23,22.0,48.5,1.5333333333333334,8.0,-9.133333333333333,-2.923076923076923
2021-09-24,22.0,51.625,-1.6,12.571428571428571,-2.066666666666667,-3.3636363636363638
2021-09-25,18.90909090909091,45.875,-11.4,9.5,-7.0,-4.2
2021-09-26,11.9,40.0,-12.333333333333334,4.0,-11.533333333333333,-3.875
2021-09-27,18.333333333333332,47.75,-3.3333333333333335,9.857142857142858,-8.266666666666667,-3.3846153846153846
2021-09-28,19.444444444444443,48.625,-0.6,8.285714285714286,-9.266666666666667,-3.923076923076923
2021-09-29,22.272727272727273,50.125,4.333333333333333,9.714285714285714,-9.866666666666667,-3.076923076923077
2021-09-30,26.181818181818183,62.125,1.7333333333333334,17.0,-9.466666666666667,-3.5384615384615383
2021-10-01,28.1,61.375,-1.8666666666666667,14.285714285714286,-2.3333333333333335,-3.8181818181818183
2021-10-02,21.90909090909091,50.75,-9.333333333333334,12.75,-6.133333333333334,-4.3
2021-10-03,15.8,48.57142857142857,-7.866666666666666,11.0,-11.333333333333334,-3.75
2021-10-04,15.555555555555555,44.625,-6.666666666666667,7.857142857142857,-9.733333333333333,-3.4615384615384617
2021-10-05,19.7,48.625,-3.2,10.714285714285714,-10.933333333333334,-2.8461538461538463
2021-10-06,19.818181818181817,46.875,3.0,14.571428571428571,-10.0,-2.8461538461538463
2021-10-07,16.363636363636363,39.5,-8.066666666666666,9.571428571428571,-11.066666666666666,-2.0
2021-10-08,18.636363636363637,45.625,-6.4,12.857142857142858,-3.066666666666667,-2.8181818181818183
2021-10-09,18.636363636363637,42.25,-12.0,9.375,-6.533333333333333,-4.1
2021-10-10,11.9,40.0,-11.533333333333333,7.0,-10.733333333333333,-3.125
2021-10-11,17.555555555555557,44.125,-3.6666666666666665,9.142857142857142,-8.0,-2.8461538461538463
2021-10-12,18.4,46.75,-2.466666666666667,11.0,-8.133333333333333,-3.1538461538461537
2021-10-13,19.636363636363637,41.5,-0.4,11.428571428571429,-10.666666666666666,-2.6153846153846154
2021-10-14,21.272727272727273,47.0,-1.2666666666666666,11.714285714285714,-8.8,-2.769230769230769
2021-10-15,23.9,54.75,-1.5333333333333334,16.714285714285715,-1.2666666666666666,-3.272727272727273
2021-10-16,24.363636363636363,51.0,-9.533333333333333,15.25,-5.866666666666666,-4.3
2021-10-17,16.9,49.142857142857146,-7.533333333333333,13.714285714285714,-12.533333333333333,-5.0
2021-10-18,16.555555555555557,45.125,-9.866666666666667,13.714285714285714,-8.933333333333334,-2.25
2021-10-19,19.818181818181817,47.75,-5.666666666666667,10.428571428571429,-10.0,-2.5384615384615383
2021-10-20,22.181818181818183,48.75,-0.7333333333333333,15.0,-9.333333333333334,-2.6153846153846154
2021-10-21,24.363636363636363,50.0,2.3333333333333335,14.0,-9.466666666666667,-2.923076923076923
2021-10-22,24.636363636363637,52.75,-0.3333333333333333,13.857142857142858,-1.3333333333333333,-3.5454545454545454
2021-10-23,25.727272727272727,49.0,-8.2,12.375,-4.933333333333334,-4.4
2021-10-24,17.2,44.42857142857143,-8.133333333333333,11.0,-9.933333333333334,-3.75
2021-10-25,22.555555555555557,49.625,-1.4666666666666666,15.142857142857142,-6.933333333333334,-3.076923076923077
2021-10-26,23.11111111111111,49.0,1.2,14.142857142857142,-7.4,-3.8461538461538463
2021-10-27,25.545454545454547,48.25,4.733333333333333,17.571428571428573,-7.733333333333333,-3.5384615384615383
2021-10-28,26.4,52.0,3.1333333333333333,17.857142857142858,-7.666666666666667,-3.6923076923076925
2021-10-29,27.3,57.25,2.0,22.857142857142858,0.13333333333333333,-4.363636363636363
2021-10-30,33.90909090909091,59.875,-2.933333333333333,21.5,-2.6666666666666665,-6.4
2021-10-31,28.555555555555557,57.857142857142854,4.133333333333334,18.142857142857142,-4.6,-6.625
2021-11-01,35.55555555555556,67.625,9.866666666666667,25.571428571428573,-11.133333333333333,-5.153846153846154
2021-11-02,19.77777777777778,42.5,18.866666666666667,-10.428571428571429,-58.266666666666666,5.363636363636363
2021-11-03,25.7,57.125,8.6,27.857142857142858,-6.933333333333334,-4.6923076923076925
2021-11-04,27.5,54.375,6.133333333333334,20.285714285714285,-8.333333333333334,-3.923076923076923
2021-11-05,25.8,54.625,3.3333333333333335,21.428571428571427,0.0,-4.090909090909091
2021-11-06,26.454545454545453,47.75,-4.466666666666667,17.625,-1.2666666666666666,-4.7
2021-11-07,19.8,46.142857142857146,-2.2666666666666666,15.285714285714286,-7.0,-4.25
2021-11-08,23.88888888888889,53.0,0.5333333333333333,21.142857142857142,-6.133333333333334,-3.6923076923076925
2021-11-09,24.11111111111111,50.0,4.333333333333333,17.142857142857142,-7.4,-3.8461538461538463
2021-11-10,25.555555555555557,52.0,7.666666666666667,21.571428571428573,-6.6,-3.3846153846153846
2021-11-11,24.5,46.875,1.4,18.285714285714285,-8.0,-2.1538461538461537
2021-11-12,20.0,48.375,-4.666666666666667,17.857142857142858,-0.13333333333333333,-1.7272727272727273
2021-11-13,23.454545454545453,46.75,-9.4,12.625,-0.13333333333333333,-2.8
2021-11-14,19.1,49.285714285714285,-6.8,10.428571428571429,-5.933333333333334,-3.125
2021-11-15,29.333333333333332,62.75,-2.2,24.0,-5.733333333333333,-3.0
2021-11-16,29.666666666666668,62.625,3.3333333333333335,24.857142857142858,-7.066666666666666,-3.3846153846153846
2021-11-17,31.22222222222222,57.375,8.133333333333333,30.0,-7.066666666666666,-3.3846153846153846
2021-11-18,30.7,56.5,4.666666666666667,25.142857142857142,-7.466666666666667,-3.0
2021-11-19,31.5,59.875,4.133333333333334,26.428571428571427,0.5333333333333333,-3.3636363636363638
2021-11-20,33.0,52.875,0.26666666666666666,23.375,0.3333333333333333,-5.4
2021-11-21,27.22222222222222,54.714285714285715,2.466666666666667,23.857142857142858,-4.0,-5.25
2021-11-22,29.77777777777778,58.75,2.8666666666666667,27.0,-5.6,-3.1538461538461537
2021-11-23,32.0,60.25,6.2,26.714285714285715,-6.266666666666667,-3.4615384615384617
2021-11-24,34.55555555555556,62.375,14.933333333333334,33.57142857142857,-6.133333333333334,-3.3846153846153846
2021-11-25,36.0,61.25,12.133333333333333,28.142857142857142,-7.6,-3.3846153846153846
2021-11-26,40.0,66.875,6.733333333333333,35.142857142857146,-0.4666666666666667,-4.818181818181818
2021-11-27,35.72727272727273,55.625,2.8,24.25,1.2666666666666666,-5.4
2021-11-28,29.8,53.857142857142854,4.6,28.0,-0.8666666666666667,-5.375
2021-11-29,34.111111111111114,63.5,5.933333333333334,29.428571428571427,-4.466666666666667,-3.1538461538461537
2021-11-30,38.888888888888886,74.125,9.466666666666667,29.285714285714285,-5.466666666666667,-4.538461538461538
2021-12-01,39.22222222222222,73.0,19.733333333333334,38.42857142857143,-7.533333333333333,-3.6153846153846154
2021-12-02,35.22222222222222,66.125,13.333333333333334,30.428571428571427,-8.133333333333333,-3.0
2021-12-03,36.8,63.875,11.733333333333333,35.285714285714285,-0.06666666666666667,-3.8181818181818183
2021-12-04,37.0,56.875,13.4,30.375,3.2,-5.7
2021-12-05,34.77777777777778,59.714285714285715,12.0,29.142857142857142,0.6,-5.5
2021-12-06,35.0,62.5,11.266666666666667,28.857142857142858,-6.266666666666667,-3.076923076923077
2021-12-07,35.0,62.0,17.533333333333335,27.857142857142858,-4.666666666666667,-3.5384615384615383
2021-12-08,37.0,62.75,23.066666666666666,33.285714285714285,-3.8666666666666667,-3.3076923076923075
2021-12-09,37.375,64.125,16.533333333333335,30.857142857142858,-1.9333333333333333,-3.769230769230769
2021-12-10,41.4,67.0,15.333333333333334,34.0,5.4,-4.2727272727272725
2021-12-11,39.9,58.875,11.733333333333333,31.125,10.866666666666667,-6.9
2021-12-12,37.333333333333336,59.57142857142857,13.933333333333334,37.57142857142857,12.0,-6.625
2021-12-13,39.111111111111114,64.75,9.933333333333334,30.857142857142858,-0.9333333333333333,-3.5384615384615383
2021-12-14,43.888888888888886,72.0,18.066666666666666,34.57142857142857,-0.8,-4.3076923076923075
2021-12-15,51.375,81.625,22.6,45.142857142857146,-0.6666666666666666,-5.0
2021-12-16,54.0,85.75,20.4,45.0,-1.8666666666666667,-5.6923076923076925
2021-12-17,49.666666666666664,82.25,21.133333333333333,46.857142857142854,6.333333333333333,-6.363636363636363
2021-12-18,53.8,72.0,17.933333333333334,43.5,11.0,-9.2
2021-12-19,52.77777777777778,80.28571428571429,16.333333333333332,52.285714285714285,16.266666666666666,-9.375
2021-12-20,60.5,90.375,21.666666666666668,47.714285714285715,-2.066666666666667,-5.615384615384615
2021-12-21,62.5,89.71428571428571,25.866666666666667,47.857142857142854,-3.4,-6.384615384615385
2021-12-22,68.25,107.625,35.333333333333336,59.142857142857146,-3.6666666666666665,-6.846153846153846
2021-12-23,73.25,120.28571428571429,40.13333333333333,64.0,-4.8,-7.615384615384615
2021-12-24,41.375,112.85714285714286,52.6,50.42857142857143,-24.8,-3.6363636363636362
2021-12-25,-5.7272727272727275,-8.88888888888889,5.8,-26.88888888888889,-59.0,5.9
2021-12-26,42.44444444444444,57.57142857142857,20.6,29.571428571428573,3.6,-5.625
2021-12-27,55.875,79.125,26.533333333333335,32.857142857142854,-20.133333333333333,-0.8461538461538461
2021-12-28,56.5,75.0,33.4,30.714285714285715,-20.133333333333333,-2.1538461538461537
2021-12-29,61.25,93.375,40.666666666666664,40.285714285714285,-20.266666666666666,-2.3846153846153846
2021-12-30,69.5,112.85714285714286,44.93333333333333,50.57142857142857,-19.466666666666665,-3.230769230769231
2021-12-31,37.25,110.14285714285714,54.6,45.142857142857146,-26.866666666666667,-1.7272727272727273
2022-01-01,-4.0,-15.777777777777779,12.2,-33.0,-62.6,5.5
2022-01-02,34.77777777777778,51.285714285714285,18.2,25.142857142857142,-8.733333333333333,-3.75
2022-01-03,38.888888888888886,65.25,11.666666666666666,31.0,-6.933333333333334,-0.8461538461538461
2022-01-04,36.0,66.5,14.0,30.142857142857142,-5.666666666666667,-1.0769230769230769
2022-01-05,35.625,64.0,21.6,32.57142857142857,-1.6666666666666667,-1.3076923076923077
2022-01-06,32.75,61.0,16.733333333333334,31.142857142857142,-1.9333333333333333,-0.6923076923076923
2022-01-07,32.1,58.0,11.266666666666667,26.857142857142858,6.466666666666667,-0.45454545454545453
2022-01-08,33.09090909090909,52.75,5.2,25.125,7.4,-1.4
2022-01-09,24.444444444444443,52.0,7.0,21.571428571428573,3.066666666666667,-1.75
2022-01-10,32.111111111111114,61.375,9.2,30.285714285714285,-0.06666666666666667,-0.8461538461538461
2022-01-11,29.125,61.125,10.866666666666667,27.714285714285715,-0.3333333333333333,-0.38461538461538464
2022-01-12,29.0,56.625,16.2,28.571428571428573,-1.2,0.7692307692307693
2022-01-13,28.555555555555557,57.75,13.266666666666667,28.714285714285715,-2.1333333333333333,1.3846153846153846
2022-01-14,32.6,61.875,12.666666666666666,29.0,7.8,1.9090909090909092
2022-01-15,33.54545454545455,59.625,6.866666666666666,28.0,10.066666666666666,0.8
2022-01-16,24.666666666666668,58.57142857142857,5.866666666666666,22.285714285714285,3.6,1.25
2022-01-17,30.555555555555557,64.125,10.2,27.0,-0.3333333333333333,2.6153846153846154
2022-01-18,29.333333333333332,61.0,10.133333333333333,24.428571428571427,-2.533333333333333,2.5384615384615383
2022-01-19,28.666666666666668,56.75,17.4,21.142857142857142,-3.4,3.769230769230769
2022-01-20,26.77777777777778,56.75,11.933333333333334,21.714285714285715,-4.733333333333333,4.769230769230769
2022-01-21,29.7,55.875,7.933333333333334,19.142857142857142,4.866666666666666,5.090909090909091
2022-01-22,28.272727272727273,50.75,1.0666666666666667,15.875,8.066666666666666,3.7
2022-01-23,17.22222222222222,42.857142857142854,1.1333333333333333,6.428571428571429,4.4,3.875
2022-01-24,28.11111111111111,57.25,7.333333333333333,17.714285714285715,-1.5333333333333334,4.6923076923076925
2022-01-25,28.22222222222222,57.125,10.066666666666666,15.285714285714286,-3.6,4.0
2022-01-26,28.666666666666668,52.625,14.333333333333334,20.142857142857142,-2.7333333333333334,4.538461538461538
2022-01-27,27.0,50.5,11.0,20.0,-2.933333333333333,4.230769230769231
2022-01-28,31.3,56.375,9.2,20.571428571428573,6.933333333333334,3.909090909090909
2022-01-29,32.3,56.0,6.533333333333333,18.285714285714285,10.266666666666667,2.3
2022-01-30,23.666666666666668,52.714285714285715,6.066666666666666,13.0,7.533333333333333,2.125
2022-01-31,33.55555555555556,65.875,10.266666666666667,24.428571428571427,2.6666666666666665,2.076923076923077
2022-02-01,32.888888888888886,65.625,14.6,24.571428571428573,1.5333333333333334,2.3846153846153846
2022-02-02,31.88888888888889,57.75,17.0,22.142857142857142,0.9333333333333333,2.923076923076923
2022-02-03,31.4,54.375,11.533333333333333,21.571428571428573,1.7333333333333334,2.923076923076923
2022-02-04,30.5,52.5,8.733333333333333,22.142857142857142,12.0,2.727272727272727
2022-02-05,33.90909090909091,48.625,1.9333333333333333,23.625,10.933333333333334,2.4
2022-02-06,22.444444444444443,44.285714285714285,2.6,17.0,7.533333333333333,2.0
2022-02-07,30.333333333333332,52.625,7.6,23.428571428571427,6.266666666666667,1.7692307692307692
2022-02-08,29.88888888888889,52.125,9.533333333333333,23.857142857142858,4.533333333333333,1.7692307692307692
2022-02-09,30.0,50.375,14.733333333333333,27.142857142857142,4.933333333333334,1.8461538461538463
2022-02-10,31.11111111111111,49.75,12.2,29.142857142857142,4.4,2.3076923076923075
2022-02-11,34.0,53.0,10.066666666666666,29.142857142857142,14.4,1.2727272727272727
2022-02-12,36.09090909090909,49.25,7.0,25.875,13.066666666666666,0.9
2022-02-13,29.555555555555557,49.57142857142857,5.866666666666666,20.857142857142858,10.866666666666667,0.875
2022-02-14,53.5,65.5,17.6,30.714285714285715,11.133333333333333,-1.2307692307692308
2022-02-15,36.111111111111114,62.375,9.4,28.142857142857142,8.466666666666667,0.38461538461538464
2022-02-16,36.0,61.625,16.733333333333334,36.714285714285715,9.0,0.46153846153846156
2022-02-17,33.77777777777778,57.75,12.666666666666666,29.142857142857142,9.8,0.46153846153846156
2022-02-18,35.3,54.625,12.733333333333333,27.428571428571427,19.733333333333334,-0.18181818181818182
2022-02-19,36.4,50.625,7.733333333333333,23.875,14.733333333333333,0.0
2022-02-20,28.444444444444443,46.285714285714285,8.2,21.285714285714285,11.066666666666666,0.125
2022-02-21,32.22222222222222,55.25,8.0,28.428571428571427,12.866666666666667,0.3076923076923077
2022-02-22,33.44444444444444,54.375,12.466666666666667,26.857142857142858,12.333333333333334,0.15384615384615385
2022-02-23,34.22222222222222,53.375,18.533333333333335,33.0,12.6,0.46153846153846156
2022-02-24,33.111111111111114,52.125,14.8,27.857142857142858,12.333333333333334,0.46153846153846156
2022-02-25,36.2,57.0,14.133333333333333,31.857142857142858,21.733333333333334,-0.18181818181818182
2022-02-26,40.0,55.375,10.2,29.375,16.533333333333335,-1.3
2022-02-27,29.88888888888889,51.142857142857146,11.2,24.571428571428573,12.733333333333333,-0.75
2022-02-28,38.44444444444444,66.5,13.666666666666666,32.57142857142857,16.066666666666666,-0.5384615384615384
2022-03-01,36.888888888888886,66.75,14.8,32.857142857142854,14.533333333333333,-0.07692307692307693
2022-03-02,34.625,58.625,23.666666666666668,34.57142857142857,14.866666666666667,-0.3076923076923077
2022-03-03,33.55555555555556,52.375,18.733333333333334,33.714285714285715,15.6,1.0769230769230769
2022-03-04,37.1,52.625,15.533333333333333,31.0,25.533333333333335,2.090909090909091
2022-03-05,38.9,49.625,9.666666666666666,26.625,18.466666666666665,1.7
2022-03-06,28.88888888888889,45.285714285714285,11.533333333333333,22.142857142857142,14.666666666666666,1.75
2022-03-07,31.77777777777778,48.5,11.866666666666667,27.285714285714285,18.733333333333334,3.3076923076923075
2022-03-08,31.0,47.25,16.466666666666665,28.0,18.4,3.6153846153846154
2022-03-09,28.375,44.75,21.666666666666668,29.285714285714285,18.266666666666666,5.230769230769231
2022-03-10,29.0,44.375,21.933333333333334,29.571428571428573,19.333333333333332,5.769230769230769
2022-03-11,33.4,47.625,22.6,31.0,29.6,5.636363636363637
2022-03-12,36.09090909090909,44.75,13.0,24.428571428571427,21.466666666666665,5.6
2022-03-13,27.333333333333332,43.57142857142857,15.333333333333334,25.142857142857142,18.466666666666665,5.125
2022-03-14,32.0,49.25,20.0,32.285714285714285,22.6,6.166666666666667
2022-03-15,35.888888888888886,57.375,21.333333333333332,31.571428571428573,21.133333333333333,5.3076923076923075
2022-03-16,36.25,57.125,29.333333333333332,40.714285714285715,21.066666666666666,5.230769230769231
2022-03-17,33.77777777777778,49.5,25.0,35.142857142857146,19.8,5.153846153846154
2022-03-18,38.0,52.0,26.0,36.857142857142854,29.133333333333333,4.818181818181818
2022-03-19,38.1,48.25,16.133333333333333,27.142857142857142,19.6,4.8
2022-03-20,33.0,48.42857142857143,19.266666666666666,28.142857142857142,16.8,4.25
2022-03-21,34.111111111111114,49.875,20.133333333333333,33.285714285714285,22.0,5.846153846153846
2022-03-22,34.0,50.5,24.0,33.857142857142854,21.466666666666665,5.384615384615385
2022-03-23,35.0,50.5,28.933333333333334,36.42857142857143,21.066666666666666,5.153846153846154
2022-03-24,32.5,46.25,23.933333333333334,31.571428571428573,19.466666666666665,6.0
2022-03-25,37.7,52.75,24.533333333333335,31.571428571428573,29.866666666666667,4.636363636363637
2022-03-26,37.8,47.125,17.933333333333334,25.0,21.6,4.4
2022-03-27,19.11111111111111,37.57142857142857,7.533333333333333,14.571428571428571,17.266666666666666,6.875
2022-03-28,27.0,43.75,15.0,23.285714285714285,22.8,7.333333333333333
2022-03-29,29.333333333333332,47.0,15.866666666666667,24.0,21.466666666666665,6.416666666666667
2022-03-30,29.77777777777778,46.0,18.266666666666666,26.0,20.533333333333335,6.416666666666667
2022-03-31,33.888888888888886,53.875,20.066666666666666,29.571428571428573,21.666666666666668,5.538461538461538
2022-04-01,35.5,53.875,18.466666666666665,28.857142857142858,31.266666666666666,5.181818181818182
2022-04-02,36.90909090909091,49.0,9.733333333333333,23.714285714285715,21.133333333333333,5.3
2022-04-03,30.88888888888889,47.285714285714285,12.266666666666667,21.857142857142858,16.333333333333332,4.625
2022-04-04,29.0,44.0,14.533333333333333,27.285714285714285,21.266666666666666,6.25
2022-04-05,32.666666666666664,47.625,19.266666666666666,30.0,21.333333333333332,5.333333333333333
2022-04-06,32.77777777777778,45.125,25.0,34.857142857142854,20.466666666666665,5.384615384615385
2022-04-07,32.44444444444444,45.875,22.133333333333333,34.0,19.0,5.846153846153846
2022-04-08,38.5,50.125,23.2,30.714285714285715,27.8,5.181818181818182
2022-04-09,39.45454545454545,47.0,14.466666666666667,28.857142857142858,21.066666666666666,4.2
2022-04-10,36.888888888888886,47.857142857142854,23.266666666666666,25.0,19.466666666666665,4.0
2022-04-11,47.0,58.25,28.785714285714285,26.142857142857142,-10.133333333333333,9.181818181818182
2022-04-12,48.375,58.25,34.357142857142854,26.285714285714285,-12.866666666666667,8.363636363636363
2022-04-13,60.375,73.125,51.0,36.42857142857143,-17.6,8.166666666666666
2022-04-14,49.875,65.625,54.583333333333336,23.857142857142858,-41.733333333333334,12.272727272727273
2022-04-15,12.777777777777779,13.5,55.5,-20.0,-57.6,19.8
2022-04-16,25.818181818181817,13.75,36.666666666666664,-4.0,-41.4,10.8
2022-04-17,25.555555555555557,32.285714285714285,17.733333333333334,19.857142857142858,1.9333333333333333,5.0
2022-04-18,37.75,53.875,16.666666666666668,24.571428571428573,-7.6,10.727272727272727
2022-04-19,31.5,50.0,18.866666666666667,30.0,18.866666666666667,5.5
2022-04-20,30.875,46.625,24.4,34.0,19.333333333333332,6.0
2022-04-21,30.555555555555557,45.125,18.666666666666668,32.42857142857143,19.2,6.230769230769231
2022-04-22,34.3,47.375,15.2,30.857142857142858,29.333333333333332,5.7272727272727275
2022-04-23,36.09090909090909,46.375,8.8,26.428571428571427,20.8,5.3
2022-04-24,30.333333333333332,42.285714285714285,11.866666666666667,25.571428571428573,17.8,4.75
2022-04-25,31.333333333333332,45.375,14.866666666666667,29.285714285714285,22.733333333333334,6.333333333333333
2022-04-26,34.111111111111114,48.25,17.133333333333333,33.285714285714285,21.333333333333332,5.923076923076923
2022-04-27,34.0,46.625,24.0,31.571428571428573,20.333333333333332,5.461538461538462
2022-04-28,32.888888888888886,46.125,21.0,29.285714285714285,19.066666666666666,5.6923076923076925
2022-04-29,38.3,51.5,18.6,29.857142857142858,28.733333333333334,4.545454545454546
2022-04-30,44.09090909090909,58.5,13.0,28.428571428571427,21.266666666666666,4.0
2022-05-01,36.666666666666664,56.42857142857143,17.4,23.142857142857142,12.466666666666667,4.875
2022-05-02,37.111111111111114,56.125,18.866666666666667,33.857142857142854,22.6,5.384615384615385
2022-05-03,35.44444444444444,51.125,19.733333333333334,32.0,20.8,5.3076923076923075
2022-05-04,34.888888888888886,46.375,19.8,35.142857142857146,20.133333333333333,5.833333333333333
2022-05-05,34.22222222222222,47.0,19.333333333333332,32.142857142857146,19.4,5.230769230769231
2022-05-06,33.7,45.25,11.4,34.0,27.533333333333335,6.0
2022-05-07,41.36363636363637,47.5,8.866666666666667,26.285714285714285,21.133333333333333,4.7
2022-05-08,35.44444444444444,47.714285714285715,10.533333333333333,23.285714285714285,18.133333333333333,4.5
2022-05-09,49.25,62.5,25.333333333333332,34.857142857142854,20.2,3.923076923076923
2022-05-10,66.25,68.5,35.714285714285715,21.428571428571427,-37.86666666666667,12.363636363636363
2022-05-11,35.55555555555556,50.375,26.2,37.42857142857143,20.466666666666665,4.076923076923077
2022-05-12,32.55555555555556,48.125,21.6,34.0,19.666666666666668,5.384615384615385
2022-05-13,35.8,53.0,20.533333333333335,32.285714285714285,29.0,5.2727272727272725
