date,retail_and_recreation_percent_change_from_baseline_Guatemala,grocery_and_pharmacy_percent_change_from_baseline_Guatemala,parks_percent_change_from_baseline_Guatemala,transit_stations_percent_change_from_baseline_Guatemala,workplaces_percent_change_from_baseline_Guatemala,residential_percent_change_from_baseline_Guatemala
2020-02-15,4.2727272727272725,1.8863636363636365,1.9529411764705882,4.233333333333333,2.559322033898305,-2.0
2020-02-16,4.791666666666667,4.390243902439025,2.0344827586206895,1.8846153846153846,0.5652173913043478,-0.9285714285714286
2020-02-17,-1.7659574468085106,-0.6341463414634146,-1.5810810810810811,-5.714285714285714,5.211267605633803,-0.18421052631578946
2020-02-18,-0.3404255319148936,-1.5128205128205128,-0.9459459459459459,-3.5,5.083333333333333,-0.5
2020-02-19,-1.6326530612244898,-4.075,-3.0,-5.555555555555555,3.9444444444444446,0.1891891891891892
2020-02-20,-1.4489795918367347,-1.9473684210526316,-0.2894736842105263,-0.38461538461538464,3.4027777777777777,0.10256410256410256
2020-02-21,-2.86,-3.8780487804878048,-2.6790123456790123,-4.9,6.422535211267606,-1.2222222222222223
2020-02-22,-2.267857142857143,-3.022727272727273,-1.4883720930232558,1.4193548387096775,2.9827586206896552,-1.3076923076923077
2020-02-23,-0.8163265306122449,-1.6097560975609757,1.5113636363636365,-0.21428571428571427,1.5777777777777777,0.0
2020-02-24,-4.666666666666667,-4.536585365853658,-3.824324324324324,-5.379310344827586,5.690140845070423,0.23684210526315788
2020-02-25,-2.5208333333333335,-4.641025641025641,-1.5921052631578947,-4.346153846153846,3.986111111111111,-0.2894736842105263
2020-02-26,-2.7346938775510203,-4.846153846153846,0.27631578947368424,-3.4074074074074074,4.013888888888889,0.3333333333333333
2020-02-27,-1.5714285714285714,-1.7692307692307692,-2.2,-2.0,3.0,0.05
2020-02-28,1.469387755102041,2.925,-0.5063291139240507,-1.2333333333333334,6.549295774647887,-0.9459459459459459
2020-02-29,6.2727272727272725,8.577777777777778,2.7976190476190474,5.933333333333334,5.220338983050848,-2.8846153846153846
2020-03-01,6.5,7.157894736842105,0.8505747126436781,4.423076923076923,3.782608695652174,-1.7857142857142858
2020-03-02,0.5434782608695652,3.825,-0.40540540540540543,-3.9655172413793105,6.535211267605634,-0.4358974358974359
2020-03-03,1.0217391304347827,2.3333333333333335,0.27631578947368424,-0.44,5.375,-0.7692307692307693
2020-03-04,1.1041666666666667,2.45,-1.2658227848101267,1.0,5.583333333333333,-0.1891891891891892
2020-03-05,1.7346938775510203,2.210526315789474,1.1333333333333333,3.04,4.985915492957746,-0.05
2020-03-06,-0.28,0.075,-1.0506329113924051,-2.6666666666666665,7.295774647887324,-0.4594594594594595
2020-03-07,0.45614035087719296,0.8863636363636364,0.47674418604651164,1.6206896551724137,3.8333333333333335,-1.56
2020-03-08,1.5416666666666667,-1.025,-1.0229885057471264,-1.5172413793103448,2.782608695652174,-0.7142857142857143
2020-03-09,-4.066666666666666,-2.1,-4.684210526315789,-6.321428571428571,5.152777777777778,0.3684210526315789
2020-03-10,-2.021276595744681,-1.631578947368421,-2.324324324324324,-3.96,5.638888888888889,-0.05128205128205128
2020-03-11,-2.6530612244897958,-0.775,-3.810126582278481,-5.0,5.166666666666667,0.358974358974359
2020-03-12,-0.8958333333333334,1.9736842105263157,-1.2894736842105263,-0.08,4.211267605633803,0.15384615384615385
2020-03-13,1.0833333333333333,13.575,0.12658227848101267,-3.566666666666667,6.236111111111111,-0.9166666666666666
2020-03-14,0.2545454545454545,9.767441860465116,-0.6309523809523809,-2.1724137931034484,3.1864406779661016,-0.76
2020-03-15,-14.346938775510203,2.7435897435897436,-10.431818181818182,-15.206896551724139,-1.6521739130434783,4.166666666666667
2020-03-16,-11.130434782608695,16.15,-11.552631578947368,-15.607142857142858,-11.68,6.0588235294117645
2020-03-17,-39.98,-13.820512820512821,-26.817073170731707,-44.2,-32.921052631578945,16.93103448275862
2020-03-18,-48.58,-30.11904761904762,-35.05882352941177,-52.903225806451616,-38.725,21.68
2020-03-19,-50.92156862745098,-33.743589743589745,-37.294117647058826,-56.86666666666667,-40.7625,23.2
2020-03-20,-54.18867924528302,-36.093023255813954,-41.160919540229884,-59.303030303030305,-41.61538461538461,25.458333333333332
2020-03-21,-64.35714285714286,-45.666666666666664,-50.16483516483517,-68.51612903225806,-41.940298507462686,23.692307692307693
2020-03-22,-75.5,-56.390243902439025,-58.733333333333334,-69.10344827586206,-46.41509433962264,22.857142857142858
2020-03-23,-64.20833333333333,-49.05,-50.035714285714285,-68.09375,-52.353658536585364,32.15
2020-03-24,-64.80851063829788,-50.07692307692308,-50.97701149425287,-67.03030303030303,-53.71951219512195,30.55
2020-03-25,-63.104166666666664,-47.34146341463415,-49.81395348837209,-64.6470588235294,-52.69135802469136,30.85
2020-03-26,-61.57142857142857,-47.3421052631579,-48.56470588235294,-64.90625,-52.44578313253012,30.857142857142858
2020-03-27,-61.48979591836735,-45.16279069767442,-47.375,-64.84848484848484,-48.70886075949367,31.9
2020-03-28,-62.21818181818182,-44.82608695652174,-47.92307692307692,-65.75757575757575,-38.90909090909091,23.846153846153847
2020-03-29,-64.70588235294117,-45.292682926829265,-51.354838709677416,-61.758620689655174,-35.705882352941174,19.666666666666668
2020-03-30,-52.1764705882353,-40.025,-42.096385542168676,-60.81818181818182,-43.81481481481482,25.88
2020-03-31,-50.083333333333336,-36.025,-40.4367816091954,-58.666666666666664,-42.6375,24.24
2020-04-01,-51.395833333333336,-35.90243902439025,-42.104651162790695,-59.193548387096776,-42.9,25.36
2020-04-02,-52.34,-36.578947368421055,-42.86046511627907,-60.064516129032256,-44.13414634146341,26.72
2020-04-03,-52.509803921568626,-35.06976744186046,-42.724137931034484,-58.0,-41.07692307692308,27.625
2020-04-04,-57.36842105263158,-39.04347826086956,-45.78021978021978,-61.09375,-30.348484848484848,21.058823529411764
2020-04-05,-61.42307692307692,-40.53658536585366,-50.1505376344086,-59.827586206896555,-30.980392156862745,17.77777777777778
2020-04-06,-53.74,-40.15,-44.694117647058825,-62.13333333333333,-44.72839506172839,27.5
2020-04-07,-54.604166666666664,-37.725,-45.2093023255814,-61.1,-46.390243902439025,26.791666666666668
2020-04-08,-55.74,-34.292682926829265,-45.325581395348834,-61.45161290322581,-52.30952380952381,28.428571428571427
2020-04-09,-67.02,-51.08108108108108,-53.88636363636363,-72.35714285714286,-66.68181818181819,37.36363636363637
2020-04-10,-78.42,-72.975,-62.86585365853659,-80.07407407407408,-72.18604651162791,42.666666666666664
2020-04-11,-77.3529411764706,-69.24444444444444,-63.29761904761905,-79.75,-60.76056338028169,30.11111111111111
2020-04-12,-75.08333333333333,-67.09756097560975,-62.666666666666664,-75.57692307692308,-46.018181818181816,22.428571428571427
2020-04-13,-56.0,-44.46341463414634,-46.0,-63.29032258064516,-44.44444444444444,27.875
2020-04-14,-55.0,-41.55,-46.5632183908046,-62.666666666666664,-44.148148148148145,27.208333333333332
2020-04-15,-54.869565217391305,-40.5,-46.34117647058824,-60.36666666666667,-43.8625,27.666666666666668
2020-04-16,-54.270833333333336,-40.51282051282051,-46.18604651162791,-61.689655172413794,-44.69135802469136,28.208333333333332
2020-04-17,-57.40816326530612,-41.83720930232558,-47.7906976744186,-62.225806451612904,-41.91025641025641,30.227272727272727
2020-04-18,-59.94444444444444,-43.95652173913044,-50.32967032967033,-63.125,-30.666666666666668,21.9375
2020-04-19,-65.22448979591837,-46.375,-54.58510638297872,-62.46666666666667,-31.74,19.333333333333332
2020-04-20,-49.28,-38.55,-42.345238095238095,-60.60606060606061,-38.81481481481482,23.64
2020-04-21,-49.30612244897959,-38.170731707317074,-43.470588235294116,-59.13793103448276,-39.4375,23.52
2020-04-22,-50.48979591836735,-39.19047619047619,-44.63953488372093,-59.45161290322581,-39.8125,24.4
2020-04-23,-51.204081632653065,-39.56410256410256,-45.40229885057471,-59.84375,-39.888888888888886,24.88
2020-04-24,-53.588235294117645,-41.38636363636363,-46.45977011494253,-60.42424242424242,-36.97435897435897,25.68
2020-04-25,-56.345454545454544,-42.391304347826086,-47.84444444444444,-60.65625,-25.984848484848484,19.823529411764707
2020-04-26,-61.78,-44.65853658536585,-52.891304347826086,-62.6551724137931,-28.58,17.666666666666668
2020-04-27,-47.74,-40.857142857142854,-43.87951807228916,-59.84848484848485,-36.111111111111114,23.0
2020-04-28,-47.3469387755102,-37.4390243902439,-42.24096385542169,-58.55172413793103,-37.4875,20.653846153846153
2020-04-29,-47.0,-35.357142857142854,-41.833333333333336,-56.774193548387096,-37.0375,22.576923076923077
2020-04-30,-43.52,-33.525,-39.4,-54.172413793103445,-37.382716049382715,21.653846153846153
2020-05-01,-50.92307692307692,-34.02325581395349,-46.151162790697676,-59.42424242424242,-51.19753086419753,30.35
2020-05-02,-51.10909090909091,-35.895833333333336,-44.50561797752809,-60.354838709677416,-26.59090909090909,18.72222222222222
2020-05-03,-57.5,-39.36585365853659,-50.06521739130435,-58.107142857142854,-26.62,16.333333333333332
2020-05-04,-41.95918367346939,-34.0,-38.888888888888886,-55.70967741935484,-34.025,20.925925925925927
2020-05-05,-43.16,-34.1219512195122,-40.035714285714285,-56.61290322580645,-35.75949367088607,21.25925925925926
2020-05-06,-43.87755102040816,-32.61904761904762,-39.69047619047619,-53.354838709677416,-34.743589743589745,22.0
2020-05-07,-44.05882352941177,-33.97435897435897,-40.21176470588235,-55.892857142857146,-35.05,22.333333333333332
2020-05-08,-46.03703703703704,-35.18181818181818,-40.7093023255814,-54.74193548387097,-32.298701298701296,23.384615384615383
2020-05-09,-47.36363636363637,-32.19565217391305,-40.68888888888889,-53.516129032258064,-20.424242424242426,16.65
2020-05-10,-44.01754385964912,-29.78048780487805,-38.70652173913044,-50.275862068965516,-16.25,12.3
2020-05-11,-43.68,-37.1,-40.51219512195122,-57.7,-33.575,21.423076923076923
2020-05-12,-45.53061224489796,-36.02439024390244,-40.78313253012048,-57.61290322580645,-34.2125,21.22222222222222
2020-05-13,-48.09615384615385,-38.41463414634146,-42.976470588235294,-58.4,-35.075,22.615384615384617
2020-05-14,-48.28,-38.69230769230769,-43.06896551724138,-57.0,-36.025,20.814814814814813
2020-05-15,-85.74468085106383,-82.71428571428571,-67.7051282051282,-82.56,-73.48837209302326,45.875
2020-05-16,-87.58695652173913,-85.75555555555556,-70.73684210526316,-85.3076923076923,-66.97333333333333,35.857142857142854
2020-05-17,-88.02222222222223,-87.4090909090909,-71.3943661971831,-86.14285714285714,-58.5,27.0
2020-05-18,-37.2,-19.6,-36.666666666666664,-47.55882352941177,-33.10126582278481,19.74074074074074
2020-05-19,-43.645833333333336,-25.923076923076923,-40.566265060240966,-55.064516129032256,-35.64556962025316,21.307692307692307
2020-05-20,-45.42857142857143,-28.384615384615383,-42.096385542168676,-54.32258064516129,-35.925,22.653846153846153
2020-05-21,-45.28,-27.666666666666668,-42.01219512195122,-54.793103448275865,-36.65,23.4
2020-05-22,-45.07843137254902,-21.666666666666668,-39.48809523809524,-53.333333333333336,-34.0,21.423076923076923
2020-05-23,-91.47727272727273,-92.1219512195122,-74.08474576271186,-91.05,-72.13157894736842,37.2
2020-05-24,-91.18604651162791,-92.02857142857142,-74.3103448275862,-91.21052631578948,-64.17241379310344,28.0
2020-05-25,-42.714285714285715,-31.487179487179485,-40.68292682926829,-55.03225806451613,-33.721518987341774,20.74074074074074
2020-05-26,-43.63265306122449,-29.75,-40.8780487804878,-55.44827586206897,-34.79746835443038,21.40740740740741
2020-05-27,-45.15686274509804,-31.15,-40.855421686746986,-56.064516129032256,-34.63291139240506,22.48148148148148
2020-05-28,-43.58,-28.9,-41.333333333333336,-52.766666666666666,-35.063291139240505,22.615384615384617
2020-05-29,-38.53846153846154,-15.880952380952381,-37.1219512195122,-48.34375,-31.272727272727273,20.074074074074073
2020-05-30,-90.75555555555556,-91.26190476190476,-74.19354838709677,-90.21052631578948,-71.12162162162163,36.8
2020-05-31,-90.82926829268293,-92.07317073170732,-74.12068965517241,-90.44444444444444,-63.89655172413793,27.8
2020-06-01,-37.95918367346939,-27.125,-38.2962962962963,-53.484848484848484,-31.641025641025642,19.51851851851852
2020-06-02,-41.244897959183675,-30.025641025641026,-40.65060240963855,-54.766666666666666,-33.49367088607595,21.076923076923077
2020-06-03,-43.244897959183675,-30.88095238095238,-40.5,-54.87096774193548,-33.76923076923077,21.59259259259259
2020-06-04,-44.04,-32.87179487179487,-41.8780487804878,-57.16129032258065,-35.675,22.76923076923077
2020-06-05,-45.94230769230769,-34.390243902439025,-42.4,-56.54545454545455,-32.98717948717949,23.576923076923077
2020-06-06,-50.107142857142854,-35.369565217391305,-44.72222222222222,-58.354838709677416,-19.803030303030305,18.68421052631579
2020-06-07,-56.471698113207545,-42.1,-49.840425531914896,-58.935483870967744,-20.142857142857142,17.0
2020-06-08,-39.63265306122449,-32.853658536585364,-38.6219512195122,-55.0625,-29.376146788990827,20.142857142857142
2020-06-09,-41.775510204081634,-32.925,-38.44578313253012,-56.54838709677419,-30.90740740740741,20.555555555555557
2020-06-10,-42.53061224489796,-33.333333333333336,-40.372093023255815,-53.93103448275862,-32.27777777777778,21.62962962962963
2020-06-11,-41.48979591836735,-30.9,-39.116279069767444,-53.03333333333333,-31.672727272727272,21.814814814814813
2020-06-12,-43.75,-32.375,-41.4,-55.1875,-28.833333333333332,22.846153846153847
2020-06-13,-48.92982456140351,-35.17391304347826,-45.55555555555556,-57.78787878787879,-16.9,17.894736842105264
2020-06-14,-55.96,-41.146341463414636,-49.924731182795696,-60.89655172413793,-18.907894736842106,16.555555555555557
2020-06-15,-38.55102040816327,-30.675,-38.204819277108435,-54.24242424242424,-29.357798165137616,19.724137931034484
2020-06-16,-41.38775510204081,-28.846153846153847,-37.752941176470586,-54.096774193548384,-31.01851851851852,21.48148148148148
2020-06-17,-39.38775510204081,-27.75609756097561,-36.588235294117645,-53.45161290322581,-30.93577981651376,20.0
2020-06-18,-45.3921568627451,-34.175,-42.1764705882353,-56.21875,-34.00917431192661,23.307692307692307
2020-06-19,-46.03846153846154,-33.292682926829265,-42.093023255813954,-57.83870967741935,-30.564814814814813,23.88
2020-06-20,-45.96491228070175,-25.0,-41.0,-54.60606060606061,-15.488636363636363,17.31578947368421
2020-06-21,-90.4047619047619,-92.075,-74.27118644067797,-90.63157894736842,-61.61904761904762,28.2
2020-06-22,-41.458333333333336,-31.476190476190474,-39.27710843373494,-55.38235294117647,-30.927272727272726,21.444444444444443
2020-06-23,-41.38775510204081,-30.5,-38.88095238095238,-52.96666666666667,-31.925925925925927,21.85185185185185
2020-06-24,-43.490196078431374,-33.833333333333336,-41.226190476190474,-55.0,-32.75925925925926,22.51851851851852
2020-06-25,-40.92,-30.725,-38.79761904761905,-52.63333333333333,-33.13513513513514,22.62962962962963
2020-06-26,-43.1764705882353,-29.075,-40.88235294117647,-55.484848484848484,-30.99074074074074,23.88
2020-06-27,-43.589285714285715,-22.375,-39.17777777777778,-53.4375,-17.01123595505618,16.7
2020-06-28,-90.11904761904762,-91.66666666666667,-73.45,-89.0,-62.76190476190476,28.8
2020-06-29,-43.224489795918366,-27.585365853658537,-42.11904761904762,-55.45454545454545,-44.80909090909091,27.38095238095238
2020-06-30,-38.63265306122449,-26.3,-38.8,-54.29032258064516,-33.825688073394495,21.53846153846154
2020-07-01,-39.204081632653065,-25.568181818181817,-38.94047619047619,-51.58064516129032,-33.80733944954128,22.153846153846153
2020-07-02,-40.42857142857143,-27.51219512195122,-39.883720930232556,-53.12903225806452,-34.38392857142857,23.153846153846153
2020-07-03,-42.03846153846154,-28.05,-41.46511627906977,-53.93939393939394,-31.87037037037037,24.28
2020-07-04,-44.327586206896555,-23.5,-41.662921348314605,-52.875,-18.711111111111112,17.526315789473685
2020-07-05,-90.2439024390244,-91.78048780487805,-73.37288135593221,-90.3157894736842,-61.833333333333336,28.4
2020-07-06,-38.36,-28.170731707317074,-37.855421686746986,-53.8125,-32.41284403669725,21.23076923076923
2020-07-07,-39.10204081632653,-27.4390243902439,-38.31707317073171,-52.70967741935484,-33.91743119266055,21.807692307692307
2020-07-08,-42.69387755102041,-31.857142857142858,-41.62352941176471,-54.24242424242424,-34.38181818181818,23.115384615384617
2020-07-09,-41.7,-30.55,-40.27058823529412,-52.53333333333333,-35.0,23.153846153846153
2020-07-10,-45.5,-35.048780487804876,-44.55813953488372,-57.03125,-33.11926605504587,25.0
2020-07-11,-43.875,-25.26530612244898,-41.111111111111114,-52.21212121212121,-18.96629213483146,17.31578947368421
2020-07-12,-89.54761904761905,-91.53658536585365,-73.59016393442623,-90.11111111111111,-61.62352941176471,28.2
2020-07-13,-40.714285714285715,-31.558139534883722,-40.63855421686747,-55.4375,-33.26605504587156,22.28
2020-07-14,-38.16326530612245,-26.7,-39.67058823529412,-53.43333333333333,-34.69724770642202,21.88
2020-07-15,-37.38,-24.463414634146343,-38.68674698795181,-50.3125,-33.71559633027523,21.46153846153846
2020-07-16,-36.82,-22.170731707317074,-38.4,-49.785714285714285,-34.86486486486486,21.307692307692307
2020-07-17,-38.0,-20.166666666666668,-38.98823529411764,-48.54545454545455,-31.14814814814815,23.166666666666668
2020-07-18,-53.44642857142857,-36.361702127659576,-48.989010989010985,-57.57142857142857,-27.153846153846153,21.058823529411764
2020-07-19,-89.5952380952381,-91.43589743589743,-73.57377049180327,-89.78947368421052,-61.604651162790695,28.0
2020-07-20,-36.56,-26.463414634146343,-38.726190476190474,-51.696969696969695,-31.75229357798165,20.423076923076923
2020-07-21,-38.48979591836735,-26.358974358974358,-40.0,-54.516129032258064,-34.10091743119266,21.384615384615383
2020-07-22,-40.755102040816325,-28.88095238095238,-41.0,-52.83870967741935,-34.592592592592595,22.64
2020-07-23,-40.294117647058826,-28.4390243902439,-38.917647058823526,-51.714285714285715,-34.919642857142854,22.076923076923077
2020-07-24,-40.833333333333336,-26.125,-39.576470588235296,-51.625,-32.58715596330275,23.708333333333332
2020-07-25,-54.6,-38.5,-47.67032967032967,-58.91428571428571,-28.617021276595743,21.235294117647058
2020-07-26,-89.57142857142857,-91.39024390243902,-73.21311475409836,-90.11111111111111,-62.45348837209303,28.0
2020-07-27,-33.354166666666664,-24.0,-34.148148148148145,-50.81818181818182,-31.31192660550459,18.814814814814813
2020-07-28,-33.34,-23.536585365853657,-34.86585365853659,-50.13333333333333,-32.26605504587156,18.846153846153847
2020-07-29,-34.91836734693877,-24.69047619047619,-36.31764705882353,-50.625,-32.86363636363637,19.96153846153846
2020-07-30,-34.745098039215684,-23.875,-36.333333333333336,-49.15625,-34.18018018018018,20.64
2020-07-31,-33.48148148148148,-20.463414634146343,-35.79761904761905,-49.26470588235294,-29.89814814814815,20.22222222222222
2020-08-01,-37.327586206896555,-21.866666666666667,-35.644444444444446,-48.61764705882353,-19.0,14.736842105263158
2020-08-02,-46.388888888888886,-37.21951219512195,-43.86813186813187,-56.516129032258064,-24.342105263157894,15.222222222222221
2020-08-03,-31.8125,-24.34090909090909,-34.535714285714285,-50.645161290322584,-31.522935779816514,18.40740740740741
2020-08-04,-30.06,-21.642857142857142,-33.666666666666664,-48.70967741935484,-32.477064220183486,18.807692307692307
2020-08-05,-32.74,-24.585365853658537,-34.46987951807229,-49.354838709677416,-32.398148148148145,19.296296296296298
2020-08-06,-34.1875,-26.1,-36.07058823529412,-47.44444444444444,-33.24545454545454,19.333333333333332
2020-08-07,-37.77358490566038,-28.6,-38.05882352941177,-51.87096774193548,-31.194444444444443,20.916666666666668
2020-08-08,-40.31578947368421,-27.52173913043478,-38.2,-50.63636363636363,-18.677777777777777,14.947368421052632
2020-08-09,-46.09090909090909,-37.333333333333336,-43.40659340659341,-58.206896551724135,-23.415584415584416,14.444444444444445
2020-08-10,-34.54,-27.951219512195124,-36.01190476190476,-52.59375,-31.623853211009173,18.666666666666668
2020-08-11,-34.5,-27.097560975609756,-34.573170731707314,-50.766666666666666,-32.678899082568805,18.59259259259259
2020-08-12,-34.31372549019608,-26.48780487804878,-34.61176470588235,-50.96774193548387,-32.52777777777778,18.85185185185185
2020-08-13,-34.66,-25.414634146341463,-34.61904761904762,-51.3,-32.45454545454545,19.20689655172414
2020-08-14,-33.892857142857146,-22.29268292682927,-35.15294117647059,-49.774193548387096,-30.25925925925926,20.0
2020-08-15,-35.758620689655174,-21.595744680851062,-34.144444444444446,-48.857142857142854,-20.674157303370787,14.777777777777779
2020-08-16,-43.32727272727273,-34.285714285714285,-41.168539325842694,-56.516129032258064,-23.066666666666666,13.222222222222221
2020-08-17,-36.857142857142854,-25.166666666666668,-41.833333333333336,-64.4,-37.476190476190474,17.925925925925927
2020-08-18,-38.42857142857143,-25.5,-41.333333333333336,-63.6,-37.142857142857146,17.23076923076923
2020-08-19,-37.625,-24.666666666666668,-42.333333333333336,-63.6,-36.57142857142857,18.296296296296298
2020-08-20,-38.75,-27.833333333333332,-45.5,-64.4,-37.73913043478261,18.692307692307693
2020-08-21,-37.125,-25.166666666666668,-45.142857142857146,-62.0,-34.7,19.346153846153847
2020-08-22,-41.0,-28.714285714285715,-41.18181818181818,-59.0,-19.6,14.31578947368421
2020-08-23,-46.625,-36.5,-48.3,-62.25,-23.0,13.666666666666666
2020-08-24,-39.857142857142854,-31.5,-44.0,-63.8,-35.05,17.925925925925927
2020-08-25,-38.57142857142857,-30.0,-43.333333333333336,-64.2,-37.0,17.444444444444443
2020-08-26,-38.0,-28.0,-41.833333333333336,-63.0,-35.42857142857143,18.142857142857142
2020-08-27,-36.875,-24.833333333333332,-42.666666666666664,-63.8,-36.22727272727273,18.275862068965516
2020-08-28,-34.25,-20.166666666666668,-37.833333333333336,-61.6,-33.95,16.392857142857142
2020-08-29,-39.6,-25.285714285714285,-40.0,-57.8,-19.1,13.1
2020-08-30,-38.625,-28.166666666666668,-37.22222222222222,-57.5,-20.285714285714285,11.1
2020-08-31,-32.714285714285715,-22.5,-36.5,-61.2,-33.9,15.379310344827585
2020-09-01,-31.857142857142858,-18.666666666666668,-35.0,-60.4,-35.65,15.620689655172415
2020-09-02,-33.714285714285715,-20.333333333333332,-37.833333333333336,-59.8,-35.666666666666664,16.344827586206897
2020-09-03,-37.625,-27.333333333333332,-45.166666666666664,-63.0,-37.82608695652174,18.64
2020-09-04,-32.75,-18.666666666666668,-38.666666666666664,-60.2,-34.65,17.884615384615383
2020-09-05,-37.0,-22.714285714285715,-40.44444444444444,-54.0,-20.5,12.736842105263158
2020-09-06,-42.125,-33.0,-45.111111111111114,-58.0,-23.285714285714285,11.88888888888889
2020-09-07,-35.857142857142854,-26.333333333333332,-41.5,-62.2,-35.333333333333336,16.535714285714285
2020-09-08,-33.857142857142854,-24.0,-39.666666666666664,-61.0,-36.1,15.857142857142858
2020-09-09,-35.875,-25.166666666666668,-41.5,-62.6,-35.19047619047619,16.40740740740741
2020-09-10,-35.375,-24.166666666666668,-41.0,-62.4,-36.56521739130435,16.46153846153846
2020-09-11,-26.962962962962962,-24.08108108108108,-34.13095238095238,-48.1875,-30.045871559633028,16.14814814814815
2020-09-12,-28.894736842105264,-25.25581395348837,-34.91011235955056,-41.90625,-19.42391304347826,11.210526315789474
2020-09-13,-33.75,-32.026315789473685,-37.0989010989011,-49.62068965517241,-21.842105263157894,10.4
2020-09-14,-22.170212765957448,-19.135135135135137,-29.703703703703702,-47.833333333333336,-31.24770642201835,14.928571428571429
2020-09-15,-25.520833333333332,-21.285714285714285,-32.10843373493976,-49.857142857142854,-48.5045871559633,22.227272727272727
2020-09-16,-25.823529411764707,-21.5,-33.464285714285715,-45.36666666666667,-30.587155963302752,15.172413793103448
2020-09-17,-26.06,-21.11111111111111,-34.629629629629626,-44.89655172413793,-31.603603603603602,16.62962962962963
2020-09-18,-28.24074074074074,-23.973684210526315,-35.89156626506024,-47.54545454545455,-28.376146788990827,17.40740740740741
2020-09-19,-30.844827586206897,-25.761904761904763,-37.077777777777776,-42.54545454545455,-18.322222222222223,12.210526315789474
2020-09-20,-32.25,-29.42105263157895,-36.26373626373626,-44.45161290322581,-20.592105263157894,10.7
2020-09-21,-26.46808510638298,-22.05263157894737,-32.853658536585364,-44.0625,-29.761467889908257,15.555555555555555
2020-09-22,-27.510204081632654,-20.736842105263158,-33.048780487804876,-44.483870967741936,-31.68807339449541,15.857142857142858
2020-09-23,-32.21568627450981,-21.394736842105264,-35.30952380952381,-45.41935483870968,-31.68807339449541,15.148936170212766
2020-09-24,-32.745098039215684,-23.68421052631579,-38.43529411764706,-45.903225806451616,-32.836363636363636,16.893617021276597
2020-09-25,-32.2037037037037,-23.94871794871795,-38.305882352941175,-47.6764705882353,-29.31192660550459,17.085106382978722
2020-09-26,-33.13333333333333,-24.31111111111111,-37.37777777777778,-43.611111111111114,-18.967391304347824,12.93939393939394
2020-09-27,-35.111111111111114,-28.05,-35.0,-44.225806451612904,-21.81578947368421,11.214285714285714
2020-09-28,-30.918367346938776,-22.307692307692307,-35.048780487804876,-45.1875,-29.724770642201836,15.53191489361702
2020-09-29,-28.6,-19.07894736842105,-34.2962962962963,-42.774193548387096,-31.559633027522935,14.404255319148936
2020-09-30,-27.12,-13.794871794871796,-34.72941176470588,-39.12903225806452,-32.53211009174312,11.958333333333334
2020-10-01,-18.895833333333332,-8.923076923076923,-31.4,-35.25806451612903,-31.53153153153153,8.918367346938776
2020-10-02,-27.6,-16.128205128205128,-35.82142857142857,-40.878787878787875,-30.05504587155963,11.617021276595745
2020-10-03,-30.53448275862069,-18.933333333333334,-38.56666666666667,-36.03030303030303,-22.33695652173913,8.794117647058824
2020-10-04,-30.345454545454544,-22.102564102564102,-34.544444444444444,-38.34375,-25.294871794871796,7.071428571428571
2020-10-05,-25.51063829787234,-14.692307692307692,-32.2625,-38.42424242424242,-30.678899082568808,10.0
2020-10-06,-25.79591836734694,-16.81578947368421,-32.9390243902439,-37.36666666666667,-31.94495412844037,10.479166666666666
2020-10-07,-27.877551020408163,-18.36842105263158,-35.129411764705885,-39.666666666666664,-30.44954128440367,12.27659574468085
2020-10-08,-26.857142857142858,-16.92105263157895,-36.127906976744185,-40.666666666666664,-30.30275229357798,13.617021276595745
2020-10-09,-29.314814814814813,-22.975609756097562,-37.906976744186046,-47.1875,-27.94495412844037,14.617021276595745
2020-10-10,-30.913793103448278,-22.434782608695652,-39.977777777777774,-38.76470588235294,-17.17391304347826,11.545454545454545
2020-10-11,-30.28,-25.102564102564102,-34.69565217391305,-38.43333333333333,-20.2,9.25
2020-10-12,-26.19148936170213,-18.923076923076923,-35.073170731707314,-41.1875,-29.0,13.53191489361702
2020-10-13,-26.714285714285715,-19.81578947368421,-36.858823529411765,-39.3,-29.660550458715598,13.297872340425531
2020-10-14,-26.7,-17.236842105263158,-36.741176470588236,-37.483870967741936,-28.618181818181817,14.063829787234043
2020-10-15,-24.653061224489797,-13.078947368421053,-36.98795180722892,-35.36666666666667,-28.52252252252252,14.02127659574468
2020-10-16,-26.37735849056604,-14.615384615384615,-38.129411764705885,-37.0,-26.44954128440367,14.127659574468085
2020-10-17,-28.85,-17.69047619047619,-38.4,-32.54545454545455,-17.891304347826086,10.606060606060606
2020-10-18,-29.22222222222222,-22.775,-33.8021978021978,-33.96774193548387,-20.08,8.678571428571429
2020-10-19,-25.51063829787234,-17.05263157894737,-34.795180722891565,-40.40625,-30.605504587155963,13.936170212765957
2020-10-20,-26.0,-18.0,-36.07142857142857,-42.86666666666667,-45.836363636363636,19.382978723404257
2020-10-21,-27.34,-17.641025641025642,-33.535714285714285,-39.03333333333333,-27.44954128440367,13.191489361702128
2020-10-22,-25.66,-16.105263157894736,-32.71604938271605,-35.93333333333333,-27.98181818181818,13.446808510638299
2020-10-23,-26.39622641509434,-16.871794871794872,-33.57831325301205,-42.064516129032256,-25.137614678899084,13.425531914893616
2020-10-24,-28.593220338983052,-20.318181818181817,-33.044444444444444,-37.2,-15.923913043478262,10.0
2020-10-25,-30.735849056603772,-25.325,-32.9010989010989,-37.096774193548384,-17.96,7.964285714285714
2020-10-26,-25.27659574468085,-16.473684210526315,-30.728395061728396,-40.625,-25.36697247706422,12.25531914893617
2020-10-27,-21.79591836734694,-14.131578947368421,-31.074074074074073,-36.16129032258065,-27.05504587155963,11.851063829787234
2020-10-28,-22.367346938775512,-12.743589743589743,-32.329268292682926,-34.12903225806452,-26.513761467889907,11.833333333333334
2020-10-29,-20.714285714285715,-10.526315789473685,-34.493975903614455,-31.517241379310345,-28.09090909090909,11.72340425531915
2020-10-30,-17.15686274509804,-4.461538461538462,-29.678571428571427,-30.15625,-23.422018348623855,10.340425531914894
2020-10-31,-18.910714285714285,-6.27906976744186,-29.03409090909091,-25.125,-13.576086956521738,7.3428571428571425
2020-11-01,-27.75,-19.0,-31.227272727272727,-34.78125,-18.786666666666665,6.655172413793103
2020-11-02,-21.630434782608695,-13.578947368421053,-34.29113924050633,-37.193548387096776,-37.107142857142854,13.72340425531915
2020-11-03,-18.24,-10.0,-31.3,-34.0,-27.577981651376145,10.653061224489797
2020-11-04,-26.6875,-16.657894736842106,-37.082352941176474,-37.16129032258065,-28.357798165137616,12.020833333333334
2020-11-05,-31.346938775510203,-21.92105263157895,-43.33720930232558,-41.12903225806452,-32.009009009009006,14.340425531914894
2020-11-06,-29.60377358490566,-19.666666666666668,-39.247058823529414,-45.515151515151516,-28.581818181818182,14.361702127659575
2020-11-07,-29.1,-20.023255813953487,-40.42696629213483,-38.6764705882353,-16.978021978021978,10.515151515151516
2020-11-08,-29.807692307692307,-23.05,-38.54945054945055,-38.03333333333333,-17.025974025974026,8.793103448275861
2020-11-09,-24.74468085106383,-15.210526315789474,-36.273809523809526,-38.0,-26.245454545454546,11.957446808510639
2020-11-10,-20.34,-12.131578947368421,-33.3625,-35.93333333333333,-26.559633027522935,11.106382978723405
2020-11-11,-22.66,-12.76923076923077,-35.39506172839506,-35.06666666666667,-26.40909090909091,11.25
2020-11-12,-20.88235294117647,-11.594594594594595,-34.39506172839506,-32.51724137931034,-26.963636363636365,11.382978723404255
2020-11-13,-19.21153846153846,-9.102564102564102,-32.63095238095238,-36.32258064516129,-23.357798165137616,10.297872340425531
2020-11-14,-18.93103448275862,-11.727272727272727,-33.258426966292134,-23.65625,-12.325842696629213,6.833333333333333
2020-11-15,-18.86,-13.536585365853659,-30.714285714285715,-26.0,-14.162162162162161,5.733333333333333
2020-11-16,-20.0,-9.736842105263158,-32.15853658536585,-32.96551724137931,-23.98165137614679,9.875
2020-11-17,-22.02,-13.594594594594595,-34.54320987654321,-35.96551724137931,-25.68807339449541,11.0
2020-11-18,-29.98,-20.789473684210527,-42.142857142857146,-41.266666666666666,-29.063636363636363,13.787234042553191
2020-11-19,-25.725490196078432,-13.578947368421053,-38.741176470588236,-36.833333333333336,-27.654545454545456,13.25531914893617
2020-11-20,-21.76923076923077,-11.394736842105264,-35.08433734939759,-36.625,-22.110091743119266,11.425531914893616
2020-11-21,-25.633333333333333,-20.181818181818183,-38.41111111111111,-32.8235294117647,-12.944444444444445,9.085714285714285
2020-11-22,-25.07547169811321,-20.46153846153846,-35.76923076923077,-34.1875,-14.493333333333334,7.862068965517241
2020-11-23,-22.6875,-15.025,-34.89156626506024,-38.09375,-24.339449541284402,11.191489361702128
2020-11-24,-19.041666666666668,-11.026315789473685,-32.34146341463415,-33.48275862068966,-24.91743119266055,10.104166666666666
2020-11-25,-19.122448979591837,-10.027027027027026,-33.08641975308642,-33.233333333333334,-23.916666666666668,10.104166666666666
2020-11-26,-17.041666666666668,-5.947368421052632,-33.19512195121951,-30.866666666666667,-24.172727272727272,9.816326530612244
2020-11-27,-15.75,-7.0,-32.91566265060241,-33.375,-21.165137614678898,9.53191489361702
2020-11-28,-15.596491228070175,-7.651162790697675,-30.55056179775281,-22.8125,-9.382022471910112,5.472222222222222
2020-11-29,-14.918367346938776,-11.631578947368421,-28.208791208791208,-26.0,-9.095890410958905,4.566666666666666
2020-11-30,-12.577777777777778,-2.525,-28.9873417721519,-32.0,-21.81651376146789,8.291666666666666
2020-12-01,-10.770833333333334,1.5405405405405406,-27.65432098765432,-28.517241379310345,-22.990825688073393,8.22
2020-12-02,-13.10204081632653,-0.3684210526315789,-28.901234567901234,-30.06896551724138,-21.908256880733944,8.775510204081632
2020-12-03,-10.770833333333334,0.5135135135135135,-26.625,-25.40740740740741,-22.779816513761467,8.78
2020-12-04,-12.705882352941176,-0.8974358974358975,-28.843373493975903,-30.129032258064516,-19.807339449541285,8.74468085106383
2020-12-05,-12.178571428571429,-3.891304347826087,-27.511363636363637,-20.3125,-7.688888888888889,4.444444444444445
2020-12-06,-12.5625,-8.578947368421053,-25.136363636363637,-26.0,-7.47945205479452,3.566666666666667
2020-12-07,-14.108695652173912,-5.048780487804878,-27.814814814814813,-28.933333333333334,-21.73394495412844,8.16
2020-12-08,-12.51063829787234,-3.2162162162162162,-27.876543209876544,-27.066666666666666,-21.91743119266055,8.26530612244898
2020-12-09,-14.2,-2.1538461538461537,-26.329268292682926,-29.833333333333332,-22.18348623853211,8.958333333333334
2020-12-10,-9.979166666666666,3.6315789473684212,-22.0875,-22.862068965517242,-22.073394495412845,8.73469387755102
2020-12-11,-10.83673469387755,3.5641025641025643,-22.580246913580247,-25.677419354838708,-18.68807339449541,8.212765957446809
2020-12-12,-10.436363636363636,0.9333333333333333,-17.84090909090909,-15.78125,-5.831460674157303,3.75
2020-12-13,-8.448979591836734,-3.230769230769231,-15.772727272727273,-12.892857142857142,-4.7534246575342465,3.066666666666667
2020-12-14,-9.127659574468085,3.425,-21.3375,-20.620689655172413,-20.174311926605505,7.76
2020-12-15,-3.4347826086956523,12.594594594594595,-18.341772151898734,-22.17241379310345,-21.28440366972477,6.72
2020-12-16,-4.061224489795919,12.179487179487179,-19.25925925925926,-20.266666666666666,-21.6697247706422,7.06
2020-12-17,-3.8958333333333335,12.91891891891892,-19.240506329113924,-18.06896551724138,-22.623853211009173,7.645833333333333
2020-12-18,-5.647058823529412,8.384615384615385,-19.70731707317073,-20.870967741935484,-19.376146788990827,7.617021276595745
2020-12-19,-5.709090909090909,6.4772727272727275,-15.797752808988765,-5.96875,-3.865168539325843,2.3055555555555554
2020-12-20,-3.5106382978723403,5.815789473684211,-9.943181818181818,-8.321428571428571,1.8309859154929577,1.8333333333333333
2020-12-21,-0.26666666666666666,15.275,-15.632911392405063,-16.17241379310345,-21.440366972477065,6.62
2020-12-22,3.488888888888889,25.77777777777778,-12.831168831168831,-8.444444444444445,-22.568807339449542,5.82
2020-12-23,7.688888888888889,40.73684210526316,-6.17948717948718,-3.5357142857142856,-22.324074074074073,4.56
2020-12-24,-0.7959183673469388,52.416666666666664,5.219178082191781,-8.555555555555555,-36.567567567567565,8.14
2020-12-25,-50.333333333333336,-53.13157894736842,-34.28235294117647,-61.03333333333333,-70.41284403669725,24.08888888888889
2020-12-26,-18.45614035087719,-13.909090909090908,-24.850574712643677,-28.677419354838708,-22.096774193548388,10.205882352941176
2020-12-27,-15.958333333333334,-16.026315789473685,-18.306818181818183,-20.714285714285715,-6.136986301369863,6.6
2020-12-28,-7.377777777777778,3.051282051282051,-19.2125,-23.866666666666667,-25.577981651376145,10.918367346938776
2020-12-29,-1.3191489361702127,11.297297297297296,-15.6875,-19.0,-26.431192660550458,10.020408163265307
2020-12-30,4.533333333333333,29.025641025641026,-9.8875,-10.214285714285714,-25.40740740740741,8.24
2020-12-31,0.125,48.333333333333336,4.368421052631579,-11.857142857142858,-37.25454545454546,9.4
2021-01-01,-41.31481481481482,-48.45945945945946,-21.376470588235293,-54.689655172413794,-69.43518518518519,21.844444444444445
2021-01-02,-15.224137931034482,-15.55813953488372,-19.094117647058823,-29.466666666666665,-30.19148936170213,10.088235294117647
2021-01-03,-18.80392156862745,-19.641025641025642,-19.04494382022472,-23.03448275862069,-14.68,7.1
2021-01-04,-12.97872340425532,-3.675,-22.382716049382715,-24.90909090909091,-21.422018348623855,10.36
2021-01-05,-10.354166666666666,0.2972972972972973,-20.48148148148148,-21.896551724137932,-22.46788990825688,10.708333333333334
2021-01-06,-12.36,-1.2820512820512822,-23.182926829268293,-25.035714285714285,-20.99074074074074,10.791666666666666
2021-01-07,-13.571428571428571,-3.0789473684210527,-24.76829268292683,-27.20689655172414,-21.146788990825687,11.0625
2021-01-08,-16.115384615384617,-8.341463414634147,-27.916666666666668,-30.258064516129032,-18.712962962962962,10.872340425531915
2021-01-09,-15.948275862068966,-9.58695652173913,-28.375,-21.666666666666668,-7.055555555555555,6.944444444444445
2021-01-10,-16.591836734693878,-13.975,-22.466666666666665,-26.928571428571427,-8.931506849315069,5.7
2021-01-11,-12.978260869565217,-6.128205128205129,-23.938271604938272,-22.333333333333332,-19.3302752293578,8.7
2021-01-12,-14.333333333333334,-8.027027027027026,-25.048780487804876,-29.20689655172414,-22.60185185185185,8.24
2021-01-13,-16.06122448979592,-11.31578947368421,-28.975609756097562,-29.612903225806452,-23.37962962962963,7.6875
2021-01-14,-15.354166666666666,-9.763157894736842,-30.555555555555557,-30.464285714285715,-25.798165137614678,7.653061224489796
2021-01-15,-14.75,-8.375,-30.83132530120482,-30.774193548387096,-24.27777777777778,6.76595744680851
2021-01-16,-15.649122807017545,-10.659090909090908,-30.03370786516854,-22.142857142857142,-14.89010989010989,3.9166666666666665
2021-01-17,-17.893617021276597,-16.925,-28.266666666666666,-25.896551724137932,-16.56756756756757,3.7333333333333334
2021-01-18,-16.06382978723404,-11.076923076923077,-30.55421686746988,-30.586206896551722,-25.490909090909092,7.666666666666667
2021-01-19,-15.604166666666666,-13.157894736842104,-29.1375,-30.862068965517242,-26.458715596330276,7.854166666666667
2021-01-20,-18.26530612244898,-12.615384615384615,-31.75609756097561,-30.0,-25.871559633027523,8.854166666666666
2021-01-21,-17.714285714285715,-13.31578947368421,-32.41463414634146,-29.551724137931036,-25.7,9.520833333333334
2021-01-22,-18.096153846153847,-14.119047619047619,-32.6219512195122,-33.5,-22.38888888888889,8.936170212765957
2021-01-23,-18.966101694915253,-15.311111111111112,-33.144444444444446,-28.176470588235293,-13.179775280898877,5.428571428571429
2021-01-24,-21.916666666666668,-20.0,-28.233333333333334,-31.366666666666667,-14.773333333333333,4.933333333333334
2021-01-25,-19.58695652173913,-14.41025641025641,-31.93975903614458,-32.87096774193548,-23.825688073394495,8.680851063829786
2021-01-26,-18.78723404255319,-15.461538461538462,-31.670731707317074,-33.53333333333333,-24.871559633027523,8.75
2021-01-27,-18.52,-13.820512820512821,-32.86746987951807,-30.586206896551722,-24.46788990825688,9.104166666666666
2021-01-28,-16.96078431372549,-11.868421052631579,-32.83132530120482,-30.3,-24.94495412844037,8.659574468085106
2021-01-29,-16.346153846153847,-8.829268292682928,-30.21951219512195,-31.625,-21.59259259259259,6.276595744680851
2021-01-30,-14.758620689655173,-6.586956521739131,-28.045454545454547,-20.875,-11.685393258426966,1.864864864864865
2021-01-31,-16.085106382978722,-9.15,-23.824175824175825,-24.9,-12.054794520547945,0.6333333333333333
2021-02-01,-17.130434782608695,-8.05,-29.14814814814815,-29.413793103448278,-23.28181818181818,4.8
2021-02-02,-14.51063829787234,-6.2894736842105265,-28.25925925925926,-29.482758620689655,-24.293577981651374,5.346938775510204
2021-02-03,-17.41176470588235,-10.65,-31.609756097560975,-32.53333333333333,-24.0,6.714285714285714
2021-02-04,-15.6,-9.473684210526315,-30.308641975308642,-33.0,-24.48181818181818,7.354166666666667
2021-02-05,-15.82,-8.878048780487806,-30.24390243902439,-32.193548387096776,-22.037037037037038,6.808510638297872
2021-02-06,-18.859649122807017,-12.733333333333333,-29.54945054945055,-27.303030303030305,-13.88888888888889,3.9722222222222223
2021-02-07,-20.92,-19.05,-25.41111111111111,-31.666666666666668,-15.407894736842104,3.1
2021-02-08,-17.02127659574468,-12.048780487804878,-29.864197530864196,-34.4375,-23.357798165137616,6.66
2021-02-09,-15.583333333333334,-10.615384615384615,-29.296296296296298,-30.620689655172413,-23.880733944954127,6.3
2021-02-10,-16.93877551020408,-10.615384615384615,-30.098765432098766,-30.933333333333334,-24.027522935779817,6.958333333333333
2021-02-11,-15.346938775510203,-8.657894736842104,-31.725,-30.166666666666668,-24.285714285714285,6.04
2021-02-12,-15.6,-7.428571428571429,-32.76829268292683,-30.29032258064516,-22.275229357798164,3.6458333333333335
2021-02-13,-15.559322033898304,-7.7272727272727275,-30.51685393258427,-23.705882352941178,-14.56989247311828,0.24324324324324326
2021-02-14,-5.148936170212766,-6.7105263157894735,-18.92222222222222,-23.035714285714285,-10.972602739726028,-2.6129032258064515
2021-02-15,-14.23913043478261,-6.428571428571429,-30.573170731707318,-28.666666666666668,-22.376146788990827,1.7647058823529411
2021-02-16,-13.72340425531915,-3.918918918918919,-29.234567901234566,-29.035714285714285,-24.3302752293578,2.04
2021-02-17,-14.06,-3.6153846153846154,-28.963414634146343,-27.17241379310345,-22.091743119266056,3.08
2021-02-18,-13.510204081632653,-3.526315789473684,-30.59493670886076,-26.275862068965516,-23.37272727272727,3.68
2021-02-19,-15.705882352941176,-8.560975609756097,-32.5609756097561,-28.766666666666666,-20.59633027522936,3.816326530612245
2021-02-20,-16.553571428571427,-8.733333333333333,-30.288888888888888,-23.575757575757574,-14.26086956521739,1.2972972972972974
2021-02-21,-16.46808510638298,-11.947368421052632,-23.77777777777778,-24.137931034482758,-14.04,0.06666666666666667
2021-02-22,-17.543478260869566,-8.564102564102564,-30.7125,-31.90625,-20.954545454545453,2.450980392156863
2021-02-23,-15.297872340425531,-7.1,-29.725,-30.82758620689655,-22.220183486238533,2.92
2021-02-24,-15.857142857142858,-7.4324324324324325,-31.5,-27.93103448275862,-21.30275229357798,3.84
2021-02-25,-13.354166666666666,-3.6578947368421053,-31.225,-27.178571428571427,-22.136363636363637,3.78
2021-02-26,-11.183673469387756,-1.2857142857142858,-28.353658536585368,-27.46875,-18.046296296296298,2.6875
2021-02-27,-8.090909090909092,1.8863636363636365,-25.238636363636363,-16.558823529411764,-11.703296703296703,-0.6578947368421053
2021-02-28,-7.854166666666667,-1.7894736842105263,-20.0,-21.103448275862068,-11.0,-2.4838709677419355
2021-03-01,-11.565217391304348,1.0512820512820513,-28.333333333333332,-23.785714285714285,-20.045871559633028,1.56
2021-03-02,-10.88888888888889,2.7027027027027026,-26.68354430379747,-27.17241379310345,-21.146788990825687,1.94
2021-03-03,-12.16,-2.5,-29.759036144578314,-25.586206896551722,-20.944444444444443,3.46
2021-03-04,-11.229166666666666,0.6578947368421053,-29.10126582278481,-23.586206896551722,-21.445454545454545,3.36
2021-03-05,-10.591836734693878,0.14634146341463414,-28.28048780487805,-25.866666666666667,-18.083333333333332,2.63265306122449
2021-03-06,-12.741379310344827,-3.466666666666667,-28.1123595505618,-18.764705882352942,-13.344444444444445,0.2894736842105263
2021-03-07,-13.446808510638299,-9.487179487179487,-22.766666666666666,-26.433333333333334,-14.306666666666667,-0.3333333333333333
2021-03-08,-13.222222222222221,-3.5526315789473686,-30.6375,-27.137931034482758,-20.238532110091743,2.94
2021-03-09,-13.76595744680851,-3.2972972972972974,-28.89873417721519,-32.54838709677419,-21.990825688073393,3.62
2021-03-10,-15.0,-6.815789473684211,-31.325,-30.70967741935484,-20.825688073394495,4.62
2021-03-11,-13.021739130434783,-1.4473684210526316,-28.2625,-26.933333333333334,-20.527272727272727,4.28
2021-03-12,-11.755102040816327,-2.0,-28.25609756097561,-27.93548387096774,-17.504587155963304,3.5625
2021-03-13,-13.474576271186441,-4.2727272727272725,-26.818181818181817,-20.542857142857144,-12.8,1.162162162162162
2021-03-14,-12.8125,-9.512820512820513,-22.280898876404493,-29.0,-13.726027397260275,-0.7
2021-03-15,-12.152173913043478,1.605263157894737,-27.860759493670887,-27.28125,-18.577981651376145,2.8
2021-03-16,-9.891304347826088,2.972972972972973,-25.243589743589745,-26.266666666666666,-19.89908256880734,3.06
2021-03-17,-12.02127659574468,1.4615384615384615,-27.580246913580247,-26.166666666666668,-18.73394495412844,3.76
2021-03-18,-9.826086956521738,3.3947368421052633,-27.569620253164558,-25.24137931034483,-18.89908256880734,3.92
2021-03-19,-8.83673469387755,1.35,-27.308641975308642,-26.032258064516128,-16.87962962962963,3.1020408163265305
2021-03-20,-11.946428571428571,-1.288888888888889,-24.772727272727273,-25.125,-11.758241758241759,0.5526315789473685
2021-03-21,-13.89795918367347,-9.512820512820513,-22.662921348314608,-25.066666666666666,-12.067567567567568,0.03333333333333333
2021-03-22,-14.652173913043478,-3.0256410256410255,-29.2,-27.161290322580644,-17.440366972477065,3.156862745098039
2021-03-23,-13.829787234042554,-2.081081081081081,-27.34567901234568,-30.8,-19.03669724770642,3.9
2021-03-24,-13.191489361702128,-2.225,-28.725,-26.566666666666666,-18.52777777777778,4.18
2021-03-25,-8.106382978723405,3.5526315789473686,-26.974683544303797,-22.266666666666666,-18.927272727272726,3.74
2021-03-26,-5.653061224489796,6.421052631578948,-22.695121951219512,-23.833333333333332,-16.435185185185187,2.4081632653061225
2021-03-27,-9.035714285714286,1.9545454545454546,-21.579545454545453,-14.794117647058824,-9.744444444444444,-0.5526315789473685
2021-03-28,-8.085106382978724,-2.4210526315789473,-13.573033707865168,-23.655172413793103,-7.0,-1.6333333333333333
2021-03-29,-1.1136363636363635,10.692307692307692,-20.07792207792208,-18.733333333333334,-23.663636363636364,2.411764705882353
2021-03-30,5.690476190476191,21.026315789473685,-14.894736842105264,-11.714285714285714,-24.880733944954127,1.34
2021-03-31,12.813953488372093,36.1578947368421,-6.584415584415584,-3.8076923076923075,-36.32727272727273,2.0
2021-04-01,-4.0,16.11111111111111,-8.026315789473685,-23.0,-58.2212389380531,8.354166666666666
2021-04-02,-28.173076923076923,-22.463414634146343,-19.423076923076923,-50.60606060606061,-68.81981981981981,16.844444444444445
2021-04-03,-24.017543859649123,-24.681818181818183,-24.941860465116278,-37.225806451612904,-52.49484536082474,7.529411764705882
2021-04-04,-21.627450980392158,-19.25,-24.27173913043478,-27.071428571428573,-25.363636363636363,1.8333333333333333
2021-04-05,-7.545454545454546,7.368421052631579,-24.576923076923077,-20.066666666666666,-18.357798165137616,3.196078431372549
2021-04-06,-8.617021276595745,5.513513513513513,-25.576923076923077,-23.344827586206897,-19.26605504587156,4.32
2021-04-07,-10.541666666666666,2.5526315789473686,-26.80246913580247,-23.5,-19.761467889908257,5.040816326530612
2021-04-08,-9.595744680851064,3.3421052631578947,-29.227848101265824,-25.633333333333333,-19.672727272727272,5.204081632653061
2021-04-09,-11.73469387755102,1.3,-28.853658536585368,-29.580645161290324,-16.444444444444443,5.020408163265306
2021-04-10,-12.8,-1.9565217391304348,-29.155555555555555,-24.02857142857143,-10.087912087912088,2.1621621621621623
2021-04-11,-14.729166666666666,-7.390243902439025,-23.444444444444443,-25.838709677419356,-11.58108108108108,1.7333333333333334
2021-04-12,-11.782608695652174,-0.1282051282051282,-29.531645569620252,-29.387096774193548,-17.34862385321101,4.450980392156863
2021-04-13,-10.851063829787234,0.32432432432432434,-30.6375,-30.933333333333334,-19.192660550458715,5.18
2021-04-14,-10.5,0.48717948717948717,-30.604938271604937,-29.733333333333334,-19.55045871559633,5.326530612244898
2021-04-15,-8.0,5.973684210526316,-30.5625,-28.79310344827586,-19.376146788990827,5.66
2021-04-16,-9.46938775510204,4.780487804878049,-28.170731707317074,-28.225806451612904,-15.787037037037036,5.166666666666667
2021-04-17,-13.701754385964913,0.20454545454545456,-29.375,-25.2,-10.247191011235955,2.7777777777777777
2021-04-18,-14.291666666666666,-5.7631578947368425,-25.584269662921347,-29.033333333333335,-11.767123287671232,1.8
2021-04-19,-12.630434782608695,-1.0,-30.746835443037973,-30.774193548387096,-17.36697247706422,5.26
2021-04-20,-9.891304347826088,3.1578947368421053,-28.725,-29.655172413793103,-19.412844036697248,4.94
2021-04-21,-12.478260869565217,-0.4,-31.864197530864196,-29.633333333333333,-20.009174311926607,6.204081632653061
2021-04-22,-10.933333333333334,3.263157894736842,-30.329113924050635,-29.517241379310345,-18.863636363636363,6.0
2021-04-23,-10.270833333333334,1.25,-29.185185185185187,-28.838709677419356,-15.605504587155963,5.75
2021-04-24,-13.0,-2.422222222222222,-28.337078651685392,-27.176470588235293,-8.71111111111111,3.135135135135135
2021-04-25,-13.791666666666666,-6.973684210526316,-23.666666666666668,-28.7,-10.364864864864865,2.066666666666667
2021-04-26,-11.88888888888889,-1.0789473684210527,-30.025316455696203,-29.8,-16.376146788990827,5.26
2021-04-27,-10.326086956521738,2.0,-28.6875,-29.966666666666665,-17.798165137614678,5.5
2021-04-28,-9.9375,4.2105263157894735,-28.5,-28.666666666666668,-18.192660550458715,5.673469387755102
2021-04-29,-4.933333333333334,10.948717948717949,-25.7625,-24.533333333333335,-18.175925925925927,5.16
2021-04-30,-1.0638297872340425,15.923076923076923,-24.414634146341463,-24.870967741935484,-20.083333333333332,4.714285714285714
2021-05-01,-3.9107142857142856,10.255813953488373,-21.39080459770115,-19.741935483870968,-22.86315789473684,2.189189189189189
2021-05-02,-6.354166666666667,2.135135135135135,-19.921348314606742,-24.586206896551722,-11.04054054054054,0.6
2021-05-03,-5.886363636363637,8.153846153846153,-27.759493670886076,-27.0,-21.93577981651376,5.2
2021-05-04,-5.695652173913044,8.421052631578947,-26.475,-27.133333333333333,-17.03669724770642,4.3
2021-05-05,-9.434782608695652,3.8684210526315788,-29.890243902439025,-25.533333333333335,-18.36697247706422,5.42
2021-05-06,-8.46808510638298,4.3076923076923075,-30.0126582278481,-25.862068965517242,-18.577981651376145,5.56
2021-05-07,-5.979591836734694,8.575,-25.902439024390244,-25.733333333333334,-13.296296296296296,4.428571428571429
2021-05-08,-5.25,7.142857142857143,-22.772727272727273,-18.941176470588236,-5.886363636363637,1.5135135135135136
2021-05-09,-2.0638297872340425,4.4324324324324325,-16.193181818181817,-18.833333333333332,-5.602739726027397,-0.23333333333333334
2021-05-10,16.023255813953487,20.4,-13.688311688311689,-18.071428571428573,-17.91743119266055,0.4117647058823529
2021-05-11,-3.9318181818181817,8.894736842105264,-24.0625,-25.689655172413794,-16.128440366972477,3.72
2021-05-12,-6.511111111111111,7.125,-26.54320987654321,-21.433333333333334,-17.037037037037038,5.14
2021-05-13,-5.0,10.384615384615385,-25.088607594936708,-20.93103448275862,-17.009090909090908,5.06
2021-05-14,-1.0851063829787233,12.85,-24.096385542168676,-21.8,-13.644859813084112,4.3061224489795915
2021-05-15,-1.8679245283018868,12.255813953488373,-21.057471264367816,-16.636363636363637,-7.329545454545454,1.135135135135135
2021-05-16,-4.468085106382978,7.282051282051282,-18.617977528089888,-21.266666666666666,-9.32876712328767,0.16666666666666666
2021-05-17,-2.7045454545454546,13.256410256410257,-21.692307692307693,-20.741935483870968,-13.706422018348624,3.3333333333333335
2021-05-18,-2.977272727272727,10.973684210526315,-22.620253164556964,-24.06896551724138,-14.574074074074074,3.84
2021-05-19,-4.2444444444444445,11.157894736842104,-22.275,-24.96551724137931,-14.212962962962964,4.9
2021-05-20,-2.75,10.81578947368421,-21.6875,-21.928571428571427,-14.44954128440367,5.08
2021-05-21,-4.043478260869565,8.871794871794872,-21.679012345679013,-22.741935483870968,-11.084905660377359,4.541666666666667
2021-05-22,-5.69811320754717,6.023255813953488,-21.49425287356322,-15.411764705882353,-4.597701149425287,1.864864864864865
2021-05-23,-7.25531914893617,-0.4473684210526316,-17.733333333333334,-25.2,-7.837837837837838,1.5666666666666667
2021-05-24,-8.25,3.769230769230769,-25.50632911392405,-27.612903225806452,-13.321100917431192,5.06
2021-05-25,-4.181818181818182,9.0,-21.075949367088608,-24.724137931034484,-13.962962962962964,4.1
2021-05-26,-1.9777777777777779,8.763157894736842,-19.5625,-23.551724137931036,-13.592592592592593,4.06
2021-05-27,1.2727272727272727,14.605263157894736,-17.911392405063292,-21.785714285714285,-13.392523364485982,4.1
2021-05-28,2.4782608695652173,13.475,-16.432098765432098,-22.233333333333334,-8.723809523809523,2.5510204081632653
2021-05-29,1.0754716981132075,13.209302325581396,-16.25581395348837,-15.823529411764707,-4.193181818181818,-0.5135135135135135
2021-05-30,-0.2978723404255319,7.157894736842105,-14.122222222222222,-19.20689655172414,-11.594594594594595,-0.7666666666666667
2021-05-31,5.386363636363637,21.615384615384617,-14.447368421052632,-19.516129032258064,-9.79816513761468,1.5294117647058822
2021-06-01,4.883720930232558,20.77777777777778,-12.0,-23.689655172413794,-12.425925925925926,1.26
2021-06-02,2.9545454545454546,18.425,-14.4375,-16.586206896551722,-12.289719626168225,2.78
2021-06-03,4.2272727272727275,19.526315789473685,-14.08860759493671,-17.0,-12.435185185185185,3.34
2021-06-04,0.08888888888888889,13.4,-16.48780487804878,-21.766666666666666,-8.481132075471699,3.306122448979592
2021-06-05,2.4038461538461537,13.604651162790697,-14.476744186046512,-14.147058823529411,-4.318181818181818,-0.38461538461538464
2021-06-06,2.25531914893617,9.157894736842104,-8.193181818181818,-17.774193548387096,-11.135135135135135,-1.2258064516129032
2021-06-07,-0.7954545454545454,10.487804878048781,-17.87012987012987,-21.3,-10.458715596330276,2.784313725490196
2021-06-08,0.32558139534883723,13.078947368421053,-15.576923076923077,-23.642857142857142,-11.541284403669724,2.58
2021-06-09,-2.340909090909091,8.512820512820513,-19.125,-22.142857142857142,-12.299065420560748,3.82
2021-06-10,1.1590909090909092,12.052631578947368,-16.544303797468356,-19.653846153846153,-12.953271028037383,3.6
2021-06-11,-0.10869565217391304,11.15,-15.604938271604938,-22.9,-9.254716981132075,2.6122448979591835
2021-06-12,-1.8333333333333333,6.534883720930233,-19.804597701149426,-14.875,-6.134831460674158,0.38461538461538464
2021-06-13,-6.595744680851064,0.38461538461538464,-16.944444444444443,-25.387096774193548,-15.08108108108108,0.3
2021-06-14,-5.840909090909091,4.461538461538462,-23.22077922077922,-23.9,-13.311926605504587,2.94
2021-06-15,4.162790697674419,19.894736842105264,-14.168831168831169,-20.074074074074073,-13.185185185185185,1.96
2021-06-16,2.6511627906976742,17.86842105263158,-15.860759493670885,-17.40740740740741,-15.055555555555555,1.32
2021-06-17,10.704545454545455,21.736842105263158,-12.50632911392405,-16.807692307692307,-17.12037037037037,0.13725490196078433
2021-06-18,-1.7446808510638299,8.414634146341463,-18.74390243902439,-25.2,-14.663551401869158,1.6938775510204083
2021-06-19,-2.875,4.476190476190476,-19.808988764044944,-18.28125,-11.12087912087912,-0.8918918918918919
2021-06-20,-4.127659574468085,0.4473684210526316,-17.155555555555555,-23.928571428571427,-19.027027027027028,-1.2333333333333334
2021-06-21,-6.5,3.8461538461538463,-20.29113924050633,-26.3,-17.55045871559633,2.2
2021-06-22,-1.6590909090909092,9.789473684210526,-16.833333333333332,-24.857142857142858,-17.779816513761467,1.66
2021-06-23,-2.409090909090909,5.973684210526316,-19.253164556962027,-23.714285714285715,-18.38532110091743,2.7
2021-06-24,1.4318181818181819,9.868421052631579,-17.329113924050635,-19.785714285714285,-18.20909090909091,2.2
2021-06-25,5.333333333333333,12.658536585365853,-14.6375,-20.1,-16.01851851851852,1.530612244897959
2021-06-26,6.326923076923077,12.068181818181818,-11.862068965517242,-12.451612903225806,-9.629213483146067,-1.5897435897435896
2021-06-27,4.425531914893617,2.2564102564102564,-10.206896551724139,-22.896551724137932,-17.43243243243243,-0.8
2021-06-28,4.2727272727272725,10.45,-18.07792207792208,-24.866666666666667,-42.35454545454545,6.4
2021-06-29,-1.9772727272727273,7.891891891891892,-20.525,-24.821428571428573,-20.220183486238533,1.76
2021-06-30,6.4772727272727275,18.76923076923077,-14.26923076923077,-18.40740740740741,-18.660550458715598,2.6
2021-07-01,7.863636363636363,23.0,-14.0,-13.73076923076923,-18.581818181818182,2.3
2021-07-02,5.386363636363637,18.75,-13.283950617283951,-16.551724137931036,-15.37962962962963,2.5416666666666665
2021-07-03,3.9272727272727272,13.840909090909092,-12.793103448275861,-11.0,-9.322222222222223,-0.5641025641025641
2021-07-04,0.8085106382978723,7.081081081081081,-12.636363636363637,-18.20689655172414,-16.36986301369863,-0.16666666666666666
2021-07-05,-0.6363636363636364,11.18421052631579,-19.039473684210527,-19.964285714285715,-14.73394495412844,3.46
2021-07-06,2.5681818181818183,14.837837837837839,-16.5974025974026,-21.703703703703702,-14.8348623853211,2.68
2021-07-07,0.25,13.76923076923077,-16.531645569620252,-19.185185185185187,-15.275229357798166,3.4
2021-07-08,5.045454545454546,18.342105263157894,-12.961538461538462,-16.384615384615383,-16.587155963302752,3.2
2021-07-09,3.066666666666667,15.658536585365853,-15.3,-17.275862068965516,-13.205607476635514,3.306122448979592
2021-07-10,1.2452830188679245,12.418604651162791,-15.64367816091954,-9.151515151515152,-9.044444444444444,0.4473684210526316
2021-07-11,-0.6382978723404256,6.7368421052631575,-14.258426966292134,-18.857142857142858,-16.135135135135137,0.8333333333333334
2021-07-12,-0.6888888888888889,11.102564102564102,-18.675324675324674,-20.82758620689655,-14.863636363636363,3.72
2021-07-13,3.0232558139534884,14.916666666666666,-15.935064935064934,-19.59259259259259,-15.587155963302752,3.18
2021-07-14,1.6136363636363635,14.868421052631579,-16.949367088607595,-18.03846153846154,-16.01834862385321,4.12
2021-07-15,13.162790697674419,30.38888888888889,-8.552631578947368,-8.0,-15.211009174311927,2.3137254901960786
2021-07-16,9.545454545454545,24.526315789473685,-9.69620253164557,-9.357142857142858,-12.398148148148149,2.163265306122449
2021-07-17,8.075471698113208,20.363636363636363,-9.735632183908047,-4.096774193548387,-7.428571428571429,-0.6578947368421053
2021-07-18,1.3617021276595744,5.54054054054054,-15.147727272727273,-17.20689655172414,-17.946666666666665,-1.4193548387096775
2021-07-19,5.976744186046512,18.487179487179485,-12.213333333333333,-14.392857142857142,-14.256880733944953,2.0
2021-07-20,6.928571428571429,19.16216216216216,-11.197368421052632,-13.592592592592593,-14.752293577981652,2.76
2021-07-21,5.136363636363637,16.63157894736842,-13.282051282051283,-13.653846153846153,-15.486238532110091,3.42
2021-07-22,5.181818181818182,19.83783783783784,-12.973684210526315,-12.615384615384615,-15.596330275229358,3.74
2021-07-23,2.727272727272727,16.6,-12.772151898734178,-16.20689655172414,-12.424528301886792,3.7346938775510203
2021-07-24,3.2222222222222223,12.113636363636363,-11.717647058823529,-7.645161290322581,-6.797752808988764,0.9473684210526315
2021-07-25,3.702127659574468,9.368421052631579,-7.540229885057471,-14.551724137931034,-15.0,-0.26666666666666666
2021-07-26,0.7441860465116279,12.75,-16.31168831168831,-16.964285714285715,-14.889908256880734,3.6862745098039214
2021-07-27,4.627906976744186,16.36111111111111,-12.320512820512821,-15.346153846153847,-13.148148148148149,3.16
2021-07-28,2.477272727272727,12.605263157894736,-14.846153846153847,-14.74074074074074,-13.833333333333334,4.2
2021-07-29,-5.239130434782608,12.923076923076923,-19.346153846153847,-25.071428571428573,-18.212962962962962,6.88
2021-07-30,9.311111111111112,22.28205128205128,-8.025316455696203,-13.74074074074074,-9.99056603773585,2.857142857142857
2021-07-31,9.384615384615385,22.022727272727273,-9.69767441860465,-2.625,-3.6931818181818183,-0.2564102564102564
2021-08-01,10.295454545454545,19.72972972972973,-4.383720930232558,-7.666666666666667,-12.48,-1.3225806451612903
2021-08-02,-0.2727272727272727,11.425,-13.766233766233766,-27.9,-16.05504587155963,3.5
2021-08-03,6.454545454545454,17.5,-12.454545454545455,-13.423076923076923,-14.0,3.18
2021-08-04,5.25,19.5,-11.376623376623376,-14.23076923076923,-14.074074074074074,3.7
2021-08-05,1.7954545454545454,17.394736842105264,-14.545454545454545,-19.692307692307693,-14.155963302752294,5.32
2021-08-06,2.4444444444444446,18.871794871794872,-12.467532467532468,-19.035714285714285,-10.05607476635514,4.083333333333333
2021-08-07,5.283018867924528,16.045454545454547,-12.24705882352941,-7.84375,-5.833333333333333,0.868421052631579
2021-08-08,0.2708333333333333,6.184210526315789,-12.202247191011235,-16.379310344827587,-14.783783783783784,1.0333333333333334
2021-08-09,0.35555555555555557,14.666666666666666,-14.053333333333333,-23.482758620689655,-13.18348623853211,3.980392156862745
2021-08-10,6.113636363636363,20.2972972972973,-7.635135135135135,-18.0,-12.407407407407407,3.019607843137255
2021-08-11,3.409090909090909,17.13157894736842,-11.74025974025974,-16.77777777777778,-13.083333333333334,3.92
2021-08-12,2.840909090909091,17.86842105263158,-13.697368421052632,-16.48148148148148,-13.91588785046729,4.36
2021-08-13,6.022222222222222,21.641025641025642,-9.320512820512821,-16.103448275862068,-10.283018867924529,3.3469387755102042
2021-08-14,4.153846153846154,17.681818181818183,-13.127906976744185,-13.0,-6.010989010989011,1.205128205128205
2021-08-15,1.8125,10.526315789473685,-11.206896551724139,-19.896551724137932,-14.76,1.4333333333333333
2021-08-16,2.441860465116279,17.75,-14.31081081081081,-17.535714285714285,-15.63302752293578,4.529411764705882
2021-08-17,3.1818181818181817,19.10810810810811,-13.93421052631579,-19.25925925925926,-14.440366972477063,4.0
2021-08-18,2.1363636363636362,17.57894736842105,-13.402597402597403,-18.192307692307693,-12.401869158878505,4.607843137254902
2021-08-19,-1.0227272727272727,13.105263157894736,-17.48051948051948,-20.51851851851852,-13.074074074074074,5.775510204081633
2021-08-20,-2.5531914893617023,10.658536585365853,-17.20253164556962,-22.724137931034484,-10.528301886792454,5.446808510638298
2021-08-21,-3.2777777777777777,9.090909090909092,-20.02247191011236,-16.848484848484848,-7.032967032967033,3.3055555555555554
2021-08-22,-2.4375,6.473684210526316,-14.88888888888889,-17.419354838709676,-14.368421052631579,2.6
2021-08-23,-4.795454545454546,7.5,-20.16883116883117,-24.071428571428573,-12.65137614678899,5.333333333333333
2021-08-24,-0.5681818181818182,13.162162162162161,-15.897435897435898,-24.142857142857142,-13.917431192660551,4.78
2021-08-25,-0.1590909090909091,14.205128205128204,-16.41025641025641,-19.14814814814815,-13.990825688073395,5.4
2021-08-26,-0.13636363636363635,14.461538461538462,-18.233766233766232,-20.807692307692307,-15.05607476635514,5.12
2021-08-27,1.608695652173913,15.1,-14.9375,-19.464285714285715,-10.942857142857143,4.729166666666667
2021-08-28,1.0566037735849056,11.931818181818182,-18.303370786516854,-15.5,-6.5,2.5135135135135136
2021-08-29,-0.5,7.2894736842105265,-14.45054945054945,-17.806451612903224,-13.662162162162161,2.1
2021-08-30,3.6222222222222222,14.846153846153847,-16.17105263157895,-19.517241379310345,-12.293577981651376,3.803921568627451
2021-08-31,7.534883720930233,23.675675675675677,-13.763157894736842,-19.214285714285715,-11.833333333333334,3.86
2021-09-01,5.613636363636363,19.31578947368421,-15.23076923076923,-17.307692307692307,-13.305555555555555,4.591836734693878
2021-09-02,7.181818181818182,22.916666666666668,-14.897435897435898,-12.307692307692308,-13.666666666666666,5.12
2021-09-03,2.8666666666666667,15.073170731707316,-18.271604938271604,-18.464285714285715,-12.317757009345794,5.659574468085107
2021-09-04,-3.740740740740741,12.255813953488373,-22.08888888888889,-15.727272727272727,-8.692307692307692,4.388888888888889
2021-09-05,-3.106382978723404,9.18421052631579,-17.033333333333335,-16.133333333333333,-17.253333333333334,3.7333333333333334
2021-09-06,3.022727272727273,15.820512820512821,-15.333333333333334,-19.566666666666666,-13.100917431192661,4.901960784313726
2021-09-07,3.813953488372093,15.416666666666666,-14.402597402597403,-19.85185185185185,-13.268518518518519,4.54
2021-09-08,3.466666666666667,16.025,-15.474358974358974,-16.037037037037038,-12.897196261682243,4.88
2021-09-09,5.2444444444444445,19.53846153846154,-15.142857142857142,-14.964285714285714,-13.092592592592593,5.0
2021-09-10,1.5777777777777777,15.473684210526315,-17.353658536585368,-20.357142857142858,-9.839622641509434,5.574468085106383
2021-09-11,1.0192307692307692,10.953488372093023,-20.10112359550562,-15.636363636363637,-6.044444444444444,3.388888888888889
2021-09-12,0.9375,8.162162162162161,-13.704545454545455,-18.387096774193548,-13.68,2.033333333333333
2021-09-13,3.697674418604651,15.794871794871796,-13.714285714285714,-16.586206896551722,-11.63302752293578,4.117647058823529
2021-09-14,11.813953488372093,22.594594594594593,-8.25974025974026,-15.148148148148149,-13.247706422018348,2.5
2021-09-15,8.755555555555556,23.135135135135137,-11.628205128205128,-23.814814814814813,-46.50909090909091,11.142857142857142
2021-09-16,6.568181818181818,22.2972972972973,-13.896103896103897,-16.25925925925926,-15.254545454545454,4.294117647058823
2021-09-17,5.088888888888889,17.13157894736842,-14.641975308641975,-17.7,-12.36111111111111,5.085106382978723
2021-09-18,5.0,17.069767441860463,-12.909090909090908,-7.25,-6.630434782608695,1.763157894736842
2021-09-19,4.382978723404255,10.894736842105264,-8.264367816091953,-14.642857142857142,-13.763157894736842,1.1333333333333333
2021-09-20,5.613636363636363,17.692307692307693,-13.027027027027026,-15.7,-11.440366972477063,3.2745098039215685
2021-09-21,5.931818181818182,16.45945945945946,-12.623376623376624,-17.11111111111111,-11.770642201834862,4.3
2021-09-22,5.288888888888889,15.837837837837839,-13.717948717948717,-14.26923076923077,-9.383177570093459,4.82
2021-09-23,7.466666666666667,17.89189189189189,-12.415584415584416,-14.333333333333334,-10.12037037037037,4.352941176470588
2021-09-24,5.133333333333334,16.76923076923077,-11.822784810126583,-14.821428571428571,-7.59047619047619,3.8541666666666665
2021-09-25,3.0384615384615383,12.744186046511627,-13.767441860465116,-8.909090909090908,-3.606741573033708,1.5945945945945945
2021-09-26,3.2708333333333335,7.421052631578948,-11.873563218390805,-16.714285714285715,-11.123287671232877,0.8
2021-09-27,3.311111111111111,13.333333333333334,-16.466666666666665,-18.733333333333334,-8.44954128440367,3.843137254901961
2021-09-28,6.090909090909091,16.945945945945947,-14.342105263157896,-18.03846153846154,-9.166666666666666,3.4
2021-09-29,9.333333333333334,22.076923076923077,-11.461538461538462,-14.481481481481481,-9.401869158878505,3.0980392156862746
2021-09-30,18.568181818181817,35.138888888888886,-8.337662337662337,-7.444444444444445,-7.803738317757009,2.2745098039215685
2021-10-01,25.348837209302324,34.21052631578947,-4.620253164556962,-6.821428571428571,-5.673076923076923,0.1836734693877551
2021-10-02,14.48,25.568181818181817,-8.701149425287356,2.71875,-2.606741573033708,-0.6923076923076923
2021-10-03,14.282608695652174,22.56756756756757,-3.8255813953488373,-10.23076923076923,-9.675675675675675,-1.2333333333333334
2021-10-04,9.136363636363637,18.85,-13.11111111111111,-12.03448275862069,-7.926605504587156,1.8627450980392157
2021-10-05,13.431818181818182,25.43243243243243,-8.394736842105264,-14.538461538461538,-8.596330275229358,2.44
2021-10-06,10.840909090909092,21.36842105263158,-11.6125,-13.26923076923077,-8.101851851851851,2.9411764705882355
2021-10-07,12.772727272727273,23.783783783783782,-9.276315789473685,-11.222222222222221,-8.925925925925926,3.156862745098039
2021-10-08,10.886363636363637,22.05263157894737,-9.275,-12.071428571428571,-5.152380952380953,2.4489795918367347
2021-10-09,9.352941176470589,19.88095238095238,-9.976470588235294,-5.71875,-1.3333333333333333,0.358974358974359
2021-10-10,11.456521739130435,14.921052631578947,-4.453488372093023,-14.428571428571429,-10.333333333333334,-0.43333333333333335
2021-10-11,10.181818181818182,18.615384615384617,-11.4,-17.586206896551722,-6.247706422018348,2.607843137254902
2021-10-12,13.068181818181818,19.694444444444443,-8.5,-16.40740740740741,-8.38888888888889,1.9411764705882353
2021-10-13,8.466666666666667,19.692307692307693,-10.717948717948717,-17.88888888888889,-6.654205607476635,3.3333333333333335
2021-10-14,11.795454545454545,24.37837837837838,-8.960526315789474,-13.518518518518519,-6.546296296296297,3.1372549019607843
2021-10-15,12.272727272727273,25.23076923076923,-9.207792207792208,-11.178571428571429,-2.6538461538461537,2.2653061224489797
2021-10-16,15.38,26.86046511627907,-6.376470588235295,0.5,0.05747126436781609,-0.8974358974358975
2021-10-17,14.41304347826087,19.055555555555557,-2.9186046511627906,-11.576923076923077,-8.094594594594595,-1.2
2021-10-18,12.613636363636363,21.973684210526315,-8.797297297297296,-9.857142857142858,-7.513761467889908,1.8627450980392157
2021-10-19,13.590909090909092,20.56756756756757,-9.631578947368421,-13.0,-8.444444444444445,1.6470588235294117
2021-10-20,15.955555555555556,25.0,-10.415584415584416,-17.48148148148148,-36.472727272727276,10.0
2021-10-21,11.666666666666666,22.135135135135137,-11.87012987012987,-9.846153846153847,-7.785046728971962,2.843137254901961
2021-10-22,11.488372093023257,22.974358974358974,-8.177215189873417,-11.758620689655173,-5.240384615384615,2.2857142857142856
2021-10-23,10.211538461538462,19.38095238095238,-8.8,-5.96875,1.1839080459770115,0.48717948717948717
2021-10-24,6.76595744680851,9.54054054054054,-5.107142857142857,-12.827586206896552,-7.905405405405405,0.23333333333333334
2021-10-25,11.068181818181818,19.82051282051282,-9.986666666666666,-11.586206896551724,-5.009174311926605,1.9411764705882353
2021-10-26,16.046511627906977,23.7027027027027,-6.9324324324324325,-9.11111111111111,-5.715596330275229,1.3529411764705883
2021-10-27,16.288888888888888,26.894736842105264,-5.5,-6.615384615384615,-6.188679245283019,1.5098039215686274
2021-10-28,18.466666666666665,30.135135135135137,-7.25,-2.4615384615384617,-6.644859813084112,1.5686274509803921
2021-10-29,20.3953488372093,34.666666666666664,-1.7922077922077921,-0.7857142857142857,-2.2115384615384617,-0.08
2021-10-30,25.458333333333332,41.023809523809526,2.289156626506024,14.482758620689655,3.2873563218390807,-3.5
2021-10-31,25.431818181818183,33.611111111111114,11.035294117647059,1.36,-2.5277777777777777,-4.064516129032258
2021-11-01,9.931818181818182,19.486486486486488,-2.9014084507042255,-17.071428571428573,-53.83185840707964,9.326530612244898
2021-11-02,19.58139534883721,31.054054054054053,-4.291666666666667,-2.4615384615384617,-9.898148148148149,0.0392156862745098
2021-11-03,18.53488372093023,29.263157894736842,-4.4605263157894735,-2.3461538461538463,-6.650943396226415,1.1764705882352942
2021-11-04,18.613636363636363,29.405405405405407,-6.973684210526316,-2.1923076923076925,-6.738317757009346,1.4901960784313726
2021-11-05,16.372093023255815,27.05128205128205,-6.2784810126582276,-7.666666666666667,-2.855769230769231,1.1428571428571428
2021-11-06,14.78,22.27906976744186,-8.94047619047619,-1.03125,2.022727272727273,-0.7368421052631579
2021-11-07,15.934782608695652,19.486486486486488,-0.9285714285714286,-10.555555555555555,-5.756756756756757,-1.1935483870967742
2021-11-08,16.65909090909091,24.15,-6.466666666666667,-7.724137931034483,-4.458715596330276,1.2352941176470589
2021-11-09,19.348837209302324,28.594594594594593,-3.22972972972973,-4.16,-5.805555555555555,1.0784313725490196
2021-11-10,19.651162790697676,27.666666666666668,-4.269230769230769,-1.04,-5.149532710280374,1.4705882352941178
2021-11-11,20.795454545454547,29.64864864864865,-5.571428571428571,-5.0,-6.0,1.9411764705882353
2021-11-12,17.953488372093023,27.487179487179485,-5.194805194805195,-6.857142857142857,-2.4134615384615383,1.530612244897959
2021-11-13,18.4,25.357142857142858,-5.152941176470589,-1.15625,4.32183908045977,-0.7948717948717948
2021-11-14,18.804347826086957,20.75,-2.8588235294117648,-7.689655172413793,-3.388888888888889,-0.9354838709677419
2021-11-15,17.636363636363637,28.53846153846154,-6.7105263157894735,-8.714285714285714,-4.513761467889908,2.0
2021-11-16,21.90909090909091,34.027027027027025,-3.28,-11.333333333333334,-3.740740740740741,1.2941176470588236
2021-11-17,23.674418604651162,32.53846153846154,-1.5064935064935066,-2.962962962962963,-4.280373831775701,0.6470588235294118
2021-11-18,24.613636363636363,34.62162162162162,-2.103896103896104,-0.6153846153846154,-4.509433962264151,1.1764705882352942
2021-11-19,22.3953488372093,30.23076923076923,-0.5974025974025974,-3.0384615384615383,-1.0294117647058822,0.78
2021-11-20,24.72,30.78048780487805,2.4761904761904763,7.466666666666667,5.850574712643678,-2.902439024390244
2021-11-21,27.272727272727273,26.35135135135135,6.595238095238095,1.8888888888888888,-1.9054054054054055,-2.6774193548387095
2021-11-22,19.613636363636363,26.743589743589745,-4.8133333333333335,-6.222222222222222,-2.7339449541284404,1.2745098039215685
2021-11-23,22.767441860465116,30.35135135135135,-3.4,-7.185185185185185,-3.3457943925233646,1.2549019607843137
2021-11-24,21.906976744186046,29.58974358974359,-2.230769230769231,-3.074074074074074,-3.2735849056603774,1.4230769230769231
2021-11-25,27.25581395348837,36.714285714285715,0.38961038961038963,3.8461538461538463,-4.598130841121495,0.7254901960784313
2021-11-26,24.767441860465116,33.0,0.7662337662337663,-5.0,-0.9029126213592233,0.0
2021-11-27,25.979591836734695,32.404761904761905,0.9651162790697675,10.533333333333333,7.8604651162790695,-2.75
2021-11-28,28.11111111111111,27.805555555555557,7.674698795180723,1.5925925925925926,2.888888888888889,-2.7096774193548385
2021-11-29,25.045454545454547,32.02564102564103,-1.8533333333333333,-2.4074074074074074,-0.7431192660550459,0.7254901960784313
2021-11-30,33.69767441860465,45.67567567567568,4.068493150684931,-4.37037037037037,-0.4074074074074074,-0.27450980392156865
2021-12-01,31.46511627906977,44.5,5.027027027027027,-0.4074074074074074,-1.5740740740740742,0.0392156862745098
2021-12-02,32.47727272727273,47.666666666666664,4.413333333333333,2.4074074074074074,-2.5514018691588785,0.23529411764705882
2021-12-03,27.86046511627907,40.86842105263158,4.558441558441558,-4.925925925925926,1.0,-0.1
2021-12-04,29.42,38.07142857142857,5.8875,10.266666666666667,7.744186046511628,-3.7560975609756095
2021-12-05,30.40909090909091,33.166666666666664,13.120481927710843,3.36,5.194444444444445,-3.625
2021-12-06,27.34090909090909,37.921052631578945,3.4246575342465753,-2.9285714285714284,-1.2844036697247707,0.27450980392156865
2021-12-07,31.813953488372093,42.16216216216216,8.684931506849315,1.9615384615384615,0.5925925925925926,0.0784313725490196
2021-12-08,30.045454545454547,39.743589743589745,4.584415584415584,-0.5185185185185185,0.6226415094339622,0.6538461538461539
2021-12-09,32.25,43.19444444444444,4.866666666666666,3.4814814814814814,2.5660377358490565,0.1568627450980392
2021-12-10,29.53488372093023,40.0,6.5256410256410255,-2.4285714285714284,6.366336633663367,-0.7843137254901961
2021-12-11,33.319148936170215,40.048780487804876,8.9125,11.928571428571429,15.626506024096386,-4.761904761904762
2021-12-12,30.522727272727273,30.333333333333332,14.337349397590362,3.1785714285714284,13.774647887323944,-3.806451612903226
2021-12-13,28.772727272727273,37.10526315789474,-0.013513513513513514,-2.3448275862068964,3.130841121495327,0.5686274509803921
2021-12-14,34.18604651162791,42.567567567567565,2.189189189189189,-1.5185185185185186,2.9906542056074765,0.2692307692307692
2021-12-15,39.31818181818182,51.13513513513514,5.259740259740259,4.7407407407407405,3.4766355140186915,-0.46153846153846156
2021-12-16,46.0,59.588235294117645,8.618421052631579,12.777777777777779,1.528301886792453,-1.2884615384615385
2021-12-17,39.46511627906977,50.37837837837838,11.324675324675324,7.5,5.529411764705882,-1.6666666666666667
2021-12-18,40.680851063829785,48.025,13.91139240506329,20.75862068965517,17.925925925925927,-6.238095238095238
2021-12-19,44.95348837209303,48.2,21.40963855421687,21.0,21.102941176470587,-6.28125
2021-12-20,43.30232558139535,53.0,5.931506849315069,11.555555555555555,0.11214953271028037,-0.6666666666666666
2021-12-21,48.73809523809524,62.361111111111114,10.63013698630137,11.884615384615385,0.10377358490566038,-1.0769230769230769
2021-12-22,50.80952380952381,73.47222222222223,15.0,20.51851851851852,-0.6037735849056604,-1.6730769230769231
2021-12-23,59.27906976744186,93.96969696969697,24.013513513513512,33.0,-6.327102803738318,-2.25
2021-12-24,37.906976744186046,108.19444444444444,42.15714285714286,16.923076923076923,-26.038095238095238,1.5098039215686274
2021-12-25,-20.535714285714285,-25.977272727272727,-7.840909090909091,-39.8,-56.16842105263158,9.147058823529411
2021-12-26,24.91111111111111,17.166666666666668,12.095238095238095,-2.4074074074074074,-0.6301369863013698,-0.3225806451612903
2021-12-27,35.27272727272727,38.18421052631579,5.253521126760563,2.6923076923076925,-12.431192660550458,4.921568627450981
2021-12-28,40.883720930232556,46.08108108108108,12.027397260273972,0.9629629629629629,-6.607476635514018,2.730769230769231
2021-12-29,42.95348837209303,55.08108108108108,14.662162162162161,9.185185185185185,-6.775700934579439,2.3846153846153846
2021-12-30,55.627906976744185,82.05882352941177,22.534246575342465,21.11111111111111,-10.869158878504672,1.1923076923076923
2021-12-31,38.674418604651166,102.36111111111111,43.929577464788736,16.96,-27.047619047619047,2.9607843137254903
2022-01-01,-9.464285714285714,-21.441860465116278,0.8588235294117647,-34.74193548387097,-55.88297872340426,7.542857142857143
2022-01-02,25.711111111111112,17.38888888888889,10.341463414634147,-3.76,-8.68918918918919,-0.6774193548387096
2022-01-03,24.272727272727273,33.18421052631579,-3.191780821917808,-3.3333333333333335,-9.036697247706423,5.8431372549019605
2022-01-04,24.348837209302324,37.567567567567565,0.7333333333333333,-3.24,-0.7407407407407407,4.607843137254902
2022-01-05,23.837209302325583,38.205128205128204,1.8026315789473684,-2.4615384615384617,0.27358490566037735,4.846153846153846
2022-01-06,25.627906976744185,39.4,3.1973684210526314,2.6153846153846154,1.0,4.538461538461538
2022-01-07,18.3953488372093,30.46153846153846,-0.8,-8.241379310344827,4.990196078431373,5.285714285714286
2022-01-08,17.632653061224488,27.930232558139537,-0.39285714285714285,4.533333333333333,14.634146341463415,2.4871794871794872
2022-01-09,14.91304347826087,21.63888888888889,4.105882352941176,-2.740740740740741,7.444444444444445,2.8
2022-01-10,17.636363636363637,29.358974358974358,-3.0547945205479454,-8.5,3.111111111111111,4.666666666666667
2022-01-11,19.977272727272727,32.432432432432435,-1.0547945205479452,-4.153846153846154,2.30188679245283,4.96078431372549
2022-01-12,16.681818181818183,27.76923076923077,-3.3417721518987342,-3.3461538461538463,2.150943396226415,6.254901960784314
2022-01-13,21.045454545454547,33.86486486486486,-0.35064935064935066,-1.0,2.1792452830188678,6.098039215686274
2022-01-14,20.930232558139537,32.55263157894737,0.22077922077922077,-4.592592592592593,6.980392156862745,6.163265306122449
2022-01-15,24.5,38.023809523809526,4.119047619047619,7.933333333333334,17.301204819277107,2.8
2022-01-16,19.65909090909091,26.8,5.0476190476190474,1.6538461538461537,8.628571428571428,3.6666666666666665
2022-01-17,22.431818181818183,34.10526315789474,0.08333333333333333,-3.4074074074074074,4.420560747663552,6.196078431372549
2022-01-18,23.162790697674417,34.86486486486486,-0.136986301369863,-7.2592592592592595,4.264150943396227,6.352941176470588
2022-01-19,21.318181818181817,31.36842105263158,-1.5733333333333333,-3.4615384615384617,4.895238095238096,7.784313725490196
2022-01-20,22.772727272727273,33.83783783783784,-1.4933333333333334,-2.2222222222222223,4.25,7.980392156862745
2022-01-21,19.25581395348837,31.18421052631579,-1.0649350649350648,-5.321428571428571,9.465346534653465,7.530612244897959
2022-01-22,18.816326530612244,28.097560975609756,0.26506024096385544,6.566666666666666,17.074074074074073,5.384615384615385
2022-01-23,16.266666666666666,20.63888888888889,3.1604938271604937,-2.5714285714285716,10.217391304347826,5.233333333333333
2022-01-24,3.1555555555555554,14.538461538461538,-10.216216216216216,-26.93103448275862,0.14018691588785046,10.82
2022-01-25,12.422222222222222,24.055555555555557,-5.986666666666666,-21.444444444444443,1.471698113207547,9.22
2022-01-26,19.09090909090909,27.473684210526315,-2.3636363636363638,-4.814814814814815,5.773584905660377,8.431372549019608
2022-01-27,23.045454545454547,33.513513513513516,0.1038961038961039,3.1923076923076925,5.6826923076923075,7.921568627450981
2022-01-28,21.813953488372093,32.078947368421055,0.34615384615384615,-3.2962962962962963,11.287128712871286,7.530612244897959
2022-01-29,20.28,29.414634146341463,-2.7738095238095237,4.161290322580645,18.414634146341463,5.538461538461538
2022-01-30,22.09090909090909,25.714285714285715,5.156626506024097,-0.2222222222222222,12.507246376811594,3.933333333333333
2022-01-31,25.204545454545453,37.729729729729726,0.5068493150684932,-3.8518518518518516,9.160377358490566,7.254901960784314
2022-02-01,27.790697674418606,41.888888888888886,1.0273972602739727,-2.1923076923076925,8.184466019417476,7.196078431372549
2022-02-02,25.386363636363637,37.07692307692308,0.72,-1.6153846153846154,7.914285714285715,7.686274509803922
2022-02-03,25.84090909090909,40.486486486486484,0.9466666666666667,3.04,7.8076923076923075,7.8431372549019605
2022-02-04,22.511627906976745,36.31578947368421,0.7402597402597403,-4.444444444444445,11.98,7.428571428571429
2022-02-05,21.354166666666668,30.26829268292683,-1.4939759036144578,4.580645161290323,17.289156626506024,5.82051282051282
2022-02-06,20.195652173913043,25.47222222222222,5.506024096385542,0.6153846153846154,11.814285714285715,5.0
2022-02-07,21.045454545454547,30.897435897435898,-2.472972972972973,-4.7407407407407405,9.556603773584905,7.705882352941177
2022-02-08,21.0,31.2972972972973,-4.905405405405405,-7.8076923076923075,7.6380952380952385,8.02
2022-02-09,21.477272727272727,30.923076923076923,-2.9740259740259742,-6.576923076923077,7.6380952380952385,8.137254901960784
2022-02-10,25.0,37.054054054054056,0.02666666666666667,0.38461538461538464,6.634615384615385,8.16
2022-02-11,20.74418604651163,32.94736842105263,-1.1794871794871795,-6.0,11.55,7.612244897959184
2022-02-12,22.142857142857142,30.69047619047619,1.3614457831325302,3.2413793103448274,16.878048780487806,5.17948717948718
2022-02-13,20.32608695652174,24.2,3.9518072289156625,-3.3461538461538463,10.971830985915492,4.896551724137931
2022-02-14,39.23255813953488,38.39473684210526,6.698630136986301,-1.1481481481481481,11.169811320754716,5.2745098039215685
2022-02-15,25.372093023255815,37.189189189189186,-1.8904109589041096,-5.384615384615385,9.942857142857143,6.5
2022-02-16,23.363636363636363,35.68421052631579,-0.32051282051282054,-2.6,10.019047619047619,7.04
2022-02-17,24.818181818181817,38.810810810810814,1.1710526315789473,-0.6538461538461539,10.423076923076923,6.549019607843137
2022-02-18,21.0,33.1025641025641,2.5641025641025643,-6.892857142857143,15.616161616161616,5.63265306122449
2022-02-19,21.8,30.804878048780488,1.1097560975609757,2.7096774193548385,18.77777777777778,5.0
2022-02-20,19.466666666666665,24.63888888888889,6.670731707317073,-1.8846153846153846,11.657142857142857,4.3
2022-02-21,20.113636363636363,30.473684210526315,1.4931506849315068,-5.148148148148148,13.377358490566039,6.2745098039215685
2022-02-22,22.136363636363637,31.054054054054053,3.918918918918919,-4.923076923076923,12.96116504854369,5.823529411764706
2022-02-23,20.886363636363637,29.81578947368421,5.1466666666666665,-3.3461538461538463,12.25242718446602,6.54
2022-02-24,19.931818181818183,32.666666666666664,5.828947368421052,-3.230769230769231,11.73076923076923,6.235294117647059
2022-02-25,22.86046511627907,33.10526315789474,5.756410256410256,-3.6923076923076925,17.282828282828284,6.163265306122449
2022-02-26,22.79591836734694,34.11904761904762,6.228915662650603,5.774193548387097,20.469135802469136,3.8205128205128207
2022-02-27,23.555555555555557,30.055555555555557,11.963414634146341,-1.5185185185185186,16.671641791044777,3.1666666666666665
2022-02-28,25.772727272727273,38.12820512820513,7.666666666666667,-2.2962962962962963,16.523809523809526,5.470588235294118
2022-03-01,28.227272727272727,41.972972972972975,7.958904109589041,-2.6153846153846154,14.872549019607844,5.862745098039215
2022-03-02,25.863636363636363,37.8421052631579,13.094594594594595,0.5185185185185185,15.558823529411764,5.764705882352941
2022-03-03,27.022727272727273,39.567567567567565,13.653333333333334,1.76,16.009615384615383,7.019607843137255
2022-03-04,24.6046511627907,34.578947368421055,12.467532467532468,-3.423076923076923,20.153061224489797,7.489795918367347
2022-03-05,25.52,33.095238095238095,10.716049382716049,9.387096774193548,21.580246913580247,5.948717948717949
2022-03-06,24.2,27.17142857142857,17.25609756097561,2.6666666666666665,17.223880597014926,5.033333333333333
2022-03-07,19.045454545454547,29.58974358974359,12.01388888888889,-6.321428571428571,20.281553398058254,9.06
2022-03-08,26.181818181818183,30.675675675675677,15.915492957746478,-3.6538461538461537,20.07843137254902,8.9
2022-03-09,20.0,26.923076923076923,11.98611111111111,-5.12,19.38,10.54
2022-03-10,23.545454545454547,30.89189189189189,16.06756756756757,-1.0,20.40776699029126,11.26
2022-03-11,24.069767441860463,30.102564102564102,16.75,-0.6296296296296297,25.0,10.755102040816327
2022-03-12,21.64,27.357142857142858,13.1,10.0,25.049382716049383,9.527777777777779
2022-03-13,19.88888888888889,20.91891891891892,14.012345679012345,0.12,18.779411764705884,8.766666666666667
2022-03-14,21.068181818181817,26.736842105263158,10.76923076923077,-1.25,23.366336633663366,11.74
2022-03-15,27.25,35.75,18.34328358208955,-0.11538461538461539,22.4,10.76
2022-03-16,27.0,33.810810810810814,16.944444444444443,2.04,22.262626262626263,10.42
2022-03-17,26.34090909090909,33.729729729729726,17.416666666666668,0.48,21.61,11.1
2022-03-18,24.74418604651163,32.1578947368421,18.337662337662337,0.2222222222222222,24.760416666666668,10.291666666666666
2022-03-19,25.24,32.2,18.6375,6.178571428571429,24.037037037037038,8.432432432432432
2022-03-20,23.822222222222223,26.47222222222222,19.088607594936708,2.8,19.044117647058822,7.3
2022-03-21,20.84090909090909,27.871794871794872,12.814285714285715,-0.037037037037037035,23.815533980582526,11.52
2022-03-22,23.568181818181817,29.405405405405407,16.92753623188406,-3.8846153846153846,22.97,10.96
2022-03-23,21.681818181818183,28.205128205128204,14.732394366197184,-1.0769230769230769,23.161616161616163,10.86
2022-03-24,22.84090909090909,29.157894736842106,13.602739726027398,-0.72,22.627450980392158,11.26
2022-03-25,22.46511627906977,28.783783783783782,15.306666666666667,-3.4814814814814814,26.5,10.591836734693878
2022-03-26,24.2,29.951219512195124,15.317073170731707,7.833333333333333,25.938271604938272,8.783783783783784
2022-03-27,24.511111111111113,25.72972972972973,17.756410256410255,2.259259259259259,19.705882352941178,7.366666666666666
2022-03-28,19.681818181818183,27.85,8.81159420289855,-3.5714285714285716,25.637254901960784,11.16
2022-03-29,23.727272727272727,31.7027027027027,15.347826086956522,-2.0,24.61,10.76
2022-03-30,24.0,35.189189189189186,14.140845070422536,-3.4,24.404040404040405,10.58
2022-03-31,32.15909090909091,44.78378378378378,19.291666666666668,2.6,24.15,9.44
2022-04-01,29.976744186046513,41.05263157894737,20.52,-2.730769230769231,28.302083333333332,8.795918367346939
2022-04-02,30.367346938775512,39.48780487804878,21.703703703703702,10.379310344827585,25.6125,6.7368421052631575
2022-04-03,30.8,34.55555555555556,25.075949367088608,6.217391304347826,20.34328358208955,5.333333333333333
2022-04-04,25.363636363636363,33.97435897435897,13.149253731343284,-0.32142857142857145,25.970588235294116,9.62
2022-04-05,30.204545454545453,37.72222222222222,19.485294117647058,-3.076923076923077,23.68686868686869,9.36
2022-04-06,27.181818181818183,34.473684210526315,18.239436619718308,-1.0384615384615385,23.696969696969695,9.66
2022-04-07,31.681818181818183,38.94444444444444,20.61111111111111,3.64,22.61,8.96
2022-04-08,29.651162790697676,34.10526315789474,17.675675675675677,-4.769230769230769,24.34375,9.204081632653061
2022-04-09,30.591836734693878,36.926829268292686,19.0,7.689655172413793,26.160493827160494,7.486486486486487
2022-04-10,36.44444444444444,37.44444444444444,34.06410256410256,6.0,26.940298507462686,5.2
2022-04-11,40.07142857142857,45.75675675675676,24.515151515151516,5.592592592592593,10.238095238095237,10.3
2022-04-12,48.41463414634146,53.45945945945946,30.303030303030305,10.576923076923077,5.895238095238096,9.5
2022-04-13,58.285714285714285,74.41666666666667,43.890625,22.28,-11.39622641509434,11.14
2022-04-14,44.26190476190476,58.1764705882353,48.90909090909091,-9.91304347826087,-44.293577981651374,15.877551020408163
2022-04-15,22.022222222222222,20.157894736842106,56.67164179104478,-25.433333333333334,-54.75,20.543478260869566
2022-04-16,18.666666666666668,9.609756097560975,22.893333333333334,-16.310344827586206,-39.07368421052632,11.333333333333334
2022-04-17,17.72093023255814,17.62162162162162,22.038961038961038,-2.64,1.2916666666666667,7.033333333333333
2022-04-18,27.795454545454547,37.32432432432432,16.611940298507463,5.296296296296297,21.91176470588235,10.56
2022-04-19,26.813953488372093,36.891891891891895,19.37313432835821,-0.15384615384615385,23.32,10.56
2022-04-20,25.34090909090909,33.58974358974359,17.211267605633804,-0.23076923076923078,23.43,11.06
2022-04-21,25.976744186046513,36.30555555555556,16.465753424657535,-0.38461538461538464,23.607843137254903,10.94
2022-04-22,24.372093023255815,32.2972972972973,14.743589743589743,-3.111111111111111,28.166666666666668,10.591836734693878
2022-04-23,21.958333333333332,29.658536585365855,12.024096385542169,4.366666666666666,26.728395061728396,9.243243243243244
2022-04-24,22.65909090909091,26.194444444444443,16.926829268292682,-0.7777777777777778,21.19402985074627,7.4
2022-04-25,17.74418604651163,27.512820512820515,7.029411764705882,-10.428571428571429,24.81188118811881,12.34
2022-04-26,24.136363636363637,31.416666666666668,17.558823529411764,-9.384615384615385,25.51,11.02
2022-04-27,24.88372093023256,31.789473684210527,15.152777777777779,-0.5769230769230769,24.90909090909091,10.34
2022-04-28,30.386363636363637,38.888888888888886,18.45205479452055,3.52,25.38235294117647,10.48
2022-04-29,31.27906976744186,40.62162162162162,17.324675324675326,-0.07407407407407407,28.28125,9.387755102040817
2022-04-30,34.355555555555554,46.0,22.061728395061728,10.344827586206897,28.375,6.815789473684211
2022-05-01,39.13333333333333,42.611111111111114,27.92207792207792,6.0,19.074626865671643,5.666666666666667
2022-05-02,35.36363636363637,45.16216216216216,14.264705882352942,1.4230769230769231,0.03773584905660377,13.551020408163266
2022-05-03,31.522727272727273,42.513513513513516,23.147058823529413,0.9230769230769231,25.747474747474747,9.1
2022-05-04,29.15909090909091,37.86842105263158,16.26388888888889,1.8846153846153846,25.92,9.8
2022-05-05,32.23255813953488,42.111111111111114,17.16216216216216,3.6538461538461537,24.46078431372549,9.48
2022-05-06,27.651162790697676,35.89473684210526,13.91025641025641,-0.14814814814814814,28.677083333333332,9.46938775510204
2022-05-07,29.583333333333332,36.34146341463415,16.621951219512194,11.620689655172415,27.419753086419753,7.578947368421052
2022-05-08,31.318181818181817,32.857142857142854,19.085365853658537,3.04,24.08955223880597,6.4
2022-05-09,31.295454545454547,37.743589743589745,17.75,5.518518518518518,28.294117647058822,9.2
2022-05-10,58.906976744186046,52.108108108108105,32.0,7.076923076923077,17.97029702970297,7.32
2022-05-11,28.204545454545453,33.526315789473685,17.305555555555557,1.5769230769230769,25.63,9.3
2022-05-12,27.325581395348838,36.37837837837838,18.945945945945947,-0.038461538461538464,25.198019801980198,10.0
2022-05-13,27.72093023255814,35.78947368421053,18.181818181818183,-0.37037037037037035,28.729166666666668,9.326530612244898
