date,retail_and_recreation_percent_change_from_baseline_Haiti,grocery_and_pharmacy_percent_change_from_baseline_Haiti,parks_percent_change_from_baseline_Haiti,transit_stations_percent_change_from_baseline_Haiti,workplaces_percent_change_from_baseline_Haiti,residential_percent_change_from_baseline_Haiti
2020-02-15,-5.666666666666667,-1.0,-4.833333333333333,-6.333333333333333,1.7777777777777777,1.6666666666666667
2020-02-16,-1.3333333333333333,2.3333333333333335,0.5,-10.333333333333334,3.8,0.6666666666666666
2020-02-17,-5.666666666666667,-4.333333333333333,-7.5,-5.666666666666667,-1.7,1.6666666666666667
2020-02-18,-6.666666666666667,-4.0,-7.166666666666667,-7.666666666666667,1.4444444444444444,1.6666666666666667
2020-02-19,-11.0,-10.0,-5.166666666666667,-14.75,-3.6,2.6666666666666665
2020-02-20,-10.0,-7.666666666666667,-9.833333333333334,-7.666666666666667,-3.7,4.0
2020-02-21,-7.333333333333333,-4.666666666666667,-8.166666666666666,-6.333333333333333,-5.111111111111111,3.0
2020-02-22,-7.0,-4.0,-6.333333333333333,-8.0,-2.5555555555555554,1.0
2020-02-23,-19.333333333333332,-24.333333333333332,-9.833333333333334,-21.333333333333332,-4.8,3.6666666666666665
2020-02-24,-44.0,-47.333333333333336,-16.8,-46.333333333333336,-32.1,18.333333333333332
2020-02-25,-35.0,-30.333333333333332,-10.666666666666666,-31.333333333333332,-33.0,14.0
2020-02-26,-29.0,-22.0,-9.666666666666666,-25.0,-31.6,12.333333333333334
2020-02-27,-6.333333333333333,-6.0,-4.833333333333333,-2.3333333333333335,-4.2,4.0
2020-02-28,-6.666666666666667,-3.3333333333333335,-4.666666666666667,-8.666666666666666,-2.7777777777777777,4.0
2020-02-29,-5.0,-2.0,-9.666666666666666,-12.333333333333334,-0.125,2.3333333333333335
2020-03-01,-9.333333333333334,-7.0,-16.5,-11.666666666666666,-2.6,3.0
2020-03-02,-3.3333333333333335,-3.0,-7.5,-7.333333333333333,2.1,1.0
2020-03-03,-5.333333333333333,-4.0,-8.0,-4.666666666666667,1.6666666666666667,2.6666666666666665
2020-03-04,-3.6666666666666665,-5.0,-4.166666666666667,-11.75,3.1,1.6666666666666667
2020-03-05,-4.0,-4.666666666666667,-1.5,-5.0,3.6666666666666665,1.3333333333333333
2020-03-06,-3.0,-1.6666666666666667,-4.833333333333333,-3.0,5.555555555555555,1.0
2020-03-07,-3.6666666666666665,-0.6666666666666666,-8.666666666666666,-8.0,1.8888888888888888,1.6666666666666667
2020-03-08,-8.666666666666666,-9.0,-17.5,-6.666666666666667,-3.8333333333333335,2.3333333333333335
2020-03-09,-8.0,-10.0,-11.5,-9.333333333333334,0.3,2.0
2020-03-10,-8.666666666666666,-7.333333333333333,-6.833333333333333,-4.333333333333333,3.5555555555555554,1.6666666666666667
2020-03-11,-6.666666666666667,-6.666666666666667,-7.833333333333333,-13.0,2.3,1.6666666666666667
2020-03-12,-8.666666666666666,-1.3333333333333333,-7.833333333333333,-1.6666666666666667,1.5555555555555556,1.3333333333333333
2020-03-13,-3.6666666666666665,3.3333333333333335,-8.0,-3.6666666666666665,2.4444444444444446,0.0
2020-03-14,-1.6666666666666667,4.333333333333333,-10.5,-10.333333333333334,2.888888888888889,-0.3333333333333333
2020-03-15,-4.666666666666667,-2.0,-11.166666666666666,-9.0,2.2,0.0
2020-03-16,-6.333333333333333,-2.0,-12.166666666666666,-3.3333333333333335,1.3,-1.0
2020-03-17,-7.0,-2.6666666666666665,-13.0,-14.666666666666666,2.6666666666666665,-2.0
2020-03-18,-7.0,-3.6666666666666665,-8.833333333333334,-17.0,1.7,0.3333333333333333
2020-03-19,-10.0,-1.0,-7.0,-18.0,0.7777777777777778,0.0
2020-03-20,-14.0,16.0,-10.166666666666666,-21.666666666666668,-18.444444444444443,6.666666666666667
2020-03-21,-27.0,-14.0,-19.166666666666668,-45.0,-14.333333333333334,7.0
2020-03-22,-34.0,-29.666666666666668,-20.5,-50.666666666666664,-13.428571428571429,7.333333333333333
2020-03-23,-31.0,-25.333333333333332,-19.833333333333332,-43.0,-28.7,12.0
2020-03-24,-36.333333333333336,-27.333333333333332,-22.333333333333332,-45.333333333333336,-28.9,12.0
2020-03-25,-37.0,-29.666666666666668,-20.333333333333332,-43.25,-31.8,12.0
2020-03-26,-37.666666666666664,-27.666666666666668,-20.166666666666668,-46.666666666666664,-32.5,13.0
2020-03-27,-38.666666666666664,-23.0,-23.5,-45.0,-29.3,12.666666666666666
2020-03-28,-37.666666666666664,-25.666666666666668,-21.333333333333332,-52.666666666666664,-20.333333333333332,7.666666666666667
2020-03-29,-38.333333333333336,-33.333333333333336,-20.833333333333332,-52.333333333333336,-14.714285714285714,7.0
2020-03-30,-36.666666666666664,-29.333333333333332,-18.666666666666668,-50.666666666666664,-31.4,12.666666666666666
2020-03-31,-36.333333333333336,-29.333333333333332,-18.166666666666668,-46.0,-29.3,12.666666666666666
2020-04-01,-34.0,-29.0,-17.0,-46.0,-30.2,12.666666666666666
2020-04-02,-36.333333333333336,-27.333333333333332,-19.0,-54.333333333333336,-30.9,13.0
2020-04-03,-35.0,-25.333333333333332,-21.166666666666668,-52.0,-28.8,12.666666666666666
2020-04-04,-38.333333333333336,-28.666666666666668,-21.333333333333332,-56.666666666666664,-18.666666666666668,9.0
2020-04-05,-38.666666666666664,-38.0,-17.333333333333332,-57.333333333333336,-12.714285714285714,8.0
2020-04-06,-32.333333333333336,-28.0,-21.166666666666668,-52.0,-28.1,11.666666666666666
2020-04-07,-34.333333333333336,-26.333333333333332,-18.333333333333332,-48.0,-29.5,11.666666666666666
2020-04-08,-33.333333333333336,-26.333333333333332,-20.166666666666668,-51.5,-32.7,13.666666666666666
2020-04-09,-31.666666666666668,-18.333333333333332,-16.0,-50.0,-34.4,12.666666666666666
2020-04-10,-54.666666666666664,-52.666666666666664,-24.5,-66.0,-46.2,19.333333333333332
2020-04-11,-42.333333333333336,-26.0,-22.166666666666668,-60.666666666666664,-22.666666666666668,11.333333333333334
2020-04-12,-43.666666666666664,-43.0,-22.0,-57.75,-18.0,9.0
2020-04-13,-35.666666666666664,-32.666666666666664,-23.0,-54.666666666666664,-32.3,12.666666666666666
2020-04-14,-37.333333333333336,-33.0,-18.5,-54.0,-30.8,12.666666666666666
2020-04-15,-37.666666666666664,-32.666666666666664,-18.5,-52.75,-32.8,13.666666666666666
2020-04-16,-34.666666666666664,-28.0,-17.0,-54.0,-31.6,12.333333333333334
2020-04-17,-35.666666666666664,-28.0,-22.166666666666668,-49.333333333333336,-29.11111111111111,13.333333333333334
2020-04-18,-35.333333333333336,-26.666666666666668,-19.5,-54.0,-18.88888888888889,8.333333333333334
2020-04-19,-37.666666666666664,-37.666666666666664,-18.0,-56.25,-14.428571428571429,8.0
2020-04-20,-30.333333333333332,-27.333333333333332,-19.333333333333332,-48.333333333333336,-27.5,11.0
2020-04-21,-33.333333333333336,-29.0,-19.833333333333332,-50.0,-29.444444444444443,10.666666666666666
2020-04-22,-34.666666666666664,-29.0,-16.666666666666668,-51.25,-28.2,12.333333333333334
2020-04-23,-33.0,-28.333333333333332,-17.166666666666668,-53.333333333333336,-27.7,12.0
2020-04-24,-35.0,-27.333333333333332,-21.833333333333332,-49.333333333333336,-28.11111111111111,12.0
2020-04-25,-37.0,-28.0,-21.0,-56.333333333333336,-17.22222222222222,8.0
2020-04-26,-39.666666666666664,-36.666666666666664,-19.833333333333332,-53.0,-14.714285714285714,6.333333333333333
2020-04-27,-37.0,-34.666666666666664,-28.0,-53.333333333333336,-28.9,10.333333333333334
2020-04-28,-35.666666666666664,-32.0,-23.5,-50.5,-27.2,6.666666666666667
2020-04-29,-30.333333333333332,-27.666666666666668,-13.666666666666666,-53.0,-27.2,11.0
2020-04-30,-28.0,-21.333333333333332,-14.666666666666666,-48.0,-24.1,10.0
2020-05-01,-46.666666666666664,-34.333333333333336,-18.0,-58.333333333333336,-38.4,16.0
2020-05-02,-33.666666666666664,-24.333333333333332,-17.833333333333332,-50.333333333333336,-17.0,8.0
2020-05-03,-39.666666666666664,-35.0,-19.166666666666668,-51.0,-15.285714285714286,8.0
2020-05-04,-30.333333333333332,-24.666666666666668,-21.333333333333332,-41.666666666666664,-26.1,10.666666666666666
2020-05-05,-31.333333333333332,-24.333333333333332,-17.5,-46.25,-26.666666666666668,11.666666666666666
2020-05-06,-30.0,-25.333333333333332,-18.166666666666668,-48.75,-26.4,10.666666666666666
2020-05-07,-30.0,-24.0,-14.833333333333334,-43.0,-25.2,9.0
2020-05-08,-30.333333333333332,-22.0,-16.166666666666668,-43.666666666666664,-24.11111111111111,11.0
2020-05-09,-30.666666666666668,-22.333333333333332,-16.833333333333332,-48.0,-13.0,6.333333333333333
2020-05-10,-35.333333333333336,-31.666666666666668,-21.0,-51.75,-13.142857142857142,7.0
2020-05-11,-28.0,-25.333333333333332,-16.833333333333332,-45.0,-21.4,9.0
2020-05-12,-31.0,-25.0,-19.333333333333332,-43.75,-25.77777777777778,10.333333333333334
2020-05-13,-33.0,-29.0,-21.166666666666668,-47.5,-26.2,10.333333333333334
2020-05-14,-30.333333333333332,-25.333333333333332,-17.666666666666668,-45.333333333333336,-25.1,9.0
2020-05-15,-29.0,-22.0,-15.666666666666666,-41.0,-22.0,11.0
2020-05-16,-29.0,-20.666666666666668,-12.333333333333334,-46.333333333333336,-11.222222222222221,7.333333333333333
2020-05-17,-35.0,-31.333333333333332,-18.666666666666668,-51.666666666666664,-8.2,6.0
2020-05-18,-50.0,-48.0,-24.833333333333332,-61.333333333333336,-40.5,16.666666666666668
2020-05-19,-30.333333333333332,-23.666666666666668,-20.5,-48.5,-24.666666666666668,11.0
2020-05-20,-30.0,-24.333333333333332,-14.833333333333334,-48.25,-25.4,11.666666666666666
2020-05-21,-30.333333333333332,-24.0,-17.333333333333332,-47.0,-26.1,13.0
2020-05-22,-32.333333333333336,-24.666666666666668,-22.5,-46.0,-25.11111111111111,12.666666666666666
2020-05-23,-33.666666666666664,-25.0,-22.333333333333332,-51.0,-15.11111111111111,9.0
2020-05-24,-37.333333333333336,-35.666666666666664,-22.0,-52.333333333333336,-12.0,8.666666666666666
2020-05-25,-31.666666666666668,-28.0,-19.5,-45.666666666666664,-24.4,12.333333333333334
2020-05-26,-32.333333333333336,-29.333333333333332,-23.166666666666668,-46.5,-26.4,11.333333333333334
2020-05-27,-35.0,-31.666666666666668,-26.166666666666668,-51.0,-32.7,12.0
2020-05-28,-35.0,-31.666666666666668,-24.166666666666668,-49.0,-32.3,11.666666666666666
2020-05-29,-33.333333333333336,-26.333333333333332,-23.166666666666668,-46.0,-26.5,11.0
2020-05-30,-26.333333333333332,-16.666666666666668,-20.0,-44.333333333333336,-15.777777777777779,7.333333333333333
2020-05-31,-29.666666666666668,-22.0,-17.833333333333332,-51.666666666666664,-8.166666666666666,5.666666666666667
2020-06-01,-27.666666666666668,-26.333333333333332,-20.5,-46.333333333333336,-25.0,10.666666666666666
2020-06-02,-32.0,-25.666666666666668,-18.0,-44.25,-24.8,12.0
2020-06-03,-30.0,-27.333333333333332,-17.0,-46.75,-26.4,12.0
2020-06-04,-30.333333333333332,-25.333333333333332,-17.666666666666668,-44.333333333333336,-25.1,11.666666666666666
2020-06-05,-31.0,-22.0,-20.5,-44.333333333333336,-26.11111111111111,11.666666666666666
2020-06-06,-32.333333333333336,-25.333333333333332,-19.833333333333332,-48.666666666666664,-14.0,7.666666666666667
2020-06-07,-37.333333333333336,-35.333333333333336,-21.5,-54.0,-7.833333333333333,8.0
2020-06-08,-26.666666666666668,-24.666666666666668,-19.5,-43.333333333333336,-23.4,11.333333333333334
2020-06-09,-27.666666666666668,-25.333333333333332,-20.166666666666668,-43.25,-24.22222222222222,11.666666666666666
2020-06-10,-25.333333333333332,-23.333333333333332,-14.0,-43.0,-24.7,12.0
2020-06-11,-37.666666666666664,-34.333333333333336,-16.833333333333332,-47.0,-36.4,16.0
2020-06-12,-24.0,-21.333333333333332,-18.833333333333332,-36.666666666666664,-23.88888888888889,12.0
2020-06-13,-29.0,-25.666666666666668,-22.166666666666668,-45.666666666666664,-14.11111111111111,9.0
2020-06-14,-34.333333333333336,-33.333333333333336,-22.666666666666668,-49.333333333333336,-8.166666666666666,9.0
2020-06-15,-22.666666666666668,-24.666666666666668,-16.666666666666668,-36.666666666666664,-22.8,10.666666666666666
2020-06-16,-27.0,-26.0,-17.5,-39.5,-24.88888888888889,11.666666666666666
2020-06-17,-29.333333333333332,-28.666666666666668,-19.666666666666668,-44.5,-24.6,12.666666666666666
2020-06-18,-28.333333333333332,-26.333333333333332,-17.0,-40.666666666666664,-23.5,12.333333333333334
2020-06-19,-28.0,-24.333333333333332,-16.166666666666668,-37.666666666666664,-20.6,12.0
2020-06-20,-27.0,-22.666666666666668,-18.666666666666668,-41.333333333333336,-13.88888888888889,7.333333333333333
2020-06-21,-32.666666666666664,-32.666666666666664,-24.166666666666668,-48.75,-11.333333333333334,7.0
2020-06-22,-27.666666666666668,-29.0,-25.5,-45.666666666666664,-25.2,10.333333333333334
2020-06-23,-26.333333333333332,-26.0,-18.0,-40.5,-24.77777777777778,9.666666666666666
2020-06-24,-24.333333333333332,-26.333333333333332,-14.666666666666666,-44.5,-25.0,10.0
2020-06-25,-24.666666666666668,-25.666666666666668,-14.5,-40.333333333333336,-26.0,10.333333333333334
2020-06-26,-23.333333333333332,-21.666666666666668,-16.666666666666668,-37.333333333333336,-25.0,10.0
2020-06-27,-24.333333333333332,-22.0,-18.0,-42.666666666666664,-14.88888888888889,6.666666666666667
2020-06-28,-31.333333333333332,-32.333333333333336,-22.166666666666668,-54.333333333333336,-16.571428571428573,7.0
2020-06-29,-25.333333333333332,-28.0,-18.333333333333332,-41.0,-25.7,10.333333333333334
2020-06-30,-22.333333333333332,-24.0,-21.166666666666668,-39.75,-24.6,8.333333333333334
2020-07-01,-20.666666666666668,-23.666666666666668,-19.0,-37.25,-25.3,10.333333333333334
2020-07-02,-22.333333333333332,-22.666666666666668,-14.833333333333334,-36.666666666666664,-26.2,11.0
2020-07-03,-18.0,-18.0,-18.833333333333332,-30.333333333333332,-24.444444444444443,10.333333333333334
2020-07-04,-20.666666666666668,-19.666666666666668,-15.0,-36.0,-15.444444444444445,8.333333333333334
2020-07-05,-21.666666666666668,-29.0,-16.833333333333332,-41.25,-12.428571428571429,6.333333333333333
2020-07-06,-14.666666666666666,-20.333333333333332,-19.166666666666668,-26.333333333333332,-25.2,8.666666666666666
2020-07-07,-21.0,-22.333333333333332,-15.0,-33.0,-26.555555555555557,10.666666666666666
2020-07-08,-20.0,-25.333333333333332,-18.333333333333332,-33.0,-26.0,11.333333333333334
2020-07-09,-17.333333333333332,-20.0,-12.833333333333334,-32.333333333333336,-24.8,9.333333333333334
2020-07-10,-18.0,-20.666666666666668,-17.5,-31.666666666666668,-24.333333333333332,10.333333333333334
2020-07-11,-16.666666666666668,-20.0,-15.5,-36.666666666666664,-12.88888888888889,6.333333333333333
2020-07-12,-16.666666666666668,-25.333333333333332,-13.833333333333334,-36.0,-9.6,4.666666666666667
2020-07-13,-16.0,-22.333333333333332,-17.0,-31.333333333333332,-23.9,8.666666666666666
2020-07-14,-16.666666666666668,-21.666666666666668,-13.0,-34.75,-24.0,9.333333333333334
2020-07-15,-16.333333333333332,-21.666666666666668,-15.833333333333334,-34.0,-26.1,9.0
2020-07-16,-17.333333333333332,-21.0,-10.5,-26.666666666666668,-24.1,8.0
2020-07-17,-17.333333333333332,-18.0,-18.333333333333332,-21.0,-24.666666666666668,8.0
2020-07-18,-18.333333333333332,-21.666666666666668,-15.666666666666666,-31.333333333333332,-16.333333333333332,6.0
2020-07-19,-23.0,-26.666666666666668,-17.833333333333332,-36.666666666666664,-15.571428571428571,4.0
2020-07-20,-15.0,-21.0,-16.0,-25.333333333333332,-24.1,7.0
2020-07-21,-18.333333333333332,-22.333333333333332,-19.833333333333332,-29.25,-27.22222222222222,8.666666666666666
2020-07-22,-23.333333333333332,-29.0,-24.166666666666668,-35.25,-28.3,9.333333333333334
2020-07-23,-23.0,-25.666666666666668,-19.166666666666668,-30.0,-26.7,7.666666666666667
2020-07-24,-19.333333333333332,-19.666666666666668,-17.666666666666668,-26.333333333333332,-25.555555555555557,7.333333333333333
2020-07-25,-19.0,-21.666666666666668,-12.833333333333334,-35.333333333333336,-19.0,5.0
2020-07-26,-22.0,-22.666666666666668,-13.333333333333334,-33.333333333333336,-15.428571428571429,4.0
2020-07-27,-16.666666666666668,-21.666666666666668,-16.0,-24.666666666666668,-25.4,6.0
2020-07-28,-17.0,-23.0,-15.166666666666666,-28.25,-24.4,6.0
2020-07-29,-17.333333333333332,-18.333333333333332,-12.5,-28.5,-27.4,6.333333333333333
2020-07-30,-18.333333333333332,-17.0,-14.5,-31.25,-30.6,8.0
2020-07-31,-22.666666666666668,-22.0,-22.5,-34.666666666666664,-29.3,10.0
2020-08-01,-14.666666666666666,-16.666666666666668,-16.333333333333332,-26.0,-17.666666666666668,4.0
2020-08-02,-17.0,-23.0,-15.166666666666666,-34.0,-15.142857142857142,3.0
2020-08-03,-10.666666666666666,-15.666666666666666,-13.0,-17.666666666666668,-23.6,5.0
2020-08-04,-15.0,-19.0,-15.5,-30.25,-26.444444444444443,7.0
2020-08-05,-11.0,-16.666666666666668,-10.833333333333334,-24.25,-25.7,6.333333333333333
2020-08-06,-10.666666666666666,-15.666666666666666,-9.166666666666666,-16.333333333333332,-23.3,6.333333333333333
2020-08-07,-8.666666666666666,-10.333333333333334,-6.833333333333333,-17.666666666666668,-21.555555555555557,6.0
2020-08-08,-7.666666666666667,-12.0,-8.5,-19.666666666666668,-15.0,3.0
2020-08-09,-10.0,-12.0,-6.666666666666667,-21.666666666666668,-9.5,1.3333333333333333
2020-08-10,-5.666666666666667,-12.666666666666666,-12.166666666666666,-19.333333333333332,-23.0,4.0
2020-08-11,-5.0,-12.666666666666666,-6.833333333333333,-26.0,-23.666666666666668,4.0
2020-08-12,-4.333333333333333,-10.666666666666666,-7.0,-19.25,-24.5,4.0
2020-08-13,-4.333333333333333,-9.333333333333334,-6.166666666666667,-17.666666666666668,-24.2,4.0
2020-08-14,-5.0,-2.6666666666666665,-6.833333333333333,-14.666666666666666,-22.2,3.6666666666666665
2020-08-15,-13.0,-12.0,-7.333333333333333,-19.333333333333332,-20.666666666666668,2.3333333333333335
2020-08-16,-7.333333333333333,-12.0,-7.166666666666667,-20.0,-15.142857142857142,0.0
2020-08-17,0.0,-5.0,-9.0,-13.0,-29.333333333333332,1.0
2020-08-18,-3.0,-8.0,-5.0,-17.5,-25.666666666666668,0.3333333333333333
2020-08-19,-3.0,-10.0,-6.0,-9.0,-26.666666666666668,1.6666666666666667
2020-08-20,-3.0,-8.0,-6.5,-15.0,-26.0,2.3333333333333335
2020-08-21,1.0,-5.0,-5.5,-18.0,-27.333333333333332,1.6666666666666667
2020-08-22,0.0,-6.666666666666667,-5.0,-16.0,-18.666666666666668,0.0
2020-08-23,-46.0,-46.5,-44.5,-51.0,-38.666666666666664,13.333333333333334
2020-08-24,-7.0,-13.0,-12.5,-23.0,-29.333333333333332,3.0
2020-08-25,-4.0,-7.5,-3.5,-16.0,-26.666666666666668,1.6666666666666667
2020-08-26,-1.0,-6.0,-4.0,-1.0,-24.333333333333332,1.3333333333333333
2020-08-27,0.0,-5.5,-4.0,-13.0,-24.0,1.0
2020-08-28,-1.0,-3.5,-5.0,-11.0,-25.0,1.3333333333333333
2020-08-29,-2.0,-7.0,-4.0,-11.0,-20.0,1.0
2020-08-30,,-10.0,-14.0,-22.0,-17.666666666666668,1.3333333333333333
2020-08-31,-2.0,-6.5,-9.5,-12.0,-24.666666666666668,1.0
2020-09-01,-9.0,-12.0,-16.0,-16.5,-28.0,5.0
2020-09-02,-4.0,-8.5,-10.0,-13.0,-26.0,3.6666666666666665
2020-09-03,-5.0,-9.0,-12.5,-15.0,-27.333333333333332,5.666666666666667
2020-09-04,2.0,-4.5,-10.5,-12.0,-25.0,4.333333333333333
2020-09-05,9.0,-5.0,-3.5,-14.0,-19.333333333333332,2.6666666666666665
2020-09-06,,-10.0,-17.5,-23.0,-16.666666666666668,2.3333333333333335
2020-09-07,0.0,-13.0,-11.0,-17.0,-26.0,4.0
2020-09-08,0.0,-8.0,-7.0,-17.0,-25.0,4.0
2020-09-09,-10.0,-12.5,-15.0,-15.0,-26.0,8.0
2020-09-10,-2.0,-8.5,-11.5,-13.0,-23.333333333333332,7.0
2020-09-11,-1.6666666666666667,-8.0,-18.666666666666668,-2.3333333333333335,-19.11111111111111,7.333333333333333
2020-09-12,-6.666666666666667,-16.666666666666668,-15.333333333333334,-26.75,-15.555555555555555,7.333333333333333
2020-09-13,-2.3333333333333335,-9.666666666666666,-20.833333333333332,-12.666666666666666,-19.0,6.0
2020-09-14,-22.666666666666668,-28.0,-23.666666666666668,-21.0,-18.1,12.666666666666666
2020-09-15,-6.666666666666667,-12.0,-21.833333333333332,-14.666666666666666,-17.555555555555557,8.666666666666666
2020-09-16,-4.666666666666667,-13.0,-17.333333333333332,-11.5,-18.0,7.0
2020-09-17,-5.666666666666667,-9.0,-18.166666666666668,-4.666666666666667,-18.4,7.333333333333333
2020-09-18,-7.0,-11.666666666666666,-22.166666666666668,-6.333333333333333,-18.22222222222222,8.0
2020-09-19,1.0,-7.333333333333333,-17.5,-21.0,-16.333333333333332,5.333333333333333
2020-09-20,-3.0,-11.666666666666666,-18.333333333333332,-14.333333333333334,-18.714285714285715,4.666666666666667
2020-09-21,-1.3333333333333333,-9.0,-15.166666666666666,0.0,-16.6,5.0
2020-09-22,-7.0,-6.333333333333333,-16.833333333333332,-9.0,-20.9,5.0
2020-09-23,-8.666666666666666,-8.0,-14.833333333333334,-6.0,-23.2,4.0
2020-09-24,-12.0,-10.666666666666666,-18.666666666666668,5.333333333333333,-23.4,5.25
2020-09-25,-9.666666666666666,-10.666666666666666,-21.333333333333332,6.333333333333333,-22.9,6.0
2020-09-26,-7.0,-9.333333333333334,-17.0,-17.75,-22.555555555555557,4.5
2020-09-27,-12.0,-10.0,-18.333333333333332,-2.0,-28.0,4.666666666666667
2020-09-28,-10.666666666666666,-13.666666666666666,-16.166666666666668,4.0,-22.2,5.0
2020-09-29,-13.666666666666666,-12.666666666666666,-20.333333333333332,-14.5,-25.1,3.5
2020-09-30,-14.666666666666666,-12.0,-24.666666666666668,-13.25,-30.7,-0.5
2020-10-01,-15.666666666666666,-12.333333333333334,-25.5,-6.0,-31.7,-5.2
2020-10-02,-11.333333333333334,-8.666666666666666,-27.5,-1.6666666666666667,-30.5,-4.75
2020-10-03,-13.0,-12.666666666666666,-26.666666666666668,-8.666666666666666,-32.0,-3.75
2020-10-04,-16.0,-15.666666666666666,-31.714285714285715,-24.0,-35.875,-3.0
2020-10-05,-11.666666666666666,-13.0,-26.666666666666668,-3.0,-31.0,-5.8
2020-10-06,-13.0,-14.333333333333334,-28.333333333333332,-19.0,-29.2,-4.8
2020-10-07,-8.0,-10.666666666666666,-26.666666666666668,-8.0,-26.1,-2.8
2020-10-08,-10.0,-12.666666666666666,-26.666666666666668,0.3333333333333333,-25.2,1.25
2020-10-09,-7.666666666666667,-11.0,-31.833333333333332,1.6666666666666667,-22.2,2.25
2020-10-10,-6.333333333333333,-12.333333333333334,-30.833333333333332,-20.75,-22.666666666666668,1.0
2020-10-11,-15.0,-17.666666666666668,-35.5,-10.0,-27.75,3.3333333333333335
2020-10-12,-6.0,-13.333333333333334,-33.0,2.6666666666666665,-26.4,0.75
2020-10-13,-8.0,-13.0,-33.833333333333336,-6.0,-24.8,1.75
2020-10-14,-11.666666666666666,-8.333333333333334,-30.166666666666668,-7.25,-25.1,3.5
2020-10-15,-10.333333333333334,-5.0,-31.5,2.6666666666666665,-25.0,4.75
2020-10-16,-9.666666666666666,2.0,-30.5,6.333333333333333,-24.9,5.25
2020-10-17,-56.666666666666664,-54.333333333333336,-46.333333333333336,-53.25,-40.55555555555556,18.666666666666668
2020-10-18,-18.666666666666668,-13.0,-35.0,-10.333333333333334,-30.5,7.333333333333333
2020-10-19,-8.666666666666666,-8.0,-31.333333333333332,7.333333333333333,-26.4,4.75
2020-10-20,-9.0,-6.333333333333333,-25.0,-1.6666666666666667,-25.8,5.75
2020-10-21,-8.333333333333334,-11.333333333333334,-22.666666666666668,-9.25,-25.6,5.25
2020-10-22,-8.333333333333334,-10.333333333333334,-23.0,1.6666666666666667,-28.4,4.75
2020-10-23,-5.666666666666667,-4.333333333333333,-20.833333333333332,1.0,-24.0,3.5
2020-10-24,-6.0,-10.333333333333334,-21.666666666666668,-7.0,-24.22222222222222,3.0
2020-10-25,-8.333333333333334,-10.0,-24.333333333333332,-8.666666666666666,-26.25,3.0
2020-10-26,-4.333333333333333,-10.333333333333334,-25.0,6.0,-25.4,2.5
2020-10-27,-4.333333333333333,-11.0,-25.666666666666668,-4.666666666666667,-25.5,3.75
2020-10-28,-6.0,-13.333333333333334,-26.333333333333332,-5.25,-26.3,3.5
2020-10-29,-5.333333333333333,-9.333333333333334,-25.166666666666668,2.6666666666666665,-27.2,3.0
2020-10-30,-2.6666666666666665,-10.333333333333334,-29.0,13.0,-26.8,3.0
2020-10-31,-6.666666666666667,-11.666666666666666,-24.833333333333332,-1.0,-28.444444444444443,5.0
2020-11-01,-10.666666666666666,-18.0,-26.166666666666668,-7.333333333333333,-31.5,4.0
2020-11-02,-31.0,-33.0,-34.333333333333336,-21.666666666666668,-53.5,11.0
2020-11-03,-12.333333333333334,-19.333333333333332,-32.666666666666664,-14.75,-33.5,6.0
2020-11-04,-9.333333333333334,-15.666666666666666,-28.166666666666668,-3.25,-30.2,4.0
2020-11-05,-8.333333333333334,-13.666666666666666,-23.333333333333332,9.666666666666666,-28.8,3.5
2020-11-06,-11.0,-11.333333333333334,-33.0,5.333333333333333,-27.2,4.0
2020-11-07,-12.0,-16.666666666666668,-32.57142857142857,-22.5,-27.555555555555557,4.5
2020-11-08,-18.0,-19.666666666666668,-37.0,-21.5,-32.25,5.333333333333333
2020-11-09,-8.666666666666666,-15.0,-28.333333333333332,-2.0,-29.6,2.5
2020-11-10,-10.333333333333334,-13.666666666666666,-28.166666666666668,-16.5,-25.5,2.75
2020-11-11,-8.666666666666666,-13.0,-27.333333333333332,-8.75,-25.6,2.0
2020-11-12,-8.333333333333334,-12.666666666666666,-26.333333333333332,0.6666666666666666,-26.0,3.25
2020-11-13,-6.666666666666667,-7.666666666666667,-28.833333333333332,2.6666666666666665,-22.9,2.25
2020-11-14,-4.0,-10.333333333333334,-27.333333333333332,0.0,-23.11111111111111,2.25
2020-11-15,-8.0,-12.333333333333334,-30.166666666666668,-11.0,-27.0,3.0
2020-11-16,-4.333333333333333,-10.0,-27.0,7.333333333333333,-24.2,0.5
2020-11-17,-5.333333333333333,-5.666666666666667,-25.5,-9.75,-22.0,0.25
2020-11-18,-55.333333333333336,-57.333333333333336,-44.333333333333336,-49.25,-57.5,16.5
2020-11-19,-12.0,-12.666666666666666,-29.166666666666668,1.3333333333333333,-25.8,2.75
2020-11-20,-16.333333333333332,-15.333333333333334,-33.166666666666664,0.0,-23.5,2.75
2020-11-21,-11.0,-15.333333333333334,-31.166666666666668,-7.333333333333333,-24.333333333333332,2.5
2020-11-22,-14.666666666666666,-16.333333333333332,-32.142857142857146,-8.0,-28.0,3.0
2020-11-23,-11.666666666666666,-17.666666666666668,-30.166666666666668,0.3333333333333333,-24.6,0.75
2020-11-24,-11.666666666666666,-13.666666666666666,-29.5,-12.0,-24.2,0.75
2020-11-25,-9.0,-14.0,-25.833333333333332,-10.5,-23.4,0.75
2020-11-26,-7.666666666666667,-11.0,-25.0,-1.3333333333333333,-22.5,0.75
2020-11-27,-6.0,-10.666666666666666,-27.0,2.6666666666666665,-21.8,1.5
2020-11-28,-6.666666666666667,-12.333333333333334,-27.166666666666668,-8.0,-22.22222222222222,1.75
2020-11-29,-12.666666666666666,-15.0,-29.166666666666668,-8.0,-28.77777777777778,3.6666666666666665
2020-11-30,-13.0,-14.0,-27.666666666666668,2.6666666666666665,-20.2,2.5
2020-12-01,-8.0,-11.666666666666666,-26.666666666666668,-5.75,-20.0,1.75
2020-12-02,-8.0,-9.666666666666666,-24.666666666666668,-3.75,-18.2,1.75
2020-12-03,-5.0,-7.333333333333333,-25.333333333333332,6.666666666666667,-19.5,1.75
2020-12-04,-8.333333333333334,-7.333333333333333,-29.5,3.3333333333333335,-18.77777777777778,2.25
2020-12-05,-3.0,-9.333333333333334,-24.333333333333332,-15.75,-20.666666666666668,1.75
2020-12-06,-4.666666666666667,-10.666666666666666,-27.166666666666668,-4.333333333333333,-25.625,2.0
2020-12-07,-2.0,-8.333333333333334,-24.0,7.666666666666667,-19.3,0.0
2020-12-08,-6.0,-10.0,-19.0,1.6666666666666667,-20.4,1.75
2020-12-09,-11.333333333333334,-14.333333333333334,-17.0,-5.75,-24.5,4.5
2020-12-10,-13.0,-13.0,-11.666666666666666,8.0,-24.0,5.75
2020-12-11,-7.0,-5.333333333333333,-9.833333333333334,15.0,-23.1,5.25
2020-12-12,-4.0,-5.666666666666667,-5.0,5.333333333333333,-22.11111111111111,6.0
2020-12-13,-7.666666666666667,-9.0,-9.5,9.333333333333334,-28.125,6.0
2020-12-14,-4.0,-5.666666666666667,-6.833333333333333,16.0,-22.4,3.5
2020-12-15,-1.6666666666666667,-4.333333333333333,-7.166666666666667,9.333333333333334,-23.8,4.0
2020-12-16,-1.0,-2.6666666666666665,-4.833333333333333,8.25,-22.6,4.5
2020-12-17,-1.0,0.3333333333333333,-5.0,18.0,-24.1,5.5
2020-12-18,-2.3333333333333335,0.6666666666666666,-6.0,17.333333333333332,-23.8,5.75
2020-12-19,1.0,-4.333333333333333,-5.0,13.333333333333334,-25.22222222222222,6.0
2020-12-20,0.6666666666666666,-3.6666666666666665,-3.5,14.0,-26.625,4.666666666666667
2020-12-21,6.0,-0.3333333333333333,-3.3333333333333335,32.0,-30.4,5.0
2020-12-22,5.0,4.0,-0.8333333333333334,20.333333333333332,-30.4,5.5
2020-12-23,10.333333333333334,13.666666666666666,5.5,21.0,-32.9,4.5
2020-12-24,21.666666666666668,33.0,10.333333333333334,20.333333333333332,-38.7,4.75
2020-12-25,-26.0,-26.666666666666668,-6.166666666666667,-11.333333333333334,-55.0,11.5
2020-12-26,-2.0,-1.6666666666666667,2.6666666666666665,10.0,-28.555555555555557,4.5
2020-12-27,-4.0,-6.333333333333333,0.0,23.0,-28.5,4.333333333333333
2020-12-28,2.6666666666666665,-1.6666666666666667,8.0,21.666666666666668,-38.0,6.5
2020-12-29,0.0,-0.6666666666666666,4.0,19.0,-39.3,7.25
2020-12-30,3.6666666666666665,5.666666666666667,8.8,26.0,-39.8,6.5
2020-12-31,8.0,23.666666666666668,17.4,16.333333333333332,-42.2,5.0
2021-01-01,-42.666666666666664,-50.666666666666664,-1.8333333333333333,-35.333333333333336,-65.3,12.75
2021-01-02,-38.666666666666664,-31.0,-7.0,-25.666666666666668,-48.22222222222222,14.666666666666666
2021-01-03,-21.0,-19.666666666666668,-0.6666666666666666,1.3333333333333333,-36.55555555555556,7.0
2021-01-04,-15.333333333333334,-13.666666666666666,-1.0,5.666666666666667,-36.4,8.25
2021-01-05,-12.666666666666666,-11.0,1.6666666666666667,4.0,-31.2,8.25
2021-01-06,-10.0,-9.333333333333334,0.16666666666666666,1.25,-29.9,9.0
2021-01-07,-10.333333333333334,-10.0,-2.8333333333333335,9.333333333333334,-29.2,8.25
2021-01-08,-9.333333333333334,-7.666666666666667,-11.333333333333334,13.666666666666666,-25.8,7.25
2021-01-09,-4.0,-7.666666666666667,-14.333333333333334,9.0,-25.11111111111111,7.0
2021-01-10,-5.0,-10.666666666666666,-16.833333333333332,14.333333333333334,-26.875,5.666666666666667
2021-01-11,0.0,-7.0,-11.666666666666666,18.666666666666668,-20.0,4.0
2021-01-12,-7.333333333333333,-11.333333333333334,-15.333333333333334,6.0,-23.4,4.25
2021-01-13,-13.666666666666666,-21.333333333333332,-23.5,-8.75,-31.9,1.0
2021-01-14,-22.333333333333332,-26.666666666666668,-31.833333333333332,-9.0,-39.2,1.5
2021-01-15,-36.0,-38.333333333333336,-47.666666666666664,-26.333333333333332,-43.6,5.25
2021-01-16,-28.333333333333332,-32.666666666666664,-43.42857142857143,-33.75,-45.333333333333336,5.0
2021-01-17,-28.333333333333332,-34.333333333333336,-41.42857142857143,-20.666666666666668,-46.111111111111114,4.666666666666667
2021-01-18,-25.333333333333332,-31.666666666666668,-35.0,-10.0,-40.5,3.75
2021-01-19,-25.666666666666668,-31.666666666666668,-36.666666666666664,-22.75,-39.3,4.25
2021-01-20,-30.333333333333332,-34.333333333333336,-35.0,-27.25,-39.4,5.75
2021-01-21,-22.666666666666668,-25.666666666666668,-31.333333333333332,-12.333333333333334,-38.5,5.5
2021-01-22,-25.666666666666668,-28.0,-36.0,-14.666666666666666,-36.1,5.25
2021-01-23,-22.666666666666668,-26.666666666666668,-34.666666666666664,-19.333333333333332,-38.666666666666664,6.0
2021-01-24,-25.333333333333332,-28.666666666666668,-33.666666666666664,-17.0,-41.666666666666664,5.0
2021-01-25,-22.666666666666668,-30.0,-31.833333333333332,-8.666666666666666,-35.5,4.25
2021-01-26,-24.333333333333332,-26.666666666666668,-30.333333333333332,-15.333333333333334,-36.0,5.5
2021-01-27,-22.666666666666668,-25.666666666666668,-26.5,-17.0,-35.8,5.0
2021-01-28,-23.0,-24.666666666666668,-26.833333333333332,-6.0,-35.2,4.25
2021-01-29,-28.0,-21.333333333333332,-38.333333333333336,-19.333333333333332,-39.7,5.25
2021-01-30,-25.0,-17.333333333333332,-36.0,-28.75,-40.111111111111114,4.333333333333333
2021-01-31,-37.0,-31.666666666666668,-40.666666666666664,-22.333333333333332,-43.0,6.666666666666667
2021-02-01,-65.66666666666667,-69.66666666666667,-50.666666666666664,-60.666666666666664,-55.5,19.25
2021-02-02,-65.0,-64.66666666666667,-47.666666666666664,-56.25,-57.1,21.25
2021-02-03,-37.333333333333336,-31.333333333333332,-37.0,-38.25,-47.5,11.5
2021-02-04,-32.0,-25.0,-30.166666666666668,-25.666666666666668,-46.3,7.5
2021-02-05,-32.666666666666664,-22.666666666666668,-32.666666666666664,-25.0,-45.1,8.75
2021-02-06,-42.333333333333336,-31.666666666666668,-37.833333333333336,-50.5,-46.77777777777778,12.666666666666666
2021-02-07,-69.33333333333333,-77.66666666666667,-44.57142857142857,-67.5,-57.666666666666664,21.333333333333332
2021-02-08,-59.666666666666664,-59.0,-39.666666666666664,-62.333333333333336,-56.4,20.75
2021-02-09,-40.666666666666664,-38.666666666666664,-34.333333333333336,-44.75,-46.9,14.0
2021-02-10,-33.333333333333336,-30.333333333333332,-32.166666666666664,-37.75,-42.7,10.75
2021-02-11,-30.666666666666668,-27.0,-34.333333333333336,-26.0,-42.5,8.5
2021-02-12,-29.666666666666668,-22.666666666666668,-41.0,-21.0,-42.3,7.0
2021-02-13,-24.333333333333332,-16.0,-33.5,-33.5,-40.77777777777778,4.666666666666667
2021-02-14,-31.333333333333332,-17.666666666666668,-32.5,-34.666666666666664,-42.55555555555556,5.0
2021-02-15,-35.333333333333336,-30.333333333333332,-38.0,-30.333333333333332,-53.0,8.5
2021-02-16,-46.333333333333336,-40.666666666666664,-40.166666666666664,-45.5,-59.5,11.25
2021-02-17,-42.666666666666664,-36.0,-39.666666666666664,-44.0,-57.3,10.25
2021-02-18,-22.0,-16.666666666666668,-33.5,-17.0,-36.9,4.0
2021-02-19,-23.333333333333332,-18.666666666666668,-36.166666666666664,-17.666666666666668,-35.1,4.5
2021-02-20,-20.333333333333332,-17.0,-31.5,-32.25,-34.77777777777778,4.0
2021-02-21,-30.333333333333332,-24.666666666666668,-35.5,-26.333333333333332,-39.875,5.0
2021-02-22,-19.333333333333332,-15.666666666666666,-32.166666666666664,-11.333333333333334,-33.9,2.0
2021-02-23,-19.0,-18.0,-33.833333333333336,-22.25,-33.0,2.5
2021-02-24,-17.0,-16.0,-32.5,-18.75,-31.6,2.25
2021-02-25,-18.666666666666668,-17.333333333333332,-31.333333333333332,-6.666666666666667,-31.4,2.0
2021-02-26,-16.333333333333332,-11.333333333333334,-34.0,-9.0,-31.2,2.25
2021-02-27,-12.666666666666666,-10.0,-29.666666666666668,-28.25,-32.55555555555556,2.6666666666666665
2021-02-28,-26.666666666666668,-23.666666666666668,-31.666666666666668,-22.333333333333332,-39.22222222222222,4.0
2021-03-01,-15.0,-12.0,-30.666666666666668,-8.333333333333334,-31.4,1.0
2021-03-02,-14.333333333333334,-11.0,-30.166666666666668,-15.75,-28.7,1.0
2021-03-03,-17.666666666666668,-12.333333333333334,-32.333333333333336,-22.25,-29.3,2.25
2021-03-04,-18.0,-14.333333333333334,-32.0,-10.333333333333334,-31.0,1.75
2021-03-05,-15.333333333333334,-17.0,-36.0,-7.333333333333333,-28.7,1.5
2021-03-06,-15.666666666666666,-17.333333333333332,-32.0,-29.0,-31.22222222222222,2.0
2021-03-07,-26.333333333333332,-23.333333333333332,-32.5,-19.0,-38.77777777777778,3.0
2021-03-08,-16.666666666666668,-19.0,-32.0,-5.333333333333333,-30.6,0.75
2021-03-09,-15.333333333333334,-19.0,-33.5,-18.5,-31.0,2.0
2021-03-10,-13.333333333333334,-17.666666666666668,-32.333333333333336,-18.5,-29.5,1.75
2021-03-11,-10.333333333333334,-15.333333333333334,-30.333333333333332,-5.0,-30.8,0.5
2021-03-12,-16.0,-17.333333333333332,-32.166666666666664,-4.333333333333333,-31.1,2.75
2021-03-13,-11.333333333333334,-15.333333333333334,-27.333333333333332,-23.0,-29.22222222222222,1.25
2021-03-14,-20.0,-22.0,-30.0,-16.666666666666668,-35.125,3.0
2021-03-15,-20.333333333333332,-23.333333333333332,-33.0,-10.0,-27.6,2.0
2021-03-16,-9.0,-14.666666666666666,-31.166666666666668,-10.25,-25.8,1.0
2021-03-17,-43.0,-47.0,-34.833333333333336,-40.0,-31.3,8.25
2021-03-18,-32.0,-23.0,-35.833333333333336,-30.333333333333332,-31.2,8.5
2021-03-19,-19.333333333333332,-11.666666666666666,-34.5,-10.666666666666666,-27.5,4.0
2021-03-20,-10.333333333333334,-4.666666666666667,-24.166666666666668,-7.333333333333333,-27.666666666666668,1.5
2021-03-21,-19.666666666666668,-15.0,-28.166666666666668,-15.0,-34.75,3.0
2021-03-22,-20.333333333333332,-18.333333333333332,-34.5,-10.666666666666666,-25.5,2.5
2021-03-23,-11.333333333333334,-9.0,-31.166666666666668,-3.6666666666666665,-24.8,2.0
2021-03-24,-8.333333333333334,-9.0,-25.0,-14.25,-25.0,0.75
2021-03-25,-9.333333333333334,-8.333333333333334,-26.5,-2.3333333333333335,-24.7,1.0
2021-03-26,-7.333333333333333,-4.333333333333333,-26.333333333333332,9.0,-25.7,0.5
2021-03-27,-5.666666666666667,-4.0,-20.333333333333332,7.0,-29.22222222222222,-0.5
2021-03-28,-23.0,-20.0,-26.5,-16.666666666666668,-34.25,3.3333333333333335
2021-03-29,-18.333333333333332,-16.0,-31.666666666666668,-9.0,-31.7,3.5
2021-03-30,-13.333333333333334,-11.333333333333334,-30.333333333333332,-6.0,-30.8,3.5
2021-03-31,-6.333333333333333,-1.0,-22.166666666666668,-8.0,-34.0,1.25
2021-04-01,-6.333333333333333,9.0,-20.833333333333332,9.0,-40.8,2.25
2021-04-02,-43.0,-37.666666666666664,-34.166666666666664,-26.666666666666668,-61.7,10.75
2021-04-03,-20.666666666666668,-9.0,-24.5,-16.0,-40.888888888888886,5.666666666666667
2021-04-04,-21.0,-19.666666666666668,-28.333333333333332,-18.333333333333332,-39.888888888888886,1.3333333333333333
2021-04-05,-9.0,-7.333333333333333,-30.166666666666668,3.0,-34.0,0.75
2021-04-06,-7.333333333333333,-6.333333333333333,-25.333333333333332,-6.75,-25.5,0.5
2021-04-07,-7.666666666666667,-5.333333333333333,-25.833333333333332,-9.0,-26.5,0.25
2021-04-08,-7.333333333333333,-7.0,-25.666666666666668,7.0,-24.7,0.75
2021-04-09,-7.0,-2.6666666666666665,-26.333333333333332,9.0,-23.5,-0.5
2021-04-10,-3.6666666666666665,-3.0,-17.833333333333332,-11.25,-25.0,-0.25
2021-04-11,-10.666666666666666,-8.333333333333334,-20.0,-1.3333333333333333,-34.55555555555556,1.6666666666666667
2021-04-12,-3.6666666666666665,-3.0,-22.666666666666668,14.0,-20.0,-1.75
2021-04-13,-6.0,-6.0,-22.0,-4.5,-19.0,-0.5
2021-04-14,-3.3333333333333335,-4.0,-22.0,-10.25,-20.0,-0.5
2021-04-15,-37.0,-47.0,-27.833333333333332,-9.333333333333334,-36.4,8.25
2021-04-16,-3.0,0.3333333333333333,-20.666666666666668,9.333333333333334,-19.8,0.75
2021-04-17,0.6666666666666666,-1.6666666666666667,-16.666666666666668,-0.3333333333333333,-22.22222222222222,0.5
2021-04-18,-7.333333333333333,-11.0,-20.333333333333332,-10.0,-27.125,2.6666666666666665
2021-04-19,2.0,-6.666666666666667,-21.333333333333332,10.0,-17.0,-1.5
2021-04-20,-1.3333333333333333,-6.333333333333333,-19.333333333333332,-3.5,-15.7,-0.25
2021-04-21,-5.666666666666667,-11.0,-22.666666666666668,-7.5,-23.0,1.25
2021-04-22,-7.333333333333333,-11.666666666666666,-24.5,-1.6666666666666667,-20.8,2.0
2021-04-23,-9.333333333333334,-8.0,-28.166666666666668,-16.333333333333332,-22.1,1.0
2021-04-24,-1.6666666666666667,-3.3333333333333335,-15.333333333333334,-20.333333333333332,-21.77777777777778,-1.0
2021-04-25,-8.333333333333334,-12.0,-17.833333333333332,-21.333333333333332,-29.125,2.0
2021-04-26,-4.666666666666667,-7.333333333333333,-20.0,-15.666666666666666,-17.8,-0.25
2021-04-27,-5.0,-7.0,-20.5,-15.5,-15.4,-0.25
2021-04-28,-7.333333333333333,-8.0,-21.833333333333332,-19.75,-18.2,1.5
2021-04-29,-3.6666666666666665,-1.0,-16.0,-10.0,-18.0,0.25
2021-04-30,0.6666666666666666,2.3333333333333335,-18.833333333333332,9.0,-16.2,-1.5
2021-05-01,-16.0,-13.666666666666666,-15.166666666666666,-21.333333333333332,-34.22222222222222,2.0
2021-05-02,-12.0,-11.666666666666666,-17.5,-24.333333333333332,-30.285714285714285,3.3333333333333335
2021-05-03,4.666666666666667,-0.3333333333333333,-18.666666666666668,2.6666666666666665,-17.9,-3.0
2021-05-04,1.3333333333333333,0.0,-20.333333333333332,-4.333333333333333,-15.3,-0.25
2021-05-05,-0.3333333333333333,-3.0,-18.166666666666668,-14.5,-16.8,0.25
2021-05-06,-0.3333333333333333,-1.6666666666666667,-18.666666666666668,-5.666666666666667,-16.7,-0.5
2021-05-07,1.3333333333333333,0.3333333333333333,-18.333333333333332,3.3333333333333335,-15.8,-1.25
2021-05-08,1.6666666666666667,-1.6666666666666667,-13.0,-5.666666666666667,-21.22222222222222,0.5
2021-05-09,-4.333333333333333,-6.0,-12.5,-11.0,-28.0,1.3333333333333333
2021-05-10,5.0,-0.3333333333333333,-17.666666666666668,-4.333333333333333,-16.3,-1.25
2021-05-11,4.666666666666667,1.0,-16.5,-9.666666666666666,-14.0,-1.0
2021-05-12,7.333333333333333,6.666666666666667,-14.333333333333334,-11.25,-13.6,-1.25
2021-05-13,4.666666666666667,5.0,-14.666666666666666,1.6666666666666667,-15.6,0.0
2021-05-14,9.0,11.0,-17.833333333333332,3.0,-14.8,-1.25
2021-05-15,8.333333333333334,13.0,-7.0,-4.0,-20.88888888888889,-0.75
2021-05-16,1.3333333333333333,4.0,-12.666666666666666,-10.333333333333334,-26.25,1.3333333333333333
2021-05-17,12.666666666666666,13.333333333333334,-12.166666666666666,4.666666666666667,-20.9,-1.75
2021-05-18,-21.0,-18.333333333333332,-13.833333333333334,-30.666666666666668,-50.9,9.25
2021-05-19,5.0,11.0,-11.5,-11.25,-18.8,-0.75
2021-05-20,7.0,11.0,-12.333333333333334,7.333333333333333,-15.6,-0.25
2021-05-21,8.0,15.333333333333334,-8.833333333333334,5.0,-14.2,-0.5
2021-05-22,6.0,8.666666666666666,-9.0,-4.333333333333333,-17.666666666666668,-0.5
2021-05-23,2.6666666666666665,3.0,-6.0,-6.333333333333333,-23.125,1.3333333333333333
2021-05-24,8.666666666666666,9.666666666666666,-10.333333333333334,8.333333333333334,-14.0,-0.75
2021-05-25,6.0,10.333333333333334,-6.166666666666667,-3.6666666666666665,-10.555555555555555,-0.75
2021-05-26,9.333333333333334,14.333333333333334,-4.833333333333333,-5.5,-11.8,-0.5
2021-05-27,14.0,19.333333333333332,-0.8333333333333334,14.333333333333334,-12.3,-1.0
2021-05-28,16.0,22.333333333333332,0.16666666666666666,18.0,-11.88888888888889,-2.25
2021-05-29,19.333333333333332,23.666666666666668,5.166666666666667,6.333333333333333,-16.444444444444443,-2.0
2021-05-30,18.0,31.666666666666668,5.333333333333333,-0.3333333333333333,-25.125,-1.0
2021-05-31,15.666666666666666,17.666666666666668,-1.1666666666666667,17.0,-13.4,-3.0
2021-06-01,13.666666666666666,17.333333333333332,-0.3333333333333333,11.666666666666666,-13.1,-1.0
2021-06-02,13.666666666666666,20.333333333333332,2.5,-2.75,-15.3,0.5
2021-06-03,-9.333333333333334,1.0,-0.16666666666666666,-13.666666666666666,-42.4,9.0
2021-06-04,12.0,17.666666666666668,0.6666666666666666,7.333333333333333,-15.3,2.0
2021-06-05,11.0,16.0,0.16666666666666666,-2.6666666666666665,-17.555555555555557,1.5
2021-06-06,1.3333333333333333,2.6666666666666665,-3.3333333333333335,-13.333333333333334,-26.125,3.6666666666666665
2021-06-07,13.666666666666666,15.0,-0.5,3.6666666666666665,-15.9,-0.8
2021-06-08,10.0,13.666666666666666,-3.1666666666666665,-21.0,-15.0,1.25
2021-06-09,11.333333333333334,13.333333333333334,-4.0,-19.25,-15.9,1.75
2021-06-10,13.0,14.333333333333334,1.0,-16.666666666666668,-13.5,1.25
2021-06-11,12.666666666666666,14.666666666666666,-1.3333333333333333,-4.0,-15.6,2.0
2021-06-12,14.666666666666666,13.666666666666666,-0.5,-23.333333333333332,-20.0,0.75
2021-06-13,2.3333333333333335,4.333333333333333,-3.1666666666666665,-27.0,-26.571428571428573,4.0
2021-06-14,6.333333333333333,8.0,-1.3333333333333333,-30.333333333333332,-20.2,2.5
2021-06-15,10.0,9.0,-7.333333333333333,-24.666666666666668,-18.6,2.25
2021-06-16,10.666666666666666,10.666666666666666,-1.1666666666666667,-13.75,-21.3,2.5
2021-06-17,7.333333333333333,11.0,-1.3333333333333333,-6.0,-21.9,3.5
2021-06-18,3.6666666666666665,7.666666666666667,-9.333333333333334,-10.0,-25.4,3.75
2021-06-19,3.0,4.333333333333333,-5.833333333333333,-17.333333333333332,-23.77777777777778,1.5
2021-06-20,-5.666666666666667,-9.666666666666666,-14.0,-13.333333333333334,-34.25,3.0
2021-06-21,-1.3333333333333333,-4.0,-12.0,-10.666666666666666,-28.2,1.75
2021-06-22,2.0,1.3333333333333333,-9.5,-12.0,-27.2,1.25
2021-06-23,-2.0,-1.6666666666666667,-10.666666666666666,-16.25,-28.4,2.5
2021-06-24,1.0,0.6666666666666666,-5.0,-11.666666666666666,-27.4,2.75
2021-06-25,1.0,2.6666666666666665,-7.0,-9.333333333333334,-27.1,3.0
2021-06-26,2.0,1.0,-5.0,-16.666666666666668,-25.77777777777778,4.666666666666667
2021-06-27,-3.6666666666666665,-9.0,-9.666666666666666,-15.333333333333334,-31.25,4.0
2021-06-28,7.666666666666667,1.0,-9.0,-7.0,-28.5,-1.5
2021-06-29,5.0,-0.3333333333333333,-8.0,-7.666666666666667,-27.5,1.75
2021-06-30,0.6666666666666666,2.0,-4.0,-12.5,-27.8,4.0
2021-07-01,-1.0,-4.0,-5.666666666666667,-12.0,-28.2,5.5
2021-07-02,7.333333333333333,8.0,-7.333333333333333,-5.333333333333333,-26.3,4.25
2021-07-03,-2.6666666666666665,2.6666666666666665,-10.5,-16.333333333333332,-31.0,5.666666666666667
2021-07-04,-6.666666666666667,-13.333333333333334,-9.166666666666666,-19.0,-32.666666666666664,4.666666666666667
2021-07-05,12.333333333333334,7.0,-2.5,-2.6666666666666665,-24.7,1.0
2021-07-06,13.666666666666666,5.333333333333333,0.5,-1.3333333333333333,-23.6,1.75
2021-07-07,-65.0,-73.33333333333333,-28.666666666666668,-68.75,-65.9,23.5
2021-07-08,-56.0,-59.333333333333336,-26.666666666666668,-67.66666666666667,-57.5,20.5
2021-07-09,-28.333333333333332,-14.333333333333334,-21.333333333333332,-38.333333333333336,-45.0,13.25
2021-07-10,-7.333333333333333,-1.3333333333333333,-14.166666666666666,-24.666666666666668,-29.88888888888889,8.333333333333334
2021-07-11,-15.0,-14.333333333333334,-14.833333333333334,-16.666666666666668,-31.875,7.666666666666667
2021-07-12,-8.0,-11.0,-14.333333333333334,-21.0,-34.8,8.0
2021-07-13,0.0,-5.333333333333333,-10.666666666666666,-22.25,-29.5,4.5
2021-07-14,-1.0,-5.666666666666667,-9.0,-16.25,-31.0,4.75
2021-07-15,2.3333333333333335,-1.0,-4.333333333333333,-6.666666666666667,-27.1,4.5
2021-07-16,4.0,5.333333333333333,-8.0,-7.333333333333333,-30.9,3.75
2021-07-17,-0.6666666666666666,-5.333333333333333,-9.0,-15.333333333333334,-26.444444444444443,5.666666666666667
2021-07-18,-4.666666666666667,-10.0,-9.833333333333334,-14.666666666666666,-28.625,4.666666666666667
2021-07-19,8.0,0.6666666666666666,-5.333333333333333,-5.0,-28.1,2.5
2021-07-20,9.666666666666666,4.0,-0.8333333333333334,-7.333333333333333,-26.1,1.25
2021-07-21,16.666666666666668,13.0,5.166666666666667,-6.0,-28.6,0.5
2021-07-22,-16.0,-29.666666666666668,-7.0,-24.0,-50.2,9.0
2021-07-23,-35.333333333333336,-46.666666666666664,-19.166666666666668,-34.0,-57.7,15.0
2021-07-24,5.333333333333333,6.0,-9.0,-12.0,-27.11111111111111,4.666666666666667
2021-07-25,-4.666666666666667,-7.666666666666667,-8.166666666666666,-9.333333333333334,-30.0,2.6666666666666665
2021-07-26,12.0,3.0,-4.666666666666667,-5.333333333333333,-29.8,0.0
2021-07-27,10.666666666666666,5.666666666666667,0.0,-2.6666666666666665,-28.5,0.5
2021-07-28,9.333333333333334,3.3333333333333335,0.5,-11.75,-28.5,2.0
2021-07-29,15.0,9.666666666666666,-0.6666666666666666,1.6666666666666667,-27.0,1.0
2021-07-30,13.333333333333334,9.666666666666666,-4.833333333333333,6.333333333333333,-27.2,1.0
2021-07-31,13.333333333333334,8.0,2.1666666666666665,-3.3333333333333335,-22.11111111111111,-0.5
2021-08-01,7.333333333333333,0.6666666666666666,-1.3333333333333333,-6.0,-29.625,1.0
2021-08-02,16.0,7.666666666666667,-3.5,-1.3333333333333333,-29.0,-0.25
2021-08-03,9.0,5.0,-4.666666666666667,-1.6666666666666667,-29.4,0.75
2021-08-04,13.666666666666666,5.666666666666667,-0.8333333333333334,-7.5,-28.3,0.25
2021-08-05,10.333333333333334,4.0,-1.0,-0.3333333333333333,-26.5,1.75
2021-08-06,6.333333333333333,1.6666666666666667,-3.8333333333333335,-3.6666666666666665,-27.8,1.25
2021-08-07,8.0,0.6666666666666666,-2.1666666666666665,-2.6666666666666665,-23.0,-0.5
2021-08-08,4.666666666666667,-4.333333333333333,-1.3333333333333333,-4.0,-26.75,2.0
2021-08-09,13.666666666666666,3.0,-3.5,1.6666666666666667,-28.9,1.75
2021-08-10,18.0,8.0,4.0,2.6666666666666665,-25.5,0.5
2021-08-11,17.333333333333332,8.333333333333334,4.5,-6.75,-28.4,1.25
2021-08-12,13.0,5.666666666666667,1.6666666666666667,-4.333333333333333,-27.3,3.0
2021-08-13,14.333333333333334,8.333333333333334,0.6666666666666666,-0.3333333333333333,-27.8,2.5
2021-08-14,10.666666666666666,3.0,3.1666666666666665,2.6666666666666665,-27.333333333333332,0.25
2021-08-15,1.0,-4.0,-0.6666666666666666,-5.333333333333333,-31.25,3.6666666666666665
2021-08-16,-0.6666666666666666,-1.0,-7.666666666666667,-0.6666666666666666,-37.8,4.0
2021-08-17,6.666666666666667,0.3333333333333333,-3.8333333333333335,-17.0,-38.2,2.75
2021-08-18,21.0,12.333333333333334,4.833333333333333,-2.0,-29.7,0.0
2021-08-19,20.666666666666668,15.333333333333334,8.5,5.333333333333333,-29.3,1.0
2021-08-20,21.333333333333332,12.666666666666666,0.6666666666666666,11.333333333333334,-29.7,2.75
2021-08-21,21.666666666666668,10.0,4.666666666666667,3.6666666666666665,-23.444444444444443,-1.0
2021-08-22,12.0,1.3333333333333333,1.1666666666666667,-5.333333333333333,-27.875,1.0
2021-08-23,28.0,13.666666666666666,4.333333333333333,10.666666666666666,-30.9,-0.5
2021-08-24,24.0,11.666666666666666,5.666666666666667,0.3333333333333333,-30.7,0.5
2021-08-25,18.666666666666668,8.333333333333334,2.6666666666666665,-2.75,-30.6,2.0
2021-08-26,23.0,13.666666666666666,3.6666666666666665,7.666666666666667,-28.5,0.25
2021-08-27,21.666666666666668,14.666666666666666,1.1666666666666667,20.0,-28.2,1.25
2021-08-28,22.0,12.0,8.0,3.3333333333333335,-20.333333333333332,-0.25
2021-08-29,18.333333333333332,6.333333333333333,2.5,3.3333333333333335,-26.428571428571427,2.0
2021-08-30,25.666666666666668,13.333333333333334,3.0,9.666666666666666,-29.1,0.0
2021-08-31,23.666666666666668,16.0,1.5,6.0,-28.7,1.0
2021-09-01,23.666666666666668,17.0,6.333333333333333,7.0,-29.6,1.75
2021-09-02,20.333333333333332,16.333333333333332,7.333333333333333,0.6666666666666666,-26.3,2.25
2021-09-03,18.0,17.0,-1.3333333333333333,4.333333333333333,-26.7,2.5
2021-09-04,20.666666666666668,13.0,5.5,-3.3333333333333335,-21.0,1.0
2021-09-05,15.0,8.666666666666666,-0.5,-7.0,-27.5,1.6666666666666667
2021-09-06,13.333333333333334,8.666666666666666,0.0,-18.0,-30.4,2.75
2021-09-07,15.0,15.0,1.5,-10.333333333333334,-28.6,2.0
2021-09-08,16.666666666666668,11.333333333333334,3.5,-7.25,-28.4,2.25
2021-09-09,15.0,9.666666666666666,1.0,-1.3333333333333333,-26.5,2.0
2021-09-10,15.0,11.333333333333334,-6.666666666666667,-1.0,-25.7,3.75
2021-09-11,20.666666666666668,10.0,-0.5,1.3333333333333333,-20.22222222222222,3.3333333333333335
2021-09-12,18.0,12.0,2.0,0.6666666666666666,-24.375,2.0
2021-09-13,22.333333333333332,14.666666666666666,3.1666666666666665,1.3333333333333333,-26.1,1.5
2021-09-14,19.666666666666668,15.0,2.5,0.0,-26.6,2.0
2021-09-15,20.0,14.0,2.3333333333333335,1.0,-28.8,2.5
2021-09-16,17.0,11.333333333333334,-1.0,-1.6666666666666667,-28.4,3.5
2021-09-17,25.666666666666668,20.0,0.6666666666666666,8.666666666666666,-27.3,2.25
2021-09-18,24.0,14.333333333333334,3.0,5.333333333333333,-20.333333333333332,1.0
2021-09-19,13.333333333333334,7.0,-1.6666666666666667,-0.3333333333333333,-24.857142857142858,4.0
2021-09-20,0.6666666666666666,2.6666666666666665,-1.6666666666666667,-18.333333333333332,-47.0,9.5
2021-09-21,27.333333333333332,21.0,3.0,9.333333333333334,-24.9,0.5
2021-09-22,22.666666666666668,15.0,2.8333333333333335,2.75,-24.3,1.25
2021-09-23,20.666666666666668,12.0,4.333333333333333,5.333333333333333,-21.1,1.75
2021-09-24,22.0,14.666666666666666,-0.3333333333333333,6.666666666666667,-23.7,0.75
2021-09-25,18.666666666666668,11.333333333333334,0.0,1.0,-17.88888888888889,3.6666666666666665
2021-09-26,11.0,7.333333333333333,-3.0,-0.6666666666666666,-23.428571428571427,4.0
2021-09-27,21.0,12.0,-3.5,-1.0,-24.2,1.25
2021-09-28,19.333333333333332,11.333333333333334,-0.16666666666666666,1.0,-23.7,1.0
2021-09-29,17.666666666666668,13.0,0.5,-4.25,-24.7,0.5
2021-09-30,18.666666666666668,15.333333333333334,2.3333333333333335,7.666666666666667,-21.7,0.25
2021-10-01,17.0,16.333333333333332,-1.6666666666666667,10.333333333333334,-24.4,1.75
2021-10-02,17.666666666666668,12.333333333333334,-1.6666666666666667,-0.3333333333333333,-20.333333333333332,2.6666666666666665
2021-10-03,3.6666666666666665,3.0,-11.333333333333334,-8.0,-27.75,5.0
2021-10-04,-17.666666666666668,-27.666666666666668,-10.0,-27.666666666666668,-36.4,10.25
2021-10-05,24.0,20.333333333333332,2.5,2.3333333333333335,-23.0,1.75
2021-10-06,24.666666666666668,20.0,5.666666666666667,1.5,-22.8,1.75
2021-10-07,24.0,19.333333333333332,7.833333333333333,12.333333333333334,-21.0,2.5
2021-10-08,18.333333333333332,15.333333333333334,-1.1666666666666667,5.0,-23.7,2.25
2021-10-09,21.333333333333332,13.333333333333334,-0.6666666666666666,-6.333333333333333,-19.0,3.6666666666666665
2021-10-10,14.0,7.666666666666667,-2.1666666666666665,-5.0,-25.428571428571427,5.0
2021-10-11,21.0,13.0,5.333333333333333,0.6666666666666666,-22.6,1.0
2021-10-12,16.0,10.666666666666666,1.1666666666666667,-4.0,-22.2,2.25
2021-10-13,15.666666666666666,12.333333333333334,-0.8333333333333334,-10.25,-22.5,1.5
2021-10-14,11.0,8.666666666666666,3.6666666666666665,-4.0,-19.8,2.0
2021-10-15,16.333333333333332,16.0,0.6666666666666666,0.6666666666666666,-19.9,1.25
2021-10-16,14.0,11.333333333333334,0.6666666666666666,-7.0,-21.88888888888889,5.333333333333333
2021-10-17,3.0,4.333333333333333,-6.333333333333333,-9.333333333333334,-27.571428571428573,5.666666666666667
2021-10-18,-49.333333333333336,-58.333333333333336,-16.333333333333332,-58.333333333333336,-50.0,19.25
2021-10-19,-31.0,-30.666666666666668,-19.0,-36.75,-44.0,15.25
2021-10-20,5.0,11.333333333333334,-5.0,-13.0,-30.0,4.75
2021-10-21,-12.333333333333334,-13.0,-10.166666666666666,-18.333333333333332,-26.2,6.75
2021-10-22,-14.0,-10.333333333333334,-19.166666666666668,-24.0,-31.8,7.25
2021-10-23,-2.3333333333333335,0.0,-12.833333333333334,-16.666666666666668,-26.11111111111111,7.333333333333333
2021-10-24,-13.333333333333334,-10.333333333333334,-15.666666666666666,-12.0,-30.857142857142858,8.666666666666666
2021-10-25,-56.0,-64.0,-30.0,-61.333333333333336,-58.3,22.25
2021-10-26,-52.0,-59.0,-31.166666666666668,-53.25,-53.8,21.75
2021-10-27,-46.666666666666664,-45.333333333333336,-26.166666666666668,-51.5,-52.1,19.0
2021-10-28,-9.0,-6.0,-13.333333333333334,-22.333333333333332,-32.9,8.75
2021-10-29,-4.333333333333333,2.0,-17.166666666666668,-12.333333333333334,-30.3,7.5
2021-10-30,0.0,1.6666666666666667,-16.333333333333332,-14.333333333333334,-23.22222222222222,6.0
2021-10-31,-9.666666666666666,-14.0,-20.5,-16.333333333333332,-29.75,7.666666666666667
2021-11-01,-23.333333333333332,-29.0,-19.833333333333332,-37.0,-54.4,13.0
2021-11-02,-29.666666666666668,-31.0,-22.5,-31.0,-54.2,14.0
2021-11-03,-1.3333333333333333,-5.666666666666667,-14.5,-17.25,-31.2,6.5
2021-11-04,-3.3333333333333335,-6.333333333333333,-11.666666666666666,-12.333333333333334,-27.2,7.0
2021-11-05,-8.0,-5.333333333333333,-17.666666666666668,-11.666666666666666,-27.2,8.25
2021-11-06,-5.333333333333333,-4.666666666666667,-16.666666666666668,-16.333333333333332,-25.0,8.0
2021-11-07,-15.0,-14.666666666666666,-18.166666666666668,-9.333333333333334,-30.375,8.666666666666666
2021-11-08,-7.333333333333333,-8.0,-17.333333333333332,-18.0,-29.4,6.75
2021-11-09,-14.0,-13.0,-17.0,-27.333333333333332,-31.0,8.0
2021-11-10,-6.0,-3.3333333333333335,-12.166666666666666,-20.25,-25.8,4.0
2021-11-11,-12.333333333333334,-10.0,-14.0,-21.333333333333332,-28.7,7.25
2021-11-12,-6.0,-3.6666666666666665,-18.5,-18.333333333333332,-24.8,5.5
2021-11-13,-6.666666666666667,-6.666666666666667,-17.0,-20.666666666666668,-23.88888888888889,8.0
2021-11-14,-6.333333333333333,-9.666666666666666,-16.833333333333332,-12.0,-25.428571428571427,7.0
2021-11-15,6.0,1.6666666666666667,-11.833333333333334,-6.333333333333333,-24.2,3.0
2021-11-16,9.0,5.666666666666667,-9.166666666666666,-4.333333333333333,-22.3,3.5
2021-11-17,16.0,16.0,-3.3333333333333335,-6.0,-20.8,2.25
2021-11-18,-16.0,-16.333333333333332,-13.166666666666666,-26.666666666666668,-50.1,13.0
2021-11-19,15.0,9.333333333333334,-8.0,0.3333333333333333,-20.6,4.0
2021-11-20,15.0,6.666666666666667,-6.5,-8.666666666666666,-21.333333333333332,6.0
2021-11-21,6.333333333333333,2.0,-9.5,-6.333333333333333,-26.857142857142858,6.666666666666667
2021-11-22,17.333333333333332,10.0,-3.8333333333333335,4.333333333333333,-20.7,1.75
2021-11-23,13.333333333333334,6.666666666666667,-6.333333333333333,-1.6666666666666667,-19.8,3.5
2021-11-24,16.333333333333332,12.0,-7.5,-9.25,-20.7,3.75
2021-11-25,16.333333333333332,12.0,-3.1666666666666665,1.0,-20.1,3.25
2021-11-26,21.0,14.0,-5.833333333333333,15.0,-16.8,2.25
2021-11-27,20.0,12.333333333333334,-5.5,-3.6666666666666665,-19.11111111111111,5.0
2021-11-28,10.666666666666666,5.333333333333333,-8.5,-5.666666666666667,-22.714285714285715,5.666666666666667
2021-11-29,16.333333333333332,11.666666666666666,-5.166666666666667,6.666666666666667,-17.2,1.25
2021-11-30,16.666666666666668,10.666666666666666,-8.0,-7.0,-16.1,1.75
2021-12-01,21.666666666666668,15.666666666666666,-3.0,0.75,-16.1,2.25
2021-12-02,16.666666666666668,10.666666666666666,-4.666666666666667,-2.6666666666666665,-15.5,2.5
2021-12-03,24.333333333333332,16.666666666666668,-7.666666666666667,9.666666666666666,-14.8,2.25
2021-12-04,25.333333333333332,15.0,-4.5,9.0,-15.666666666666666,4.333333333333333
2021-12-05,18.0,12.0,-7.5,-0.3333333333333333,-19.285714285714285,4.0
2021-12-06,25.333333333333332,16.0,0.2,10.666666666666666,-14.8,0.75
2021-12-07,22.0,17.333333333333332,0.6666666666666666,6.333333333333333,-12.444444444444445,0.75
2021-12-08,21.333333333333332,21.0,5.4,0.0,-13.0,1.0
2021-12-09,21.0,20.0,-0.16666666666666666,7.666666666666667,-7.6,2.0
2021-12-10,10.0,9.0,-11.666666666666666,4.666666666666667,-10.222222222222221,3.5
2021-12-11,23.666666666666668,17.333333333333332,-3.6666666666666665,0.3333333333333333,-8.333333333333334,2.25
2021-12-12,15.666666666666666,11.0,-8.166666666666666,-2.0,-14.5,3.6666666666666665
2021-12-13,17.0,11.333333333333334,-7.833333333333333,-0.3333333333333333,-11.5,2.25
2021-12-14,23.333333333333332,21.333333333333332,-1.1666666666666667,9.333333333333334,-9.222222222222221,1.0
2021-12-15,27.666666666666668,23.0,-3.6666666666666665,12.0,-9.8,0.75
2021-12-16,29.0,27.666666666666668,-4.0,21.666666666666668,-8.2,2.0
2021-12-17,29.0,31.666666666666668,-3.8333333333333335,26.666666666666668,-10.333333333333334,2.0
2021-12-18,35.0,28.333333333333332,1.0,22.666666666666668,-9.777777777777779,0.0
2021-12-19,29.666666666666668,25.0,-0.6666666666666666,9.333333333333334,-11.0,2.0
2021-12-20,33.0,27.666666666666668,0.8,27.0,-17.9,1.5
2021-12-21,36.0,29.666666666666668,-0.3333333333333333,33.0,-19.7,2.0
2021-12-22,41.666666666666664,38.0,8.333333333333334,32.0,-21.8,0.75
2021-12-23,48.666666666666664,48.333333333333336,16.0,34.0,-24.3,1.0
2021-12-24,55.333333333333336,67.0,10.0,23.666666666666668,-32.2,0.25
2021-12-25,6.333333333333333,-4.666666666666667,5.666666666666667,-11.666666666666666,-34.0,2.25
2021-12-26,26.666666666666668,28.0,9.0,9.333333333333334,-16.142857142857142,1.6666666666666667
2021-12-27,34.0,32.666666666666664,10.6,19.0,-30.8,3.25
2021-12-28,29.0,30.666666666666668,9.833333333333334,15.666666666666666,-27.5,4.0
2021-12-29,30.666666666666668,31.0,14.4,16.333333333333332,-31.6,4.25
2021-12-30,37.333333333333336,42.333333333333336,21.4,24.666666666666668,-30.8,2.75
2021-12-31,45.333333333333336,66.0,18.2,18.333333333333332,-34.2,2.5
2022-01-01,-17.666666666666668,-29.666666666666668,7.0,-29.666666666666668,-51.8,8.0
2022-01-02,1.6666666666666667,9.333333333333334,7.666666666666667,-11.666666666666666,-30.125,5.0
2022-01-03,8.666666666666666,11.666666666666666,-1.2,-2.0,-37.1,7.0
2022-01-04,9.0,11.333333333333334,-0.16666666666666666,1.0,-28.2,6.75
2022-01-05,11.333333333333334,15.333333333333334,1.2,0.3333333333333333,-24.8,6.75
2022-01-06,9.333333333333334,13.0,0.6666666666666666,-1.3333333333333333,-23.2,7.75
2022-01-07,10.666666666666666,13.333333333333334,-3.6666666666666665,1.0,-22.6,7.5
2022-01-08,13.0,14.666666666666666,1.1666666666666667,-1.0,-13.333333333333334,5.75
2022-01-09,11.666666666666666,11.666666666666666,-2.5,0.0,-15.571428571428571,6.666666666666667
2022-01-10,19.0,20.666666666666668,0.6,13.0,-12.2,4.0
2022-01-11,19.0,19.333333333333332,1.3333333333333333,9.333333333333334,-6.666666666666667,4.5
2022-01-12,17.0,19.333333333333332,3.2,1.5,-8.1,5.0
2022-01-13,18.666666666666668,18.0,4.166666666666667,10.0,-5.0,3.75
2022-01-14,20.0,21.666666666666668,-1.0,15.666666666666666,-4.0,5.0
2022-01-15,26.333333333333332,22.333333333333332,7.333333333333333,10.333333333333334,-1.5555555555555556,3.75
2022-01-16,23.333333333333332,20.0,2.5,8.0,-10.166666666666666,6.0
2022-01-17,28.666666666666668,26.333333333333332,3.4,17.333333333333332,0.0,2.25
2022-01-18,26.0,27.333333333333332,3.8333333333333335,15.666666666666666,1.3333333333333333,3.75
2022-01-19,28.333333333333332,27.333333333333332,5.333333333333333,8.0,0.5,4.25
2022-01-20,27.0,28.0,6.833333333333333,15.333333333333334,5.2,4.25
2022-01-21,28.333333333333332,32.666666666666664,1.1666666666666667,22.333333333333332,3.6666666666666665,3.5
2022-01-22,27.666666666666668,22.0,2.8333333333333335,7.0,0.6666666666666666,4.0
2022-01-23,21.0,17.0,2.6666666666666665,5.666666666666667,-3.2,6.0
2022-01-24,25.666666666666668,19.0,0.0,14.333333333333334,-0.1,2.5
2022-01-25,24.0,22.333333333333332,2.8333333333333335,17.666666666666668,4.333333333333333,3.0
2022-01-26,30.333333333333332,26.333333333333332,3.4,13.75,4.4,3.25
2022-01-27,29.666666666666668,27.333333333333332,6.666666666666667,24.333333333333332,7.3,3.5
2022-01-28,31.0,31.666666666666668,2.1666666666666665,20.0,9.333333333333334,3.0
2022-01-29,29.666666666666668,25.666666666666668,5.5,8.333333333333334,3.6666666666666665,4.5
2022-01-30,23.333333333333332,22.333333333333332,-3.8333333333333335,11.666666666666666,-9.0,6.333333333333333
2022-01-31,6.666666666666667,7.0,-17.833333333333332,-5.0,-16.1,8.75
2022-02-01,30.333333333333332,29.0,-2.5,29.666666666666668,0.5,3.5
2022-02-02,29.333333333333332,29.666666666666668,2.0,9.0,3.0,3.25
2022-02-03,29.666666666666668,28.666666666666668,1.2,26.333333333333332,8.1,4.25
2022-02-04,29.333333333333332,34.333333333333336,0.0,23.333333333333332,8.666666666666666,3.5
2022-02-05,32.0,31.333333333333332,2.5,8.0,6.0,5.0
2022-02-06,15.0,16.0,-1.1666666666666667,1.0,-4.0,8.0
2022-02-07,-31.666666666666668,-35.666666666666664,-19.333333333333332,-39.333333333333336,-20.5,19.75
2022-02-08,18.666666666666668,25.666666666666668,-2.1666666666666665,5.333333333333333,10.222222222222221,6.5
2022-02-09,23.666666666666668,27.0,2.3333333333333335,4.25,8.4,5.5
2022-02-10,24.333333333333332,30.0,7.0,15.666666666666666,11.5,5.75
2022-02-11,26.333333333333332,31.0,2.5,17.666666666666668,11.222222222222221,4.5
2022-02-12,30.333333333333332,31.666666666666668,6.666666666666667,7.666666666666667,9.666666666666666,5.25
2022-02-13,25.333333333333332,33.666666666666664,5.0,3.6666666666666665,0.6,6.666666666666667
2022-02-14,43.333333333333336,59.0,14.0,22.333333333333332,12.9,1.4
2022-02-15,24.0,26.0,3.0,21.0,14.222222222222221,4.75
2022-02-16,24.0,27.0,2.0,13.666666666666666,12.7,5.5
2022-02-17,23.666666666666668,28.0,5.666666666666667,15.333333333333334,16.11111111111111,6.0
2022-02-18,28.333333333333332,30.333333333333332,4.333333333333333,24.666666666666668,17.11111111111111,4.5
2022-02-19,28.666666666666668,28.0,10.666666666666666,13.333333333333334,9.5,6.5
2022-02-20,22.0,22.0,9.0,8.333333333333334,1.4,8.666666666666666
2022-02-21,30.333333333333332,28.333333333333332,6.6,24.333333333333332,10.9,2.8
2022-02-22,26.666666666666668,27.0,9.6,33.0,17.77777777777778,5.2
2022-02-23,28.333333333333332,28.0,18.8,16.0,16.4,7.25
2022-02-24,33.333333333333336,32.666666666666664,19.0,23.0,18.88888888888889,8.25
2022-02-25,30.666666666666668,32.333333333333336,16.6,26.666666666666668,10.11111111111111,9.25
2022-02-26,29.666666666666668,30.333333333333332,23.666666666666668,18.0,11.625,8.666666666666666
2022-02-27,22.0,17.333333333333332,28.833333333333332,10.333333333333334,1.4,9.0
2022-02-28,10.666666666666666,13.0,24.8,5.333333333333333,-20.5,14.25
2022-03-01,-3.0,0.6666666666666666,21.0,-14.666666666666666,-31.4,16.75
2022-03-02,-1.0,3.0,16.4,-10.0,-29.9,16.25
2022-03-03,30.666666666666668,29.666666666666668,38.4,26.666666666666668,13.777777777777779,11.5
2022-03-04,31.333333333333332,30.0,27.0,25.0,14.11111111111111,13.75
2022-03-05,31.666666666666668,26.333333333333332,16.833333333333332,12.333333333333334,8.571428571428571,13.333333333333334
2022-03-06,30.333333333333332,28.666666666666668,24.5,16.666666666666668,8.0,13.333333333333334
2022-03-07,40.666666666666664,32.333333333333336,47.0,32.333333333333336,22.0,11.25
2022-03-08,46.0,35.0,55.2,31.0,25.77777777777778,13.0
2022-03-09,46.666666666666664,38.0,66.0,39.333333333333336,30.555555555555557,14.5
2022-03-10,47.666666666666664,37.333333333333336,67.0,39.666666666666664,35.666666666666664,16.5
2022-03-11,43.666666666666664,37.333333333333336,62.6,35.0,33.77777777777778,17.5
2022-03-12,46.0,37.666666666666664,63.6,24.666666666666668,24.8,18.0
2022-03-13,46.333333333333336,34.0,52.8,27.666666666666668,21.2,19.666666666666668
2022-03-14,49.333333333333336,35.333333333333336,71.6,36.333333333333336,33.4,16.5
2022-03-15,50.0,35.666666666666664,70.8,35.666666666666664,36.888888888888886,17.5
2022-03-16,49.333333333333336,36.666666666666664,73.8,29.666666666666668,35.888888888888886,17.0
2022-03-17,45.333333333333336,34.333333333333336,69.4,31.333333333333332,37.0,17.5
2022-03-18,47.0,37.666666666666664,62.2,34.333333333333336,32.888888888888886,16.5
2022-03-19,49.0,36.333333333333336,62.8,24.0,24.0,17.0
2022-03-20,56.666666666666664,40.333333333333336,59.4,29.0,23.0,18.0
2022-03-21,50.666666666666664,34.0,74.0,36.333333333333336,32.77777777777778,16.5
2022-03-22,51.333333333333336,32.0,75.2,29.666666666666668,36.22222222222222,16.75
2022-03-23,48.666666666666664,31.333333333333332,74.8,27.0,35.77777777777778,16.75
2022-03-24,48.666666666666664,29.0,68.4,31.0,36.44444444444444,17.25
2022-03-25,48.0,32.333333333333336,60.4,34.666666666666664,32.44444444444444,17.0
2022-03-26,49.333333333333336,30.0,63.2,21.333333333333332,19.666666666666668,15.333333333333334
2022-03-27,45.666666666666664,27.0,49.2,17.0,15.4,17.666666666666668
2022-03-28,45.333333333333336,26.666666666666668,64.8,37.333333333333336,33.111111111111114,16.5
2022-03-29,12.666666666666666,-5.666666666666667,50.0,-2.0,12.333333333333334,26.25
2022-03-30,42.0,26.333333333333332,63.2,21.666666666666668,25.88888888888889,19.25
2022-03-31,52.333333333333336,34.333333333333336,60.0,35.0,34.22222222222222,16.75
2022-04-01,48.666666666666664,34.666666666666664,58.0,37.0,33.0,16.5
2022-04-02,51.333333333333336,32.333333333333336,63.0,27.0,23.333333333333332,15.333333333333334
2022-04-03,55.666666666666664,32.666666666666664,57.2,25.333333333333332,24.2,16.333333333333332
2022-04-04,47.333333333333336,27.0,65.4,33.666666666666664,34.111111111111114,16.75
2022-04-05,49.666666666666664,33.666666666666664,67.4,39.666666666666664,35.888888888888886,16.5
2022-04-06,49.666666666666664,35.333333333333336,69.2,29.0,33.44444444444444,16.75
2022-04-07,49.333333333333336,38.333333333333336,69.8,32.333333333333336,32.22222222222222,17.0
2022-04-08,49.0,42.0,60.4,31.0,29.333333333333332,16.75
2022-04-09,48.333333333333336,37.0,62.4,22.666666666666668,20.0,15.333333333333334
2022-04-10,53.0,37.0,58.6,29.333333333333332,21.4,15.333333333333334
2022-04-11,48.333333333333336,33.666666666666664,72.2,33.333333333333336,18.6,16.75
2022-04-12,48.666666666666664,36.666666666666664,70.0,32.333333333333336,20.444444444444443,18.5
2022-04-13,49.333333333333336,41.333333333333336,73.0,31.666666666666668,14.6,19.0
2022-04-14,53.333333333333336,55.0,66.5,41.333333333333336,2.4,19.25
2022-04-15,6.0,0.3333333333333333,54.2,-4.333333333333333,-31.7,27.75
2022-04-16,33.0,34.0,62.4,10.666666666666666,8.125,19.0
2022-04-17,39.0,25.333333333333332,56.4,15.666666666666666,7.2,18.0
2022-04-18,45.666666666666664,33.333333333333336,69.6,30.333333333333332,15.5,17.5
2022-04-19,43.666666666666664,34.333333333333336,65.8,33.666666666666664,30.555555555555557,18.0
2022-04-20,44.666666666666664,36.666666666666664,72.4,29.0,30.555555555555557,17.25
2022-04-21,42.333333333333336,33.666666666666664,68.6,32.666666666666664,32.44444444444444,18.5
2022-04-22,45.0,40.666666666666664,63.2,41.0,32.22222222222222,16.5
2022-04-23,47.666666666666664,35.333333333333336,64.2,32.666666666666664,22.8,16.333333333333332
2022-04-24,47.666666666666664,29.0,57.2,30.666666666666668,20.6,19.0
2022-04-25,42.333333333333336,24.0,70.0,27.666666666666668,27.444444444444443,19.0
2022-04-26,38.0,23.0,66.0,20.0,34.44444444444444,19.75
2022-04-27,38.666666666666664,26.666666666666668,69.4,18.666666666666668,33.77777777777778,19.25
2022-04-28,38.666666666666664,28.333333333333332,55.75,27.333333333333332,36.111111111111114,19.25
2022-04-29,40.666666666666664,31.333333333333332,59.8,29.0,33.888888888888886,18.5
2022-04-30,45.666666666666664,31.666666666666668,65.0,23.666666666666668,21.333333333333332,18.0
2022-05-01,45.666666666666664,29.666666666666668,55.8,22.0,20.4,18.333333333333332
2022-05-02,39.0,26.333333333333332,60.0,16.333333333333332,22.555555555555557,17.75
2022-05-03,40.0,27.666666666666668,61.4,13.333333333333334,32.666666666666664,17.25
2022-05-04,36.666666666666664,24.333333333333332,64.2,16.666666666666668,28.555555555555557,18.0
2022-05-05,39.333333333333336,26.0,47.5,19.333333333333332,33.0,17.0
2022-05-06,40.333333333333336,29.0,56.6,29.333333333333332,31.88888888888889,16.25
2022-05-07,47.333333333333336,29.333333333333332,56.2,20.0,20.833333333333332,15.0
2022-05-08,53.666666666666664,33.666666666666664,52.6,19.333333333333332,21.4,16.0
2022-05-09,46.666666666666664,26.0,63.8,25.0,34.77777777777778,15.5
2022-05-10,44.666666666666664,25.0,61.4,29.666666666666668,34.22222222222222,15.75
2022-05-11,44.666666666666664,28.0,67.4,28.0,34.111111111111114,14.75
2022-05-12,41.333333333333336,29.666666666666668,53.25,28.333333333333332,36.666666666666664,16.5
2022-05-13,38.333333333333336,28.333333333333332,57.6,27.333333333333332,31.88888888888889,17.0
