date,retail_and_recreation_percent_change_from_baseline_Honduras,grocery_and_pharmacy_percent_change_from_baseline_Honduras,parks_percent_change_from_baseline_Honduras,transit_stations_percent_change_from_baseline_Honduras,workplaces_percent_change_from_baseline_Honduras,residential_percent_change_from_baseline_Honduras
2020-02-15,3.5172413793103448,6.285714285714286,0.06976744186046512,0.8235294117647058,2.4571428571428573,-0.2
2020-02-16,4.961538461538462,7.8125,2.8205128205128207,6.416666666666667,0.48,0.0
2020-02-17,-1.7916666666666667,3.6785714285714284,-1.4285714285714286,2.0625,12.702702702702704,-1.4736842105263157
2020-02-18,-3.4583333333333335,0.1724137931034483,-3.6470588235294117,2.4375,12.868421052631579,-1.368421052631579
2020-02-19,-5.32,-2.4642857142857144,-3.5714285714285716,-0.375,10.594594594594595,-0.8947368421052632
2020-02-20,-5.3076923076923075,-2.25,-1.4864864864864864,-2.4285714285714284,10.076923076923077,-1.1578947368421053
2020-02-21,-4.206896551724138,-1.206896551724138,-1.275,-4.4375,12.72972972972973,-1.4210526315789473
2020-02-22,-4.0,-1.1785714285714286,-7.533333333333333,-7.733333333333333,2.7142857142857144,1.3333333333333333
2020-02-23,-3.923076923076923,0.6875,-6.7317073170731705,-8.153846153846153,0.68,1.3333333333333333
2020-02-24,-6.5,-1.9655172413793103,-4.542857142857143,-10.5625,13.405405405405405,-1.0526315789473684
2020-02-25,-6.961538461538462,-2.1666666666666665,-4.057142857142857,-7.0,13.263157894736842,-1.5263157894736843
2020-02-26,-7.0,-5.655172413793103,-3.8055555555555554,-6.125,10.35897435897436,-1.2105263157894737
2020-02-27,-10.961538461538462,-7.892857142857143,-12.91891891891892,-10.692307692307692,8.307692307692308,0.7368421052631579
2020-02-28,-8.75,-4.137931034482759,-12.785714285714286,-12.25,11.135135135135135,0.5263157894736842
2020-02-29,-2.5357142857142856,3.107142857142857,-10.454545454545455,-7.8125,2.0285714285714285,2.2666666666666666
2020-03-01,2.3461538461538463,8.625,-2.15,-1.5,4.56,0.0
2020-03-02,-2.9615384615384617,3.7857142857142856,-2.4,-3.1875,15.052631578947368,-1.85
2020-03-03,-3.8,3.0,-0.8529411764705882,-4.133333333333334,14.368421052631579,-1.5789473684210527
2020-03-04,-2.6,0.32142857142857145,-1.162162162162162,0.21428571428571427,12.487179487179487,-1.263157894736842
2020-03-05,-3.0,0.48148148148148145,-0.8378378378378378,-3.357142857142857,12.076923076923077,-1.6842105263157894
2020-03-06,-2.4482758620689653,0.6896551724137931,-3.2564102564102564,0.8125,15.378378378378379,-1.736842105263158
2020-03-07,-2.7241379310344827,0.6153846153846154,-6.5,-7.4375,4.2,0.8666666666666667
2020-03-08,-4.076923076923077,1.75,-7.85,-4.636363636363637,-0.32,1.5
2020-03-09,-6.769230769230769,-0.8620689655172413,-6.0,-9.866666666666667,14.35135135135135,-1.0526315789473684
2020-03-10,-6.8,-2.0357142857142856,-5.0,-5.375,13.131578947368421,-0.631578947368421
2020-03-11,-4.8076923076923075,9.964285714285714,-4.2368421052631575,-2.9285714285714284,11.578947368421053,-0.5789473684210527
2020-03-12,-8.461538461538462,7.178571428571429,-5.405405405405405,-9.0,9.051282051282051,-0.47368421052631576
2020-03-13,-7.758620689655173,5.482758620689655,-6.190476190476191,-8.75,3.8947368421052633,1.7777777777777777
2020-03-14,-9.931034482758621,7.928571428571429,-7.136363636363637,-5.9375,0.7142857142857143,2.4
2020-03-15,-19.36,5.0,-13.0,-20.153846153846153,-5.5,3.8333333333333335
2020-03-16,-40.851851851851855,7.148148148148148,-18.63888888888889,-39.45,-26.585365853658537,11.8
2020-03-17,-66.65384615384616,-34.84615384615385,-43.18421052631579,-65.66666666666667,-51.23255813953488,24.125
2020-03-18,-72.42307692307692,-45.958333333333336,-46.30769230769231,-69.05263157894737,-57.20454545454545,33.8
2020-03-19,-73.08,-44.111111111111114,-46.925,-68.05263157894737,-59.15909090909091,30.833333333333332
2020-03-20,-81.03846153846153,-63.714285714285715,-56.31818181818182,-76.76470588235294,-61.348837209302324,37.6
2020-03-21,-83.51724137931035,-73.28571428571429,-60.93023255813954,-78.93333333333334,-62.725,31.0
2020-03-22,-84.30434782608695,-76.53333333333333,-59.926829268292686,-74.61538461538461,-50.14705882352941,21.8
2020-03-23,-81.28,-66.9090909090909,-54.78947368421053,-75.4375,-63.97826086956522,33.2
2020-03-24,-82.61538461538461,-70.89473684210526,-56.7027027027027,-78.86666666666666,-65.4090909090909,33.8
2020-03-25,-73.96,-58.15,-45.975,-65.83333333333333,-60.77777777777778,29.833333333333332
2020-03-26,-79.76,-63.95,-51.90243902439025,-72.52941176470588,-62.29545454545455,32.8
2020-03-27,-75.07407407407408,-58.04545454545455,-50.59090909090909,-68.4090909090909,-58.31818181818182,31.0
2020-03-28,-80.60714285714286,-66.04761904761905,-59.357142857142854,-76.58823529411765,-57.15,29.2
2020-03-29,-81.6086956521739,-68.13333333333334,-57.48780487804878,-71.35714285714286,-43.55882352941177,21.0
2020-03-30,-74.44,-48.95454545454545,-49.523809523809526,-68.75,-58.26086956521739,28.833333333333332
2020-03-31,-86.29166666666667,-83.11111111111111,-60.6,-82.0,-67.35555555555555,35.2
2020-04-01,-71.84,-44.666666666666664,-47.65853658536585,-68.10526315789474,-58.34782608695652,28.285714285714285
2020-04-02,-88.17391304347827,-84.76470588235294,-60.94285714285714,-84.18181818181819,-70.31111111111112,37.4
2020-04-03,-66.71428571428571,-33.52,-42.523809523809526,-61.13636363636363,-55.13636363636363,27.571428571428573
2020-04-04,-88.18518518518519,-85.2,-65.54054054054055,-81.81818181818181,-65.1219512195122,33.0
2020-04-05,-87.55,-85.13333333333334,-61.65714285714286,-83.1,-53.529411764705884,23.8
2020-04-06,-74.24,-48.916666666666664,-50.175,-67.35,-59.80434782608695,28.571428571428573
2020-04-07,-85.56,-79.94736842105263,-58.72727272727273,-81.7,-67.11363636363636,35.2
2020-04-08,-72.22222222222223,-44.625,-47.35897435897436,-65.26315789473684,-60.68888888888889,29.0
2020-04-09,-86.29166666666667,-81.58823529411765,-58.64705882352941,-83.45454545454545,-71.75555555555556,37.2
2020-04-10,-78.84615384615384,-61.0,-53.833333333333336,-73.63157894736842,-64.93478260869566,34.833333333333336
2020-04-11,-82.77777777777777,-70.05,-61.92857142857143,-75.8125,-61.25,31.2
2020-04-12,-83.34782608695652,-75.33333333333333,-58.825,-76.2,-48.61764705882353,21.4
2020-04-13,-71.12,-49.166666666666664,-48.38461538461539,-67.66666666666667,-53.977777777777774,26.444444444444443
2020-04-14,-73.91666666666667,-52.35,-49.71052631578947,-69.57894736842105,-55.68888888888889,28.714285714285715
2020-04-15,-70.07692307692308,-45.958333333333336,-46.46341463414634,-67.05263157894737,-53.72727272727273,27.22222222222222
2020-04-16,-70.88,-48.31818181818182,-48.51219512195122,-67.94736842105263,-53.74418604651163,27.77777777777778
2020-04-17,-68.11111111111111,-44.36,-48.46511627906977,-64.9047619047619,-49.5,28.75
2020-04-18,-80.96551724137932,-69.23809523809524,-58.58139534883721,-73.53846153846153,-55.717948717948715,29.2
2020-04-19,-82.0,-73.13333333333334,-57.025,-75.72727272727273,-45.76470588235294,21.6
2020-04-20,-64.72,-42.0,-43.609756097560975,-63.22222222222222,-49.40909090909091,24.4
2020-04-21,-66.72,-43.84,-47.58974358974359,-63.1764705882353,-50.16279069767442,24.4
2020-04-22,-68.88,-46.608695652173914,-47.853658536585364,-66.11111111111111,-51.0,26.22222222222222
2020-04-23,-69.65384615384616,-46.583333333333336,-47.90243902439025,-66.3157894736842,-50.92857142857143,26.666666666666668
2020-04-24,-68.5925925925926,-46.48,-50.67391304347826,-65.0,-47.95454545454545,27.0
2020-04-25,-82.03571428571429,-70.04761904761905,-61.44186046511628,-74.71428571428571,-54.975,27.666666666666668
2020-04-26,-82.6086956521739,-75.0,-59.1219512195122,-74.58333333333333,-44.57575757575758,21.2
2020-04-27,-65.91666666666667,-41.65384615384615,-44.61538461538461,-62.36842105263158,-46.06976744186046,24.0
2020-04-28,-67.84,-44.68,-47.666666666666664,-64.3157894736842,-48.63636363636363,23.11111111111111
2020-04-29,-66.66666666666667,-43.36,-45.951219512195124,-62.75,-48.59090909090909,24.9
2020-04-30,-67.84,-41.68,-45.951219512195124,-64.42105263157895,-49.44186046511628,24.1
2020-05-01,-70.15384615384616,-48.0,-49.357142857142854,-66.15,-52.23255813953488,28.625
2020-05-02,-84.57142857142857,-78.55,-62.55,-78.46153846153847,-59.4390243902439,30.2
2020-05-03,-85.42857142857143,-82.13333333333334,-61.36842105263158,-76.25,-46.705882352941174,22.0
2020-05-04,-69.04,-48.88461538461539,-47.526315789473685,-66.42857142857143,-48.395348837209305,25.444444444444443
2020-05-05,-69.28,-47.75,-48.68571428571428,-64.89473684210526,-48.906976744186046,25.666666666666668
2020-05-06,-68.83333333333333,-46.04,-47.51282051282051,-63.63157894736842,-48.86363636363637,25.5
2020-05-07,-66.85185185185185,-45.708333333333336,-48.15384615384615,-64.52631578947368,-49.23255813953488,25.5
2020-05-08,-64.64285714285714,-42.535714285714285,-46.7906976744186,-61.666666666666664,-44.357142857142854,25.88888888888889
2020-05-09,-79.39285714285714,-70.55,-58.95454545454545,-71.28571428571429,-52.58536585365854,27.5
2020-05-10,-73.70833333333333,-67.66666666666667,-49.714285714285715,-65.53846153846153,-30.733333333333334,18.2
2020-05-11,-61.96153846153846,-38.92307692307692,-39.1025641025641,-61.0,-43.44186046511628,22.083333333333332
2020-05-12,-61.65384615384615,-38.96,-40.52777777777778,-60.833333333333336,-42.627906976744185,21.583333333333332
2020-05-13,-62.76,-40.46153846153846,-42.525,-59.44444444444444,-43.69767441860465,22.75
2020-05-14,-63.22222222222222,-39.592592592592595,-42.214285714285715,-61.166666666666664,-44.23809523809524,21.75
2020-05-15,-60.10344827586207,-33.61538461538461,-41.372093023255815,-59.0,-40.26190476190476,22.75
2020-05-16,-79.64285714285714,-72.52380952380952,-59.904761904761905,-73.71428571428571,-52.45,26.666666666666668
2020-05-17,-82.4090909090909,-76.06666666666666,-57.81578947368421,-69.38461538461539,-41.4375,20.2
2020-05-18,-57.65384615384615,-34.22222222222222,-41.75609756097561,-58.578947368421055,-40.86046511627907,20.833333333333332
2020-05-19,-60.12,-36.785714285714285,-41.891891891891895,-58.0,-42.0,21.5
2020-05-20,-59.53846153846154,-36.52,-42.21951219512195,-59.714285714285715,-42.97674418604651,20.46153846153846
2020-05-21,-60.666666666666664,-37.48,-44.4390243902439,-60.38095238095238,-43.55813953488372,22.0
2020-05-22,-59.888888888888886,-35.57692307692308,-45.348837209302324,-58.23809523809524,-38.81395348837209,21.692307692307693
2020-05-23,-78.89285714285714,-69.5,-59.45238095238095,-72.33333333333333,-48.76923076923077,26.333333333333332
2020-05-24,-81.86363636363636,-77.06666666666666,-59.05128205128205,-73.0,-39.666666666666664,19.4
2020-05-25,-57.15384615384615,-35.07142857142857,-40.048780487804876,-55.95,-39.11904761904762,19.692307692307693
2020-05-26,-60.2,-37.61538461538461,-43.05555555555556,-58.27777777777778,-39.833333333333336,19.53846153846154
2020-05-27,-58.84615384615385,-39.148148148148145,-42.07692307692308,-58.6,-41.25581395348837,20.76923076923077
2020-05-28,-60.96153846153846,-38.07692307692308,-44.57142857142857,-60.8,-40.80952380952381,21.23076923076923
2020-05-29,-58.464285714285715,-32.629629629629626,-43.86046511627907,-55.23809523809524,-35.4390243902439,21.307692307692307
2020-05-30,-79.25,-70.52380952380952,-60.45238095238095,-70.0625,-47.64102564102564,26.5
2020-05-31,-82.69565217391305,-76.2,-61.8974358974359,-75.0,-39.96875,20.4
2020-06-01,-55.52,-31.185185185185187,-43.2,-58.05,-36.95348837209303,19.692307692307693
2020-06-02,-56.03846153846154,-33.392857142857146,-42.55263157894737,-55.0625,-36.642857142857146,19.615384615384617
2020-06-03,-54.57692307692308,-32.25925925925926,-41.35,-56.0,-36.93023255813954,19.857142857142858
2020-06-04,-56.035714285714285,-31.666666666666668,-42.90243902439025,-57.15,-37.42857142857143,20.076923076923077
2020-06-05,-53.3448275862069,-29.14814814814815,-40.74418604651163,-56.36363636363637,-32.78048780487805,20.307692307692307
2020-06-06,-76.10344827586206,-65.91304347826087,-57.48837209302326,-70.875,-44.44736842105263,25.5
2020-06-07,-79.56521739130434,-73.86666666666666,-56.75609756097561,-70.58333333333333,-34.1,19.6
2020-06-08,-46.92307692307692,-27.24137931034483,-35.73684210526316,-51.473684210526315,-29.75925925925926,16.714285714285715
2020-06-09,-50.68,-30.666666666666668,-38.21052631578947,-52.4375,-31.425925925925927,17.142857142857142
2020-06-10,-49.26923076923077,-31.76923076923077,-38.18421052631579,-52.888888888888886,-33.056603773584904,17.928571428571427
2020-06-11,-51.357142857142854,-30.703703703703702,-38.73170731707317,-55.10526315789474,-33.31481481481482,18.357142857142858
2020-06-12,-49.357142857142854,-25.703703703703702,-37.48837209302326,-55.0,-29.98148148148148,18.0
2020-06-13,-75.10714285714286,-66.5909090909091,-57.97727272727273,-69.3125,-42.67307692307692,25.333333333333332
2020-06-14,-78.21739130434783,-72.6,-56.146341463414636,-73.0909090909091,-32.07142857142857,19.4
2020-06-15,-45.34615384615385,-24.925925925925927,-35.1025641025641,-52.8421052631579,-29.814814814814813,16.428571428571427
2020-06-16,-46.46153846153846,-24.833333333333332,-35.2972972972973,-53.44444444444444,-31.166666666666668,17.5
2020-06-17,-47.23076923076923,-26.714285714285715,-36.825,-52.526315789473685,-32.925925925925924,18.285714285714285
2020-06-18,-49.964285714285715,-28.48148148148148,-39.48780487804878,-54.21052631578947,-33.51851851851852,18.142857142857142
2020-06-19,-46.266666666666666,-23.862068965517242,-35.25581395348837,-50.68421052631579,-29.166666666666668,17.142857142857142
2020-06-20,-75.44827586206897,-65.08695652173913,-56.90909090909091,-68.0,-43.19607843137255,24.571428571428573
2020-06-21,-78.78260869565217,-71.73333333333333,-57.1,-70.5,-34.44186046511628,19.6
2020-06-22,-46.5,-26.655172413793103,-34.56410256410256,-51.55,-32.74074074074074,18.571428571428573
2020-06-23,-49.07692307692308,-28.586206896551722,-37.54054054054054,-53.4375,-34.407407407407405,18.76923076923077
2020-06-24,-48.333333333333336,-28.857142857142858,-38.02564102564103,-54.111111111111114,-34.77777777777778,18.928571428571427
2020-06-25,-50.32142857142857,-28.535714285714285,-38.85,-54.63157894736842,-35.03703703703704,18.857142857142858
2020-06-26,-48.03333333333333,-24.379310344827587,-37.0,-52.142857142857146,-32.129629629629626,18.571428571428573
2020-06-27,-76.33333333333333,-67.0,-58.883720930232556,-67.71428571428571,-45.9622641509434,25.666666666666668
2020-06-28,-79.08695652173913,-73.46666666666667,-57.6,-72.33333333333333,-38.69047619047619,19.6
2020-06-29,-50.84615384615385,-30.79310344827586,-38.875,-57.5,-34.2962962962963,19.285714285714285
2020-06-30,-49.0,-26.678571428571427,-36.94736842105263,-56.666666666666664,-34.129629629629626,18.357142857142858
2020-07-01,-48.65384615384615,-28.448275862068964,-38.2,-55.111111111111114,-35.5,18.785714285714285
2020-07-02,-52.75,-30.5,-41.142857142857146,-57.1578947368421,-37.925925925925924,19.857142857142858
2020-07-03,-50.3448275862069,-24.620689655172413,-40.61363636363637,-54.0,-33.574074074074076,20.0
2020-07-04,-76.89655172413794,-66.625,-60.404761904761905,-70.13333333333334,-48.64150943396226,26.0
2020-07-05,-80.1304347826087,-73.4,-59.46341463414634,-72.83333333333333,-40.48837209302326,20.4
2020-07-06,-48.07692307692308,-26.75862068965517,-36.9,-54.78947368421053,-35.888888888888886,19.076923076923077
2020-07-07,-50.333333333333336,-30.142857142857142,-40.21621621621622,-56.35294117647059,-37.55555555555556,19.53846153846154
2020-07-08,-52.0,-31.178571428571427,-39.825,-55.666666666666664,-38.25925925925926,19.785714285714285
2020-07-09,-53.42857142857143,-31.814814814814813,-41.372093023255815,-57.73684210526316,-38.75925925925926,19.928571428571427
2020-07-10,-49.766666666666666,-24.275862068965516,-40.25,-51.0,-35.53703703703704,19.846153846153847
2020-07-11,-76.63333333333334,-66.04166666666667,-58.97727272727273,-71.66666666666667,-47.84905660377358,25.833333333333332
2020-07-12,-79.43478260869566,-73.66666666666667,-59.625,-71.66666666666667,-41.0,20.4
2020-07-13,-50.48,-30.25925925925926,-38.717948717948715,-59.0,-37.31481481481482,19.23076923076923
2020-07-14,-52.80769230769231,-34.32142857142857,-40.810810810810814,-56.1875,-38.98148148148148,19.53846153846154
2020-07-15,-52.42307692307692,-32.888888888888886,-41.926829268292686,-58.888888888888886,-38.851851851851855,19.307692307692307
2020-07-16,-51.82142857142857,-30.82758620689655,-40.627906976744185,-57.94736842105263,-38.7037037037037,19.23076923076923
2020-07-17,-51.0,-27.275862068965516,-40.02325581395349,-53.0,-35.7037037037037,20.076923076923077
2020-07-18,-75.89655172413794,-65.47826086956522,-58.43181818181818,-71.9375,-48.0,24.833333333333332
2020-07-19,-79.21739130434783,-71.625,-59.146341463414636,-72.41666666666667,-40.2093023255814,19.6
2020-07-20,-48.96,-28.535714285714285,-36.46153846153846,-57.333333333333336,-36.148148148148145,18.307692307692307
2020-07-21,-50.61538461538461,-32.535714285714285,-39.67567567567568,-56.411764705882355,-37.629629629629626,18.846153846153847
2020-07-22,-51.88461538461539,-33.535714285714285,-41.3,-57.68421052631579,-37.94444444444444,19.76923076923077
2020-07-23,-51.58620689655172,-32.107142857142854,-39.53658536585366,-56.73684210526316,-37.7962962962963,19.307692307692307
2020-07-24,-50.13793103448276,-27.379310344827587,-38.18181818181818,-55.31818181818182,-34.943396226415096,19.23076923076923
2020-07-25,-75.55172413793103,-65.17391304347827,-56.84444444444444,-69.5,-48.44230769230769,24.166666666666668
2020-07-26,-78.52173913043478,-72.33333333333333,-56.707317073170735,-72.16666666666667,-40.348837209302324,18.8
2020-07-27,-47.69230769230769,-29.357142857142858,-37.24324324324324,-54.68421052631579,-35.94444444444444,17.307692307692307
2020-07-28,-49.42307692307692,-31.40740740740741,-38.421052631578945,-54.72222222222222,-36.907407407407405,18.23076923076923
2020-07-29,-49.0,-30.428571428571427,-36.375,-55.611111111111114,-37.320754716981135,18.846153846153847
2020-07-30,-50.0,-29.392857142857142,-35.205128205128204,-55.95,-36.870370370370374,18.307692307692307
2020-07-31,-46.44827586206897,-24.214285714285715,-35.45238095238095,-52.333333333333336,-34.0,17.307692307692307
2020-08-01,-73.0,-61.52173913043478,-54.111111111111114,-68.8125,-46.76923076923077,23.0
2020-08-02,-75.65217391304348,-69.46666666666667,-53.69767441860465,-70.08333333333333,-38.523809523809526,18.0
2020-08-03,-43.25925925925926,-24.857142857142858,-33.6578947368421,-55.04761904761905,-34.7962962962963,16.46153846153846
2020-08-04,-45.57692307692308,-27.892857142857142,-34.24324324324324,-51.76470588235294,-35.2037037037037,17.0
2020-08-05,-46.370370370370374,-28.928571428571427,-34.925,-53.31578947368421,-35.905660377358494,17.357142857142858
2020-08-06,-48.82142857142857,-29.384615384615383,-37.575,-54.611111111111114,-36.2037037037037,17.071428571428573
2020-08-07,-47.275862068965516,-25.444444444444443,-34.18604651162791,-52.94736842105263,-33.43396226415094,16.76923076923077
2020-08-08,-72.82758620689656,-61.52173913043478,-53.608695652173914,-69.125,-46.11538461538461,22.5
2020-08-09,-75.5,-69.33333333333333,-52.292682926829265,-72.9,-38.651162790697676,17.0
2020-08-10,-44.73076923076923,-26.17241379310345,-33.76315789473684,-53.85,-33.648148148148145,15.461538461538462
2020-08-11,-44.23076923076923,-26.464285714285715,-32.972972972972975,-53.5,-34.03703703703704,15.846153846153847
2020-08-12,-44.42307692307692,-26.379310344827587,-34.078947368421055,-53.22222222222222,-34.64150943396226,16.571428571428573
2020-08-13,-45.666666666666664,-25.142857142857142,-32.43589743589744,-50.77777777777778,-33.574074074074076,16.357142857142858
2020-08-14,-44.41379310344828,-22.464285714285715,-32.76190476190476,-50.75,-31.735849056603772,16.53846153846154
2020-08-15,-68.6,-56.65217391304348,-49.04255319148936,-66.76470588235294,-44.0,20.666666666666668
2020-08-16,-72.625,-64.8,-50.22727272727273,-70.33333333333333,-37.18604651162791,15.4
2020-08-17,-44.4,-21.4,-31.75,-59.0,-39.77777777777778,14.384615384615385
2020-08-18,-47.2,-23.8,-33.333333333333336,-60.0,-39.0,14.5
2020-08-19,-48.4,-27.4,-33.75,-57.2,-39.333333333333336,14.357142857142858
2020-08-20,-49.4,-27.6,-35.5,-59.2,-40.1,14.857142857142858
2020-08-21,-49.0,-24.4,-34.5,-57.4,-37.888888888888886,15.0
2020-08-22,-63.333333333333336,-45.2,-49.4,-69.0,-38.714285714285715,16.77777777777778
2020-08-23,-65.4,-51.4,-47.4,-73.6,-26.6,13.0
2020-08-24,-46.4,-28.4,-35.75,-59.4,-37.333333333333336,13.5
2020-08-25,-47.0,-27.0,-34.75,-58.4,-37.77777777777778,13.785714285714286
2020-08-26,-49.0,-30.4,-35.5,-57.8,-37.888888888888886,14.0
2020-08-27,-49.2,-29.0,-34.5,-57.2,-38.0,13.642857142857142
2020-08-28,-48.2,-25.4,-30.0,-53.8,-35.22222222222222,13.928571428571429
2020-08-29,-55.4,-36.0,-38.6,-63.0,-32.857142857142854,13.1
2020-08-30,-60.0,-45.2,-35.5,-68.4,-23.0,10.6
2020-08-31,-43.6,-25.0,-30.75,-54.4,-36.111111111111114,12.0
2020-09-01,-44.2,-23.6,-29.666666666666668,-54.2,-37.75,12.714285714285714
2020-09-02,-46.2,-25.6,-33.25,-52.6,-38.77777777777778,13.266666666666667
2020-09-03,-47.8,-27.0,-34.25,-53.4,-38.7,13.928571428571429
2020-09-04,-46.8,-24.4,-32.0,-50.4,-36.333333333333336,14.214285714285714
2020-09-05,-52.4,-33.2,-39.8,-58.4,-32.714285714285715,13.1
2020-09-06,-58.0,-43.0,-37.0,-66.0,-25.4,11.4
2020-09-07,-44.0,-26.0,-32.5,-54.4,-38.22222222222222,13.214285714285714
2020-09-08,-43.6,-23.4,-32.0,-52.2,-37.75,12.5
2020-09-09,-43.0,-22.4,-29.0,-49.6,-36.77777777777778,11.8
2020-09-10,-38.6,-18.8,-23.0,-46.2,-35.666666666666664,10.357142857142858
2020-09-11,-39.62068965517241,-22.47826086956522,-29.325581395348838,-44.81818181818182,-29.641509433962263,12.357142857142858
2020-09-12,-43.89655172413793,-27.652173913043477,-33.56521739130435,-50.65,-26.431372549019606,10.818181818181818
2020-09-13,-47.46153846153846,-38.92857142857143,-34.357142857142854,-56.15384615384615,-24.076923076923077,9.2
2020-09-14,-32.65384615384615,-16.91304347826087,-28.236842105263158,-44.285714285714285,-28.296296296296298,10.4
2020-09-15,-52.148148148148145,-44.526315789473685,-39.63157894736842,-61.0,-48.05555555555556,20.545454545454547
2020-09-16,-32.19230769230769,-15.521739130434783,-27.71794871794872,-41.111111111111114,-29.90566037735849,10.333333333333334
2020-09-17,-36.535714285714285,-18.304347826086957,-30.36842105263158,-44.166666666666664,-30.61111111111111,11.733333333333333
2020-09-18,-38.714285714285715,-20.333333333333332,-30.69047619047619,-42.476190476190474,-27.9811320754717,12.357142857142858
2020-09-19,-41.89655172413793,-25.347826086956523,-32.369565217391305,-46.17391304347826,-25.215686274509803,11.272727272727273
2020-09-20,-44.84615384615385,-37.142857142857146,-30.928571428571427,-54.6875,-22.842105263157894,9.6
2020-09-21,-33.88461538461539,-15.56,-28.666666666666668,-45.4,-28.75925925925926,11.0
2020-09-22,-36.07692307692308,-14.521739130434783,-27.86842105263158,-45.411764705882355,-30.48148148148148,11.4
2020-09-23,-38.074074074074076,-17.391304347826086,-30.85,-42.1764705882353,-31.07547169811321,10.521739130434783
2020-09-24,-42.607142857142854,-22.130434782608695,-34.825,-43.05263157894737,-31.74074074074074,11.833333333333334
2020-09-25,-42.241379310344826,-21.72,-34.55813953488372,-35.526315789473685,-29.5,10.5
2020-09-26,-44.55172413793103,-24.291666666666668,-33.30434782608695,-44.391304347826086,-25.58823529411765,9.9
2020-09-27,-46.84615384615385,-35.6,-31.023809523809526,-54.46666666666667,-25.575,4.583333333333333
2020-09-28,-38.84615384615385,-20.92,-32.5,-43.9,-28.462962962962962,10.583333333333334
2020-09-29,-38.53846153846154,-17.0,-30.763157894736842,-40.875,-30.166666666666668,10.043478260869565
2020-09-30,-37.148148148148145,-13.72,-31.692307692307693,-38.5,-33.39622641509434,7.458333333333333
2020-10-01,-39.535714285714285,-15.954545454545455,-34.975,-39.73684210526316,-33.129629629629626,6.083333333333333
2020-10-02,-37.535714285714285,-14.24,-31.41860465116279,-35.68421052631579,-29.58490566037736,7.0
2020-10-03,-42.172413793103445,-20.208333333333332,-35.208333333333336,-39.21739130434783,-28.470588235294116,6.45
2020-10-04,-44.73076923076923,-30.8,-33.18604651162791,-49.5,-29.024390243902438,4.833333333333333
2020-10-05,-34.592592592592595,-13.576923076923077,-31.68421052631579,-41.611111111111114,-30.90740740740741,5.916666666666667
2020-10-06,-34.96153846153846,-13.04,-29.157894736842106,-38.625,-30.38888888888889,6.541666666666667
2020-10-07,-34.925925925925924,-16.2,-30.575,-42.529411764705884,-30.90566037735849,7.5
2020-10-08,-37.111111111111114,-17.291666666666668,-33.48717948717949,-39.64705882352941,-29.566037735849058,9.041666666666666
2020-10-09,-37.107142857142854,-16.115384615384617,-28.976744186046513,-36.26315789473684,-27.037735849056602,10.173913043478262
2020-10-10,-40.41379310344828,-22.88,-32.80434782608695,-41.81818181818182,-23.294117647058822,7.333333333333333
2020-10-11,-41.26923076923077,-30.333333333333332,-26.642857142857142,-51.857142857142854,-21.692307692307693,6.333333333333333
2020-10-12,-34.15384615384615,-15.11111111111111,-32.39473684210526,-38.45,-28.5,9.375
2020-10-13,-36.68,-16.28,-33.6578947368421,-42.35294117647059,-28.87037037037037,10.217391304347826
2020-10-14,-34.18518518518518,-12.333333333333334,-32.525,-40.88235294117647,-28.11320754716981,10.652173913043478
2020-10-15,-34.925925925925924,-5.48,-32.425,-41.333333333333336,-27.72222222222222,10.565217391304348
2020-10-16,-34.857142857142854,-6.346153846153846,-33.46511627906977,-37.111111111111114,-25.67924528301887,10.565217391304348
2020-10-17,-37.758620689655174,-12.88,-33.78260869565217,-40.5,-22.647058823529413,9.45
2020-10-18,-41.46153846153846,-26.733333333333334,-32.095238095238095,-48.0,-23.575,7.25
2020-10-19,-34.57692307692308,-12.92,-35.5,-41.111111111111114,-26.962962962962962,9.833333333333334
2020-10-20,-34.23076923076923,-11.5,-32.026315789473685,-40.5,-27.296296296296298,10.166666666666666
2020-10-21,-33.69230769230769,-12.037037037037036,-30.05128205128205,-39.75,-27.69811320754717,10.652173913043478
2020-10-22,-34.666666666666664,-8.875,-29.94871794871795,-42.94444444444444,-27.01851851851852,9.75
2020-10-23,-33.464285714285715,-9.107142857142858,-26.41860465116279,-37.421052631578945,-24.30188679245283,9.695652173913043
2020-10-24,-37.96551724137931,-15.52,-28.4,-41.04545454545455,-21.470588235294116,8.6
2020-10-25,-41.04,-24.6,-30.095238095238095,-48.92857142857143,-24.307692307692307,5.230769230769231
2020-10-26,-31.23076923076923,-10.038461538461538,-27.564102564102566,-41.15,-25.185185185185187,9.0
2020-10-27,-32.44,-11.958333333333334,-30.31578947368421,-37.529411764705884,-26.98148148148148,8.8
2020-10-28,-32.19230769230769,-15.923076923076923,-34.275,-39.125,-28.07547169811321,7.56
2020-10-29,-32.2962962962963,-10.75,-33.375,-31.88235294117647,-27.09259259259259,7.958333333333333
2020-10-30,-29.678571428571427,-9.48,-30.318181818181817,-33.04761904761905,-23.452830188679247,8.0
2020-10-31,-32.58620689655172,-12.5,-29.333333333333332,-38.0,-21.0,6.6
2020-11-01,-37.64,-21.866666666666667,-28.19047619047619,-41.13333333333333,-23.153846153846153,5.5
2020-11-02,-33.44444444444444,-11.0,-37.63157894736842,-45.89473684210526,-31.61111111111111,8.958333333333334
2020-11-03,-38.81481481481482,-13.96,-42.743589743589745,-44.733333333333334,-33.98148148148148,10.521739130434783
2020-11-04,-55.55172413793103,-31.681818181818183,-55.18604651162791,-59.111111111111114,-46.075471698113205,11.25
2020-11-05,-58.48275862068966,-36.0,-50.5,-65.77777777777777,-53.45283018867924,6.6521739130434785
2020-11-06,-54.1,-31.772727272727273,-51.40425531914894,-59.95238095238095,-45.833333333333336,9.818181818181818
2020-11-07,-48.93333333333333,-24.5,-46.24,-51.76190476190476,-33.19607843137255,9.368421052631579
2020-11-08,-46.111111111111114,-26.4,-39.22222222222222,-52.86666666666667,-26.25,6.416666666666667
2020-11-09,-32.84615384615385,-11.76,-35.951219512195124,-41.45,-31.11111111111111,5.875
2020-11-10,-31.51851851851852,-7.958333333333333,-33.48717948717949,-35.5,-30.203703703703702,5.869565217391305
2020-11-11,-30.73076923076923,-9.76,-35.57142857142857,-39.23529411764706,-30.0188679245283,6.666666666666667
2020-11-12,-32.666666666666664,-11.041666666666666,-34.17948717948718,-39.22222222222222,-29.055555555555557,6.625
2020-11-13,-31.066666666666666,-5.12,-32.86046511627907,-35.9,-25.61111111111111,5.739130434782608
2020-11-14,-31.233333333333334,-5.92,-33.541666666666664,-37.26086956521739,-20.313725490196077,3.9
2020-11-15,-33.07692307692308,-9.4,-33.13636363636363,-42.733333333333334,-16.076923076923077,4.666666666666667
2020-11-16,-27.884615384615383,4.75,-34.0,-39.0,-26.296296296296298,6.869565217391305
2020-11-17,-61.57692307692308,-40.9,-57.90243902439025,-63.05882352941177,-50.2037037037037,12.695652173913043
2020-11-18,-54.892857142857146,-34.27272727272727,-51.904761904761905,-62.705882352941174,-53.58490566037736,9.782608695652174
2020-11-19,-40.93103448275862,-20.32,-41.21951219512195,-51.666666666666664,-35.27777777777778,8.695652173913043
2020-11-20,-39.310344827586206,-18.24,-41.325581395348834,-47.09090909090909,-29.25925925925926,8.909090909090908
2020-11-21,-43.1,-23.458333333333332,-49.395833333333336,-48.30434782608695,-27.0,10.0
2020-11-22,-41.38461538461539,-24.4,-41.25581395348837,-51.72222222222222,-20.384615384615383,7.666666666666667
2020-11-23,-33.76923076923077,-14.44,-38.4,-42.523809523809526,-29.27777777777778,8.08695652173913
2020-11-24,-32.03846153846154,-10.5,-36.486486486486484,-37.55555555555556,-29.40740740740741,7.913043478260869
2020-11-25,-30.576923076923077,-8.48,-38.21951219512195,-38.55555555555556,-28.0188679245283,7.818181818181818
2020-11-26,-31.642857142857142,-8.26086956521739,-36.375,-39.78947368421053,-27.425925925925927,7.217391304347826
2020-11-27,-30.24137931034483,-8.0,-33.95454545454545,-34.1,-24.25925925925926,5.956521739130435
2020-11-28,-31.29032258064516,-11.44,-34.020833333333336,-35.47826086956522,-18.372549019607842,5.2631578947368425
2020-11-29,-29.26923076923077,-11.4,-30.295454545454547,-39.1875,-10.921052631578947,4.0
2020-11-30,-22.74074074074074,-2.576923076923077,-28.394736842105264,-32.95,-23.925925925925927,4.416666666666667
2020-12-01,-26.444444444444443,-2.75,-32.71052631578947,-37.4375,-25.98148148148148,6.708333333333333
2020-12-02,-23.26923076923077,-0.5,-30.675,-34.529411764705884,-24.264150943396228,6.125
2020-12-03,-25.40740740740741,0.8333333333333334,-30.475,-30.61111111111111,-23.925925925925927,5.291666666666667
2020-12-04,-25.620689655172413,-2.814814814814815,-30.209302325581394,-27.0,-21.14814814814815,5.782608695652174
2020-12-05,-26.344827586206897,-8.28,-29.75,-31.217391304347824,-17.03921568627451,3.85
2020-12-06,-24.4,-10.866666666666667,-25.41860465116279,-36.0,-13.205128205128204,2.6666666666666665
2020-12-07,-22.46153846153846,-4.076923076923077,-30.17948717948718,-29.63157894736842,-24.537037037037038,3.84
2020-12-08,-24.692307692307693,-4.791666666666667,-29.842105263157894,-32.1875,-23.14814814814815,6.125
2020-12-09,-23.076923076923077,-1.48,-25.743589743589745,-26.25,-23.60377358490566,6.0
2020-12-10,-24.25925925925926,-1.0740740740740742,-22.153846153846153,-27.5625,-23.75925925925926,6.083333333333333
2020-12-11,-22.51851851851852,-0.3333333333333333,-20.325581395348838,-18.8125,-19.830188679245282,5.913043478260869
2020-12-12,-24.137931034482758,-3.92,-20.2,-23.695652173913043,-15.52,3.5
2020-12-13,-21.28,-5.533333333333333,-10.292682926829269,-22.5,-9.078947368421053,2.4166666666666665
2020-12-14,-17.51851851851852,2.7777777777777777,-19.10810810810811,-23.72222222222222,-21.685185185185187,4.75
2020-12-15,-15.074074074074074,7.6923076923076925,-16.405405405405407,-18.333333333333332,-22.09259259259259,4.25
2020-12-16,-12.518518518518519,10.96,-15.08108108108108,-19.733333333333334,-22.41509433962264,4.083333333333333
2020-12-17,-15.607142857142858,9.653846153846153,-15.421052631578947,-19.357142857142858,-22.74074074074074,4.166666666666667
2020-12-18,-15.620689655172415,7.703703703703703,-13.571428571428571,-9.8125,-19.11111111111111,4.130434782608695
2020-12-19,-17.93103448275862,5.25,-15.953488372093023,-12.7,-13.36734693877551,1.95
2020-12-20,-11.916666666666666,6.333333333333333,-4.2926829268292686,-5.866666666666666,-0.918918918918919,0.3076923076923077
2020-12-21,-7.1923076923076925,17.40740740740741,-9.63888888888889,-11.4,-21.24074074074074,2.2916666666666665
2020-12-22,-6.16,23.44,-7.25,-1.0,-22.25925925925926,1.84
2020-12-23,-3.08,34.24,-1.3243243243243243,4.615384615384615,-22.132075471698112,0.84
2020-12-24,-14.296296296296296,36.0,9.162162162162161,-13.23076923076923,-33.01851851851852,2.4583333333333335
2020-12-25,-67.65517241379311,-61.578947368421055,-35.34090909090909,-68.78571428571429,-72.25925925925925,19.181818181818183
2020-12-26,-31.620689655172413,-11.458333333333334,-20.17391304347826,-29.818181818181817,-28.16,7.631578947368421
2020-12-27,-26.68,-15.533333333333333,-12.404761904761905,-16.928571428571427,-9.08108108108108,4.0
2020-12-28,-13.615384615384615,8.038461538461538,-12.416666666666666,-21.8125,-24.74074074074074,5.5
2020-12-29,-10.583333333333334,14.333333333333334,-5.444444444444445,-9.866666666666667,-24.87037037037037,4.916666666666667
2020-12-30,-4.96,32.84,-0.9459459459459459,-1.1538461538461537,-27.264150943396228,3.92
2020-12-31,-14.555555555555555,34.68,10.277777777777779,-15.692307692307692,-34.111111111111114,3.0833333333333335
2021-01-01,-57.25806451612903,-56.68421052631579,-15.976744186046512,-64.2,-70.96296296296296,16.608695652173914
2021-01-02,-32.96666666666667,-16.04,-16.133333333333333,-30.217391304347824,-36.98039215686274,8.68421052631579
2021-01-03,-33.04,-23.066666666666666,-13.609756097560975,-24.266666666666666,-22.28205128205128,3.8333333333333335
2021-01-04,-20.037037037037038,3.3076923076923075,-17.81081081081081,-25.294117647058822,-24.833333333333332,5.958333333333333
2021-01-05,-23.346153846153847,-0.28,-18.972972972972972,-23.375,-24.37037037037037,6.695652173913044
2021-01-06,-24.26923076923077,-0.52,-21.342105263157894,-26.5625,-23.867924528301888,7.260869565217392
2021-01-07,-27.62962962962963,-2.6666666666666665,-22.894736842105264,-31.75,-24.38888888888889,6.916666666666667
2021-01-08,-25.896551724137932,-3.7037037037037037,-21.954545454545453,-24.0,-21.22641509433962,6.130434782608695
2021-01-09,-32.48275862068966,-12.88,-34.69387755102041,-39.526315789473685,-19.333333333333332,6.842105263157895
2021-01-10,-33.12,-16.933333333333334,-23.41860465116279,-33.125,-17.789473684210527,4.833333333333333
2021-01-11,-22.62962962962963,-1.8461538461538463,-24.81081081081081,-27.842105263157894,-22.40740740740741,4.375
2021-01-12,-25.653846153846153,-6.269230769230769,-27.263157894736842,-28.625,-24.77777777777778,4.833333333333333
2021-01-13,-27.03846153846154,-8.291666666666666,-28.425,-31.055555555555557,-27.660377358490567,3.1666666666666665
2021-01-14,-30.48148148148148,-11.416666666666666,-32.3,-34.44444444444444,-30.333333333333332,3.4166666666666665
2021-01-15,-29.285714285714285,-9.72,-30.477272727272727,-30.63157894736842,-29.641509433962263,3.0
2021-01-16,-36.44827586206897,-17.0,-41.89795918367347,-38.77272727272727,-27.470588235294116,3.8421052631578947
2021-01-17,-37.15384615384615,-21.8,-32.57142857142857,-43.5625,-29.073170731707318,3.6153846153846154
2021-01-18,-29.384615384615383,-9.5,-35.43589743589744,-38.10526315789474,-29.944444444444443,4.083333333333333
2021-01-19,-26.923076923076923,-9.923076923076923,-29.63157894736842,-32.470588235294116,-29.64814814814815,3.2083333333333335
2021-01-20,-27.74074074074074,-10.23076923076923,-32.175,-30.055555555555557,-30.037735849056602,4.173913043478261
2021-01-21,-30.48148148148148,-8.652173913043478,-32.525,-33.8421052631579,-29.444444444444443,4.416666666666667
2021-01-22,-28.25925925925926,-9.074074074074074,-29.636363636363637,-29.166666666666668,-26.166666666666668,4.130434782608695
2021-01-23,-32.827586206896555,-12.84,-33.04255319148936,-35.61904761904762,-23.41176470588235,3.210526315789474
2021-01-24,-34.6,-20.266666666666666,-26.61904761904762,-43.25,-24.973684210526315,2.1666666666666665
2021-01-25,-21.615384615384617,-6.925925925925926,-27.10810810810811,-31.68421052631579,-26.37037037037037,1.875
2021-01-26,-27.0,-10.0,-28.789473684210527,-30.705882352941178,-27.75925925925926,3.125
2021-01-27,-27.5,-9.807692307692308,-29.25,-31.470588235294116,-28.39622641509434,3.75
2021-01-28,-30.074074074074073,-9.461538461538462,-30.225,-36.833333333333336,-29.0,2.48
2021-01-29,-29.433333333333334,-4.88,-28.681818181818183,-28.894736842105264,-25.35185185185185,1.8695652173913044
2021-01-30,-31.4,-6.4,-31.1875,-34.65217391304348,-22.45098039215686,0.05
2021-01-31,-36.2,-17.0,-26.571428571428573,-40.375,-23.256410256410255,0.38461538461538464
2021-02-01,-27.23076923076923,-2.88,-30.025641025641026,-33.78947368421053,-28.27777777777778,-0.4166666666666667
2021-02-02,-26.5,-2.44,-28.18421052631579,-31.764705882352942,-28.203703703703702,0.68
2021-02-03,-26.962962962962962,-5.615384615384615,-27.641025641025642,-32.11764705882353,-27.37735849056604,2.0833333333333335
2021-02-04,-29.555555555555557,-6.708333333333333,-28.5,-37.578947368421055,-28.37037037037037,3.0416666666666665
2021-02-05,-27.392857142857142,-7.153846153846154,-25.34090909090909,-29.36842105263158,-25.14814814814815,2.2916666666666665
2021-02-06,-34.48275862068966,-15.5,-29.085106382978722,-37.391304347826086,-24.470588235294116,2.8421052631578947
2021-02-07,-39.26923076923077,-24.533333333333335,-24.511627906976745,-44.0625,-25.2,2.230769230769231
2021-02-08,-25.46153846153846,-4.0,-26.135135135135137,-36.473684210526315,-27.64814814814815,1.7916666666666667
2021-02-09,-26.346153846153847,-6.5,-26.210526315789473,-32.88235294117647,-27.22222222222222,2.625
2021-02-10,-26.192307692307693,-7.12,-26.625,-34.44444444444444,-27.433962264150942,3.0
2021-02-11,-28.333333333333332,-6.08,-30.333333333333332,-33.55555555555556,-28.59259259259259,1.25
2021-02-12,-25.714285714285715,0.64,-30.272727272727273,-26.42105263157895,-27.14814814814815,-1.1666666666666667
2021-02-13,-30.517241379310345,-4.0,-32.46808510638298,-36.333333333333336,-25.80392156862745,-2.35
2021-02-14,-20.76,-5.533333333333333,-18.390243902439025,-36.0625,-21.435897435897434,-4.615384615384615
2021-02-15,-22.88888888888889,3.076923076923077,-29.875,-31.842105263157894,-28.14814814814815,-2.75
2021-02-16,-24.26923076923077,3.769230769230769,-30.68421052631579,-29.58823529411765,-29.037037037037038,-1.48
2021-02-17,-24.307692307692307,2.3461538461538463,-29.53846153846154,-29.5,-28.537037037037038,-1.44
2021-02-18,-27.333333333333332,3.0,-31.55,-33.166666666666664,-29.11111111111111,-1.6153846153846154
2021-02-19,-27.296296296296298,-0.3076923076923077,-31.045454545454547,-28.65,-26.27777777777778,-0.9166666666666666
2021-02-20,-35.58620689655172,-10.083333333333334,-39.75,-39.583333333333336,-27.137254901960784,0.47619047619047616
2021-02-21,-35.68,-15.666666666666666,-28.41860465116279,-37.0625,-28.26829268292683,-3.0
2021-02-22,-25.333333333333332,-0.38461538461538464,-32.325,-36.31578947368421,-27.24074074074074,-3.125
2021-02-23,-24.576923076923077,-0.36,-30.210526315789473,-30.166666666666668,-27.38888888888889,-1.8
2021-02-24,-25.26923076923077,-0.7307692307692307,-32.95,-30.833333333333332,-28.32075471698113,-0.56
2021-02-25,-27.296296296296298,1.36,-33.19512195121951,-30.705882352941178,-28.87037037037037,-0.5
2021-02-26,-23.814814814814813,1.8928571428571428,-29.627906976744185,-25.31578947368421,-24.74074074074074,-1.6666666666666667
2021-02-27,-26.666666666666668,0.5833333333333334,-29.130434782608695,-29.454545454545453,-23.96078431372549,-3.142857142857143
2021-02-28,-28.76,-7.8,-21.666666666666668,-32.5,-22.804878048780488,-3.769230769230769
2021-03-01,-20.346153846153847,7.148148148148148,-27.82051282051282,-28.36842105263158,-25.51851851851852,-3.0
2021-03-02,-21.04,5.230769230769231,-28.105263157894736,-23.058823529411764,-26.425925925925927,-2.24
2021-03-03,-21.555555555555557,5.115384615384615,-30.41025641025641,-25.22222222222222,-28.18867924528302,-1.32
2021-03-04,-25.11111111111111,1.4814814814814814,-31.0,-29.058823529411764,-28.25925925925926,-1.04
2021-03-05,-22.620689655172413,4.37037037037037,-27.953488372093023,-22.0,-24.814814814814813,-1.5833333333333333
2021-03-06,-27.233333333333334,-1.84,-27.57777777777778,-30.217391304347824,-24.215686274509803,-3.7142857142857144
2021-03-07,-29.615384615384617,-12.266666666666667,-21.642857142857142,-35.733333333333334,-25.525,-3.3846153846153846
2021-03-08,-25.26923076923077,-2.4615384615384617,-34.575,-31.0,-27.51851851851852,-1.4583333333333333
2021-03-09,-24.36,-0.08333333333333333,-31.692307692307693,-27.235294117647058,-27.01851851851852,0.16666666666666666
2021-03-10,-26.0,-0.11538461538461539,-34.707317073170735,-30.166666666666668,-28.20754716981132,0.875
2021-03-11,-24.296296296296298,3.875,-29.105263157894736,-28.22222222222222,-26.40740740740741,-0.2916666666666667
2021-03-12,-21.74074074074074,4.321428571428571,-24.09090909090909,-22.944444444444443,-23.48148148148148,-1.0833333333333333
2021-03-13,-25.066666666666666,1.5416666666666667,-24.88888888888889,-27.09090909090909,-21.19607843137255,-3.0
2021-03-14,-29.68,-12.4375,-12.073170731707316,-40.5625,-22.44736842105263,-5.153846153846154
2021-03-15,-19.46153846153846,7.576923076923077,-28.055555555555557,-30.42105263157895,-26.296296296296298,-1.5416666666666667
2021-03-16,-18.0,12.291666666666666,-24.81578947368421,-22.470588235294116,-25.27777777777778,-1.7692307692307692
2021-03-17,-17.346153846153847,9.884615384615385,-27.102564102564102,-22.058823529411764,-25.28301886792453,-2.1153846153846154
2021-03-18,-19.88888888888889,9.555555555555555,-26.82051282051282,-24.823529411764707,-25.962962962962962,-2.740740740740741
2021-03-19,-14.62962962962963,12.25925925925926,-21.90909090909091,-13.352941176470589,-22.22222222222222,-3.44
2021-03-20,-25.620689655172413,1.04,-28.17391304347826,-25.727272727272727,-22.54901960784314,-2.909090909090909
2021-03-21,-26.8,-9.4,-22.829268292682926,-27.25,-25.70731707317073,-5.384615384615385
2021-03-22,-19.0,7.038461538461538,-25.324324324324323,-26.166666666666668,-23.462962962962962,-2.4
2021-03-23,-18.16,5.88,-24.394736842105264,-19.705882352941178,-24.64814814814815,-2.12
2021-03-24,-18.115384615384617,7.88,-26.972972972972972,-20.6875,-24.79245283018868,-2.076923076923077
2021-03-25,-18.23076923076923,9.73076923076923,-26.342105263157894,-20.5,-25.296296296296298,-2.24
2021-03-26,-15.714285714285714,9.142857142857142,-21.318181818181817,-7.9411764705882355,-21.74074074074074,-2.9583333333333335
2021-03-27,-18.133333333333333,8.958333333333334,-21.622222222222224,-16.666666666666668,-18.686274509803923,-4.909090909090909
2021-03-28,-19.76,-1.8,-11.976190476190476,-16.5,-17.1,-5.615384615384615
2021-03-29,-9.666666666666666,21.708333333333332,-18.02777777777778,-15.470588235294118,-28.462962962962962,-3.04
2021-03-30,-7.086956521739131,24.291666666666668,-14.432432432432432,-4.875,-29.925925925925927,-3.3076923076923075
2021-03-31,-2.0416666666666665,39.88,-7.0,2.4615384615384617,-36.81132075471698,-4.3076923076923075
2021-04-01,-30.115384615384617,10.090909090909092,-5.315789473684211,-35.05263157894737,-63.7962962962963,2.12
2021-04-02,-47.733333333333334,-36.45,-19.825,-63.733333333333334,-72.32075471698113,11.0
2021-04-03,-40.83870967741935,-20.434782608695652,-26.108695652173914,-46.0,-57.9622641509434,5.894736842105263
2021-04-04,-33.68,-20.4,-28.045454545454547,-21.133333333333333,-34.166666666666664,-0.6923076923076923
2021-04-05,-15.76923076923077,12.653846153846153,-27.08108108108108,-19.3125,-23.925925925925927,-1.125
2021-04-06,-17.68,7.846153846153846,-27.45945945945946,-16.705882352941178,-24.12962962962963,-0.5769230769230769
2021-04-07,-19.037037037037038,8.461538461538462,-27.435897435897434,-20.705882352941178,-25.41509433962264,-0.15384615384615385
2021-04-08,-21.53846153846154,9.44,-26.897435897435898,-22.176470588235293,-23.87037037037037,-0.24
2021-04-09,-20.14814814814815,9.153846153846153,-26.022727272727273,-19.72222222222222,-21.09259259259259,-0.3333333333333333
2021-04-10,-24.066666666666666,1.3846153846153846,-26.68888888888889,-24.82608695652174,-19.568627450980394,-2.142857142857143
2021-04-11,-26.115384615384617,-7.875,-20.833333333333332,-28.0625,-23.487179487179485,-4.3076923076923075
2021-04-12,-19.5,8.12,-29.31578947368421,-25.88888888888889,-22.962962962962962,-2.25
2021-04-13,-18.56,9.416666666666666,-25.763157894736842,-22.058823529411764,-23.87037037037037,-1.5384615384615385
2021-04-14,-17.53846153846154,8.6,-27.974358974358974,-21.823529411764707,-25.62264150943396,-0.08
2021-04-15,-16.11111111111111,12.11111111111111,-25.794871794871796,-25.4375,-24.185185185185187,-1.08
2021-04-16,-14.481481481481481,13.26923076923077,-23.113636363636363,-14.61111111111111,-21.12962962962963,-1.3333333333333333
2021-04-17,-19.0,9.458333333333334,-23.866666666666667,-21.476190476190474,-19.45098039215686,-3.1904761904761907
2021-04-18,-19.8,-3.5625,-17.761904761904763,-24.375,-22.375,-3.6923076923076925
2021-04-19,-19.92,7.916666666666667,-30.842105263157894,-30.68421052631579,-39.24074074074074,1.5
2021-04-20,-16.708333333333332,11.041666666666666,-26.972972972972972,-24.0,-22.185185185185187,-1.4615384615384615
2021-04-21,-14.88,11.653846153846153,-26.692307692307693,-18.41176470588235,-24.0188679245283,-0.7307692307692307
2021-04-22,-18.0,11.28,-26.81578947368421,-23.0,-22.962962962962962,-0.64
2021-04-23,-16.14814814814815,9.814814814814815,-23.558139534883722,-15.421052631578947,-19.90740740740741,-0.75
2021-04-24,-20.310344827586206,5.038461538461538,-24.543478260869566,-26.40909090909091,-17.784313725490197,-1.8095238095238095
2021-04-25,-22.48,-4.733333333333333,-18.30952380952381,-25.8,-21.025641025641026,-3.230769230769231
2021-04-26,-15.923076923076923,12.0,-27.42105263157895,-25.36842105263158,-21.35185185185185,-1.375
2021-04-27,-16.6,10.32,-27.405405405405407,-20.88235294117647,-22.40740740740741,-0.6538461538461539
2021-04-28,-16.28,11.64,-26.333333333333332,-20.176470588235293,-23.39622641509434,0.0
2021-04-29,-18.5,12.92,-26.2,-24.352941176470587,-22.925925925925927,-0.28
2021-04-30,-11.814814814814815,17.59259259259259,-21.906976744186046,-11.294117647058824,-18.88888888888889,-2.5833333333333335
2021-05-01,-24.266666666666666,4.695652173913044,-24.155555555555555,-33.34782608695652,-38.27450980392157,0.25
2021-05-02,-20.2,2.2,-17.69047619047619,-20.75,-24.125,-6.461538461538462
2021-05-03,-10.423076923076923,20.166666666666668,-23.25,-20.333333333333332,-22.64814814814815,-3.25
2021-05-04,-11.88,16.16,-23.56756756756757,-17.5,-21.296296296296298,-2.0384615384615383
2021-05-05,-13.32,13.538461538461538,-26.05263157894737,-19.8125,-22.88679245283019,-1.36
2021-05-06,-15.037037037037036,16.125,-26.5,-20.8,-23.14814814814815,-1.0
2021-05-07,-10.37037037037037,20.0,-19.0,-6.823529411764706,-18.425925925925927,-2.0
2021-05-08,-9.433333333333334,19.583333333333332,-14.30232558139535,-5.75,-16.571428571428573,-4.5
2021-05-09,-2.68,17.375,-1.9,-13.6,-12.461538461538462,-8.153846153846153
2021-05-10,-12.653846153846153,15.48,-25.02857142857143,-19.0,-22.64814814814815,-2.8461538461538463
2021-05-11,-14.375,14.76,-23.83783783783784,-15.058823529411764,-22.166666666666668,-0.9615384615384616
2021-05-12,-13.12,14.076923076923077,-25.263157894736842,-16.764705882352942,-24.074074074074073,-0.76
2021-05-13,-16.115384615384617,16.16,-23.333333333333332,-20.764705882352942,-23.333333333333332,-0.6153846153846154
2021-05-14,-13.241379310344827,15.555555555555555,-19.954545454545453,-9.352941176470589,-19.22222222222222,-0.75
2021-05-15,-14.266666666666667,18.68,-19.0,-18.59090909090909,-18.666666666666668,-2.909090909090909
2021-05-16,-16.08,6.3125,-13.380952380952381,-19.9375,-19.975,-4.076923076923077
2021-05-17,-10.2,22.375,-22.257142857142856,-16.842105263157894,-19.27777777777778,-2.52
2021-05-18,-12.375,18.291666666666668,-21.405405405405407,-12.176470588235293,-20.09259259259259,-1.2692307692307692
2021-05-19,-13.0,15.6,-20.94736842105263,-18.0,-20.62264150943396,-0.32
2021-05-20,-14.807692307692308,17.541666666666668,-21.18421052631579,-21.0,-20.48148148148148,-0.8148148148148148
2021-05-21,-12.928571428571429,16.4,-18.813953488372093,-8.5,-15.39622641509434,-0.9166666666666666
2021-05-22,-15.1,15.791666666666666,-17.266666666666666,-18.681818181818183,-13.529411764705882,-2.0952380952380953
2021-05-23,-18.56,1.4666666666666666,-11.666666666666666,-21.571428571428573,-17.512820512820515,-2.1538461538461537
2021-05-24,-12.68,18.84,-19.857142857142858,-19.0,-17.27777777777778,-1.04
2021-05-25,-12.458333333333334,15.52,-19.56756756756757,-14.8125,-17.796296296296298,-1.0384615384615385
2021-05-26,-10.64,18.916666666666668,-17.763157894736842,-14.294117647058824,-18.71698113207547,-0.8076923076923077
2021-05-27,-11.692307692307692,22.291666666666668,-15.394736842105264,-20.294117647058822,-18.444444444444443,-1.8214285714285714
2021-05-28,-5.821428571428571,25.16,-10.642857142857142,-5.411764705882353,-12.962962962962964,-3.2083333333333335
2021-05-29,-8.931034482758621,22.869565217391305,-10.976744186046512,-15.095238095238095,-12.816326530612244,-5.333333333333333
2021-05-30,-10.73076923076923,14.0,-2.4390243902439024,-16.0,-20.0,-5.3076923076923075
2021-05-31,-5.125,24.76923076923077,-11.628571428571428,-11.235294117647058,-14.148148148148149,-4.592592592592593
2021-06-01,-5.76,25.041666666666668,-11.61111111111111,-6.705882352941177,-15.555555555555555,-4.038461538461538
2021-06-02,-4.961538461538462,27.608695652173914,-11.289473684210526,-12.875,-18.09433962264151,-3.230769230769231
2021-06-03,-8.923076923076923,23.130434782608695,-10.763157894736842,-14.0625,-17.85185185185185,-3.037037037037037
2021-06-04,-2.9310344827586206,27.583333333333332,-7.341463414634147,-6.823529411764706,-12.851851851851851,-3.88
2021-06-05,-5.724137931034483,24.541666666666668,-7.795454545454546,-11.523809523809524,-12.938775510204081,-5.181818181818182
2021-06-06,-7.961538461538462,14.066666666666666,-1.975609756097561,-15.571428571428571,-21.4,-6.230769230769231
2021-06-07,-4.583333333333333,25.666666666666668,-13.4,-12.5,-16.203703703703702,-4.769230769230769
2021-06-08,-4.25,24.304347826086957,-10.555555555555555,-12.1875,-15.296296296296296,-4.5
2021-06-09,-3.8,25.0,-12.162162162162161,-12.3125,-17.037735849056602,-4.0
2021-06-10,-9.5,24.08695652173913,-13.72972972972973,-14.4,-17.48148148148148,-3.892857142857143
2021-06-11,-3.5172413793103448,24.75,-9.975609756097562,-4.235294117647059,-14.38888888888889,-4.6
2021-06-12,-9.4,20.333333333333332,-14.333333333333334,-14.15,-17.0,-6.333333333333333
2021-06-13,-9.0,9.875,-5.2926829268292686,-15.3125,-22.525,-6.076923076923077
2021-06-14,-7.0,21.72,-16.085714285714285,-13.117647058823529,-17.88888888888889,-4.384615384615385
2021-06-15,-6.666666666666667,24.166666666666668,-14.486486486486486,-3.8823529411764706,-17.62962962962963,-4.62962962962963
2021-06-16,-4.541666666666667,31.91304347826087,-12.486486486486486,-7.823529411764706,-20.87037037037037,-5.2592592592592595
2021-06-17,-7.52,23.666666666666668,-15.263157894736842,-10.8,-21.796296296296298,-4.814814814814815
2021-06-18,-6.689655172413793,21.77777777777778,-12.880952380952381,-5.833333333333333,-19.11111111111111,-5.24
2021-06-19,-8.89655172413793,19.956521739130434,-13.045454545454545,-12.368421052631579,-20.0,-6.761904761904762
2021-06-20,-8.375,8.75,-8.357142857142858,-11.625,-26.13157894736842,-7.6923076923076925
2021-06-21,-6.84,22.36,-15.657142857142857,-13.11111111111111,-21.64814814814815,-5.68
2021-06-22,-7.666666666666667,19.153846153846153,-13.35135135135135,-10.125,-22.01851851851852,-4.923076923076923
2021-06-23,-5.68,21.708333333333332,-15.405405405405405,-11.470588235294118,-22.41509433962264,-4.6923076923076925
2021-06-24,-8.346153846153847,22.043478260869566,-15.842105263157896,-15.1875,-22.38888888888889,-5.392857142857143
2021-06-25,-4.185185185185185,22.62962962962963,-11.744186046511627,-5.944444444444445,-17.75925925925926,-4.958333333333333
2021-06-26,-7.413793103448276,21.91304347826087,-14.133333333333333,-15.333333333333334,-19.07843137254902,-6.2727272727272725
2021-06-27,-6.88,11.266666666666667,-3.85,-12.785714285714286,-26.829268292682926,-9.153846153846153
2021-06-28,-8.44,20.458333333333332,-18.833333333333332,-14.647058823529411,-20.703703703703702,-7.115384615384615
2021-06-29,-11.6,15.0,-19.83783783783784,-15.352941176470589,-21.703703703703702,-4.3076923076923075
2021-06-30,-3.5384615384615383,28.125,-15.216216216216216,-10.75,-21.11111111111111,-4.038461538461538
2021-07-01,-1.5769230769230769,33.78260869565217,-12.31578947368421,-12.4,-21.074074074074073,-4.962962962962963
2021-07-02,-2.689655172413793,30.458333333333332,-10.0,0.2777777777777778,-17.0,-4.625
2021-07-03,-4.275862068965517,26.625,-11.477272727272727,-11.7,-17.901960784313726,-6.090909090909091
2021-07-04,-8.2,9.866666666666667,-10.395348837209303,-13.923076923076923,-25.82051282051282,-5.230769230769231
2021-07-05,-4.086956521739131,25.208333333333332,-15.54054054054054,-9.705882352941176,-20.12962962962963,-4.72
2021-07-06,-3.6363636363636362,30.52173913043478,-11.486486486486486,-3.625,-19.833333333333332,-5.538461538461538
2021-07-07,-4.260869565217392,31.26086956521739,-9.891891891891891,-3.764705882352941,-23.22641509433962,-7.75
2021-07-08,-4.0,26.125,-10.0,-10.8125,-22.703703703703702,-6.25
2021-07-09,-3.7142857142857144,24.96,-10.071428571428571,-3.611111111111111,-18.444444444444443,-5.24
2021-07-10,-8.206896551724139,19.416666666666668,-10.71111111111111,-10.555555555555555,-18.040816326530614,-6.2272727272727275
2021-07-11,-10.64,6.0625,-7.809523809523809,-16.428571428571427,-27.51219512195122,-4.923076923076923
2021-07-12,-4.583333333333333,24.23076923076923,-13.027777777777779,-12.647058823529411,-19.185185185185187,-4.92
2021-07-13,-5.416666666666667,22.5,-14.736842105263158,-9.0,-19.925925925925927,-4.269230769230769
2021-07-14,-4.2,29.869565217391305,-13.923076923076923,-11.0,-20.32075471698113,-3.56
2021-07-15,-0.88,31.782608695652176,-9.210526315789474,-9.6,-19.037037037037038,-4.714285714285714
2021-07-16,1.0344827586206897,32.53846153846154,-6.275,2.8333333333333335,-15.722222222222221,-5.666666666666667
2021-07-17,-2.5,29.5,-7.431818181818182,-8.25,-15.795918367346939,-6.363636363636363
2021-07-18,-4.0,15.8125,-2.35,-6.846153846153846,-23.85,-5.923076923076923
2021-07-19,-2.727272727272727,27.16,-13.222222222222221,-8.9375,-18.462962962962962,-4.8
2021-07-20,-2.5652173913043477,28.0,-10.513513513513514,-5.642857142857143,-18.12962962962963,-4.8076923076923075
2021-07-21,-1.72,26.88,-12.692307692307692,-5.3125,-19.30188679245283,-4.518518518518518
2021-07-22,-6.518518518518518,23.545454545454547,-14.0,-16.375,-20.12962962962963,-4.035714285714286
2021-07-23,-1.9642857142857142,28.666666666666668,-9.883720930232558,1.2777777777777777,-15.074074074074074,-4.041666666666667
2021-07-24,-5.413793103448276,20.72,-13.11111111111111,-10.19047619047619,-14.73469387755102,-5.238095238095238
2021-07-25,-5.96,12.4,-4.2439024390243905,-11.461538461538462,-22.225,-5.461538461538462
2021-07-26,-2.869565217391304,27.56,-12.324324324324325,-5.588235294117647,-16.462962962962962,-4.5
2021-07-27,-4.304347826086956,24.375,-12.81578947368421,-7.214285714285714,-16.833333333333332,-4.0
2021-07-28,-4.461538461538462,26.434782608695652,-18.23076923076923,-5.5,-19.24074074074074,-3.1923076923076925
2021-07-29,-3.16,26.76,-13.947368421052632,-7.642857142857143,-17.425925925925927,-3.9285714285714284
2021-07-30,0.034482758620689655,30.25925925925926,-9.837209302325581,1.1875,-13.592592592592593,-6.375
2021-07-31,-1.7241379310344827,28.291666666666668,-11.311111111111112,-2.6842105263157894,-14.48,-6.0
2021-08-01,-2.56,20.25,-0.43902439024390244,-1.6923076923076923,-22.375,-6.0
2021-08-02,-2.090909090909091,29.73076923076923,-13.914285714285715,-6.705882352941177,-17.314814814814813,-4.777777777777778
2021-08-03,-2.6818181818181817,27.0,-14.135135135135135,-6.0,-18.055555555555557,-4.576923076923077
2021-08-04,-3.08,34.13636363636363,-14.605263157894736,-1.3125,-18.20754716981132,-4.407407407407407
2021-08-05,-1.8846153846153846,29.695652173913043,-14.263157894736842,-8.5625,-17.98148148148148,-4.214285714285714
2021-08-06,-3.066666666666667,29.82608695652174,-14.0,0.75,-14.981132075471699,-4.166666666666667
2021-08-07,-4.766666666666667,25.391304347826086,-11.4,-8.263157894736842,-15.52,-5.909090909090909
2021-08-08,-4.2,14.933333333333334,-3.7804878048780486,-6.25,-23.878048780487806,-5.153846153846154
2021-08-09,-1.7916666666666667,30.956521739130434,-13.666666666666666,-10.588235294117647,-15.833333333333334,-4.44
2021-08-10,-1.36,26.454545454545453,-10.35135135135135,-3.533333333333333,-17.37037037037037,-4.333333333333333
2021-08-11,-4.833333333333333,28.708333333333332,-13.894736842105264,-7.882352941176471,-18.28301886792453,-3.4444444444444446
2021-08-12,-4.3076923076923075,26.08695652173913,-13.552631578947368,-14.428571428571429,-18.59259259259259,-4.785714285714286
2021-08-13,-0.27586206896551724,30.208333333333332,-9.790697674418604,1.4705882352941178,-13.62962962962963,-4.583333333333333
2021-08-14,-2.2,27.208333333333332,-10.355555555555556,-6.904761904761905,-15.0,-6.0
2021-08-15,-0.4230769230769231,19.1875,-3.75,-10.5,-22.05128205128205,-5.923076923076923
2021-08-16,-0.34782608695652173,32.78260869565217,-12.277777777777779,-6.176470588235294,-17.09259259259259,-5.153846153846154
2021-08-17,-0.34782608695652173,29.458333333333332,-11.27027027027027,-2.1333333333333333,-17.333333333333332,-4.444444444444445
2021-08-18,-1.5416666666666667,30.64,-13.473684210526315,-1.2666666666666666,-15.830188679245284,-4.0
2021-08-19,-5.961538461538462,25.416666666666668,-18.0,-12.625,-16.62962962962963,-3.357142857142857
2021-08-20,-2.466666666666667,26.583333333333332,-14.454545454545455,0.9375,-13.622641509433961,-3.5416666666666665
2021-08-21,-3.8,23.08695652173913,-12.326086956521738,-6.684210526315789,-14.755102040816327,-5.2727272727272725
2021-08-22,-6.461538461538462,12.266666666666667,-7.414634146341464,-10.666666666666666,-24.0,-4.615384615384615
2021-08-23,-3.96,24.666666666666668,-17.894736842105264,-10.11111111111111,-16.14814814814815,-4.52
2021-08-24,-3.7916666666666665,23.869565217391305,-16.5,-5.2,-16.537037037037038,-4.296296296296297
2021-08-25,0.13043478260869565,30.956521739130434,-12.789473684210526,-4.133333333333334,-16.90566037735849,-4.0
2021-08-26,-4.16,30.391304347826086,-13.631578947368421,-11.357142857142858,-16.537037037037038,-4.035714285714286
2021-08-27,-1.206896551724138,29.0,-10.454545454545455,-1.25,-12.39622641509434,-4.125
2021-08-28,-5.466666666666667,22.73913043478261,-14.456521739130435,-6.555555555555555,-14.0,-4.863636363636363
2021-08-29,-2.8333333333333335,15.3125,-5.975,-10.2,-20.487179487179485,-4.6923076923076925
2021-08-30,-1.0869565217391304,30.458333333333332,-15.25,-4.529411764705882,-14.24074074074074,-5.4
2021-08-31,1.9545454545454546,35.041666666666664,-11.91891891891892,-1.7333333333333334,-13.648148148148149,-5.222222222222222
2021-09-01,1.2173913043478262,36.125,-12.5,-3.1333333333333333,-16.28301886792453,-5.0
2021-09-02,-3.0,29.291666666666668,-17.657894736842106,-13.733333333333333,-17.14814814814815,-4.666666666666667
2021-09-03,-1.5666666666666667,27.92,-14.136363636363637,-4.875,-12.537037037037036,-4.625
2021-09-04,-2.566666666666667,24.782608695652176,-15.891304347826088,-6.411764705882353,-14.137254901960784,-5.363636363636363
2021-09-05,-0.8461538461538461,18.1875,-4.025,-9.133333333333333,-20.615384615384617,-5.846153846153846
2021-09-06,-1.826086956521739,26.72,-17.17142857142857,-8.61111111111111,-15.481481481481481,-5.0
2021-09-07,-1.375,29.869565217391305,-11.783783783783784,-1.7333333333333334,-14.444444444444445,-5.0
2021-09-08,0.875,32.833333333333336,-13.710526315789474,-2.875,-16.09433962264151,-4.703703703703703
2021-09-09,-0.1111111111111111,30.28,-14.81578947368421,-11.733333333333333,-15.574074074074074,-4.535714285714286
2021-09-10,7.2,31.625,-10.4,-2.0,-11.18867924528302,-6.44
2021-09-11,-3.3,26.217391304347824,-13.355555555555556,-8.277777777777779,-13.285714285714286,-5.318181818181818
2021-09-12,-3.4615384615384617,14.625,-6.829268292682927,-12.76923076923077,-21.75,-5.3076923076923075
2021-09-13,-1.608695652173913,27.782608695652176,-14.305555555555555,-8.176470588235293,-14.907407407407407,-5.153846153846154
2021-09-14,1.7272727272727273,32.26086956521739,-11.783783783783784,-1.5333333333333334,-15.296296296296296,-5.333333333333333
2021-09-15,-10.666666666666666,24.954545454545453,-11.324324324324325,-21.823529411764707,-47.925925925925924,3.25
2021-09-16,-1.3461538461538463,31.636363636363637,-15.473684210526315,-13.266666666666667,-18.314814814814813,-5.035714285714286
2021-09-17,3.689655172413793,30.8,-8.428571428571429,-0.6875,-16.12962962962963,-4.916666666666667
2021-09-18,-1.2666666666666666,25.90909090909091,-8.955555555555556,-8.894736842105264,-14.980392156862745,-5.409090909090909
2021-09-19,-2.1923076923076925,15.0625,-3.6097560975609757,-8.153846153846153,-23.73170731707317,-7.846153846153846
2021-09-20,-1.434782608695652,26.346153846153847,-15.61111111111111,-7.882352941176471,-14.88888888888889,-5.16
2021-09-21,-0.6956521739130435,25.791666666666668,-13.486486486486486,-5.5,-14.703703703703704,-4.518518518518518
2021-09-22,0.34782608695652173,29.636363636363637,-14.131578947368421,-11.75,-14.056603773584905,-3.925925925925926
2021-09-23,-1.8888888888888888,29.869565217391305,-14.342105263157896,-13.785714285714286,-14.75925925925926,-5.0
2021-09-24,-1.3793103448275863,26.0,-11.547619047619047,-4.0625,-10.351851851851851,-4.5
2021-09-25,-5.266666666666667,21.25,-12.934782608695652,-8.38888888888889,-14.06,-6.454545454545454
2021-09-26,-3.8076923076923075,14.733333333333333,-7.2682926829268295,-13.266666666666667,-19.025641025641026,-4.769230769230769
2021-09-27,-0.9583333333333334,26.416666666666668,-13.972972972972974,-10.647058823529411,-11.981481481481481,-4.777777777777778
2021-09-28,-0.782608695652174,26.91304347826087,-11.027777777777779,-4.0,-11.87037037037037,-5.0
2021-09-29,-1.0,32.375,-13.894736842105264,-8.9375,-13.81132075471698,-4.407407407407407
2021-09-30,2.8076923076923075,33.2,-10.447368421052632,-7.4,-12.407407407407407,-5.5
2021-10-01,5.172413793103448,33.65384615384615,-7.0,1.9375,-9.358490566037736,-5.75
2021-10-02,2.2,30.652173913043477,-6.955555555555556,1.4705882352941178,-11.8,-6.590909090909091
2021-10-03,-0.88,20.666666666666668,0.5641025641025641,-6.769230769230769,-18.794871794871796,-6.3076923076923075
2021-10-04,1.3043478260869565,28.423076923076923,-12.285714285714286,-6.117647058823529,-19.925925925925927,-5.28
2021-10-05,7.695652173913044,34.625,-6.111111111111111,2.6666666666666665,-19.72222222222222,-5.222222222222222
2021-10-06,12.08695652173913,43.43478260869565,-4.054054054054054,4.866666666666666,-31.72222222222222,-4.074074074074074
2021-10-07,-7.28,25.26086956521739,-4.297297297297297,-16.1875,-49.94444444444444,1.8333333333333333
2021-10-08,-12.444444444444445,16.333333333333332,7.666666666666667,-26.473684210526315,-53.074074074074076,2.5416666666666665
2021-10-09,-9.633333333333333,9.391304347826088,1.975,-24.65,-44.509803921568626,-1.1
2021-10-10,-6.68,4.933333333333334,-3.05,-0.45454545454545453,-27.48780487804878,-5.615384615384615
2021-10-11,3.869565217391304,30.615384615384617,-12.4,-4.9411764705882355,-11.481481481481481,-5.678571428571429
2021-10-12,3.8260869565217392,29.333333333333332,-10.777777777777779,-3.375,-11.444444444444445,-5.555555555555555
2021-10-13,1.4583333333333333,29.375,-14.421052631578947,-10.1875,-12.377358490566039,-4.62962962962963
2021-10-14,0.32,31.217391304347824,-11.368421052631579,-11.866666666666667,-11.377358490566039,-4.928571428571429
2021-10-15,6.4,33.61538461538461,-7.025,-5.5625,-7.037735849056604,-5.708333333333333
2021-10-16,3.1,31.608695652173914,-9.41304347826087,-5.294117647058823,-9.9375,-6.090909090909091
2021-10-17,3.2,23.5625,-2.4146341463414633,-12.25,-18.82051282051282,-5.769230769230769
2021-10-18,0.4583333333333333,27.48,-16.783783783783782,-7.294117647058823,-11.981481481481481,-5.08
2021-10-19,-0.2916666666666667,26.24,-14.216216216216216,-5.5,-12.320754716981131,-4.814814814814815
2021-10-20,1.76,30.76923076923077,-16.105263157894736,-8.266666666666667,-13.773584905660377,-4.481481481481482
2021-10-21,2.44,29.44,-12.837837837837839,-12.666666666666666,-14.296296296296296,-4.357142857142857
2021-10-22,3.6551724137931036,28.153846153846153,-10.025,-5.8125,-8.924528301886792,-5.375
2021-10-23,2.7666666666666666,27.652173913043477,-8.4,-7.888888888888889,-10.72,-5.909090909090909
2021-10-24,1.36,20.6,-2.5,-15.142857142857142,-18.609756097560975,-5.846153846153846
2021-10-25,3.1739130434782608,29.96153846153846,-11.4,-8.5625,-10.648148148148149,-5.407407407407407
2021-10-26,4.739130434782608,28.36,-9.243243243243244,-9.0,-10.777777777777779,-5.37037037037037
2021-10-27,5.083333333333333,30.0,-10.631578947368421,-2.1333333333333333,-12.09433962264151,-5.0
2021-10-28,1.2083333333333333,26.307692307692307,-12.702702702702704,-15.0,-11.907407407407407,-6.071428571428571
2021-10-29,1.4333333333333333,27.88,-12.048780487804878,-8.875,-8.245283018867925,-5.44
2021-10-30,5.366666666666666,30.652173913043477,-7.7555555555555555,-4.529411764705882,-9.938775510204081,-7.086956521739131
2021-10-31,7.375,26.75,4.275,-8.692307692307692,-13.552631578947368,-6.6923076923076925
2021-11-01,6.409090909090909,32.30769230769231,-10.314285714285715,-2.764705882352941,-10.407407407407407,-6.230769230769231
2021-11-02,2.5833333333333335,32.125,-9.114285714285714,-8.625,-11.592592592592593,-5.2592592592592595
2021-11-03,4.583333333333333,33.04,-14.210526315789474,-9.0,-12.037735849056604,-4.148148148148148
2021-11-04,4.24,30.76,-11.378378378378379,-9.428571428571429,-10.833333333333334,-5.214285714285714
2021-11-05,6.310344827586207,28.46153846153846,-7.341463414634147,-3.5,-7.018867924528302,-5.833333333333333
2021-11-06,0.26666666666666666,19.0,-12.565217391304348,-10.736842105263158,-10.0,-4.590909090909091
2021-11-07,3.72,20.8125,-7.5,-7.769230769230769,-16.18421052631579,-4.384615384615385
2021-11-08,3.4347826086956523,24.23076923076923,-15.472222222222221,-13.1875,-9.796296296296296,-4.48
2021-11-09,7.0,27.52,-10.405405405405405,-2.3333333333333335,-9.037735849056604,-5.074074074074074
2021-11-10,9.130434782608695,33.708333333333336,-7.405405405405405,-0.9375,-10.132075471698114,-4.7407407407407405
2021-11-11,6.32,29.884615384615383,-8.675675675675675,-3.142857142857143,-9.37037037037037,-4.5
2021-11-12,8.275862068965518,31.52,-8.075,0.8125,-6.245283018867925,-4.375
2021-11-13,4.866666666666666,27.08695652173913,-7.311111111111111,-6.875,-7.938775510204081,-4.545454545454546
2021-11-14,4.791666666666667,22.1875,-4.05,-7.285714285714286,-13.0,-3.8461538461538463
2021-11-15,9.0,32.96153846153846,-15.17142857142857,-10.0,-9.777777777777779,-4.0
2021-11-16,10.130434782608695,36.083333333333336,-12.694444444444445,-1.8125,-8.814814814814815,-4.0
2021-11-17,14.91304347826087,41.84,-8.736842105263158,-0.4375,-8.981132075471699,-4.407407407407407
2021-11-18,10.32,37.12,-7.405405405405405,-2.533333333333333,-8.166666666666666,-4.857142857142857
2021-11-19,14.592592592592593,34.84615384615385,-4.3,2.9375,-5.592592592592593,-6.2
2021-11-20,12.366666666666667,30.217391304347824,-1.9069767441860466,2.764705882352941,-5.18,-6.409090909090909
2021-11-21,13.25,27.8125,8.025641025641026,0.8333333333333334,-7.7105263157894735,-5.461538461538462
2021-11-22,11.909090909090908,34.96,-7.085714285714285,-1.5333333333333334,-7.537037037037037,-4.814814814814815
2021-11-23,11.956521739130435,36.958333333333336,-8.27027027027027,4.5,-8.185185185185185,-4.518518518518518
2021-11-24,15.130434782608695,45.32,-6.2368421052631575,8.785714285714286,-8.773584905660377,-4.703703703703703
2021-11-25,14.96,48.541666666666664,-4.0,1.2142857142857142,-8.88679245283019,-5.857142857142857
2021-11-26,15.517241379310345,48.11538461538461,-1.975,6.75,-5.555555555555555,-5.8
2021-11-27,8.533333333333333,42.24,-6.204545454545454,2.823529411764706,-4.755102040816326,-4.2272727272727275
2021-11-28,-7.423076923076923,17.0,7.897435897435898,-26.266666666666666,-17.615384615384617,-4.538461538461538
2021-11-29,-4.458333333333333,12.26923076923077,-14.277777777777779,-31.45,-25.12962962962963,3.75
2021-11-30,7.3478260869565215,27.76,-10.567567567567568,-6.0,-7.074074074074074,-2.4615384615384617
2021-12-01,10.166666666666666,33.4,-10.473684210526315,2.8125,-8.566037735849056,-2.7777777777777777
2021-12-02,6.44,34.56521739130435,-10.783783783783784,-5.571428571428571,-7.622641509433962,-2.642857142857143
2021-12-03,9.758620689655173,30.192307692307693,-7.439024390243903,-3.0625,-3.5283018867924527,-3.1666666666666665
2021-12-04,5.466666666666667,23.08,-12.391304347826088,-5.333333333333333,-5.958333333333333,-3.227272727272727
2021-12-05,9.541666666666666,23.8,-2.073170731707317,-6.461538461538462,-8.763157894736842,-3.3846153846153846
2021-12-06,11.869565217391305,34.57692307692308,-9.0,0.29411764705882354,-6.185185185185185,-3.8076923076923075
2021-12-07,12.0,30.68,-8.45945945945946,4.733333333333333,-3.830188679245283,-3.6538461538461537
2021-12-08,17.391304347826086,36.36,-6.054054054054054,6.285714285714286,-4.150943396226415,-3.793103448275862
2021-12-09,15.04,36.72,-5.631578947368421,0.5714285714285714,-2.0,-5.035714285714286
2021-12-10,18.357142857142858,38.23076923076923,0.55,9.3125,2.358490566037736,-5.407407407407407
2021-12-11,15.633333333333333,30.56,0.7727272727272727,2.8125,1.7083333333333333,-6.590909090909091
2021-12-12,22.666666666666668,32.1875,11.368421052631579,14.181818181818182,1.868421052631579,-6.153846153846154
2021-12-13,16.73913043478261,38.38461538461539,-7.685714285714286,4.3125,-2.0185185185185186,-4.357142857142857
2021-12-14,18.869565217391305,37.791666666666664,-5.243243243243243,11.23076923076923,-1.9245283018867925,-4.481481481481482
2021-12-15,26.652173913043477,48.208333333333336,-2.5945945945945947,14.428571428571429,-3.1320754716981134,-5.344827586206897
2021-12-16,25.04,48.6,-1.8918918918918919,10.142857142857142,-4.2075471698113205,-6.758620689655173
2021-12-17,25.653846153846153,45.61538461538461,3.8461538461538463,16.0,-0.03773584905660377,-6.555555555555555
2021-12-18,23.8,40.166666666666664,6.095238095238095,10.733333333333333,2.3333333333333335,-8.173913043478262
2021-12-19,33.458333333333336,45.75,15.432432432432432,24.363636363636363,9.342105263157896,-7.357142857142857
2021-12-20,33.80952380952381,52.65217391304348,6.057142857142857,10.5,-6.351851851851852,-6.517241379310345
2021-12-21,36.17391304347826,61.125,11.969696969696969,26.75,-6.722222222222222,-7.137931034482759
2021-12-22,38.869565217391305,71.9090909090909,13.135135135135135,29.166666666666668,-10.641509433962264,-7.379310344827586
2021-12-23,36.375,79.9090909090909,15.972972972972974,22.76923076923077,-14.25925925925926,-7.931034482758621
2021-12-24,18.285714285714285,74.54545454545455,28.89189189189189,3.5714285714285716,-24.62962962962963,-5.730769230769231
2021-12-25,-37.53125,-27.636363636363637,-8.534883720930232,-59.42857142857143,-64.80392156862744,6.95
2021-12-26,10.875,25.1875,14.421052631578947,7.1,-13.368421052631579,-3.1538461538461537
2021-12-27,21.363636363636363,42.25,2.303030303030303,-4.571428571428571,-15.296296296296296,-2.3703703703703702
2021-12-28,24.08695652173913,48.208333333333336,9.0,2.8461538461538463,-13.592592592592593,-2.6296296296296298
2021-12-29,28.652173913043477,58.63636363636363,13.432432432432432,14.0,-15.537037037037036,-3.793103448275862
2021-12-30,33.25,77.31818181818181,18.7027027027027,15.615384615384615,-17.85185185185185,-4.9655172413793105
2021-12-31,18.0,76.0,34.71052631578947,3.230769230769231,-27.203703703703702,-4.384615384615385
2022-01-01,-33.03125,-27.8,-2.3333333333333335,-60.0,-66.2,5.95
2022-01-02,7.6,20.0,13.08108108108108,5.6,-25.536585365853657,-5.230769230769231
2022-01-03,10.590909090909092,38.08,-5.314285714285714,-10.4,-15.555555555555555,-1.8148148148148149
2022-01-04,5.130434782608695,36.24,-8.722222222222221,-9.285714285714286,-10.830188679245284,-0.7037037037037037
2022-01-05,8.956521739130435,40.166666666666664,-4.162162162162162,-3.1333333333333333,-9.377358490566039,-0.7857142857142857
2022-01-06,4.8,36.68,-6.2894736842105265,-11.866666666666667,-9.283018867924529,-0.5714285714285714
2022-01-07,5.482758620689655,34.07692307692308,-5.7,-4.4,-3.490566037735849,-0.17391304347826086
2022-01-08,0.6,25.76,-9.933333333333334,-12.0,-3.1875,-0.5454545454545454
2022-01-09,0.48,20.0,-0.8536585365853658,-5.636363636363637,-8.421052631578947,-0.6923076923076923
2022-01-10,5.260869565217392,34.7037037037037,-10.685714285714285,-5.0625,-4.3584905660377355,-1.4285714285714286
2022-01-11,4.434782608695652,31.6,-9.945945945945946,-2.5714285714285716,-4.0754716981132075,-0.35714285714285715
2022-01-12,4.625,33.0,-11.405405405405405,0.1875,-6.660377358490566,0.48148148148148145
2022-01-13,-0.32,27.846153846153847,-15.31578947368421,-8.625,-6.962264150943396,0.14814814814814814
2022-01-14,5.551724137931035,33.07692307692308,-6.075,-5.5625,0.1320754716981132,0.3333333333333333
2022-01-15,5.966666666666667,34.041666666666664,-4.113636363636363,-7.0,0.7659574468085106,0.0
2022-01-16,4.8076923076923075,27.0,0.10256410256410256,-10.75,-7.0256410256410255,-0.46153846153846156
2022-01-17,7.304347826086956,36.53846153846154,-12.628571428571428,-7.733333333333333,-2.4150943396226414,0.03571428571428571
2022-01-18,7.608695652173913,36.92,-8.324324324324325,3.357142857142857,-1.509433962264151,0.6296296296296297
2022-01-19,9.0,37.6,-8.675675675675675,0.0,-3.981132075471698,1.5714285714285714
2022-01-20,5.48,34.12,-10.297297297297296,-8.0,-3.981132075471698,1.0
2022-01-21,7.035714285714286,33.23076923076923,-7.775,-3.0,1.7547169811320755,1.9565217391304348
2022-01-22,1.6666666666666667,25.52,-8.295454545454545,-10.411764705882353,1.3404255319148937,1.9047619047619047
2022-01-23,0.46153846153846156,16.9375,-4.325,-14.0,-4.0,1.9166666666666667
2022-01-24,6.956521739130435,34.73076923076923,-12.257142857142858,-10.8125,-1.2592592592592593,1.1851851851851851
2022-01-25,15.08695652173913,34.08,-0.11428571428571428,-4.071428571428571,-0.8490566037735849,0.5384615384615384
2022-01-26,7.869565217391305,36.48,-9.243243243243244,-1.9375,-4.283018867924528,1.6071428571428572
2022-01-27,-1.96,24.346153846153847,-14.486486486486486,-18.714285714285715,-8.39622641509434,4.038461538461538
2022-01-28,5.862068965517241,31.923076923076923,-9.05,-2.533333333333333,2.519230769230769,2.0
2022-01-29,-2.2333333333333334,20.68,-17.666666666666668,-14.529411764705882,0.8541666666666666,3.0476190476190474
2022-01-30,-2.1538461538461537,18.6875,-11.775,-21.53846153846154,-7.0,3.923076923076923
2022-01-31,12.91304347826087,42.61538461538461,-6.857142857142857,-3.1176470588235294,0.6037735849056604,0.4642857142857143
2022-02-01,12.608695652173912,41.92,-6.243243243243243,1.4285714285714286,1.0377358490566038,0.3333333333333333
2022-02-02,13.347826086956522,42.333333333333336,-6.657894736842105,0.7333333333333333,-0.8867924528301887,1.0714285714285714
2022-02-03,7.76,37.04,-9.08108108108108,-9.214285714285714,-2.0,1.1428571428571428
2022-02-04,10.071428571428571,33.80769230769231,-5.475,-0.6875,4.576923076923077,1.04
2022-02-05,5.466666666666667,28.545454545454547,-9.88888888888889,-6.1875,3.3617021276595747,1.380952380952381
2022-02-06,-0.48,17.533333333333335,-7.170731707317073,-14.384615384615385,-3.0,2.923076923076923
2022-02-07,11.73913043478261,36.28,-8.028571428571428,-5.75,2.792452830188679,0.03571428571428571
2022-02-08,10.521739130434783,31.88,-8.666666666666666,-1.9285714285714286,1.6153846153846154,0.5555555555555556
2022-02-09,8.173913043478262,30.96,-13.594594594594595,-2.466666666666667,-0.2641509433962264,2.3333333333333335
2022-02-10,7.6,31.56,-12.486486486486486,-8.266666666666667,-0.019230769230769232,1.5357142857142858
2022-02-11,11.821428571428571,34.34615384615385,-7.205128205128205,1.1875,6.69811320754717,1.0
2022-02-12,9.833333333333334,29.5,-4.511627906976744,-7.0625,5.282608695652174,0.5
2022-02-13,9.25,24.666666666666668,-0.6153846153846154,-9.636363636363637,1.7027027027027026,0.3076923076923077
2022-02-14,21.09090909090909,34.48,-7.257142857142857,-12.5,1.6851851851851851,-1.3333333333333333
2022-02-15,8.0,33.875,-12.91891891891892,-10.866666666666667,2.2115384615384617,1.5
2022-02-16,13.565217391304348,41.8,-5.815789473684211,5.571428571428571,2.019230769230769,1.0
2022-02-17,10.12,38.24,-7.54054054054054,-8.785714285714286,2.9615384615384617,-0.06896551724137931
2022-02-18,11.857142857142858,35.5,-2.4,6.125,8.711538461538462,-0.56
2022-02-19,9.833333333333334,30.391304347826086,-2.888888888888889,-5.4375,6.478260869565218,-0.2727272727272727
2022-02-20,6.833333333333333,21.9375,3.525,-9.166666666666666,-2.0526315789473686,0.5384615384615384
2022-02-21,10.090909090909092,35.11538461538461,-4.371428571428571,-3.5625,6.537037037037037,-0.5714285714285714
2022-02-22,9.608695652173912,31.652173913043477,-1.7142857142857142,-2.142857142857143,6.865384615384615,-0.14285714285714285
2022-02-23,10.043478260869565,33.458333333333336,-1.0833333333333333,1.2857142857142858,5.096153846153846,0.4444444444444444
2022-02-24,6.68,31.36,-2.0,-5.142857142857143,6.0576923076923075,0.25
2022-02-25,12.785714285714286,34.48,2.4,0.3333333333333333,11.352941176470589,-0.32
2022-02-26,9.633333333333333,30.91304347826087,-0.4666666666666667,-4.25,8.361702127659575,-0.045454545454545456
2022-02-27,8.541666666666666,24.5,7.717948717948718,-7.0,1.9722222222222223,-1.2307692307692308
2022-02-28,13.0,38.92,-3.742857142857143,-3.7333333333333334,9.528301886792454,-0.8928571428571429
2022-03-01,11.347826086956522,37.416666666666664,-3.914285714285714,1.6666666666666667,8.096153846153847,0.1111111111111111
2022-03-02,16.47826086956522,42.28,4.083333333333333,3.357142857142857,6.961538461538462,0.2962962962962963
2022-03-03,11.6,38.17391304347826,4.257142857142857,-2.857142857142857,8.365384615384615,1.1071428571428572
2022-03-04,14.642857142857142,36.46153846153846,6.512820512820513,3.2,12.901960784313726,2.217391304347826
2022-03-05,12.833333333333334,35.17391304347826,6.119047619047619,-3.0625,9.804347826086957,1.8181818181818181
2022-03-06,14.375,28.4,16.973684210526315,-4.333333333333333,0.631578947368421,0.8461538461538461
2022-03-07,11.869565217391305,35.69230769230769,5.787878787878788,-5.0588235294117645,13.018867924528301,2.3703703703703702
2022-03-08,12.652173913043478,33.76,7.0606060606060606,-4.538461538461538,12.73076923076923,3.76
2022-03-09,10.826086956521738,32.72,8.588235294117647,2.9285714285714284,10.34,4.653846153846154
2022-03-10,9.96,32.875,10.176470588235293,-0.7857142857142857,11.843137254901961,5.24
2022-03-11,13.296296296296296,33.72,10.36111111111111,3.4375,16.4,5.478260869565218
2022-03-12,11.666666666666666,30.375,11.488372093023257,-5.833333333333333,12.466666666666667,5.4
2022-03-13,9.333333333333334,24.0625,22.486486486486488,1.0833333333333333,3.0,4.25
2022-03-14,9.954545454545455,33.73076923076923,8.096774193548388,-2.4705882352941178,15.81132075471698,5.958333333333333
2022-03-15,15.73913043478261,39.2,12.53125,0.21428571428571427,15.5,5.52
2022-03-16,16.956521739130434,42.08,14.205882352941176,9.857142857142858,12.313725490196079,5.538461538461538
2022-03-17,15.16,36.64,9.794117647058824,-3.7857142857142856,12.588235294117647,5.52
2022-03-18,17.62962962962963,38.52,13.805555555555555,6.4,16.627450980392158,4.826086956521739
2022-03-19,18.5,37.34782608695652,15.048780487804878,2.5625,10.891304347826088,3.9523809523809526
2022-03-20,13.125,26.285714285714285,26.972972972972972,7.2727272727272725,1.2777777777777777,0.5
2022-03-21,11.478260869565217,32.52,7.548387096774194,-1.6,15.735849056603774,5.0
2022-03-22,12.652173913043478,32.88,8.606060606060606,1.3333333333333333,14.903846153846153,5.76
2022-03-23,12.26086956521739,37.47826086956522,8.205882352941176,7.285714285714286,12.673076923076923,5.846153846153846
2022-03-24,10.12,31.28,8.205882352941176,-1.3571428571428572,12.01923076923077,6.0
2022-03-25,9.857142857142858,32.541666666666664,6.4324324324324325,3.1875,15.038461538461538,6.217391304347826
2022-03-26,7.466666666666667,29.652173913043477,5.953488372093023,-10.352941176470589,10.195652173913043,6.578947368421052
2022-03-27,6.833333333333333,20.5,14.91891891891892,5.090909090909091,2.864864864864865,5.833333333333333
2022-03-28,9.173913043478262,30.04,8.03125,1.25,17.48076923076923,5.791666666666667
2022-03-29,10.130434782608695,30.2,9.636363636363637,4.857142857142857,17.5,6.2
2022-03-30,13.652173913043478,38.291666666666664,8.058823529411764,7.666666666666667,15.14,5.730769230769231
2022-03-31,14.4,38.8,10.264705882352942,-1.1428571428571428,15.313725490196079,4.538461538461538
2022-04-01,16.214285714285715,38.53846153846154,12.416666666666666,6.333333333333333,19.980392156862745,4.3478260869565215
2022-04-02,13.566666666666666,35.0,14.642857142857142,-2.5,11.869565217391305,4.181818181818182
2022-04-03,13.416666666666666,26.533333333333335,27.026315789473685,0.9166666666666666,3.918918918918919,2.5
2022-04-04,12.91304347826087,34.36,11.53125,1.5,18.28301886792453,4.44
2022-04-05,12.521739130434783,35.0,9.25,-1.2,16.846153846153847,5.2
2022-04-06,14.521739130434783,35.583333333333336,10.59375,6.5,12.470588235294118,4.72
2022-04-07,5.24,29.125,6.117647058823529,-13.6875,9.075471698113208,7.04
2022-04-08,17.535714285714285,40.666666666666664,13.628571428571428,9.714285714285714,16.627450980392158,3.5652173913043477
2022-04-09,12.333333333333334,31.90909090909091,10.21951219512195,4.733333333333333,11.347826086956522,5.0
2022-04-10,16.833333333333332,30.333333333333332,33.31428571428572,10.222222222222221,8.13888888888889,3.5833333333333335
2022-04-11,28.136363636363637,48.130434782608695,25.666666666666668,13.0,-3.056603773584906,5.25
2022-04-12,29.90909090909091,48.95652173913044,35.233333333333334,21.307692307692307,-6.754716981132075,5.56
2022-04-13,39.42857142857143,68.69565217391305,44.36666666666667,38.27272727272727,-18.58490566037736,4.92
2022-04-14,7.583333333333333,38.19047619047619,43.0,-3.5,-55.574074074074076,10.458333333333334
2022-04-15,-18.692307692307693,-4.578947368421052,34.166666666666664,-46.6,-63.490566037735846,16.304347826086957
2022-04-16,-9.807692307692308,8.863636363636363,36.189189189189186,-20.857142857142858,-47.21153846153846,9.105263157894736
2022-04-17,7.88,15.642857142857142,30.428571428571427,23.3,-12.564102564102564,1.9166666666666667
2022-04-18,15.772727272727273,40.12,12.774193548387096,12.0,11.150943396226415,4.538461538461538
2022-04-19,13.695652173913043,37.833333333333336,11.333333333333334,4.076923076923077,13.941176470588236,5.8
2022-04-20,16.130434782608695,40.24,10.058823529411764,12.166666666666666,12.254901960784315,5.884615384615385
2022-04-21,11.44,35.16,11.342857142857143,4.357142857142857,13.403846153846153,5.24
2022-04-22,12.074074074074074,33.42307692307692,7.027027027027027,4.9375,16.5,6.391304347826087
2022-04-23,12.733333333333333,31.166666666666668,10.2,-0.8125,11.217391304347826,6.15
2022-04-24,11.333333333333334,28.25,18.846153846153847,7.3,7.305555555555555,5.166666666666667
2022-04-25,13.652173913043478,36.30769230769231,10.181818181818182,-1.6875,19.58490566037736,5.48
2022-04-26,13.91304347826087,34.791666666666664,11.0,7.5,18.137254901960784,5.8
2022-04-27,14.434782608695652,38.28,9.088235294117647,7.4,14.673076923076923,5.916666666666667
2022-04-28,11.92,35.5,8.294117647058824,-5.933333333333334,15.365384615384615,4.961538461538462
2022-04-29,18.607142857142858,38.15384615384615,14.108108108108109,5.6875,20.02,4.565217391304348
2022-04-30,19.3,40.208333333333336,16.575,5.133333333333334,11.673913043478262,4.0
2022-05-01,19.208333333333332,40.8,32.648648648648646,1.2727272727272727,-1.1842105263157894,3.3333333333333335
2022-05-02,18.82608695652174,45.08,11.387096774193548,-3.1333333333333333,12.132075471698114,5.2
2022-05-03,16.782608695652176,39.92,8.0,2.3076923076923075,18.73076923076923,4.64
2022-05-04,21.17391304347826,44.56,8.5,8.733333333333333,15.784313725490197,4.72
2022-05-05,19.2,43.08,9.942857142857143,1.0714285714285714,17.615384615384617,3.88
2022-05-06,22.5,42.03846153846154,11.914285714285715,13.9375,20.693877551020407,3.347826086956522
2022-05-07,23.733333333333334,44.5,16.897435897435898,12.266666666666667,12.782608695652174,2.6666666666666665
2022-05-08,38.43478260869565,51.53333333333333,39.91891891891892,12.4,12.264705882352942,-1.0
2022-05-09,15.91304347826087,38.72,9.0,-0.9285714285714286,16.0188679245283,3.6
2022-05-10,17.17391304347826,38.08,8.515151515151516,-1.5384615384615385,17.84313725490196,4.28
2022-05-11,14.652173913043478,40.0,5.636363636363637,-2.6,14.784313725490197,4.538461538461538
2022-05-12,12.52,34.24,8.058823529411764,-7.214285714285714,16.647058823529413,4.846153846153846
2022-05-13,17.464285714285715,37.76923076923077,11.864864864864865,6.25,20.346938775510203,4.086956521739131
