date,retail_and_recreation_percent_change_from_baseline_Jamaica,grocery_and_pharmacy_percent_change_from_baseline_Jamaica,parks_percent_change_from_baseline_Jamaica,transit_stations_percent_change_from_baseline_Jamaica,workplaces_percent_change_from_baseline_Jamaica,residential_percent_change_from_baseline_Jamaica
2020-02-15,-2.4444444444444446,-1.1111111111111112,-2.4444444444444446,-2.5,4.928571428571429,0.8
2020-02-16,-1.125,-2.8,19.11111111111111,1.0,3.6923076923076925,0.0
2020-02-17,-2.5555555555555554,-0.6666666666666666,-6.375,-2.6666666666666665,3.8666666666666667,1.25
2020-02-18,-2.5555555555555554,0.0,-5.625,0.0,2.533333333333333,0.375
2020-02-19,-3.4444444444444446,-1.7777777777777777,-4.375,1.5,1.9333333333333333,0.625
2020-02-20,-2.4444444444444446,0.1111111111111111,-3.375,-0.3333333333333333,1.6666666666666667,0.5
2020-02-21,-4.5,-5.111111111111111,-1.2222222222222223,-2.1666666666666665,2.2,0.75
2020-02-22,-4.9,-4.0,-5.333333333333333,-4.333333333333333,3.9285714285714284,1.6
2020-02-23,-3.375,-5.0,-2.5555555555555554,-3.0,3.6153846153846154,0.25
2020-02-24,-0.8888888888888888,-0.1111111111111111,-4.333333333333333,-3.8333333333333335,2.4,1.5
2020-02-25,11.777777777777779,14.11111111111111,0.3333333333333333,7.666666666666667,-0.6,-1.125
2020-02-26,-27.2,-49.875,-11.285714285714286,-19.666666666666668,-57.2,17.6
2020-02-27,9.333333333333334,10.222222222222221,8.0,4.6,-10.0,1.8571428571428572
2020-02-28,0.7,3.3333333333333335,0.2222222222222222,1.3333333333333333,-8.4,3.2857142857142856
2020-02-29,-1.6666666666666667,0.6666666666666666,-6.0,0.6666666666666666,2.0714285714285716,1.6
2020-03-01,0.25,2.2,-3.6666666666666665,2.2,2.6153846153846154,0.0
2020-03-02,1.7777777777777777,5.111111111111111,-2.375,1.5,2.7333333333333334,0.625
2020-03-03,-0.5555555555555556,4.888888888888889,-2.125,-1.8333333333333333,3.933333333333333,0.125
2020-03-04,-2.0,4.0,-0.125,0.6666666666666666,3.8666666666666667,0.375
2020-03-05,-1.5555555555555556,3.4444444444444446,-0.25,-2.0,2.4,0.25
2020-03-06,-4.7272727272727275,1.6666666666666667,-1.4444444444444444,0.6666666666666666,2.0,0.875
2020-03-07,-3.8,0.6666666666666666,1.7777777777777777,-1.0,3.4285714285714284,0.6
2020-03-08,-4.625,0.2,-7.0,-5.4,0.3076923076923077,0.6666666666666666
2020-03-09,-6.666666666666667,-1.6666666666666667,-7.625,-6.833333333333333,0.8666666666666667,1.875
2020-03-10,-2.4444444444444446,13.88888888888889,-2.888888888888889,0.8333333333333334,1.8666666666666667,1.25
2020-03-11,-4.555555555555555,16.375,-5.875,-4.166666666666667,1.7333333333333334,1.75
2020-03-12,-5.888888888888889,17.375,-6.875,-9.0,-1.2,2.125
2020-03-13,-14.7,10.777777777777779,-15.0,-15.5,-15.266666666666667,8.857142857142858
2020-03-14,-22.333333333333332,0.5555555555555556,-18.444444444444443,-19.5,-5.857142857142857,8.0
2020-03-15,-34.25,-18.8,-29.11111111111111,-29.666666666666668,-9.214285714285714,7.333333333333333
2020-03-16,-25.125,-12.333333333333334,-26.5,-29.5,-23.266666666666666,12.714285714285714
2020-03-17,-26.75,-11.555555555555555,-25.77777777777778,-30.666666666666668,-26.266666666666666,13.0
2020-03-18,-34.875,-20.333333333333332,-33.55555555555556,-35.833333333333336,-33.333333333333336,17.0
2020-03-19,-35.55555555555556,-22.0,-34.44444444444444,-37.666666666666664,-35.0,18.2
2020-03-20,-37.45454545454545,-23.333333333333332,-37.77777777777778,-35.5,-33.0,19.6
2020-03-21,-37.7,-19.0,-36.888888888888886,-31.833333333333332,-20.0,12.75
2020-03-22,-49.625,-32.8,-46.77777777777778,-50.333333333333336,-24.571428571428573,9.666666666666666
2020-03-23,-36.0,-24.4,-40.0,-45.0,-35.13333333333333,18.6
2020-03-24,-36.44444444444444,-25.444444444444443,-40.55555555555556,-45.333333333333336,-37.8,19.0
2020-03-25,-39.4,-24.22222222222222,-44.2,-46.333333333333336,-38.2,19.0
2020-03-26,-39.111111111111114,-22.375,-39.22222222222222,-47.333333333333336,-38.666666666666664,19.4
2020-03-27,-39.09090909090909,-22.22222222222222,-40.0,-46.666666666666664,-36.666666666666664,20.8
2020-03-28,-42.44444444444444,-23.77777777777778,-42.22222222222222,-49.166666666666664,-27.071428571428573,14.25
2020-03-29,-53.375,-40.4,-50.111111111111114,-62.833333333333336,-30.571428571428573,11.333333333333334
2020-03-30,-37.888888888888886,-27.77777777777778,-41.888888888888886,-51.666666666666664,-38.13333333333333,19.8
2020-03-31,-36.875,-22.333333333333332,-42.111111111111114,-49.5,-39.93333333333333,19.4
2020-04-01,-48.22222222222222,-33.666666666666664,-49.3,-54.666666666666664,-42.266666666666666,23.0
2020-04-02,-49.666666666666664,-35.125,-49.111111111111114,-54.5,-43.8,24.0
2020-04-03,-49.72727272727273,-33.1,-47.22222222222222,-55.333333333333336,-40.46666666666667,25.0
2020-04-04,-49.22222222222222,-32.0,-46.111111111111114,-54.166666666666664,-31.285714285714285,16.0
2020-04-05,-59.375,-42.0,-52.22222222222222,-63.5,-34.285714285714285,12.666666666666666
2020-04-06,-42.888888888888886,-32.22222222222222,-43.111111111111114,-55.833333333333336,-40.333333333333336,22.25
2020-04-07,-44.333333333333336,-31.5,-45.0,-53.5,-42.46666666666667,22.0
2020-04-08,-42.2,-26.11111111111111,-43.44444444444444,-52.333333333333336,-41.4,21.25
2020-04-09,-29.5,1.625,-29.77777777777778,-39.666666666666664,-39.86666666666667,17.8
2020-04-10,-83.6,-85.44444444444444,-71.77777777777777,-81.0,-77.53333333333333,41.333333333333336
2020-04-11,-58.0,-38.55555555555556,-54.18181818181818,-61.5,-40.142857142857146,20.0
2020-04-12,-65.875,-45.4,-61.25,-71.66666666666667,-41.214285714285715,14.333333333333334
2020-04-13,-80.88888888888889,-82.25,-67.77777777777777,-81.16666666666667,-76.53333333333333,38.666666666666664
2020-04-14,-34.75,-20.0,-39.888888888888886,-49.166666666666664,-39.666666666666664,18.8
2020-04-15,-45.0,-23.0,-48.4,-57.0,-44.0,26.5
2020-04-16,-49.6,-32.333333333333336,-52.333333333333336,-63.333333333333336,-44.86666666666667,28.75
2020-04-17,-51.18181818181818,-31.88888888888889,-51.666666666666664,-65.0,-43.666666666666664,31.25
2020-04-18,-46.6,-23.333333333333332,-46.5,-52.166666666666664,-30.214285714285715,15.666666666666666
2020-04-19,-65.75,-58.2,-62.333333333333336,-74.66666666666667,-35.785714285714285,16.333333333333332
2020-04-20,-50.77777777777778,-41.666666666666664,-53.111111111111114,-66.16666666666667,-44.8,26.8
2020-04-21,-51.5,-40.44444444444444,-54.22222222222222,-65.16666666666667,-45.266666666666666,26.6
2020-04-22,-51.55555555555556,-36.22222222222222,-51.1,-58.333333333333336,-46.666666666666664,27.0
2020-04-23,-53.6,-42.888888888888886,-56.333333333333336,-65.5,-47.4,29.5
2020-04-24,-50.36363636363637,-33.666666666666664,-49.55555555555556,-57.333333333333336,-44.4,28.75
2020-04-25,-47.5,-31.22222222222222,-49.3,-53.0,-31.571428571428573,17.333333333333332
2020-04-26,-66.0,-55.4,-62.111111111111114,-73.2,-36.0,16.0
2020-04-27,-45.111111111111114,-35.55555555555556,-50.55555555555556,-62.0,-43.6,28.0
2020-04-28,-51.6,-43.77777777777778,-54.333333333333336,-66.16666666666667,-46.8,26.0
2020-04-29,-46.8,-32.55555555555556,-51.6,-58.833333333333336,-45.266666666666666,27.25
2020-04-30,-53.77777777777778,-42.55555555555556,-54.77777777777778,-65.83333333333333,-46.333333333333336,29.5
2020-05-01,-49.45454545454545,-36.111111111111114,-50.44444444444444,-57.5,-41.93333333333333,27.75
2020-05-02,-47.111111111111114,-33.0,-50.888888888888886,-54.5,-30.785714285714285,16.333333333333332
2020-05-03,-60.125,-42.6,-59.44444444444444,-68.16666666666667,-33.714285714285715,13.666666666666666
2020-05-04,-45.77777777777778,-40.333333333333336,-54.111111111111114,-59.666666666666664,-42.666666666666664,24.6
2020-05-05,-47.0,-37.0,-51.888888888888886,-57.666666666666664,-43.333333333333336,25.25
2020-05-06,-44.7,-33.77777777777778,-47.55555555555556,-54.5,-41.733333333333334,25.0
2020-05-07,-45.44444444444444,-32.666666666666664,-49.22222222222222,-54.0,-42.93333333333333,25.75
2020-05-08,-45.36363636363637,-29.11111111111111,-45.44444444444444,-52.666666666666664,-39.4,26.2
2020-05-09,-38.7,-20.666666666666668,-44.666666666666664,-45.666666666666664,-24.928571428571427,14.666666666666666
2020-05-10,-48.875,-26.2,-52.0,-61.166666666666664,-28.857142857142858,11.333333333333334
2020-05-11,-42.0,-33.888888888888886,-43.333333333333336,-55.333333333333336,-38.86666666666667,23.8
2020-05-12,-41.875,-31.666666666666668,-45.111111111111114,-54.166666666666664,-40.06666666666667,23.0
2020-05-13,-41.888888888888886,-29.11111111111111,-42.333333333333336,-52.166666666666664,-38.86666666666667,21.833333333333332
2020-05-14,-40.6,-29.333333333333332,-43.875,-50.5,-39.53333333333333,21.4
2020-05-15,-41.81818181818182,-27.0,-34.888888888888886,-50.166666666666664,-36.13333333333333,24.0
2020-05-16,-38.4,-23.0,-33.44444444444444,-46.833333333333336,-22.142857142857142,16.0
2020-05-17,-53.5,-39.2,-46.55555555555556,-62.5,-24.357142857142858,11.333333333333334
2020-05-18,-39.125,-29.555555555555557,-36.22222222222222,-52.5,-35.93333333333333,20.857142857142858
2020-05-19,-41.888888888888886,-32.77777777777778,-39.625,-52.666666666666664,-38.06666666666667,20.833333333333332
2020-05-20,-39.333333333333336,-30.11111111111111,-36.625,-50.666666666666664,-36.53333333333333,21.166666666666668
2020-05-21,-38.333333333333336,-27.125,-40.875,-48.5,-38.266666666666666,23.2
2020-05-22,-34.72727272727273,-21.444444444444443,-36.5,-45.666666666666664,-33.4,21.5
2020-05-23,-30.6,-14.666666666666666,-33.75,-41.0,-19.0,13.0
2020-05-24,-59.5,-42.4,-55.888888888888886,-67.5,-29.214285714285715,13.0
2020-05-25,-76.11111111111111,-80.0,-60.888888888888886,-75.0,-73.53333333333333,37.333333333333336
2020-05-26,-25.0,-12.88888888888889,-31.125,-43.666666666666664,-32.46666666666667,15.857142857142858
2020-05-27,-30.375,-19.22222222222222,-36.42857142857143,-42.833333333333336,-32.666666666666664,18.142857142857142
2020-05-28,-31.0,-19.666666666666668,-35.0,-42.833333333333336,-34.13333333333333,19.0
2020-05-29,-34.81818181818182,-22.444444444444443,-35.75,-42.166666666666664,-31.6,21.166666666666668
2020-05-30,-31.2,-17.22222222222222,-32.875,-38.333333333333336,-15.571428571428571,13.0
2020-05-31,-45.0,-30.2,-39.0,-56.0,-15.071428571428571,9.333333333333334
2020-06-01,-30.875,-23.0,-32.125,-45.333333333333336,-29.0,17.571428571428573
2020-06-02,-33.5,-25.333333333333332,-34.875,-44.5,-30.866666666666667,18.142857142857142
2020-06-03,-33.375,-23.444444444444443,-35.57142857142857,-44.0,-29.8,17.857142857142858
2020-06-04,-33.25,-21.11111111111111,-33.875,-42.666666666666664,-31.0,17.857142857142858
2020-06-05,-33.90909090909091,-22.0,-39.0,-41.666666666666664,-28.066666666666666,18.857142857142858
2020-06-06,-30.6,-16.11111111111111,-31.625,-37.833333333333336,-12.714285714285714,12.25
2020-06-07,-41.5,-29.8,-32.888888888888886,-53.666666666666664,-13.538461538461538,9.0
2020-06-08,-30.5,-22.22222222222222,-36.142857142857146,-44.0,-26.6,15.857142857142858
2020-06-09,-32.75,-26.77777777777778,-35.625,-43.833333333333336,-29.4,16.857142857142858
2020-06-10,-31.125,-23.0,-35.57142857142857,-42.5,-28.6,16.428571428571427
2020-06-11,-31.125,-23.333333333333332,-33.875,-42.166666666666664,-28.733333333333334,16.857142857142858
2020-06-12,-30.727272727272727,-19.333333333333332,-30.25,-39.0,-25.933333333333334,17.142857142857142
2020-06-13,-30.6,-19.0,-30.5,-39.666666666666664,-13.428571428571429,12.75
2020-06-14,-40.625,-30.6,-33.77777777777778,-53.666666666666664,-13.0,8.666666666666666
2020-06-15,-27.125,-20.444444444444443,-35.0,-38.833333333333336,-25.6,15.857142857142858
2020-06-16,-27.0,-19.22222222222222,-35.42857142857143,-37.333333333333336,-26.866666666666667,15.285714285714286
2020-06-17,-28.125,-19.333333333333332,-34.142857142857146,-38.333333333333336,-26.933333333333334,15.285714285714286
2020-06-18,-30.25,-20.11111111111111,-33.285714285714285,-36.333333333333336,-28.4,15.857142857142858
2020-06-19,-29.0,-16.22222222222222,-28.75,-34.666666666666664,-24.8,15.285714285714286
2020-06-20,-24.7,-10.777777777777779,-23.25,-33.333333333333336,-10.5,10.75
2020-06-21,-33.625,-25.6,-20.22222222222222,-49.666666666666664,-11.214285714285714,7.333333333333333
2020-06-22,-28.5,-21.77777777777778,-33.0,-40.333333333333336,-26.8,15.571428571428571
2020-06-23,-28.666666666666668,-18.77777777777778,-34.142857142857146,-36.833333333333336,-28.266666666666666,15.285714285714286
2020-06-24,-26.75,-18.666666666666668,-31.857142857142858,-38.833333333333336,-27.066666666666666,15.142857142857142
2020-06-25,-22.25,-10.777777777777779,-30.142857142857142,-32.0,-26.666666666666668,14.714285714285714
2020-06-26,-20.8,-9.444444444444445,-24.125,-30.0,-24.466666666666665,14.571428571428571
2020-06-27,-20.5,-8.555555555555555,-19.125,-28.333333333333332,-12.071428571428571,9.0
2020-06-28,-29.125,-19.6,-18.444444444444443,-46.166666666666664,-13.285714285714286,6.333333333333333
2020-06-29,-20.375,-14.11111111111111,-29.857142857142858,-34.666666666666664,-25.4,13.428571428571429
2020-06-30,-21.625,-17.22222222222222,-29.714285714285715,-34.166666666666664,-26.533333333333335,13.714285714285714
2020-07-01,-22.5,-15.0,-32.375,-30.833333333333332,-26.133333333333333,13.428571428571429
2020-07-02,-23.125,-13.444444444444445,-25.125,-27.833333333333332,-26.6,14.142857142857142
2020-07-03,-21.5,-13.555555555555555,-23.75,-28.0,-24.466666666666665,14.857142857142858
2020-07-04,-21.9,-13.333333333333334,-20.5,-29.5,-11.5,9.75
2020-07-05,-30.5,-23.4,-18.444444444444443,-44.333333333333336,-11.0,7.333333333333333
2020-07-06,-21.5,-14.777777777777779,-28.428571428571427,-33.666666666666664,-26.533333333333335,14.285714285714286
2020-07-07,-21.25,-14.11111111111111,-26.25,-30.666666666666668,-28.4,13.714285714285714
2020-07-08,-24.25,-17.88888888888889,-38.375,-33.166666666666664,-27.666666666666668,13.714285714285714
2020-07-09,-22.75,-13.777777777777779,-29.285714285714285,-29.833333333333332,-28.133333333333333,13.571428571428571
2020-07-10,-22.7,-12.11111111111111,-24.375,-28.5,-25.533333333333335,14.428571428571429
2020-07-11,-21.9,-10.333333333333334,-19.5,-27.166666666666668,-11.857142857142858,9.75
2020-07-12,-29.375,-21.4,-18.0,-41.0,-10.846153846153847,7.0
2020-07-13,-20.875,-14.555555555555555,-30.714285714285715,-34.833333333333336,-26.666666666666668,13.857142857142858
2020-07-14,-23.666666666666668,-15.88888888888889,-30.428571428571427,-32.666666666666664,-29.133333333333333,13.857142857142858
2020-07-15,-22.75,-15.444444444444445,-33.375,-32.333333333333336,-27.266666666666666,13.857142857142858
2020-07-16,-22.0,-13.0,-24.125,-29.833333333333332,-27.6,13.857142857142858
2020-07-17,-24.272727272727273,-13.0,-23.5,-30.0,-25.066666666666666,14.428571428571429
2020-07-18,-22.9,-12.333333333333334,-19.5,-27.833333333333332,-11.285714285714286,9.75
2020-07-19,-30.75,-21.0,-21.666666666666668,-42.333333333333336,-11.428571428571429,7.333333333333333
2020-07-20,-22.75,-17.444444444444443,-27.375,-34.0,-27.933333333333334,13.857142857142858
2020-07-21,-23.0,-16.77777777777778,-27.125,-31.666666666666668,-28.6,13.428571428571429
2020-07-22,-21.875,-15.222222222222221,-30.333333333333332,-32.333333333333336,-26.6,13.857142857142858
2020-07-23,-20.555555555555557,-8.555555555555555,-24.5,-27.666666666666668,-26.733333333333334,13.571428571428571
2020-07-24,-18.3,-6.0,-15.75,-23.166666666666668,-24.533333333333335,13.0
2020-07-25,-14.444444444444445,-3.3333333333333335,-9.5,-20.833333333333332,-10.428571428571429,8.0
2020-07-26,-21.5,-10.4,-11.333333333333334,-35.666666666666664,-11.692307692307692,5.333333333333333
2020-07-27,-14.5,-9.222222222222221,-21.285714285714285,-28.5,-26.2,13.142857142857142
2020-07-28,-15.125,-7.444444444444445,-21.428571428571427,-26.5,-26.0,12.142857142857142
2020-07-29,-16.125,-7.333333333333333,-24.375,-25.833333333333332,-27.733333333333334,11.857142857142858
2020-07-30,-14.5,-2.4444444444444446,-15.25,-19.833333333333332,-27.266666666666666,11.285714285714286
2020-07-31,-16.5,1.2222222222222223,-16.375,-22.333333333333332,-25.266666666666666,12.0
2020-08-01,-46.81818181818182,-49.375,-27.75,-41.833333333333336,-37.214285714285715,12.666666666666666
2020-08-02,-20.5,-11.8,-13.666666666666666,-36.833333333333336,-12.615384615384615,6.333333333333333
2020-08-03,-13.666666666666666,-4.555555555555555,-18.714285714285715,-27.666666666666668,-26.8,12.571428571428571
2020-08-04,-12.5,-2.6666666666666665,-18.142857142857142,-23.333333333333332,-27.733333333333334,12.0
2020-08-05,-3.625,11.25,-11.0,-15.833333333333334,-26.466666666666665,9.428571428571429
2020-08-06,-48.333333333333336,-62.0,-21.714285714285715,-50.5,-65.4,28.0
2020-08-07,-14.6,-4.555555555555555,-13.25,-18.5,-27.6,12.0
2020-08-08,-15.444444444444445,-7.0,-9.5,-19.333333333333332,-12.071428571428571,7.5
2020-08-09,-20.625,-15.2,-7.777777777777778,-35.5,-10.357142857142858,5.333333333333333
2020-08-10,-12.777777777777779,-7.666666666666667,-18.571428571428573,-26.333333333333332,-27.666666666666668,11.857142857142858
2020-08-11,-15.875,-10.666666666666666,-18.625,-27.0,-29.133333333333333,12.428571428571429
2020-08-12,-15.375,-10.777777777777779,-17.714285714285715,-25.166666666666668,-27.933333333333334,12.285714285714286
2020-08-13,-16.5,-8.222222222222221,-19.0,-21.333333333333332,-29.133333333333333,11.714285714285714
2020-08-14,-18.2,-9.555555555555555,-15.375,-21.166666666666668,-26.8,12.714285714285714
2020-08-15,-16.88888888888889,-11.0,-16.875,-21.833333333333332,-11.714285714285714,8.5
2020-08-16,-21.25,-16.2,-16.333333333333332,-35.833333333333336,-11.928571428571429,6.0
2020-08-17,-17.5,-7.0,-26.0,-9.666666666666666,-29.5,12.142857142857142
2020-08-18,-22.0,-11.5,-29.0,-14.333333333333334,-31.0,12.285714285714286
2020-08-19,-19.5,-8.5,-27.0,-12.333333333333334,-30.25,11.714285714285714
2020-08-20,-28.0,-17.5,-34.0,-24.333333333333332,-33.25,14.714285714285714
2020-08-21,-17.333333333333332,-4.0,-24.0,-9.666666666666666,-29.5,13.428571428571429
2020-08-22,-27.333333333333332,-14.5,-22.0,-14.333333333333334,-15.666666666666666,9.75
2020-08-23,-36.5,-18.0,-33.0,-31.0,-15.666666666666666,7.666666666666667
2020-08-24,-35.5,-27.5,-40.0,-31.0,-38.5,16.666666666666668
2020-08-25,-22.5,-10.0,-32.0,-15.333333333333334,-33.5,13.0
2020-08-26,-21.0,-6.5,-29.0,-13.333333333333334,-33.0,13.142857142857142
2020-08-27,-23.0,-9.5,-27.0,-14.666666666666666,-33.5,12.428571428571429
2020-08-28,-24.333333333333332,-10.0,-25.0,-14.0,-31.75,13.714285714285714
2020-08-29,-23.0,-10.0,-21.0,-15.333333333333334,-17.666666666666668,9.0
2020-08-30,-34.0,-14.0,-35.0,-29.333333333333332,-15.0,7.333333333333333
2020-08-31,-24.0,-15.5,-27.0,-18.333333333333332,-32.5,12.571428571428571
2020-09-01,-26.0,-13.5,-35.0,-20.333333333333332,-36.0,14.285714285714286
2020-09-02,-27.0,-11.0,-35.0,-22.666666666666668,-35.5,13.285714285714286
2020-09-03,-41.0,-35.5,-39.0,-29.333333333333332,-48.75,18.2
2020-09-04,-26.0,-15.0,-32.0,-21.666666666666668,-35.0,16.0
2020-09-05,-22.666666666666668,-10.0,-24.0,-17.666666666666668,-18.333333333333332,10.25
2020-09-06,-36.5,-21.0,-37.0,-33.666666666666664,-16.666666666666668,8.0
2020-09-07,-23.0,-17.0,-30.0,-20.0,-35.0,14.142857142857142
2020-09-08,-28.5,-22.5,-35.0,-22.666666666666668,-36.75,13.571428571428571
2020-09-09,-28.5,-22.0,-35.0,-24.333333333333332,-35.5,12.285714285714286
2020-09-10,-27.5,-21.5,-29.0,-19.666666666666668,-36.25,11.857142857142858
2020-09-11,-30.181818181818183,-21.875,-22.333333333333332,-31.833333333333332,-32.46666666666667,12.0
2020-09-12,-26.0,-19.375,-18.5,-27.333333333333332,-18.857142857142858,8.75
2020-09-13,-30.5,-23.6,-31.11111111111111,-45.666666666666664,-16.428571428571427,6.333333333333333
2020-09-14,-23.11111111111111,-22.125,-20.5,-34.5,-30.933333333333334,11.0
2020-09-15,-26.22222222222222,-24.0,-21.88888888888889,-35.666666666666664,-32.53333333333333,12.0
2020-09-16,-27.0,-23.125,-28.555555555555557,-32.833333333333336,-33.266666666666666,12.0
2020-09-17,-28.444444444444443,-23.375,-23.75,-31.666666666666668,-34.53333333333333,12.714285714285714
2020-09-18,-30.90909090909091,-20.88888888888889,-19.666666666666668,-31.166666666666668,-30.2,13.571428571428571
2020-09-19,-25.5,-16.875,-17.0,-26.833333333333332,-18.285714285714285,9.75
2020-09-20,-31.25,-22.8,-27.88888888888889,-44.5,-17.071428571428573,7.0
2020-09-21,-27.25,-23.875,-26.0,-36.166666666666664,-32.0,12.571428571428571
2020-09-22,-31.0,-22.77777777777778,-29.77777777777778,-33.333333333333336,-35.8,11.714285714285714
2020-09-23,-31.666666666666668,-21.0,-36.3,-30.833333333333332,-34.0,11.25
2020-09-24,-32.77777777777778,-20.875,-38.55555555555556,-26.666666666666668,-35.46666666666667,12.5
2020-09-25,-30.363636363636363,-15.0,-27.666666666666668,-22.833333333333332,-31.066666666666666,12.25
2020-09-26,-26.5,-10.375,-23.8,-19.5,-18.857142857142858,7.0
2020-09-27,-31.875,-14.8,-35.111111111111114,-38.2,-20.928571428571427,7.0
2020-09-28,-25.375,-17.625,-30.77777777777778,-28.666666666666668,-31.333333333333332,12.0
2020-09-29,-26.666666666666668,-16.25,-32.77777777777778,-29.5,-34.733333333333334,10.375
2020-09-30,-29.9,-16.625,-38.1,-28.166666666666668,-35.4,8.625
2020-10-01,-29.444444444444443,-16.625,-32.0,-21.333333333333332,-34.46666666666667,5.875
2020-10-02,-35.0,-17.375,-27.555555555555557,-22.833333333333332,-31.733333333333334,8.125
2020-10-03,-29.1,-9.875,-23.8,-17.333333333333332,-21.857142857142858,3.5714285714285716
2020-10-04,-36.625,-17.6,-34.666666666666664,-36.4,-23.071428571428573,4.4
2020-10-05,-40.111111111111114,-31.25,-44.77777777777778,-41.666666666666664,-39.733333333333334,11.25
2020-10-06,-39.44444444444444,-27.5,-40.111111111111114,-36.166666666666664,-38.2,10.5
2020-10-07,-35.22222222222222,-20.125,-37.9,-28.333333333333332,-33.53333333333333,10.125
2020-10-08,-34.625,-18.75,-33.75,-26.333333333333332,-33.733333333333334,12.75
2020-10-09,-36.36363636363637,-20.0,-28.555555555555557,-26.333333333333332,-29.933333333333334,13.5
2020-10-10,-30.6,-14.5,-24.4,-23.333333333333332,-17.5,7.285714285714286
2020-10-11,-35.625,-19.6,-34.666666666666664,-40.833333333333336,-17.785714285714285,7.0
2020-10-12,-34.0,-22.625,-31.333333333333332,-33.0,-32.53333333333333,13.125
2020-10-13,-35.55555555555556,-21.5,-33.333333333333336,-30.5,-33.666666666666664,13.375
2020-10-14,-35.625,-20.125,-37.5,-25.666666666666668,-32.266666666666666,13.25
2020-10-15,-33.77777777777778,-17.0,-36.22222222222222,-23.333333333333332,-32.4,13.0
2020-10-16,-33.63636363636363,-14.125,-26.88888888888889,-19.5,-30.133333333333333,13.125
2020-10-17,-29.666666666666668,-8.375,-23.9,-20.0,-18.285714285714285,6.857142857142857
2020-10-18,-52.875,-33.2,-54.2,-50.833333333333336,-29.285714285714285,10.8
2020-10-19,-72.88888888888889,-75.625,-59.22222222222222,-64.66666666666667,-75.06666666666666,29.75
2020-10-20,-30.22222222222222,-12.375,-32.0,-31.166666666666668,-32.86666666666667,10.0
2020-10-21,-36.77777777777778,-21.25,-38.3,-30.333333333333332,-32.266666666666666,13.75
2020-10-22,-33.666666666666664,-17.5,-29.125,-29.6,-31.866666666666667,14.0
2020-10-23,-37.63636363636363,-21.375,-32.77777777777778,-34.333333333333336,-33.06666666666667,16.0
2020-10-24,-30.0,-9.0,-21.2,-22.666666666666668,-17.642857142857142,8.428571428571429
2020-10-25,-51.375,-29.4,-56.6,-53.666666666666664,-30.214285714285715,9.8
2020-10-26,-33.55555555555556,-21.875,-28.0,-35.666666666666664,-35.333333333333336,14.625
2020-10-27,-29.875,-13.75,-27.555555555555557,-29.0,-31.666666666666668,10.444444444444445
2020-10-28,-31.75,-15.125,-33.5,-27.5,-30.8,11.0
2020-10-29,-30.5,-14.25,-33.0,-23.2,-30.733333333333334,10.125
2020-10-30,-30.7,-13.875,-24.77777777777778,-17.5,-27.066666666666666,9.875
2020-10-31,-26.8,-9.0,-21.0,-19.833333333333332,-15.142857142857142,4.857142857142857
2020-11-01,-39.625,-22.6,-44.666666666666664,-42.333333333333336,-22.928571428571427,7.4
2020-11-02,-36.77777777777778,-26.625,-37.0,-36.333333333333336,-33.13333333333333,12.75
2020-11-03,-40.0,-27.875,-44.333333333333336,-39.333333333333336,-37.53333333333333,15.0
2020-11-04,-38.111111111111114,-23.375,-45.0,-33.0,-33.53333333333333,12.875
2020-11-05,-34.111111111111114,-17.5,-40.55555555555556,-28.333333333333332,-32.86666666666667,11.875
2020-11-06,-36.5,-19.444444444444443,-34.77777777777778,-29.666666666666668,-29.066666666666666,11.875
2020-11-07,-39.111111111111114,-20.125,-39.8,-33.5,-23.357142857142858,9.142857142857142
2020-11-08,-51.75,-35.6,-57.44444444444444,-56.666666666666664,-31.142857142857142,10.2
2020-11-09,-34.22222222222222,-22.25,-34.44444444444444,-36.166666666666664,-32.266666666666666,11.625
2020-11-10,-33.125,-18.25,-30.11111111111111,-32.0,-32.266666666666666,10.75
2020-11-11,-32.0,-15.125,-32.5,-27.0,-30.333333333333332,10.0
2020-11-12,-32.888888888888886,-16.0,-29.375,-27.0,-31.666666666666668,10.625
2020-11-13,-31.9,-13.75,-29.875,-24.833333333333332,-27.533333333333335,10.125
2020-11-14,-28.2,-10.125,-21.4,-20.666666666666668,-16.5,4.714285714285714
2020-11-15,-34.625,-18.0,-37.8,-39.166666666666664,-17.071428571428573,5.4
2020-11-16,-31.75,-18.77777777777778,-28.0,-34.5,-29.466666666666665,9.333333333333334
2020-11-17,-34.0,-21.25,-30.22222222222222,-32.5,-31.8,10.125
2020-11-18,-35.25,-20.5,-36.6,-33.833333333333336,-30.6,9.625
2020-11-19,-34.5,-19.125,-37.9,-30.333333333333332,-31.733333333333334,10.25
2020-11-20,-36.36363636363637,-19.75,-35.7,-28.0,-28.733333333333334,11.5
2020-11-21,-29.3,-11.5,-25.9,-23.666666666666668,-16.928571428571427,5.0
2020-11-22,-33.625,-17.8,-40.1,-39.166666666666664,-17.153846153846153,5.4
2020-11-23,-32.75,-21.375,-32.22222222222222,-37.0,-29.8,10.375
2020-11-24,-31.25,-18.5,-31.88888888888889,-32.5,-31.266666666666666,10.0
2020-11-25,-26.75,-11.375,-31.3,-25.5,-28.733333333333334,8.375
2020-11-26,-23.75,-6.75,-24.75,-23.0,-30.2,7.777777777777778
2020-11-27,-24.4,-8.75,-18.88888888888889,-18.833333333333332,-26.333333333333332,8.0
2020-11-28,-20.77777777777778,-3.875,-20.1,-22.0,-12.642857142857142,2.4285714285714284
2020-11-29,-23.375,-5.6,-32.9,-32.166666666666664,-12.153846153846153,4.0
2020-11-30,-24.444444444444443,-14.625,-23.0,-28.166666666666668,-27.133333333333333,8.444444444444445
2020-12-01,-26.875,-13.125,-25.88888888888889,-26.0,-29.2,8.444444444444445
2020-12-02,-28.0,-14.125,-32.9,-26.333333333333332,-26.8,9.25
2020-12-03,-28.11111111111111,-12.75,-32.666666666666664,-23.166666666666668,-28.8,9.875
2020-12-04,-29.0,-12.555555555555555,-28.4,-20.666666666666668,-24.4,9.125
2020-12-05,-23.2,-9.0,-21.9,-18.666666666666668,-11.5,3.857142857142857
2020-12-06,-26.875,-13.8,-31.0,-35.833333333333336,-11.538461538461538,3.6
2020-12-07,-24.88888888888889,-13.375,-23.333333333333332,-29.5,-27.0,8.0
2020-12-08,-27.88888888888889,-15.375,-26.0,-28.0,-27.533333333333335,7.777777777777778
2020-12-09,-28.375,-13.5,-30.3,-25.0,-28.133333333333333,8.625
2020-12-10,-27.666666666666668,-11.375,-19.625,-19.333333333333332,-28.6,8.125
2020-12-11,-28.1,-12.222222222222221,-21.75,-16.833333333333332,-25.533333333333335,8.625
2020-12-12,-22.8,-6.444444444444445,-13.2,-11.166666666666666,-12.571428571428571,2.5714285714285716
2020-12-13,-22.625,-7.8,-21.333333333333332,-29.333333333333332,-11.0,3.4
2020-12-14,-23.375,-10.875,-18.375,-20.0,-27.266666666666666,7.333333333333333
2020-12-15,-23.333333333333332,-7.625,-23.75,-17.5,-29.0,7.875
2020-12-16,-20.625,-3.4444444444444446,-21.1,-12.666666666666666,-26.933333333333334,7.375
2020-12-17,-16.125,1.4444444444444444,-9.875,-11.6,-28.066666666666666,6.444444444444445
2020-12-18,-20.4,-0.5555555555555556,-12.25,-9.2,-24.2,6.375
2020-12-19,-13.555555555555555,3.3333333333333335,-0.1111111111111111,-6.0,-10.285714285714286,0.42857142857142855
2020-12-20,-13.714285714285714,11.0,-8.88888888888889,-18.0,-6.6923076923076925,1.6
2020-12-21,-9.666666666666666,10.444444444444445,-9.833333333333334,-9.0,-26.8,4.555555555555555
2020-12-22,-7.222222222222222,20.11111111111111,-12.0,-5.5,-29.266666666666666,3.4444444444444446
2020-12-23,0.625,43.5,-12.571428571428571,8.0,-26.533333333333335,3.0
2020-12-24,12.777777777777779,59.285714285714285,16.166666666666668,9.8,-28.266666666666666,0.7777777777777778
2020-12-25,-73.72727272727273,-72.22222222222223,-44.666666666666664,-52.5,-75.73333333333333,21.875
2020-12-26,-61.18181818181818,-61.0,-39.9,-43.166666666666664,-49.92857142857143,11.285714285714286
2020-12-27,-20.75,-10.6,-12.333333333333334,-25.4,-16.53846153846154,1.4
2020-12-28,-12.444444444444445,1.3333333333333333,-18.428571428571427,-17.5,-34.06666666666667,8.625
2020-12-29,-17.125,-3.7777777777777777,-23.714285714285715,-18.166666666666668,-35.0,8.625
2020-12-30,-15.375,2.111111111111111,-22.25,-8.166666666666666,-31.866666666666667,8.125
2020-12-31,-6.222222222222222,21.5,-6.333333333333333,-9.2,-30.333333333333332,5.333333333333333
2021-01-01,-65.1,-71.75,-42.22222222222222,-54.0,-72.46666666666667,25.0
2021-01-02,-17.8,-6.444444444444445,-8.2,-20.2,-13.714285714285714,3.857142857142857
2021-01-03,-25.25,-16.4,-15.222222222222221,-24.2,-12.384615384615385,3.0
2021-01-04,-20.22222222222222,-8.444444444444445,-25.428571428571427,-18.666666666666668,-25.6,7.666666666666667
2021-01-05,-24.666666666666668,-13.0,-27.428571428571427,-21.166666666666668,-28.133333333333333,8.625
2021-01-06,-26.0,-13.25,-33.375,-19.5,-26.133333333333333,9.25
2021-01-07,-25.375,-12.222222222222221,-14.5,-18.8,-26.6,8.88888888888889
2021-01-08,-27.6,-13.444444444444445,-18.666666666666668,-14.5,-24.066666666666666,8.875
2021-01-09,-23.666666666666668,-10.11111111111111,-19.7,-20.0,-12.785714285714286,2.5714285714285716
2021-01-10,-29.625,-16.4,-34.6,-32.333333333333336,-16.153846153846153,3.2
2021-01-11,-25.333333333333332,-14.444444444444445,-21.444444444444443,-24.0,-26.266666666666666,7.5
2021-01-12,-29.77777777777778,-18.11111111111111,-23.77777777777778,-27.0,-29.4,6.444444444444445
2021-01-13,-32.0,-20.875,-32.6,-26.666666666666668,-29.933333333333334,4.625
2021-01-14,-33.5,-23.5,-33.3,-24.166666666666668,-32.93333333333333,5.375
2021-01-15,-34.63636363636363,-23.22222222222222,-29.0,-24.0,-31.666666666666668,5.5
2021-01-16,-31.333333333333332,-19.88888888888889,-27.7,-24.333333333333332,-23.357142857142858,1.1428571428571428
2021-01-17,-33.75,-22.2,-32.55555555555556,-39.666666666666664,-23.5,1.8
2021-01-18,-32.0,-23.22222222222222,-27.88888888888889,-30.166666666666668,-32.86666666666667,5.625
2021-01-19,-34.333333333333336,-25.75,-31.11111111111111,-34.5,-34.6,6.125
2021-01-20,-34.0,-23.625,-35.6,-30.333333333333332,-32.46666666666667,6.25
2021-01-21,-30.333333333333332,-20.22222222222222,-27.77777777777778,-23.666666666666668,-32.8,5.75
2021-01-22,-30.5,-18.4,-25.333333333333332,-20.333333333333332,-28.8,5.875
2021-01-23,-26.8,-14.666666666666666,-23.7,-21.166666666666668,-20.357142857142858,0.8571428571428571
2021-01-24,-29.0,-17.6,-28.555555555555557,-36.0,-21.0,1.6
2021-01-25,-30.0,-19.77777777777778,-26.77777777777778,-26.666666666666668,-30.133333333333333,5.625
2021-01-26,-32.25,-22.333333333333332,-26.444444444444443,-30.0,-32.266666666666666,5.0
2021-01-27,-32.5,-19.625,-36.888888888888886,-25.5,-30.733333333333334,5.0
2021-01-28,-31.333333333333332,-18.125,-26.5,-23.833333333333332,-30.533333333333335,4.625
2021-01-29,-31.9,-19.11111111111111,-19.444444444444443,-23.0,-28.733333333333334,4.0
2021-01-30,-27.444444444444443,-14.0,-17.0,-20.833333333333332,-19.928571428571427,-1.7142857142857142
2021-01-31,-32.75,-18.6,-27.333333333333332,-36.5,-23.214285714285715,-0.4
2021-02-01,-31.75,-21.7,-30.625,-32.0,-29.6,3.125
2021-02-02,-34.77777777777778,-25.75,-38.75,-32.5,-32.8,2.5555555555555554
2021-02-03,-34.875,-26.444444444444443,-33.0,-31.5,-31.266666666666666,4.0
2021-02-04,-35.75,-25.333333333333332,-28.25,-31.666666666666668,-32.266666666666666,5.625
2021-02-05,-34.90909090909091,-24.4,-24.77777777777778,-29.0,-29.466666666666665,6.0
2021-02-06,-31.0,-20.0,-21.3,-27.166666666666668,-22.571428571428573,1.0
2021-02-07,-35.875,-23.8,-28.0,-43.166666666666664,-22.0,1.2
2021-02-08,-33.375,-24.2,-32.625,-33.666666666666664,-30.666666666666668,5.25
2021-02-09,-33.5,-23.375,-32.625,-33.0,-32.2,5.5
2021-02-10,-36.55555555555556,-24.333333333333332,-38.77777777777778,-33.333333333333336,-31.133333333333333,6.125
2021-02-11,-35.77777777777778,-22.666666666666668,-27.75,-28.5,-32.6,4.5
2021-02-12,-36.54545454545455,-21.4,-21.11111111111111,-27.833333333333332,-31.266666666666666,3.0
2021-02-13,-30.555555555555557,-14.1,-20.9,-28.333333333333332,-25.642857142857142,-1.5714285714285714
2021-02-14,-28.75,-11.2,-23.88888888888889,-42.166666666666664,-27.642857142857142,-1.4
2021-02-15,-34.625,-24.4,-34.75,-33.166666666666664,-33.13333333333333,2.625
2021-02-16,-30.375,-13.75,-30.625,-29.833333333333332,-35.13333333333333,2.25
2021-02-17,-59.6,-64.625,-46.22222222222222,-57.0,-73.33333333333333,14.875
2021-02-18,-31.25,-16.666666666666668,-27.88888888888889,-25.166666666666668,-36.53333333333333,3.375
2021-02-19,-34.90909090909091,-19.6,-21.666666666666668,-25.5,-35.46666666666667,4.875
2021-02-20,-33.0,-17.625,-22.9,-27.666666666666668,-25.714285714285715,-0.42857142857142855
2021-02-21,-37.0,-19.6,-31.0,-42.666666666666664,-27.857142857142858,-0.2
2021-02-22,-33.75,-23.22222222222222,-36.0,-35.333333333333336,-32.733333333333334,3.75
2021-02-23,-33.5,-20.77777777777778,-37.0,-33.666666666666664,-34.266666666666666,3.375
2021-02-24,-33.75,-18.555555555555557,-40.666666666666664,-29.666666666666668,-33.06666666666667,3.625
2021-02-25,-29.625,-13.777777777777779,-34.0,-24.166666666666668,-33.93333333333333,3.375
2021-02-26,-29.5,-11.88888888888889,-17.333333333333332,-23.333333333333332,-30.8,3.125
2021-02-27,-24.444444444444443,-6.0,-13.9,-21.333333333333332,-23.642857142857142,-2.5714285714285716
2021-02-28,-28.375,-5.2,-23.333333333333332,-37.333333333333336,-26.714285714285715,-1.4
2021-03-01,-28.444444444444443,-16.666666666666668,-33.25,-31.0,-32.93333333333333,3.125
2021-03-02,-30.444444444444443,-17.5,-39.125,-31.666666666666668,-35.46666666666667,4.125
2021-03-03,-31.875,-17.444444444444443,-43.666666666666664,-31.5,-35.266666666666666,4.75
2021-03-04,-32.375,-17.444444444444443,-32.55555555555556,-26.5,-35.666666666666664,4.75
2021-03-05,-33.5,-17.22222222222222,-30.3,-25.166666666666668,-32.46666666666667,5.125
2021-03-06,-29.11111111111111,-13.222222222222221,-22.7,-26.166666666666668,-26.071428571428573,-0.2857142857142857
2021-03-07,-36.625,-17.8,-38.3,-41.333333333333336,-32.857142857142854,2.0
2021-03-08,-31.555555555555557,-20.9,-37.125,-35.166666666666664,-35.46666666666667,4.875
2021-03-09,-33.75,-20.444444444444443,-38.625,-35.833333333333336,-37.333333333333336,4.875
2021-03-10,-35.875,-22.625,-36.7,-33.333333333333336,-37.06666666666667,6.75
2021-03-11,-34.125,-18.666666666666668,-43.0,-26.333333333333332,-36.93333333333333,5.875
2021-03-12,-34.1,-16.1,-23.555555555555557,-22.833333333333332,-33.333333333333336,6.125
2021-03-13,-30.2,-13.88888888888889,-25.8,-27.666666666666668,-25.5,0.8571428571428571
2021-03-14,-37.25,-15.0,-37.4,-43.0,-31.428571428571427,2.8
2021-03-15,-31.375,-19.77777777777778,-36.25,-32.333333333333336,-34.666666666666664,5.5
2021-03-16,-33.375,-18.77777777777778,-37.0,-33.333333333333336,-36.06666666666667,5.75
2021-03-17,-31.75,-16.444444444444443,-38.0,-26.333333333333332,-34.93333333333333,5.5
2021-03-18,-30.77777777777778,-15.0,-32.285714285714285,-23.333333333333332,-34.8,5.5
2021-03-19,-30.4,-13.125,-16.11111111111111,-21.833333333333332,-31.8,5.25
2021-03-20,-25.88888888888889,-7.777777777777778,-16.3,-22.0,-22.214285714285715,-0.14285714285714285
2021-03-21,-33.875,-13.6,-32.0,-38.833333333333336,-29.428571428571427,2.2
2021-03-22,-28.375,-15.666666666666666,-29.625,-30.5,-34.333333333333336,5.375
2021-03-23,-29.444444444444443,-13.11111111111111,-35.5,-28.166666666666668,-37.333333333333336,5.125
2021-03-24,-26.5,-5.333333333333333,-40.111111111111114,-20.166666666666668,-35.13333333333333,4.875
2021-03-25,-21.666666666666668,7.222222222222222,-34.0,-17.0,-34.733333333333334,3.75
2021-03-26,-36.18181818181818,-2.3333333333333335,-25.11111111111111,-23.2,-37.93333333333333,5.75
2021-03-27,-65.63636363636364,-48.375,-58.45454545454545,-47.0,-49.142857142857146,8.285714285714286
2021-03-28,-90.14285714285714,-93.6,-81.25,-72.2,-64.14285714285714,19.5
2021-03-29,-20.125,-5.111111111111111,-31.5,-21.5,-32.8,3.25
2021-03-30,-22.0,-1.5555555555555556,-32.5,-21.333333333333332,-34.53333333333333,3.125
2021-03-31,-16.88888888888889,17.375,-29.77777777777778,-12.833333333333334,-33.266666666666666,2.0
2021-04-01,-19.11111111111111,25.25,-24.285714285714285,-10.6,-37.86666666666667,0.875
2021-04-02,-94.0,-96.44444444444444,-84.9,-78.8,-84.2,35.0
2021-04-03,-57.4,-36.375,-51.0,-41.166666666666664,-46.357142857142854,7.142857142857143
2021-04-04,-89.0,-93.2,-80.77777777777777,-73.2,-61.214285714285715,18.5
2021-04-05,-91.5,-95.88888888888889,-80.125,-79.6,-84.8,35.75
2021-04-06,-13.777777777777779,8.0,-23.75,-15.333333333333334,-34.0,-0.5555555555555556
2021-04-07,-21.125,-2.5555555555555554,-35.375,-19.0,-35.13333333333333,3.0
2021-04-08,-22.666666666666668,-1.4444444444444444,-31.285714285714285,-18.4,-33.333333333333336,3.25
2021-04-09,-32.5,-2.7777777777777777,-20.11111111111111,-17.833333333333332,-34.6,5.375
2021-04-10,-62.0,-43.75,-50.81818181818182,-44.5,-44.857142857142854,7.285714285714286
2021-04-11,-87.0,-91.4,-73.55555555555556,-68.0,-57.785714285714285,17.25
2021-04-12,-20.444444444444443,-6.0,-27.714285714285715,-21.333333333333332,-31.733333333333334,2.111111111111111
2021-04-13,-26.375,-10.444444444444445,-33.57142857142857,-22.5,-34.6,4.125
2021-04-14,-27.444444444444443,-11.125,-38.888888888888886,-20.166666666666668,-34.2,4.875
2021-04-15,-27.875,-10.222222222222221,-32.142857142857146,-21.4,-33.333333333333336,5.0
2021-04-16,-28.1,-8.777777777777779,-21.444444444444443,-17.166666666666668,-29.4,5.25
2021-04-17,-38.2,-19.875,-33.8,-27.333333333333332,-26.571428571428573,2.142857142857143
2021-04-18,-55.25,-37.0,-54.7,-48.5,-36.857142857142854,6.0
2021-04-19,-24.77777777777778,-10.777777777777779,-33.875,-22.666666666666668,-31.266666666666666,4.0
2021-04-20,-26.333333333333332,-11.88888888888889,-34.5,-21.333333333333332,-33.4,4.75
2021-04-21,-26.0,-11.222222222222221,-37.44444444444444,-19.333333333333332,-33.13333333333333,4.375
2021-04-22,-24.22222222222222,-8.777777777777779,-33.0,-19.4,-31.6,3.875
2021-04-23,-23.3,-5.888888888888889,-14.444444444444445,-20.4,-28.466666666666665,4.125
2021-04-24,-33.3,-15.88888888888889,-29.5,-23.166666666666668,-24.571428571428573,0.8571428571428571
2021-04-25,-50.375,-28.0,-50.9,-46.333333333333336,-34.714285714285715,5.6
2021-04-26,-19.444444444444443,-5.777777777777778,-28.375,-19.0,-30.733333333333334,3.75
2021-04-27,-22.444444444444443,-7.111111111111111,-29.75,-19.166666666666668,-31.933333333333334,4.0
2021-04-28,-22.77777777777778,-6.111111111111111,-35.55555555555556,-12.5,-32.266666666666666,3.75
2021-04-29,-22.77777777777778,-6.777777777777778,-18.25,-15.8,-32.333333333333336,3.625
2021-04-30,-22.6,-5.222222222222222,-15.333333333333334,-16.4,-27.8,3.125
2021-05-01,-33.9,-16.5,-28.7,-26.4,-24.785714285714285,0.7142857142857143
2021-05-02,-49.25,-28.0,-51.2,-44.333333333333336,-30.857142857142858,4.8
2021-05-03,-17.88888888888889,-5.777777777777778,-25.25,-16.5,-30.666666666666668,3.375
2021-05-04,-21.444444444444443,-5.333333333333333,-29.25,-17.0,-31.533333333333335,3.25
2021-05-05,-22.22222222222222,-6.25,-34.22222222222222,-14.333333333333334,-31.466666666666665,2.75
2021-05-06,-23.625,-6.666666666666667,-28.428571428571427,-15.2,-31.866666666666667,3.5
2021-05-07,-23.1,-3.6666666666666665,-12.333333333333334,-15.4,-26.933333333333334,3.5
2021-05-08,-21.3,-1.8888888888888888,-15.3,-17.6,-19.428571428571427,-1.4285714285714286
2021-05-09,-41.5,-22.2,-41.888888888888886,-39.666666666666664,-30.428571428571427,3.4
2021-05-10,-18.88888888888889,-7.111111111111111,-28.428571428571427,-13.0,-27.6,1.2222222222222223
2021-05-11,-22.666666666666668,-7.444444444444445,-29.375,-16.666666666666668,-29.133333333333333,1.7777777777777777
2021-05-12,-20.77777777777778,-4.333333333333333,-32.44444444444444,-8.0,-30.6,2.5
2021-05-13,-22.444444444444443,-6.125,-27.142857142857142,-11.8,-30.0,2.0
2021-05-14,-23.9,-5.111111111111111,-14.88888888888889,-13.8,-26.0,3.125
2021-05-15,-26.0,-9.75,-19.3,-18.4,-22.571428571428573,-0.2857142857142857
2021-05-16,-47.75,-29.8,-46.22222222222222,-38.166666666666664,-32.42857142857143,5.0
2021-05-17,-18.333333333333332,-6.111111111111111,-26.125,-10.333333333333334,-26.733333333333334,1.0
2021-05-18,-21.333333333333332,-5.777777777777778,-26.875,-9.333333333333334,-28.466666666666665,0.6666666666666666
2021-05-19,-20.22222222222222,-4.555555555555555,-29.571428571428573,-8.833333333333334,-28.4,1.875
2021-05-20,-20.444444444444443,-5.0,-23.142857142857142,-13.4,-28.133333333333333,0.5555555555555556
2021-05-21,-18.7,-2.3333333333333335,-7.0,-10.8,-25.266666666666666,0.0
2021-05-22,-18.7,1.5,-8.777777777777779,-14.4,-17.428571428571427,-3.4285714285714284
2021-05-23,-41.5,-15.4,-39.44444444444444,-37.166666666666664,-29.214285714285715,1.0
2021-05-24,-90.55555555555556,-95.375,-77.75,-71.8,-83.33333333333333,30.625
2021-05-25,-5.888888888888889,16.0,-19.0,2.5,-25.466666666666665,-3.6666666666666665
2021-05-26,-9.666666666666666,8.777777777777779,-22.428571428571427,-0.8333333333333334,-26.133333333333333,-2.0
2021-05-27,-11.777777777777779,5.444444444444445,-21.0,-3.2,-26.466666666666665,-2.5555555555555554
2021-05-28,-13.6,2.3333333333333335,-4.888888888888889,-3.0,-23.8,-2.7777777777777777
2021-05-29,-16.0,-2.0,-5.333333333333333,-5.4,-18.857142857142858,-6.0
2021-05-30,-40.5,-18.8,-37.77777777777778,-29.666666666666668,-32.42857142857143,0.2
2021-05-31,-8.0,2.2222222222222223,-18.142857142857142,-3.5,-26.4,-3.5555555555555554
2021-06-01,-14.0,0.2222222222222222,-25.142857142857142,-3.1666666666666665,-26.4,-3.7777777777777777
2021-06-02,-13.88888888888889,0.7777777777777778,-27.142857142857142,-1.8333333333333333,-26.933333333333334,-3.0
2021-06-03,-14.777777777777779,0.4444444444444444,-21.0,-5.4,-24.866666666666667,-3.111111111111111
2021-06-04,-15.1,-0.5555555555555556,-9.625,-5.6,-22.133333333333333,-1.75
2021-06-05,-13.2,0.3333333333333333,-2.625,-6.6,-17.928571428571427,-6.0
2021-06-06,-42.0,-25.4,-34.44444444444444,-33.333333333333336,-31.857142857142858,-0.2
2021-06-07,-10.333333333333334,-0.1111111111111111,-16.571428571428573,-4.666666666666667,-23.866666666666667,-3.3333333333333335
2021-06-08,-13.88888888888889,-2.5555555555555554,-23.333333333333332,-0.3333333333333333,-25.266666666666666,-3.6666666666666665
2021-06-09,-14.0,0.6666666666666666,-20.428571428571427,-4.4,-26.4,-3.5555555555555554
2021-06-10,-14.555555555555555,-0.1111111111111111,-21.428571428571427,-4.4,-24.8,-3.6666666666666665
2021-06-11,-15.3,-2.3333333333333335,-5.666666666666667,-5.2,-22.8,-2.888888888888889
2021-06-12,-15.4,-3.2222222222222223,0.5555555555555556,-4.2,-19.642857142857142,-5.571428571428571
2021-06-13,-42.625,-26.6,-33.44444444444444,-31.833333333333332,-32.642857142857146,0.2
2021-06-14,-10.88888888888889,-2.0,-17.428571428571427,-2.3333333333333335,-25.266666666666666,-4.333333333333333
2021-06-15,-14.0,-0.4444444444444444,-23.0,-0.8333333333333334,-25.4,-4.666666666666667
2021-06-16,-14.222222222222221,0.1111111111111111,-22.333333333333332,-1.2,-27.533333333333335,-5.444444444444445
2021-06-17,-16.77777777777778,-3.111111111111111,-15.285714285714286,-7.6,-27.066666666666666,-4.777777777777778
2021-06-18,-17.4,-3.7777777777777777,-0.7777777777777778,-8.6,-24.933333333333334,-3.875
2021-06-19,-14.9,1.375,3.857142857142857,-9.0,-20.285714285714285,-7.25
2021-06-20,-41.375,-23.2,-24.666666666666668,-31.333333333333332,-33.714285714285715,-1.6
2021-06-21,-15.0,-5.75,-16.333333333333332,-7.5,-28.666666666666668,-4.555555555555555
2021-06-22,-16.77777777777778,-6.444444444444445,-19.166666666666668,-6.166666666666667,-28.733333333333334,-5.0
2021-06-23,-15.444444444444445,-4.111111111111111,-15.857142857142858,-4.0,-28.466666666666665,-3.75
2021-06-24,-13.0,0.75,-14.571428571428571,-2.6,-28.2,-4.666666666666667
2021-06-25,-12.7,-0.3333333333333333,-2.875,-2.0,-25.266666666666666,-4.444444444444445
2021-06-26,-11.3,1.3333333333333333,4.75,-2.2,-20.428571428571427,-7.25
2021-06-27,-39.875,-18.8,-28.11111111111111,-28.0,-34.0,-1.0
2021-06-28,-10.222222222222221,-2.2222222222222223,-13.125,-5.833333333333333,-29.0,-4.555555555555555
2021-06-29,-13.444444444444445,-2.6666666666666665,-15.166666666666666,-2.6666666666666665,-29.6,-5.555555555555555
2021-06-30,-8.777777777777779,2.7777777777777777,-15.666666666666666,6.333333333333333,-27.933333333333334,-4.888888888888889
2021-07-01,-7.777777777777778,6.444444444444445,-11.166666666666666,-0.2,-27.066666666666666,-5.444444444444445
2021-07-02,-10.0,8.333333333333334,-6.125,-1.4,-24.533333333333335,-3.5
2021-07-03,-11.333333333333334,8.444444444444445,1.125,-4.0,-19.071428571428573,-7.625
2021-07-04,-63.125,-54.6,-63.2,-50.5,-48.142857142857146,6.6
2021-07-05,-9.11111111111111,-5.666666666666667,-14.0,-1.3333333333333333,-29.066666666666666,-2.4444444444444446
2021-07-06,-8.222222222222221,0.5555555555555556,-13.0,3.5,-26.2,-4.5
2021-07-07,-7.333333333333333,3.0,-10.333333333333334,5.0,-26.266666666666666,-5.888888888888889
2021-07-08,-8.555555555555555,0.5555555555555556,-13.333333333333334,2.4,-26.866666666666667,-5.444444444444445
2021-07-09,-10.8,-0.1111111111111111,0.75,-2.4,-25.133333333333333,-3.5
2021-07-10,-10.777777777777779,-0.7777777777777778,7.625,-2.2,-19.357142857142858,-7.75
2021-07-11,-25.75,-11.0,-10.0,-22.333333333333332,-27.5,-4.0
2021-07-12,-6.666666666666667,0.7777777777777778,-12.0,-0.3333333333333333,-26.333333333333332,-5.333333333333333
2021-07-13,-8.666666666666666,1.0,-9.5,0.5,-26.666666666666668,-6.222222222222222
2021-07-14,-7.888888888888889,4.222222222222222,-10.666666666666666,2.2,-27.133333333333333,-5.888888888888889
2021-07-15,-10.222222222222221,0.3333333333333333,-9.857142857142858,-0.6,-26.666666666666668,-5.555555555555555
2021-07-16,-10.7,3.2222222222222223,1.25,-3.0,-24.266666666666666,-4.25
2021-07-17,-10.666666666666666,2.0,7.75,-2.8,-18.714285714285715,-8.125
2021-07-18,-24.375,-9.6,-9.666666666666666,-19.6,-27.142857142857142,-3.2
2021-07-19,-6.555555555555555,3.2222222222222223,-7.333333333333333,1.6666666666666667,-25.466666666666665,-5.333333333333333
2021-07-20,-8.222222222222221,3.111111111111111,-11.833333333333334,3.5,-25.066666666666666,-5.777777777777778
2021-07-21,-7.444444444444445,4.888888888888889,-11.166666666666666,3.2,-26.133333333333333,-5.888888888888889
2021-07-22,-4.888888888888889,8.11111111111111,-7.666666666666667,3.2,-24.533333333333335,-6.444444444444445
2021-07-23,-5.3,9.222222222222221,5.25,3.2,-22.866666666666667,-5.555555555555555
2021-07-24,-5.333333333333333,7.666666666666667,10.75,-0.8,-17.785714285714285,-9.125
2021-07-25,-20.75,-2.8,-4.333333333333333,-20.333333333333332,-27.214285714285715,-4.0
2021-07-26,-2.2222222222222223,8.333333333333334,-6.333333333333333,1.3333333333333333,-25.466666666666665,-5.555555555555555
2021-07-27,-10.555555555555555,3.111111111111111,-8.666666666666666,0.16666666666666666,-26.8,-4.888888888888889
2021-07-28,-7.0,8.88888888888889,-9.5,5.6,-25.666666666666668,-6.0
2021-07-29,-6.555555555555555,10.444444444444445,-6.714285714285714,6.0,-26.466666666666665,-5.666666666666667
2021-07-30,-8.6,8.333333333333334,2.875,3.6,-24.6,-4.25
2021-07-31,-3.6666666666666665,11.777777777777779,14.125,2.2,-17.0,-9.25
2021-08-01,-33.75,-8.0,-21.11111111111111,-24.0,-29.857142857142858,-2.2
2021-08-02,-61.77777777777778,-67.875,-34.875,-45.666666666666664,-74.46666666666667,14.5
2021-08-03,1.4444444444444444,22.0,-4.142857142857143,5.2,-29.4,-7.0
2021-08-04,-1.3333333333333333,18.5,-6.166666666666667,6.0,-29.4,-5.888888888888889
2021-08-05,5.333333333333333,32.625,2.5,9.6,-28.466666666666665,-7.222222222222222
2021-08-06,-62.55555555555556,-64.75,-33.44444444444444,-48.285714285714285,-71.53333333333333,14.375
2021-08-07,-4.666666666666667,12.444444444444445,14.5,-2.2,-18.5,-7.25
2021-08-08,-33.625,-15.6,-20.444444444444443,-21.2,-29.142857142857142,-2.2
2021-08-09,-2.5555555555555554,8.444444444444445,-11.666666666666666,2.0,-27.933333333333334,-4.888888888888889
2021-08-10,-5.888888888888889,8.88888888888889,-13.833333333333334,5.0,-30.0,-5.444444444444445
2021-08-11,-9.777777777777779,5.0,-19.0,4.6,-31.0,-3.875
2021-08-12,-13.0,1.5555555555555556,-19.833333333333332,1.6,-30.0,-3.6666666666666665
2021-08-13,-16.1,-0.1111111111111111,-8.625,-4.0,-28.4,-1.5
2021-08-14,-15.3,-1.1111111111111112,-2.625,-5.8,-20.285714285714285,-6.0
2021-08-15,-39.125,-15.0,-29.11111111111111,-25.166666666666668,-30.857142857142858,0.0
2021-08-16,-7.888888888888889,3.4444444444444446,-11.5,2.0,-30.666666666666668,-4.0
2021-08-17,-33.666666666666664,-21.0,-36.8,-27.333333333333332,-42.733333333333334,-1.1111111111111112
2021-08-18,-19.125,-4.0,-29.166666666666668,0.0,-36.93333333333333,-4.75
2021-08-19,-14.75,0.3333333333333333,-19.166666666666668,-2.6,-31.133333333333333,-3.375
2021-08-20,-11.0,22.88888888888889,-1.875,-3.0,-28.4,-2.75
2021-08-21,-11.666666666666666,18.0,-2.5,-2.0,-18.428571428571427,-8.0
2021-08-22,-84.125,-88.6,-72.0,-54.2,-57.285714285714285,11.2
2021-08-23,-85.55555555555556,-90.75,-69.375,-59.6,-75.8,23.5
2021-08-24,-82.55555555555556,-89.0,-65.55555555555556,-60.2,-75.2,21.0
2021-08-25,4.777777777777778,32.125,-7.0,6.0,-29.533333333333335,-6.444444444444445
2021-08-26,-23.25,-3.7777777777777777,-22.875,-14.4,-39.4,3.125
2021-08-27,-23.7,0.4444444444444444,-20.25,-14.8,-35.06666666666667,3.25
2021-08-28,-7.0,22.88888888888889,6.0,3.0,-17.571428571428573,-7.625
2021-08-29,-79.125,-83.66666666666667,-66.125,-56.333333333333336,-52.857142857142854,9.6
2021-08-30,-82.44444444444444,-88.5,-65.5,-62.5,-73.06666666666666,21.0
2021-08-31,-81.88888888888889,-86.75,-63.22222222222222,-58.8,-72.73333333333333,20.5
2021-09-01,8.555555555555555,31.142857142857142,-6.333333333333333,10.8,-28.933333333333334,-6.888888888888889
2021-09-02,-0.4444444444444444,26.625,-11.333333333333334,2.6,-28.466666666666665,-5.333333333333333
2021-09-03,-9.0,18.88888888888889,-4.0,-3.4,-27.933333333333334,-3.3333333333333335
2021-09-04,-4.444444444444445,24.77777777777778,4.5,1.8,-16.285714285714285,-8.375
2021-09-05,-77.875,-81.83333333333333,-66.3,-52.0,-50.142857142857146,9.0
2021-09-06,-80.44444444444444,-86.5,-63.25,-63.833333333333336,-73.13333333333334,20.875
2021-09-07,-79.22222222222223,-86.75,-62.888888888888886,-63.5,-70.86666666666666,19.625
2021-09-08,5.333333333333333,32.625,-11.333333333333334,3.2,-27.6,-6.222222222222222
2021-09-09,-4.111111111111111,14.625,-19.666666666666668,-1.2,-28.733333333333334,-4.555555555555555
2021-09-10,-11.9,11.444444444444445,-7.875,-7.0,-27.266666666666666,-1.875
2021-09-11,-4.0,22.666666666666668,4.5,-0.6,-15.857142857142858,-8.375
2021-09-12,-75.625,-80.16666666666667,-64.2,-54.166666666666664,-49.07142857142857,8.2
2021-09-13,-78.11111111111111,-85.125,-60.0,-63.166666666666664,-70.53333333333333,19.375
2021-09-14,-77.33333333333333,-84.25,-60.0,-61.4,-70.53333333333333,18.25
2021-09-15,2.4444444444444446,27.875,-14.666666666666666,0.2,-29.466666666666665,-5.0
2021-09-16,-9.88888888888889,6.875,-18.714285714285715,-4.6,-30.4,-2.5
2021-09-17,-12.0,6.222222222222222,-10.0,-10.6,-28.8,-1.375
2021-09-18,-10.11111111111111,13.0,-4.25,-7.2,-18.857142857142858,-6.75
2021-09-19,-76.5,-80.8,-65.125,-54.0,-50.42857142857143,9.8
2021-09-20,-9.444444444444445,0.1111111111111111,-25.0,-9.666666666666666,-30.066666666666666,-1.8888888888888888
2021-09-21,-13.222222222222221,-3.4444444444444446,-25.166666666666668,-11.666666666666666,-30.733333333333334,-0.5
2021-09-22,-11.222222222222221,0.75,-23.5,-5.333333333333333,-28.333333333333332,-1.125
2021-09-23,-12.11111111111111,2.4444444444444446,-24.833333333333332,-7.2,-28.866666666666667,-1.375
2021-09-24,-9.4,8.333333333333334,-6.875,-8.0,-25.0,-2.25
2021-09-25,-7.222222222222222,13.222222222222221,2.25,-5.6,-18.5,-8.0
2021-09-26,-73.375,-79.2,-61.125,-54.5,-46.142857142857146,7.4
2021-09-27,-6.333333333333333,4.777777777777778,-21.666666666666668,-7.666666666666667,-27.733333333333334,-2.5555555555555554
2021-09-28,-10.444444444444445,3.0,-26.5,-6.666666666666667,-29.4,-2.888888888888889
2021-09-29,-9.444444444444445,3.375,-26.333333333333332,-1.6666666666666667,-29.0,-2.25
2021-09-30,-11.444444444444445,1.125,-24.833333333333332,-3.6,-28.533333333333335,-3.0
2021-10-01,-11.9,3.888888888888889,-10.625,-9.2,-25.466666666666665,-2.111111111111111
2021-10-02,-9.555555555555555,11.0,-0.5,-4.8,-18.928571428571427,-6.875
2021-10-03,-74.625,-80.8,-63.375,-58.0,-48.142857142857146,7.4
2021-10-04,-8.11111111111111,2.6666666666666665,-20.666666666666668,-7.0,-27.733333333333334,-3.3333333333333335
2021-10-05,-17.0,-6.777777777777778,-31.0,-12.0,-31.333333333333332,0.125
2021-10-06,-11.555555555555555,2.4444444444444446,-22.833333333333332,-6.2,-28.733333333333334,-1.875
2021-10-07,-12.333333333333334,0.3333333333333333,-20.666666666666668,-4.6,-27.666666666666668,-2.3333333333333335
2021-10-08,-12.7,2.7777777777777777,-5.625,-8.4,-24.4,-1.875
2021-10-09,-9.777777777777779,10.0,2.0,-6.6,-17.0,-7.0
2021-10-10,-73.125,-79.8,-59.375,-54.833333333333336,-46.857142857142854,7.0
2021-10-11,-6.444444444444445,4.0,-18.666666666666668,-3.1666666666666665,-26.333333333333332,-2.7777777777777777
2021-10-12,-12.11111111111111,0.1111111111111111,-22.0,-5.666666666666667,-27.133333333333333,-3.111111111111111
2021-10-13,-11.88888888888889,2.6666666666666665,-24.333333333333332,-4.2,-27.2,-3.0
2021-10-14,-10.777777777777779,3.3333333333333335,-21.666666666666668,-0.8,-26.666666666666668,-3.4444444444444446
2021-10-15,-10.3,5.444444444444445,-4.875,-4.4,-24.8,-2.7777777777777777
2021-10-16,-6.222222222222222,17.0,4.625,-1.8,-16.928571428571427,-7.875
2021-10-17,-72.25,-78.6,-58.5,-54.166666666666664,-46.357142857142854,6.4
2021-10-18,-80.44444444444444,-89.375,-60.625,-65.33333333333333,-78.46666666666667,22.875
2021-10-19,-2.0,18.375,-16.166666666666668,-3.4,-27.0,-5.0
2021-10-20,-7.888888888888889,7.125,-26.0,-3.0,-27.066666666666666,-3.111111111111111
2021-10-21,-7.333333333333333,7.875,-22.5,-1.0,-25.533333333333335,-3.5555555555555554
2021-10-22,-6.0,10.555555555555555,-4.375,-3.0,-23.666666666666668,-3.4444444444444446
2021-10-23,-5.444444444444445,14.666666666666666,4.0,-1.4,-15.428571428571429,-7.375
2021-10-24,-69.0,-78.4,-59.0,-52.0,-45.357142857142854,6.8
2021-10-25,-2.6666666666666665,8.666666666666666,-17.666666666666668,-2.3333333333333335,-25.2,-3.6666666666666665
2021-10-26,-6.888888888888889,7.444444444444445,-21.0,-1.8333333333333333,-26.266666666666666,-3.111111111111111
2021-10-27,-5.888888888888889,10.125,-24.285714285714285,-3.0,-25.8,-3.888888888888889
2021-10-28,-5.666666666666667,8.0,-16.0,1.0,-24.733333333333334,-3.6666666666666665
2021-10-29,-6.3,9.0,0.375,-2.8,-22.2,-3.2222222222222223
2021-10-30,-1.2222222222222223,15.88888888888889,4.5,-0.4,-14.5,-7.375
2021-10-31,-21.0,-5.6,-11.333333333333334,-21.6,-25.928571428571427,-1.8
2021-11-01,-6.0,3.6666666666666665,-16.5,-4.166666666666667,-25.6,-3.3333333333333335
2021-11-02,-8.666666666666666,4.444444444444445,-18.833333333333332,-0.6666666666666666,-26.0,-3.0
2021-11-03,-6.888888888888889,9.0,-24.571428571428573,-0.2,-25.8,-3.888888888888889
2021-11-04,-7.333333333333333,8.0,-17.0,-1.2,-24.733333333333334,-3.7777777777777777
2021-11-05,-7.6,7.666666666666667,-6.625,-4.4,-21.466666666666665,-3.2222222222222223
2021-11-06,-3.4444444444444446,14.555555555555555,0.75,-4.4,-14.357142857142858,-7.125
2021-11-07,-18.625,-2.8,-8.444444444444445,-16.0,-22.928571428571427,-2.4
2021-11-08,-9.0,1.4444444444444444,-16.333333333333332,-3.6666666666666665,-25.866666666666667,-2.111111111111111
2021-11-09,-8.11111111111111,5.222222222222222,-21.333333333333332,-6.333333333333333,-25.0,-3.4444444444444446
2021-11-10,-7.111111111111111,7.125,-19.833333333333332,-1.8,-24.466666666666665,-3.25
2021-11-11,-7.555555555555555,6.0,-18.666666666666668,-1.2,-22.866666666666667,-3.4444444444444446
2021-11-12,-8.0,6.888888888888889,-5.375,-4.2,-20.333333333333332,-3.2222222222222223
2021-11-13,-2.3333333333333335,13.666666666666666,0.7142857142857143,-1.0,-11.857142857142858,-6.625
2021-11-14,-13.25,-2.0,-13.5,-15.0,-20.785714285714285,-2.4
2021-11-15,-4.0,4.888888888888889,-15.5,-4.166666666666667,-22.6,-3.7777777777777777
2021-11-16,-6.444444444444445,5.888888888888889,-19.166666666666668,-5.833333333333333,-23.0,-3.6666666666666665
2021-11-17,-4.666666666666667,8.875,-17.333333333333332,-1.2,-23.0,-4.222222222222222
2021-11-18,-4.222222222222222,9.75,-18.166666666666668,-2.0,-22.466666666666665,-4.444444444444445
2021-11-19,-4.0,8.777777777777779,-4.125,-10.8,-19.133333333333333,-3.5555555555555554
2021-11-20,-1.6666666666666667,14.11111111111111,0.5714285714285714,-9.8,-12.5,-7.5
2021-11-21,-15.142857142857142,2.6,-6.25,-26.0,-19.571428571428573,-3.4
2021-11-22,-3.2222222222222223,6.444444444444445,-13.5,-7.5,-21.266666666666666,-3.5555555555555554
2021-11-23,-5.444444444444445,6.888888888888889,-19.0,-5.166666666666667,-21.6,-3.3333333333333335
2021-11-24,-2.5555555555555554,11.625,-15.833333333333334,-4.6,-21.266666666666666,-3.7777777777777777
2021-11-25,3.0,18.375,-12.833333333333334,-6.2,-22.666666666666668,-4.777777777777778
2021-11-26,2.6666666666666665,21.555555555555557,3.375,-4.6,-18.666666666666668,-4.666666666666667
2021-11-27,4.625,25.555555555555557,8.571428571428571,-4.6,-8.5,-9.125
2021-11-28,-5.857142857142857,14.2,0.25,-20.6,-16.928571428571427,-4.2
2021-11-29,2.4444444444444446,12.333333333333334,-13.0,-4.166666666666667,-19.4,-4.222222222222222
2021-11-30,0.2222222222222222,15.125,-13.333333333333334,-2.8333333333333335,-20.4,-4.666666666666667
2021-12-01,-1.1111111111111112,14.875,-15.666666666666666,1.6,-20.266666666666666,-5.0
2021-12-02,-2.888888888888889,13.875,-13.666666666666666,-0.6,-18.8,-4.444444444444445
2021-12-03,-3.5555555555555554,14.777777777777779,0.375,-2.8,-15.933333333333334,-3.6666666666666665
2021-12-04,-1.1111111111111112,16.666666666666668,1.625,-4.4,-10.357142857142858,-7.625
2021-12-05,-10.571428571428571,9.8,-4.75,-15.4,-17.642857142857142,-4.0
2021-12-06,1.8888888888888888,14.444444444444445,-8.5,2.6666666666666665,-17.733333333333334,-4.444444444444445
2021-12-07,-0.3333333333333333,14.555555555555555,-9.833333333333334,-3.4,-17.866666666666667,-4.888888888888889
2021-12-08,2.0,16.75,-9.333333333333334,5.6,-17.733333333333334,-4.666666666666667
2021-12-09,0.1111111111111111,15.875,-10.5,6.4,-15.533333333333333,-4.888888888888889
2021-12-10,-1.7777777777777777,16.0,2.625,2.6,-13.8,-4.777777777777778
2021-12-11,1.75,20.444444444444443,10.142857142857142,5.6,-5.571428571428571,-8.125
2021-12-12,-2.857142857142857,15.8,0.25,-5.6,-11.785714285714286,-4.6
2021-12-13,6.555555555555555,18.11111111111111,-7.833333333333333,9.833333333333334,-16.4,-4.555555555555555
2021-12-14,4.888888888888889,20.75,-10.333333333333334,3.2,-17.333333333333332,-4.777777777777778
2021-12-15,9.222222222222221,27.625,-7.0,15.0,-17.133333333333333,-5.333333333333333
2021-12-16,8.666666666666666,27.5,-8.166666666666666,13.2,-16.4,-5.444444444444445
2021-12-17,6.111111111111111,24.0,9.75,12.6,-14.2,-5.888888888888889
2021-12-18,11.375,30.77777777777778,17.285714285714285,16.8,-3.642857142857143,-10.625
2021-12-19,6.333333333333333,34.4,3.857142857142857,7.2,-3.1538461538461537,-6.6
2021-12-20,20.11111111111111,35.875,6.0,20.833333333333332,-19.333333333333332,-6.111111111111111
2021-12-21,24.22222222222222,48.5,8.666666666666666,20.2,-20.2,-6.777777777777778
2021-12-22,31.0,62.57142857142857,11.166666666666666,33.2,-20.666666666666668,-7.777777777777778
2021-12-23,35.875,70.14285714285714,17.833333333333332,34.8,-20.0,-9.444444444444445
2021-12-24,37.666666666666664,79.28571428571429,23.333333333333332,24.6,-23.266666666666666,-8.11111111111111
2021-12-25,-51.54545454545455,-63.75,-32.57142857142857,-26.833333333333332,-56.857142857142854,-0.5714285714285714
2021-12-26,-9.142857142857142,-7.2,3.7142857142857144,-13.0,-21.142857142857142,-4.4
2021-12-27,-27.666666666666668,-48.25,-14.666666666666666,-30.0,-69.26666666666667,9.625
2021-12-28,21.5,42.25,6.0,6.4,-27.333333333333332,-4.888888888888889
2021-12-29,19.0,35.125,3.3333333333333335,15.2,-27.533333333333335,-3.5555555555555554
2021-12-30,19.11111111111111,34.625,11.0,14.2,-25.933333333333334,-3.5555555555555554
2021-12-31,19.0,48.125,11.666666666666666,9.8,-23.133333333333333,-4.333333333333333
2022-01-01,-37.0,-61.0,-20.714285714285715,-25.0,-50.285714285714285,2.2857142857142856
2022-01-02,-4.571428571428571,14.0,0.0,-5.8,-17.0,-3.4
2022-01-03,11.88888888888889,25.75,-6.333333333333333,9.166666666666666,-19.533333333333335,-3.2222222222222223
2022-01-04,5.0,21.5,-8.666666666666666,3.8,-19.4,-3.3333333333333335
2022-01-05,4.333333333333333,20.625,-10.333333333333334,8.8,-19.8,-2.7777777777777777
2022-01-06,1.7777777777777777,16.625,-10.666666666666666,4.2,-18.0,-1.8888888888888888
2022-01-07,-5.444444444444445,12.333333333333334,-2.875,-4.2,-17.066666666666666,-0.1111111111111111
2022-01-08,-2.0,18.22222222222222,1.8571428571428572,0.2,-9.0,-3.5
2022-01-09,-12.714285714285714,8.2,-7.875,-9.0,-14.857142857142858,-0.2
2022-01-10,2.3333333333333335,16.77777777777778,-8.5,7.0,-16.933333333333334,-2.4444444444444446
2022-01-11,-0.8888888888888888,14.0,-10.0,-3.8,-16.933333333333334,-2.7777777777777777
2022-01-12,-2.4444444444444446,13.0,-11.333333333333334,3.8,-17.2,-1.6666666666666667
2022-01-13,-2.5555555555555554,12.375,-10.833333333333334,-0.4,-15.533333333333333,-1.7777777777777777
2022-01-14,-4.444444444444445,11.88888888888889,5.5,-3.8,-13.2,0.2222222222222222
2022-01-15,-1.2222222222222223,13.11111111111111,4.285714285714286,-3.4,-5.5,-1.625
2022-01-16,-14.142857142857142,3.8,-3.25,-15.4,-13.5,1.2
2022-01-17,0.4444444444444444,13.222222222222221,-6.0,1.3333333333333333,-13.666666666666666,-1.1111111111111112
2022-01-18,-3.7777777777777777,9.666666666666666,-12.166666666666666,-6.0,-14.666666666666666,-1.4444444444444444
2022-01-19,-0.6666666666666666,12.0,-15.666666666666666,-0.8,-13.8,-0.6666666666666666
2022-01-20,0.5555555555555556,11.375,-9.5,-0.2,-11.0,-1.1111111111111112
2022-01-21,-1.2222222222222223,12.11111111111111,-6.571428571428571,-5.6,-8.0,0.4444444444444444
2022-01-22,-1.5,13.777777777777779,6.0,-8.8,-2.9285714285714284,-1.375
2022-01-23,-12.0,6.8,-5.375,-18.6,-10.928571428571429,0.6
2022-01-24,5.0,13.11111111111111,-5.333333333333333,0.0,-8.733333333333333,-0.7777777777777778
2022-01-25,5.555555555555555,18.5,-6.166666666666667,-6.0,-9.333333333333334,-1.8888888888888888
2022-01-26,6.555555555555555,21.875,-4.833333333333333,-0.2,-9.733333333333333,-2.3333333333333335
2022-01-27,5.444444444444445,20.125,-6.5,-0.6,-8.066666666666666,-2.2222222222222223
2022-01-28,2.2222222222222223,16.22222222222222,-6.666666666666667,-5.6,-5.4,-1.4444444444444444
2022-01-29,2.625,19.0,11.857142857142858,-9.4,-1.6428571428571428,-3.25
2022-01-30,-6.142857142857143,13.2,-3.2857142857142856,-18.8,-10.153846153846153,-0.2
2022-01-31,5.333333333333333,14.666666666666666,-8.666666666666666,4.833333333333333,-6.666666666666667,-1.6666666666666667
2022-02-01,1.0,14.666666666666666,-12.0,0.3333333333333333,-8.333333333333334,-1.1111111111111112
2022-02-02,3.0,18.625,-8.666666666666666,-0.2,-6.533333333333333,-1.5555555555555556
2022-02-03,2.888888888888889,16.125,-6.166666666666667,-1.8,-4.4,-2.2222222222222223
2022-02-04,0.7777777777777778,15.222222222222221,-9.5,-6.2,-2.2,-1.1111111111111112
2022-02-05,-0.125,16.88888888888889,11.571428571428571,-7.4,0.0,-3.5
2022-02-06,-7.571428571428571,7.2,-4.857142857142857,-19.0,-7.928571428571429,-0.2
2022-02-07,5.0,15.11111111111111,-3.5,1.3333333333333333,-3.2666666666666666,-2.2222222222222223
2022-02-08,2.6666666666666665,14.444444444444445,-10.5,-5.8,-4.466666666666667,-3.0
2022-02-09,4.222222222222222,17.625,-7.0,2.4,-4.533333333333333,-2.4444444444444446
2022-02-10,3.888888888888889,14.777777777777779,-5.5,3.2,-3.6,-2.6666666666666665
2022-02-11,2.0,15.555555555555555,7.714285714285714,-0.6,-0.26666666666666666,-1.5555555555555556
2022-02-12,3.625,18.333333333333332,13.0,-3.0,1.2857142857142858,-3.125
2022-02-13,-3.142857142857143,14.4,2.5714285714285716,-13.4,-4.6923076923076925,-1.0
2022-02-14,14.375,24.0,5.333333333333333,6.5,-0.3333333333333333,-4.9
2022-02-15,4.0,14.777777777777779,-3.8333333333333335,-3.8,-2.1333333333333333,-3.2222222222222223
2022-02-16,4.777777777777778,18.875,-5.166666666666667,3.8,-3.3333333333333335,-2.6666666666666665
2022-02-17,4.111111111111111,16.5,-3.6666666666666665,2.4,-0.9333333333333333,-3.3333333333333335
2022-02-18,3.2222222222222223,16.555555555555557,-5.166666666666667,-1.4,1.8666666666666667,-2.6666666666666665
2022-02-19,2.25,15.666666666666666,15.142857142857142,-3.6,1.7857142857142858,-1.75
2022-02-20,-5.714285714285714,8.8,0.0,-13.6,-4.571428571428571,-0.6
2022-02-21,6.333333333333333,14.555555555555555,-5.5,5.166666666666667,0.2,-1.6666666666666667
2022-02-22,4.888888888888889,17.25,-3.0,-3.0,0.4666666666666667,-2.4444444444444446
2022-02-23,9.444444444444445,23.125,-2.0,3.8,0.4666666666666667,-1.0
2022-02-24,11.444444444444445,27.625,1.5,5.8,2.533333333333333,-0.8888888888888888
2022-02-25,8.0,22.77777777777778,-0.8333333333333334,2.4,3.533333333333333,0.6666666666666666
2022-02-26,6.875,24.333333333333332,20.142857142857142,0.4,4.214285714285714,-0.625
2022-02-27,-0.14285714285714285,17.0,5.0,-13.8,-0.07692307692307693,0.6
2022-02-28,12.666666666666666,21.75,5.5,7.833333333333333,2.0,0.2222222222222222
2022-03-01,18.22222222222222,38.25,5.666666666666667,3.8,1.2,-0.1111111111111111
2022-03-02,-29.22222222222222,-45.5,-21.666666666666668,-27.666666666666668,-59.8,17.375
2022-03-03,13.333333333333334,27.25,3.3333333333333335,2.0,-6.933333333333334,3.2222222222222223
2022-03-04,7.111111111111111,22.0,-1.5,-3.0,-6.466666666666667,8.555555555555555
2022-03-05,6.25,23.0,18.0,0.6,9.071428571428571,3.857142857142857
2022-03-06,-5.285714285714286,11.2,-1.1428571428571428,-14.2,1.6428571428571428,5.0
2022-03-07,8.777777777777779,18.25,2.5,6.666666666666667,7.4,4.888888888888889
2022-03-08,7.0,20.0,2.0,1.2,8.0,6.666666666666667
2022-03-09,10.444444444444445,21.75,1.1666666666666667,8.0,9.866666666666667,7.444444444444445
2022-03-10,8.88888888888889,18.875,5.166666666666667,6.4,11.133333333333333,8.88888888888889
2022-03-11,4.555555555555555,18.666666666666668,-1.5,3.2,13.866666666666667,11.11111111111111
2022-03-12,4.75,19.666666666666668,15.571428571428571,3.0,12.285714285714286,9.571428571428571
2022-03-13,0.8571428571428571,14.8,10.714285714285714,-10.0,9.615384615384615,8.6
2022-03-14,10.0,13.125,3.1666666666666665,6.666666666666667,11.533333333333333,11.444444444444445
2022-03-15,9.555555555555555,19.625,7.0,10.666666666666666,11.666666666666666,10.666666666666666
2022-03-16,10.11111111111111,21.25,4.333333333333333,9.4,11.4,10.0
2022-03-17,6.444444444444445,17.625,2.0,9.2,11.533333333333333,10.666666666666666
2022-03-18,5.777777777777778,20.555555555555557,-0.16666666666666666,2.4,14.0,10.666666666666666
2022-03-19,2.375,18.77777777777778,13.857142857142858,2.4,10.428571428571429,10.428571428571429
2022-03-20,0.42857142857142855,13.6,6.0,-8.2,11.692307692307692,8.4
2022-03-21,7.0,15.625,1.6666666666666667,8.833333333333334,12.6,11.11111111111111
2022-03-22,11.0,22.375,1.3333333333333333,5.0,12.2,10.333333333333334
2022-03-23,13.11111111111111,27.25,0.3333333333333333,11.6,12.333333333333334,9.444444444444445
2022-03-24,13.555555555555555,23.0,3.5,8.8,10.8,9.88888888888889
2022-03-25,11.555555555555555,27.444444444444443,1.0,5.0,15.0,9.555555555555555
2022-03-26,10.25,27.444444444444443,21.714285714285715,5.2,11.214285714285714,7.714285714285714
2022-03-27,9.571428571428571,24.8,9.857142857142858,-7.2,8.5,7.6
2022-03-28,12.625,23.5,3.1666666666666665,9.166666666666666,13.6,9.666666666666666
2022-03-29,12.444444444444445,23.875,3.1666666666666665,10.333333333333334,12.733333333333333,9.444444444444445
2022-03-30,11.444444444444445,23.375,-3.0,8.8,11.666666666666666,10.11111111111111
2022-03-31,13.0,23.0,4.5,7.6,14.0,9.11111111111111
2022-04-01,8.777777777777779,22.555555555555557,-0.6666666666666666,-3.4,18.0,9.444444444444445
2022-04-02,6.125,20.88888888888889,16.0,-5.8,12.071428571428571,8.571428571428571
2022-04-03,5.571428571428571,19.4,10.285714285714286,-19.0,11.23076923076923,7.0
2022-04-04,9.0,18.25,5.5,1.6666666666666667,13.733333333333333,9.666666666666666
2022-04-05,10.555555555555555,18.75,2.0,1.3333333333333333,12.266666666666667,9.11111111111111
2022-04-06,10.777777777777779,22.125,2.3333333333333335,-1.2,11.733333333333333,9.444444444444445
2022-04-07,12.88888888888889,21.625,5.166666666666667,0.6,13.0,9.11111111111111
2022-04-08,8.666666666666666,21.555555555555557,-1.6666666666666667,-5.2,15.333333333333334,9.88888888888889
2022-04-09,6.25,18.88888888888889,13.142857142857142,-7.8,10.571428571428571,8.571428571428571
2022-04-10,2.4285714285714284,16.2,6.428571428571429,-19.8,8.846153846153847,7.8
2022-04-11,11.25,18.875,4.0,2.3333333333333335,12.4,10.0
2022-04-12,12.333333333333334,22.375,2.6666666666666665,-2.0,10.466666666666667,9.666666666666666
2022-04-13,17.0,32.5,3.8333333333333335,1.6,7.666666666666667,9.11111111111111
2022-04-14,26.333333333333332,49.857142857142854,12.333333333333334,8.2,-5.266666666666667,9.555555555555555
2022-04-15,-40.18181818181818,-60.5,-16.857142857142858,-39.333333333333336,-59.266666666666666,32.25
2022-04-16,5.875,26.666666666666668,21.571428571428573,-8.4,5.571428571428571,9.0
2022-04-17,8.428571428571429,14.6,18.285714285714285,-18.8,4.923076923076923,6.2
2022-04-18,-24.666666666666668,-53.25,-12.0,-35.0,-62.13333333333333,28.25
2022-04-19,11.555555555555555,18.5,-6.833333333333333,-6.6,-10.2,12.444444444444445
2022-04-20,15.555555555555555,25.125,-3.1666666666666665,-0.2,-7.8,12.777777777777779
2022-04-21,11.666666666666666,21.375,-3.5,-1.6,-5.333333333333333,12.666666666666666
2022-04-22,8.666666666666666,24.333333333333332,-8.833333333333334,-1.6,-3.2666666666666666,14.11111111111111
2022-04-23,8.875,26.77777777777778,9.285714285714286,1.8,9.428571428571429,9.0
2022-04-24,4.714285714285714,23.2,1.1428571428571428,-9.8,8.846153846153847,8.4
2022-04-25,17.333333333333332,26.125,3.1666666666666665,6.833333333333333,10.933333333333334,10.88888888888889
2022-04-26,14.666666666666666,27.75,3.6666666666666665,3.4,11.4,9.88888888888889
2022-04-27,14.88888888888889,28.875,-0.5,13.4,9.066666666666666,10.666666666666666
2022-04-28,13.444444444444445,27.125,-0.3333333333333333,13.6,10.866666666666667,9.88888888888889
2022-04-29,11.333333333333334,27.88888888888889,-2.1666666666666665,9.0,14.8,9.88888888888889
2022-04-30,11.375,29.555555555555557,18.142857142857142,11.4,12.071428571428571,8.142857142857142
2022-05-01,7.428571428571429,24.6,6.714285714285714,-5.6,13.076923076923077,7.4
2022-05-02,11.875,24.125,-1.5,8.666666666666666,12.0,10.444444444444445
2022-05-03,15.88888888888889,33.125,-0.8333333333333334,11.0,13.0,9.333333333333334
2022-05-04,15.333333333333334,28.25,-3.0,13.0,8.933333333333334,10.11111111111111
2022-05-05,11.777777777777779,26.5,-0.8333333333333334,11.4,10.8,9.666666666666666
2022-05-06,8.555555555555555,28.444444444444443,-3.5,5.8,13.266666666666667,10.444444444444445
2022-05-07,9.5,30.88888888888889,12.142857142857142,6.8,10.642857142857142,8.0
2022-05-08,25.166666666666668,32.8,23.285714285714285,-2.8,12.307692307692308,5.6
2022-05-09,11.88888888888889,21.25,2.0,12.166666666666666,11.066666666666666,10.11111111111111
2022-05-10,10.333333333333334,23.0,-0.6666666666666666,3.8,9.933333333333334,10.222222222222221
2022-05-11,10.666666666666666,25.0,-3.1666666666666665,9.8,4.533333333333333,11.555555555555555
2022-05-12,6.666666666666667,18.0,-9.166666666666666,-4.8,6.8,11.777777777777779
2022-05-13,4.333333333333333,20.333333333333332,-13.833333333333334,10.0,10.6,11.666666666666666
