date,retail_and_recreation_percent_change_from_baseline_Mexico,grocery_and_pharmacy_percent_change_from_baseline_Mexico,parks_percent_change_from_baseline_Mexico,transit_stations_percent_change_from_baseline_Mexico,workplaces_percent_change_from_baseline_Mexico,residential_percent_change_from_baseline_Mexico
2020-02-15,5.666666666666667,4.636363636363637,6.454545454545454,1.0,3.515151515151515,-1.2121212121212122
2020-02-16,6.393939393939394,5.151515151515151,5.363636363636363,4.363636363636363,1.8181818181818181,-0.7575757575757576
2020-02-17,1.5151515151515151,2.6363636363636362,1.9393939393939394,3.303030303030303,12.030303030303031,-2.212121212121212
2020-02-18,-0.30303030303030304,-0.5454545454545454,2.1818181818181817,0.696969696969697,9.545454545454545,-1.7878787878787878
2020-02-19,-0.42424242424242425,-0.696969696969697,1.2727272727272727,1.0909090909090908,8.696969696969697,-1.4848484848484849
2020-02-20,-0.3939393939393939,-1.0606060606060606,1.8181818181818181,2.0303030303030303,8.06060606060606,-1.3636363636363635
2020-02-21,-2.5454545454545454,-1.7575757575757576,0.5454545454545454,4.212121212121212,11.212121212121213,-1.5454545454545454
2020-02-22,0.0,0.18181818181818182,8.575757575757576,1.5151515151515151,3.4242424242424243,-0.12121212121212122
2020-02-23,1.7878787878787878,0.9696969696969697,8.06060606060606,3.696969696969697,1.4545454545454546,-0.2727272727272727
2020-02-24,-1.8484848484848484,-1.2727272727272727,5.878787878787879,2.242424242424242,7.636363636363637,-1.3333333333333333
2020-02-25,-2.4242424242424243,-1.9090909090909092,5.848484848484849,2.242424242424242,4.909090909090909,-1.0
2020-02-26,-4.090909090909091,-2.787878787878788,2.0,0.7575757575757576,6.696969696969697,-0.9393939393939394
2020-02-27,-0.7272727272727273,0.12121212121212122,-1.6666666666666667,1.1515151515151516,6.696969696969697,-0.5757575757575758
2020-02-28,2.242424242424242,5.878787878787879,3.303030303030303,4.212121212121212,12.06060606060606,-2.121212121212121
2020-02-29,5.03030303030303,8.393939393939394,6.454545454545454,2.3636363636363638,5.666666666666667,-0.7575757575757576
2020-03-01,5.666666666666667,8.030303030303031,5.96969696969697,4.03030303030303,3.3333333333333335,-0.5757575757575758
2020-03-02,0.5454545454545454,4.424242424242424,0.6666666666666666,1.7575757575757576,12.575757575757576,-2.121212121212121
2020-03-03,-0.45454545454545453,2.0606060606060606,-0.42424242424242425,-0.2727272727272727,9.393939393939394,-1.4848484848484849
2020-03-04,0.09090909090909091,2.727272727272727,0.9696969696969697,0.9696969696969697,9.484848484848484,-1.5151515151515151
2020-03-05,0.36363636363636365,1.8484848484848484,1.1515151515151516,0.9393939393939394,9.242424242424242,-1.3333333333333333
2020-03-06,-2.606060606060606,0.24242424242424243,0.36363636363636365,2.090909090909091,12.515151515151516,-1.6363636363636365
2020-03-07,-0.18181818181818182,1.4848484848484849,3.6666666666666665,-0.7878787878787878,5.606060606060606,-0.24242424242424243
2020-03-08,2.5454545454545454,2.0,6.7272727272727275,-2.787878787878788,3.090909090909091,0.18181818181818182
2020-03-09,-9.696969696969697,-6.212121212121212,-7.242424242424242,-6.9393939393939394,-13.030303030303031,5.515151515151516
2020-03-10,-2.5757575757575757,0.09090909090909091,0.45454545454545453,2.242424242424242,9.242424242424242,-1.606060606060606
2020-03-11,-1.5151515151515151,0.3333333333333333,1.1818181818181819,1.0909090909090908,9.181818181818182,-1.5757575757575757
2020-03-12,0.0,2.393939393939394,1.8484848484848484,3.0606060606060606,8.545454545454545,-1.6363636363636365
2020-03-13,2.1515151515151514,6.96969696969697,3.4242424242424243,9.121212121212121,6.090909090909091,-1.3333333333333333
2020-03-14,4.03030303030303,11.818181818181818,9.454545454545455,9.030303030303031,3.6666666666666665,-1.5454545454545454
2020-03-15,2.3333333333333335,8.666666666666666,8.969696969696969,-6.909090909090909,1.2424242424242424,-0.9090909090909091
2020-03-16,-8.030303030303031,5.878787878787879,-4.303030303030303,-3.8181818181818183,-50.60606060606061,11.151515151515152
2020-03-17,-6.818181818181818,5.787878787878788,-7.9393939393939394,-0.36363636363636365,-1.393939393939394,1.5151515151515151
2020-03-18,-12.181818181818182,2.212121212121212,-13.878787878787879,-9.969696969696969,-8.515151515151516,5.090909090909091
2020-03-19,-16.515151515151516,0.45454545454545453,-16.151515151515152,-16.09090909090909,-12.848484848484848,6.575757575757576
2020-03-20,-23.696969696969695,-2.909090909090909,-21.545454545454547,-23.484848484848484,-13.636363636363637,8.727272727272727
2020-03-21,-30.545454545454547,-6.575757575757576,-29.666666666666668,-27.272727272727273,-7.0,8.696969696969697
2020-03-22,-38.21212121212121,-14.969696969696969,-37.03030303030303,-36.15151515151515,-10.848484848484848,8.757575757575758
2020-03-23,-31.0,-14.848484848484848,-30.151515151515152,-35.27272727272727,-27.78787878787879,11.969696969696969
2020-03-24,-34.45454545454545,-16.333333333333332,-33.09090909090909,-37.09090909090909,-33.09090909090909,13.575757575757576
2020-03-25,-36.45454545454545,-18.0,-35.27272727272727,-39.90909090909091,-35.24242424242424,14.787878787878787
2020-03-26,-37.27272727272727,-18.242424242424242,-35.81818181818182,-43.21212121212121,-36.484848484848484,15.727272727272727
2020-03-27,-39.27272727272727,-16.87878787878788,-36.24242424242424,-46.63636363636363,-33.45454545454545,16.606060606060606
2020-03-28,-39.93939393939394,-14.818181818181818,-37.78787878787879,-44.27272727272727,-17.636363636363637,12.363636363636363
2020-03-29,-46.42424242424242,-21.03030303030303,-46.03030303030303,-50.484848484848484,-20.181818181818183,11.848484848484848
2020-03-30,-35.18181818181818,-16.757575757575758,-35.72727272727273,-45.06060606060606,-37.15151515151515,15.030303030303031
2020-03-31,-35.09090909090909,-15.424242424242424,-36.78787878787879,-43.84848484848485,-40.75757575757576,15.696969696969697
2020-04-01,-36.93939393939394,-14.151515151515152,-37.72727272727273,-45.18181818181818,-43.15151515151515,16.939393939393938
2020-04-02,-45.75757575757576,-13.636363636363637,-40.21212121212121,-47.63636363636363,-45.0,18.606060606060606
2020-04-03,-54.57575757575758,-12.242424242424242,-41.57575757575758,-50.03030303030303,-42.15151515151515,19.96969696969697
2020-04-04,-56.06060606060606,-12.393939393939394,-44.93939393939394,-48.303030303030305,-26.666666666666668,15.333333333333334
2020-04-05,-62.0,-21.242424242424242,-51.39393939393939,-54.39393939393939,-27.21212121212121,13.606060606060606
2020-04-06,-52.878787878787875,-16.818181818181817,-41.09090909090909,-51.21212121212121,-47.666666666666664,18.848484848484848
2020-04-07,-52.24242424242424,-18.333333333333332,-41.90909090909091,-50.15151515151515,-50.54545454545455,19.272727272727273
2020-04-08,-51.21212121212121,-15.181818181818182,-42.0,-48.93939393939394,-51.60606060606061,19.242424242424242
2020-04-09,-58.09090909090909,-17.575757575757574,-45.57575757575758,-55.57575757575758,-62.18181818181818,22.757575757575758
2020-04-10,-70.93939393939394,-31.454545454545453,-56.39393939393939,-68.63636363636364,-70.0909090909091,28.545454545454547
2020-04-11,-66.06060606060606,-27.363636363636363,-53.81818181818182,-62.878787878787875,-47.878787878787875,19.575757575757574
2020-04-12,-66.18181818181819,-30.96969696969697,-58.121212121212125,-59.42424242424242,-31.666666666666668,14.242424242424242
2020-04-13,-53.484848484848484,-21.545454545454547,-45.121212121212125,-54.24242424242424,-47.72727272727273,19.545454545454547
2020-04-14,-53.484848484848484,-20.454545454545453,-44.93939393939394,-53.60606060606061,-49.93939393939394,20.333333333333332
2020-04-15,-50.484848484848484,-14.818181818181818,-43.515151515151516,-52.36363636363637,-49.42424242424242,20.272727272727273
2020-04-16,-51.24242424242424,-16.78787878787879,-44.54545454545455,-54.39393939393939,-50.121212121212125,21.181818181818183
2020-04-17,-54.72727272727273,-18.96969696969697,-46.39393939393939,-57.18181818181818,-46.666666666666664,23.151515151515152
2020-04-18,-59.03030303030303,-24.272727272727273,-50.54545454545455,-56.63636363636363,-28.757575757575758,16.545454545454547
2020-04-19,-63.36363636363637,-30.606060606060606,-57.03030303030303,-60.333333333333336,-26.484848484848484,14.0
2020-04-20,-55.09090909090909,-26.454545454545453,-46.96969696969697,-56.484848484848484,-46.121212121212125,19.696969696969695
2020-04-21,-57.303030303030305,-28.939393939393938,-50.54545454545455,-57.0,-49.21212121212121,20.818181818181817
2020-04-22,-57.81818181818182,-28.757575757575758,-51.03030303030303,-57.36363636363637,-49.484848484848484,21.363636363636363
2020-04-23,-58.84848484848485,-29.060606060606062,-51.60606060606061,-58.39393939393939,-50.06060606060606,22.242424242424242
2020-04-24,-60.81818181818182,-28.636363636363637,-52.75757575757576,-60.84848484848485,-46.484848484848484,23.545454545454547
2020-04-25,-61.90909090909091,-27.87878787878788,-54.878787878787875,-59.54545454545455,-30.242424242424242,17.78787878787879
2020-04-26,-66.03030303030303,-33.878787878787875,-60.75757575757576,-63.484848484848484,-28.21212121212121,15.121212121212121
2020-04-27,-57.72727272727273,-29.666666666666668,-51.0,-59.06060606060606,-46.78787878787879,21.393939393939394
2020-04-28,-57.303030303030305,-28.606060606060606,-50.39393939393939,-57.515151515151516,-49.09090909090909,15.878787878787879
2020-04-29,-54.63636363636363,-22.575757575757574,-48.515151515151516,-55.96969696969697,-48.75757575757576,21.03030303030303
2020-04-30,-46.45454545454545,-10.848484848484848,-44.18181818181818,-52.54545454545455,-47.515151515151516,19.151515151515152
2020-05-01,-61.42424242424242,-23.606060606060606,-52.63636363636363,-63.78787878787879,-60.45454545454545,26.454545454545453
2020-05-02,-58.84848484848485,-22.060606060606062,-51.15151515151515,-58.21212121212121,-31.87878787878788,17.272727272727273
2020-05-03,-64.15151515151516,-30.757575757575758,-58.333333333333336,-62.09090909090909,-25.0,14.121212121212121
2020-05-04,-53.90909090909091,-23.818181818181817,-47.24242424242424,-56.60606060606061,-45.63636363636363,19.90909090909091
2020-05-05,-55.45454545454545,-25.545454545454547,-49.09090909090909,-56.54545454545455,-49.63636363636363,21.181818181818183
2020-05-06,-54.78787878787879,-24.242424242424242,-48.121212121212125,-55.75757575757576,-47.81818181818182,21.12121212121212
2020-05-07,-55.06060606060606,-23.363636363636363,-48.78787878787879,-56.93939393939394,-48.27272727272727,21.78787878787879
2020-05-08,-56.24242424242424,-21.303030303030305,-49.24242424242424,-58.45454545454545,-44.333333333333336,22.96969696969697
2020-05-09,-56.09090909090909,-17.515151515151516,-49.333333333333336,-54.90909090909091,-27.09090909090909,16.545454545454547
2020-05-10,-60.15151515151515,-24.96969696969697,-55.06060606060606,-60.81818181818182,-12.545454545454545,10.818181818181818
2020-05-11,-55.84848484848485,-26.96969696969697,-49.42424242424242,-57.0,-44.90909090909091,20.12121212121212
2020-05-12,-54.72727272727273,-25.12121212121212,-47.84848484848485,-55.42424242424242,-46.45454545454545,20.515151515151516
2020-05-13,-53.84848484848485,-23.545454545454547,-47.121212121212125,-55.515151515151516,-46.515151515151516,20.96969696969697
2020-05-14,-52.72727272727273,-20.818181818181817,-46.484848484848484,-55.63636363636363,-46.45454545454545,20.696969696969695
2020-05-15,-52.0,-15.181818181818182,-44.54545454545455,-55.84848484848485,-42.03030303030303,21.363636363636363
2020-05-16,-54.45454545454545,-16.272727272727273,-47.81818181818182,-54.121212121212125,-24.484848484848484,15.878787878787879
2020-05-17,-60.515151515151516,-25.21212121212121,-55.15151515151515,-59.333333333333336,-19.060606060606062,13.484848484848484
2020-05-18,-50.484848484848484,-19.87878787878788,-44.57575757575758,-54.06060606060606,-41.63636363636363,18.90909090909091
2020-05-19,-51.75757575757576,-21.060606060606062,-44.84848484848485,-53.121212121212125,-44.333333333333336,19.727272727272727
2020-05-20,-52.03030303030303,-20.272727272727273,-43.90909090909091,-52.27272727272727,-44.333333333333336,20.12121212121212
2020-05-21,-53.03030303030303,-20.96969696969697,-44.696969696969695,-53.39393939393939,-44.96969696969697,21.03030303030303
2020-05-22,-55.21212121212121,-20.151515151515152,-45.666666666666664,-56.0,-39.75757575757576,21.21212121212121
2020-05-23,-56.39393939393939,-19.484848484848484,-47.24242424242424,-53.96969696969697,-21.333333333333332,15.454545454545455
2020-05-24,-61.21212121212121,-26.606060606060606,-52.42424242424242,-58.21212121212121,-17.09090909090909,13.272727272727273
2020-05-25,-52.03030303030303,-21.09090909090909,-43.84848484848485,-52.84848484848485,-41.03030303030303,19.151515151515152
2020-05-26,-53.0,-23.0,-45.03030303030303,-53.18181818181818,-42.121212121212125,19.12121212121212
2020-05-27,-53.0,-22.757575757575758,-45.09090909090909,-52.90909090909091,-41.84848484848485,19.575757575757574
2020-05-28,-52.24242424242424,-20.666666666666668,-45.18181818181818,-52.666666666666664,-42.06060606060606,19.96969696969697
2020-05-29,-51.78787878787879,-14.363636363636363,-43.60606060606061,-53.18181818181818,-37.515151515151516,20.606060606060606
2020-05-30,-53.09090909090909,-14.06060606060606,-45.06060606060606,-50.54545454545455,-16.151515151515152,14.181818181818182
2020-05-31,-58.03030303030303,-21.181818181818183,-50.696969696969695,-54.484848484848484,-10.121212121212121,12.272727272727273
2020-06-01,-47.57575757575758,-15.181818181818182,-41.696969696969695,-48.21212121212121,-35.90909090909091,17.0
2020-06-02,-49.121212121212125,-18.424242424242426,-42.484848484848484,-48.515151515151516,-39.27272727272727,18.03030303030303
2020-06-03,-49.54545454545455,-19.12121212121212,-42.303030303030305,-49.06060606060606,-39.60606060606061,18.515151515151516
2020-06-04,-49.696969696969695,-18.606060606060606,-42.666666666666664,-49.333333333333336,-39.45454545454545,18.939393939393938
2020-06-05,-51.121212121212125,-16.78787878787879,-43.0,-51.78787878787879,-35.54545454545455,19.545454545454547
2020-06-06,-51.81818181818182,-15.484848484848484,-44.03030303030303,-48.84848484848485,-14.666666666666666,13.696969696969697
2020-06-07,-56.24242424242424,-22.272727272727273,-48.81818181818182,-53.27272727272727,-9.181818181818182,11.818181818181818
2020-06-08,-48.15151515151515,-18.848484848484848,-41.666666666666664,-48.42424242424242,-34.27272727272727,16.636363636363637
2020-06-09,-48.72727272727273,-20.363636363636363,-42.54545454545455,-48.72727272727273,-37.121212121212125,17.0
2020-06-10,-46.57575757575758,-17.545454545454547,-40.15151515151515,-47.75757575757576,-36.878787878787875,17.09090909090909
2020-06-11,-47.18181818181818,-17.636363636363637,-41.24242424242424,-48.81818181818182,-37.54545454545455,18.0
2020-06-12,-47.666666666666664,-13.393939393939394,-39.93939393939394,-49.90909090909091,-33.0,18.12121212121212
2020-06-13,-47.72727272727273,-11.090909090909092,-39.515151515151516,-46.93939393939394,-10.969696969696969,12.606060606060606
2020-06-14,-52.39393939393939,-18.424242424242426,-45.09090909090909,-50.63636363636363,-4.454545454545454,10.93939393939394
2020-06-15,-41.24242424242424,-10.0,-35.121212121212125,-44.84848484848485,-32.36363636363637,15.212121212121213
2020-06-16,-41.15151515151515,-10.666666666666666,-35.24242424242424,-43.81818181818182,-34.90909090909091,16.09090909090909
2020-06-17,-41.90909090909091,-12.181818181818182,-35.15151515151515,-44.484848484848484,-35.42424242424242,16.272727272727273
2020-06-18,-43.09090909090909,-13.757575757575758,-36.96969696969697,-45.42424242424242,-36.515151515151516,16.818181818181817
2020-06-19,-44.57575757575758,-11.606060606060606,-36.42424242424242,-46.09090909090909,-31.757575757575758,15.757575757575758
2020-06-20,-44.0,-6.9393939393939394,-36.54545454545455,-42.333333333333336,-9.363636363636363,11.454545454545455
2020-06-21,-50.21212121212121,-15.212121212121213,-44.24242424242424,-48.75,5.484848484848484,8.0
2020-06-22,-44.78787878787879,-17.757575757575758,-38.515151515151516,-45.57575757575758,-35.121212121212125,15.787878787878787
2020-06-23,-44.484848484848484,-17.515151515151516,-37.515151515151516,-45.121212121212125,-36.78787878787879,16.242424242424242
2020-06-24,-43.878787878787875,-16.09090909090909,-37.666666666666664,-45.45454545454545,-36.06060606060606,16.484848484848484
2020-06-25,-44.42424242424242,-16.515151515151516,-38.42424242424242,-45.78787878787879,-36.63636363636363,17.151515151515152
2020-06-26,-45.878787878787875,-13.93939393939394,-38.27272727272727,-47.303030303030305,-32.484848484848484,17.606060606060606
2020-06-27,-46.09090909090909,-12.121212121212121,-37.666666666666664,-43.878787878787875,-11.424242424242424,12.06060606060606
2020-06-28,-50.303030303030305,-19.09090909090909,-42.27272727272727,-48.0625,-3.696969696969697,10.454545454545455
2020-06-29,-40.57575757575758,-13.090909090909092,-35.81818181818182,-44.06060606060606,-32.696969696969695,14.878787878787879
2020-06-30,-36.54545454545455,-7.9393939393939394,-34.515151515151516,-42.09090909090909,-34.696969696969695,14.575757575757576
2020-07-01,-36.57575757575758,-7.484848484848484,-33.72727272727273,-40.303030303030305,-35.21212121212121,14.787878787878787
2020-07-02,-37.878787878787875,-8.818181818181818,-34.484848484848484,-41.0,-35.93939393939394,15.484848484848484
2020-07-03,-40.84848484848485,-8.606060606060606,-35.15151515151515,-42.96969696969697,-32.0,16.09090909090909
2020-07-04,-43.57575757575758,-10.696969696969697,-36.90909090909091,-41.90909090909091,-11.121212121212121,11.363636363636363
2020-07-05,-48.24242424242424,-18.242424242424242,-42.303030303030305,-45.5,-5.242424242424242,9.878787878787879
2020-07-06,-39.18181818181818,-12.333333333333334,-34.84848484848485,-42.03030303030303,-33.63636363636363,14.515151515151516
2020-07-07,-39.60606060606061,-13.848484848484848,-35.303030303030305,-41.75757575757576,-36.484848484848484,15.030303030303031
2020-07-08,-40.09090909090909,-14.636363636363637,-36.484848484848484,-42.36363636363637,-35.878787878787875,15.393939393939394
2020-07-09,-40.75757575757576,-15.0,-36.75757575757576,-42.54545454545455,-36.303030303030305,15.909090909090908
2020-07-10,-42.06060606060606,-11.787878787878787,-35.54545454545455,-43.90909090909091,-32.09090909090909,16.151515151515152
2020-07-11,-43.696969696969695,-12.06060606060606,-36.60606060606061,-41.54545454545455,-10.878787878787879,11.242424242424242
2020-07-12,-47.78787878787879,-19.181818181818183,-41.515151515151516,-45.03125,-5.303030303030303,9.909090909090908
2020-07-13,-39.06060606060606,-13.121212121212121,-34.303030303030305,-42.0,-33.60606060606061,14.333333333333334
2020-07-14,-36.54545454545455,-11.484848484848484,-33.93939393939394,-40.84848484848485,-36.36363636363637,14.606060606060606
2020-07-15,-32.72727272727273,-5.454545454545454,-32.06060606060606,-38.90909090909091,-34.78787878787879,14.333333333333334
2020-07-16,-33.878787878787875,-6.606060606060606,-32.84848484848485,-39.36363636363637,-35.696969696969695,14.757575757575758
2020-07-17,-38.21212121212121,-8.030303030303031,-34.42424242424242,-41.121212121212125,-31.96969696969697,15.575757575757576
2020-07-18,-40.333333333333336,-8.969696969696969,-35.666666666666664,-38.5625,-10.757575757575758,10.696969696969697
2020-07-19,-44.60606060606061,-16.12121212121212,-40.484848484848484,-42.09375,-5.212121212121212,9.424242424242424
2020-07-20,-36.75757575757576,-11.818181818181818,-34.696969696969695,-40.36363636363637,-33.878787878787875,14.151515151515152
2020-07-21,-37.24242424242424,-13.212121212121213,-34.75757575757576,-40.75757575757576,-36.75757575757576,14.93939393939394
2020-07-22,-37.75757575757576,-13.454545454545455,-35.03030303030303,-40.78787878787879,-35.39393939393939,15.121212121212121
2020-07-23,-38.15151515151515,-13.303030303030303,-34.90909090909091,-40.63636363636363,-35.72727272727273,15.454545454545455
2020-07-24,-40.666666666666664,-12.121212121212121,-35.45454545454545,-42.39393939393939,-31.636363636363637,15.969696969696969
2020-07-25,-41.90909090909091,-11.575757575757576,-35.09090909090909,-39.96969696969697,-11.272727272727273,11.0
2020-07-26,-47.06060606060606,-19.848484848484848,-41.303030303030305,-44.0,-7.636363636363637,10.212121212121213
2020-07-27,-40.333333333333336,-15.848484848484848,-38.54545454545455,-42.93939393939394,-36.303030303030305,15.575757575757576
2020-07-28,-38.484848484848484,-15.121212121212121,-37.0,-41.333333333333336,-36.42424242424242,15.303030303030303
2020-07-29,-35.63636363636363,-13.606060606060606,-35.93939393939394,-40.90909090909091,-36.42424242424242,15.151515151515152
2020-07-30,-32.696969696969695,-10.242424242424242,-34.24242424242424,-39.515151515151516,-36.39393939393939,14.969696969696969
2020-07-31,-33.42424242424242,-6.2727272727272725,-33.24242424242424,-40.45454545454545,-31.757575757575758,14.93939393939394
2020-08-01,-34.90909090909091,-5.454545454545454,-32.515151515151516,-36.0,-10.606060606060606,9.757575757575758
2020-08-02,-39.333333333333336,-13.181818181818182,-37.15151515151515,-38.625,-5.2727272727272725,8.666666666666666
2020-08-03,-31.09090909090909,-9.242424242424242,-32.484848484848484,-37.75757575757576,-33.0,13.272727272727273
2020-08-04,-31.21212121212121,-10.393939393939394,-31.96969696969697,-37.84848484848485,-35.24242424242424,13.848484848484848
2020-08-05,-30.424242424242426,-9.848484848484848,-30.727272727272727,-37.484848484848484,-34.84848484848485,13.909090909090908
2020-08-06,-31.90909090909091,-11.636363636363637,-32.18181818181818,-38.121212121212125,-35.303030303030305,14.272727272727273
2020-08-07,-34.78787878787879,-10.93939393939394,-32.18181818181818,-40.36363636363637,-31.333333333333332,14.484848484848484
2020-08-08,-36.484848484848484,-10.93939393939394,-33.09090909090909,-37.60606060606061,-10.818181818181818,9.969696969696969
2020-08-09,-39.666666666666664,-16.454545454545453,-37.81818181818182,-39.90909090909091,-5.757575757575758,8.757575757575758
2020-08-10,-32.09090909090909,-12.787878787878787,-32.696969696969695,-38.484848484848484,-32.63636363636363,13.121212121212121
2020-08-11,-32.39393939393939,-13.93939393939394,-32.84848484848485,-39.06060606060606,-35.15151515151515,13.666666666666666
2020-08-12,-32.09090909090909,-13.0,-32.36363636363637,-38.45454545454545,-34.666666666666664,13.909090909090908
2020-08-13,-31.151515151515152,-11.424242424242424,-31.696969696969695,-37.696969696969695,-34.60606060606061,13.969696969696969
2020-08-14,-31.181818181818183,-6.606060606060606,-30.515151515151516,-38.0,-30.181818181818183,13.666666666666666
2020-08-15,-30.96969696969697,-3.8181818181818183,-28.78787878787879,-33.09375,-9.181818181818182,8.303030303030303
2020-08-16,-34.75757575757576,-10.93939393939394,-33.696969696969695,-35.65625,-4.121212121212121,7.303030303030303
2020-08-17,-29.90909090909091,-9.424242424242424,-32.78787878787879,-37.0,-32.03030303030303,12.242424242424242
2020-08-18,-30.484848484848484,-10.727272727272727,-32.878787878787875,-37.55555555555556,-32.72727272727273,12.848484848484848
2020-08-19,-31.484848484848484,-12.121212121212121,-33.81818181818182,-38.3448275862069,-33.45454545454545,13.454545454545455
2020-08-20,-31.757575757575758,-12.787878787878787,-33.06060606060606,-37.464285714285715,-34.303030303030305,13.515151515151516
2020-08-21,-33.515151515151516,-10.212121212121213,-31.96969696969697,-38.266666666666666,-28.96969696969697,13.484848484848484
2020-08-22,-34.303030303030305,-9.393939393939394,-31.606060606060606,-35.285714285714285,-8.181818181818182,8.666666666666666
2020-08-23,-37.303030303030305,-14.393939393939394,-36.24242424242424,-36.851851851851855,-3.1515151515151514,7.666666666666667
2020-08-24,-33.06060606060606,-13.696969696969697,-34.303030303030305,-38.06666666666667,-31.12121212121212,13.090909090909092
2020-08-25,-33.03030303030303,-14.727272727272727,-34.78787878787879,-38.851851851851855,-33.75757575757576,13.696969696969697
2020-08-26,-32.78787878787879,-14.272727272727273,-34.57575757575758,-38.333333333333336,-32.484848484848484,13.727272727272727
2020-08-27,-33.121212121212125,-14.484848484848484,-35.81818181818182,-38.142857142857146,-33.27272727272727,14.0
2020-08-28,-32.06060606060606,-9.363636363636363,-33.121212121212125,-38.46666666666667,-27.939393939393938,13.242424242424242
2020-08-29,-31.727272727272727,-6.303030303030303,-30.484848484848484,-34.0,-7.545454545454546,7.757575757575758
2020-08-30,-34.484848484848484,-11.333333333333334,-33.696969696969695,-35.44444444444444,-2.0606060606060606,6.636363636363637
2020-08-31,-28.393939393939394,-8.242424242424242,-31.454545454545453,-36.1,-29.848484848484848,11.606060606060606
2020-09-01,-27.363636363636363,-7.757575757575758,-29.78787878787879,-34.0,-32.333333333333336,12.121212121212121
2020-09-02,-28.606060606060606,-9.484848484848484,-30.606060606060606,-35.7037037037037,-32.121212121212125,12.393939393939394
2020-09-03,-29.606060606060606,-10.818181818181818,-31.818181818181817,-36.32142857142857,-32.84848484848485,12.878787878787879
2020-09-04,-32.15151515151515,-9.969696969696969,-32.666666666666664,-37.4,-28.363636363636363,13.181818181818182
2020-09-05,-32.09090909090909,-8.0,-31.363636363636363,-34.035714285714285,-9.030303030303031,8.151515151515152
2020-09-06,-34.96969696969697,-13.151515151515152,-35.54545454545455,-36.148148148148145,-4.424242424242424,7.454545454545454
2020-09-07,-30.696969696969695,-11.818181818181818,-32.57575757575758,-35.86666666666667,-30.818181818181817,12.272727272727273
2020-09-08,-30.727272727272727,-13.303030303030303,-32.39393939393939,-35.74074074074074,-33.18181818181818,12.515151515151516
2020-09-09,-31.545454545454547,-14.212121212121213,-32.878787878787875,-36.666666666666664,-32.27272727272727,12.454545454545455
2020-09-10,-30.939393939393938,-13.121212121212121,-33.03030303030303,-36.285714285714285,-32.78787878787879,12.727272727272727
2020-09-11,-31.96969696969697,-10.545454545454545,-31.181818181818183,-35.9375,-28.333333333333332,12.393939393939394
2020-09-12,-31.12121212121212,-7.484848484848484,-27.818181818181817,-31.21875,-7.848484848484849,7.0606060606060606
2020-09-13,-33.303030303030305,-11.151515151515152,-30.666666666666668,-33.46875,-2.515151515151515,5.96969696969697
2020-09-14,-27.09090909090909,-7.181818181818182,-28.242424242424242,-34.121212121212125,-28.515151515151516,11.424242424242424
2020-09-15,-23.393939393939394,-0.36363636363636365,-24.363636363636363,-32.09090909090909,-29.636363636363637,9.121212121212121
2020-09-16,-37.63636363636363,-18.303030303030305,-34.72727272727273,-45.21212121212121,-56.72727272727273,18.242424242424242
2020-09-17,-30.181818181818183,-11.848484848484848,-33.21212121212121,-33.81818181818182,-32.24242424242424,12.787878787878787
2020-09-18,-32.666666666666664,-11.666666666666666,-34.45454545454545,-35.96875,-28.12121212121212,13.727272727272727
2020-09-19,-31.393939393939394,-8.151515151515152,-30.424242424242426,-32.0625,-8.484848484848484,8.212121212121213
2020-09-20,-34.27272727272727,-13.272727272727273,-33.333333333333336,-31.5,-2.393939393939394,7.0
2020-09-21,-31.696969696969695,-12.787878787878787,-34.21212121212121,-34.03030303030303,-29.393939393939394,12.333333333333334
2020-09-22,-33.09090909090909,-14.06060606060606,-37.09090909090909,-35.484848484848484,-31.848484848484848,12.969696969696969
2020-09-23,-34.333333333333336,-14.212121212121213,-38.96969696969697,-35.84848484848485,-31.09090909090909,13.242424242424242
2020-09-24,-34.90909090909091,-15.212121212121213,-40.666666666666664,-36.45454545454545,-31.818181818181817,13.787878787878787
2020-09-25,-35.81818181818182,-12.424242424242424,-40.21212121212121,-37.375,-27.09090909090909,13.484848484848484
2020-09-26,-34.333333333333336,-8.727272727272727,-36.15151515151515,-33.34375,-6.575757575757576,7.787878787878788
2020-09-27,-36.90909090909091,-13.696969696969697,-38.84848484848485,-33.3125,-2.484848484848485,6.666666666666667
2020-09-28,-34.75757575757576,-12.909090909090908,-39.42424242424242,-36.60606060606061,-28.12121212121212,12.666666666666666
2020-09-29,-33.696969696969695,-12.696969696969697,-39.81818181818182,-35.42424242424242,-31.09090909090909,12.878787878787879
2020-09-30,-28.96969696969697,-5.606060606060606,-37.121212121212125,-31.78787878787879,-30.818181818181817,11.333333333333334
2020-10-01,-30.181818181818183,-5.7272727272727275,-38.09090909090909,-30.96969696969697,-30.12121212121212,11.242424242424242
2020-10-02,-31.575757575757574,-6.242424242424242,-37.45454545454545,-31.875,-25.848484848484848,11.484848484848484
2020-10-03,-31.90909090909091,-5.2727272727272725,-34.84848484848485,-29.34375,-8.393939393939394,6.636363636363637
2020-10-04,-32.84848484848485,-9.454545454545455,-34.45454545454545,-28.1875,-2.6666666666666665,4.9393939393939394
2020-10-05,-31.333333333333332,-8.515151515151516,-36.27272727272727,-31.333333333333332,-28.424242424242426,10.363636363636363
2020-10-06,-31.90909090909091,-9.575757575757576,-36.60606060606061,-32.21212121212121,-31.0,11.121212121212121
2020-10-07,-35.39393939393939,-14.757575757575758,-38.60606060606061,-35.57575757575758,-32.54545454545455,12.515151515151516
2020-10-08,-32.72727272727273,-12.666666666666666,-36.81818181818182,-33.45454545454545,-30.151515151515152,12.242424242424242
2020-10-09,-34.121212121212125,-11.515151515151516,-36.24242424242424,-34.0,-25.424242424242426,12.303030303030303
2020-10-10,-32.84848484848485,-8.393939393939394,-32.81818181818182,-30.28125,-4.333333333333333,6.909090909090909
2020-10-11,-34.78787878787879,-13.212121212121213,-33.84848484848485,-30.71875,0.15151515151515152,5.909090909090909
2020-10-12,-33.54545454545455,-12.272727272727273,-36.63636363636363,-33.06060606060606,-28.545454545454547,11.909090909090908
2020-10-13,-31.96969696969697,-12.484848484848484,-36.09090909090909,-32.75757575757576,-29.636363636363637,12.333333333333334
2020-10-14,-29.363636363636363,-8.363636363636363,-35.27272727272727,-30.818181818181817,-28.363636363636363,12.151515151515152
2020-10-15,-26.78787878787879,-4.0606060606060606,-34.81818181818182,-28.454545454545453,-28.90909090909091,11.969696969696969
2020-10-16,-29.515151515151516,-3.606060606060606,-36.0,-29.40625,-24.636363636363637,11.878787878787879
2020-10-17,-29.09090909090909,-2.878787878787879,-31.454545454545453,-26.03125,-5.0,6.424242424242424
2020-10-18,-31.181818181818183,-8.121212121212121,-32.63636363636363,-24.6875,-0.18181818181818182,5.363636363636363
2020-10-19,-31.484848484848484,-9.0,-36.484848484848484,-29.96969696969697,-26.727272727272727,11.333333333333334
2020-10-20,-30.818181818181817,-9.848484848484848,-35.666666666666664,-30.363636363636363,-29.363636363636363,12.242424242424242
2020-10-21,-30.363636363636363,-8.93939393939394,-35.18181818181818,-30.333333333333332,-28.151515151515152,12.484848484848484
2020-10-22,-30.515151515151516,-8.303030303030303,-34.60606060606061,-29.939393939393938,-28.333333333333332,12.666666666666666
2020-10-23,-32.121212121212125,-6.878787878787879,-34.36363636363637,-31.15625,-23.90909090909091,12.515151515151516
2020-10-24,-31.636363636363637,-4.787878787878788,-31.939393939393938,-27.9375,-3.757575757575758,7.212121212121212
2020-10-25,-32.484848484848484,-7.545454545454546,-32.878787878787875,-26.5625,1.4545454545454546,5.787878787878788
2020-10-26,-33.06060606060606,-8.212121212121213,-36.0,-31.0,-25.939393939393938,11.909090909090908
2020-10-27,-33.36363636363637,-11.121212121212121,-37.515151515151516,-31.515151515151516,-30.424242424242426,13.06060606060606
2020-10-28,-30.363636363636363,-8.121212121212121,-36.27272727272727,-29.515151515151516,-27.636363636363637,11.878787878787879
2020-10-29,-28.848484848484848,-6.393939393939394,-37.18181818181818,-28.09090909090909,-28.393939393939394,12.181818181818182
2020-10-30,-28.96969696969697,-0.8787878787878788,-35.75757575757576,-28.03125,-24.454545454545453,11.515151515151516
2020-10-31,-28.333333333333332,3.9393939393939394,-30.03030303030303,-23.65625,-3.787878787878788,5.909090909090909
2020-11-01,-32.36363636363637,-5.7272727272727275,-33.72727272727273,-29.6875,0.7878787878787878,4.96969696969697
2020-11-02,-33.36363636363637,-9.181818181818182,-37.63636363636363,-34.21212121212121,-41.72727272727273,13.606060606060606
2020-11-03,-28.606060606060606,-7.090909090909091,-38.06060606060606,-26.727272727272727,-29.393939393939394,11.454545454545455
2020-11-04,-29.727272727272727,-7.636363636363637,-39.90909090909091,-29.181818181818183,-28.242424242424242,12.545454545454545
2020-11-05,-30.606060606060606,-9.0,-41.09090909090909,-31.606060606060606,-28.636363636363637,12.727272727272727
2020-11-06,-32.90909090909091,-8.515151515151516,-41.24242424242424,-33.4375,-24.454545454545453,12.878787878787879
2020-11-07,-33.0,-8.666666666666666,-39.18181818181818,-30.875,-5.424242424242424,8.424242424242424
2020-11-08,-34.121212121212125,-11.878787878787879,-40.42424242424242,-30.875,-0.2727272727272727,6.666666666666667
2020-11-09,-27.78787878787879,-6.9393939393939394,-38.90909090909091,-31.060606060606062,-25.696969696969695,11.0
2020-11-10,-27.03030303030303,-7.9393939393939394,-38.75757575757576,-29.848484848484848,-28.333333333333332,11.545454545454545
2020-11-11,-26.666666666666668,-7.333333333333333,-39.03030303030303,-29.21212121212121,-27.424242424242426,11.757575757575758
2020-11-12,-26.545454545454547,-6.666666666666667,-39.03030303030303,-28.666666666666668,-27.87878787878788,12.0
2020-11-13,-24.575757575757574,-0.09090909090909091,-36.333333333333336,-26.65625,-22.96969696969697,10.787878787878787
2020-11-14,-23.545454545454547,0.8181818181818182,-33.121212121212125,-20.46875,-3.1515151515151514,5.696969696969697
2020-11-15,-22.90909090909091,-2.727272727272727,-31.848484848484848,-26.25,3.696969696969697,4.181818181818182
2020-11-16,-22.696969696969695,-0.9696969696969697,-34.09090909090909,-29.78787878787879,-50.81818181818182,14.757575757575758
2020-11-17,-25.454545454545453,-5.151515151515151,-38.515151515151516,-25.242424242424242,-27.606060606060606,10.818181818181818
2020-11-18,-26.03030303030303,-6.121212121212121,-39.666666666666664,-28.181818181818183,-27.424242424242426,11.848484848484848
2020-11-19,-25.666666666666668,-6.424242424242424,-39.666666666666664,-29.09090909090909,-27.727272727272727,12.030303030303031
2020-11-20,-27.0,-4.484848484848484,-39.333333333333336,-30.375,-23.09090909090909,11.818181818181818
2020-11-21,-29.424242424242426,-5.454545454545454,-37.27272727272727,-27.75,-2.090909090909091,7.2727272727272725
2020-11-22,-29.96969696969697,-8.151515151515152,-38.18181818181818,-27.03125,3.393939393939394,5.575757575757576
2020-11-23,-29.242424242424242,-7.696969696969697,-38.121212121212125,-29.727272727272727,-24.90909090909091,11.121212121212121
2020-11-24,-28.666666666666668,-8.818181818181818,-37.39393939393939,-29.03030303030303,-27.363636363636363,11.545454545454545
2020-11-25,-27.606060606060606,-7.2727272727272725,-37.78787878787879,-28.0,-26.333333333333332,11.727272727272727
2020-11-26,-27.454545454545453,-6.96969696969697,-38.39393939393939,-28.818181818181817,-27.09090909090909,11.787878787878787
2020-11-27,-27.87878787878788,-4.151515151515151,-37.09090909090909,-29.625,-22.515151515151516,11.545454545454545
2020-11-28,-26.545454545454547,-1.4848484848484849,-34.84848484848485,-25.375,-0.5757575757575758,6.303030303030303
2020-11-29,-27.848484848484848,-4.636363636363637,-36.484848484848484,-24.65625,4.818181818181818,5.151515151515151
2020-11-30,-24.181818181818183,-1.0909090909090908,-37.96969696969697,-26.90909090909091,-23.606060606060606,10.333333333333334
2020-12-01,-21.818181818181817,-0.06060606060606061,-35.45454545454545,-25.21212121212121,-25.96969696969697,10.606060606060606
2020-12-02,-22.242424242424242,-0.5454545454545454,-35.84848484848485,-25.818181818181817,-24.454545454545453,10.878787878787879
2020-12-03,-23.424242424242426,-2.484848484848485,-37.84848484848485,-26.87878787878788,-25.424242424242426,11.454545454545455
2020-12-04,-26.272727272727273,-1.696969696969697,-38.96969696969697,-28.5625,-21.060606060606062,11.515151515151516
2020-12-05,-24.939393939393938,-0.48484848484848486,-34.45454545454545,-23.71875,0.6363636363636364,6.242424242424242
2020-12-06,-26.424242424242426,-3.9696969696969697,-36.78787878787879,-24.40625,5.878787878787879,5.242424242424242
2020-12-07,-23.151515151515152,-1.5151515151515151,-36.18181818181818,-26.78787878787879,-23.09090909090909,10.030303030303031
2020-12-08,-23.303030303030305,-3.8181818181818183,-35.303030303030305,-26.90909090909091,-23.818181818181817,10.636363636363637
2020-12-09,-21.87878787878788,-1.6666666666666667,-34.21212121212121,-25.515151515151516,-24.03030303030303,10.757575757575758
2020-12-10,-21.333333333333332,-0.06060606060606061,-33.42424242424242,-24.424242424242426,-24.363636363636363,11.0
2020-12-11,-22.575757575757574,3.787878787878788,-31.757575757575758,-24.65625,-19.545454545454547,10.303030303030303
2020-12-12,-23.606060606060606,2.8484848484848486,-28.727272727272727,-22.46875,-0.24242424242424243,5.636363636363637
2020-12-13,-22.424242424242426,0.09090909090909091,-30.545454545454547,-19.59375,8.454545454545455,4.575757575757576
2020-12-14,-18.575757575757574,3.5454545454545454,-31.0,-22.757575757575758,-22.060606060606062,9.393939393939394
2020-12-15,-13.575757575757576,7.303030303030303,-27.96969696969697,-18.696969696969695,-24.242424242424242,9.212121212121213
2020-12-16,-12.545454545454545,8.909090909090908,-29.060606060606062,-17.575757575757574,-23.21212121212121,9.454545454545455
2020-12-17,-14.0,8.393939393939394,-30.0,-17.90909090909091,-24.363636363636363,9.818181818181818
2020-12-18,-18.151515151515152,8.545454545454545,-29.606060606060606,-18.53125,-19.666666666666668,9.515151515151516
2020-12-19,-18.939393939393938,9.393939393939394,-27.515151515151516,-7.9375,2.727272727272727,4.484848484848484
2020-12-20,-16.333333333333332,8.212121212121213,-26.333333333333332,-6.4375,11.818181818181818,3.393939393939394
2020-12-21,-9.303030303030303,13.93939393939394,-22.515151515151516,-12.06060606060606,-24.848484848484848,7.9393939393939394
2020-12-22,-6.515151515151516,17.848484848484848,-21.151515151515152,-5.2727272727272725,-28.21212121212121,7.818181818181818
2020-12-23,-1.5151515151515151,31.696969696969695,-17.333333333333332,4.0,-27.636363636363637,6.9393939393939394
2020-12-24,-17.09090909090909,31.21212121212121,-24.484848484848484,-12.787878787878787,-37.36363636363637,7.848484848484849
2020-12-25,-64.39393939393939,-35.42424242424242,-47.63636363636363,-56.5625,-69.21212121212122,18.90909090909091
2020-12-26,-32.75757575757576,-5.909090909090909,-32.06060606060606,-22.21875,-17.12121212121212,10.212121212121213
2020-12-27,-30.272727272727273,-6.484848484848484,-30.363636363636363,-9.0625,4.606060606060606,6.606060606060606
2020-12-28,-19.333333333333332,3.9393939393939394,-25.181818181818183,-17.575757575757574,-31.87878787878788,11.272727272727273
2020-12-29,-16.848484848484848,7.0,-23.272727272727273,-13.272727272727273,-34.484848484848484,11.545454545454545
2020-12-30,-11.424242424242424,21.09090909090909,-22.151515151515152,-5.848484848484849,-33.27272727272727,10.636363636363637
2020-12-31,-20.393939393939394,29.727272727272727,-23.87878787878788,-15.636363636363637,-38.63636363636363,9.515151515151516
2021-01-01,-64.06060606060606,-37.39393939393939,-45.0,-57.25,-70.63636363636364,19.696969696969695
2021-01-02,-34.333333333333336,-5.848484848484849,-32.484848484848484,-20.8125,-19.666666666666668,11.454545454545455
2021-01-03,-32.93939393939394,-7.545454545454546,-33.484848484848484,-2.0625,1.7575757575757576,7.363636363636363
2021-01-04,-21.545454545454547,5.333333333333333,-28.575757575757574,-16.545454545454547,-27.09090909090909,11.06060606060606
2021-01-05,-18.515151515151516,9.212121212121213,-24.818181818181817,-17.939393939393938,-28.848484848484848,11.0
2021-01-06,-24.03030303030303,2.8181818181818183,-32.39393939393939,-24.606060606060606,-25.272727272727273,10.93939393939394
2021-01-07,-28.575757575757574,-3.9696969696969697,-36.81818181818182,-28.303030303030305,-28.09090909090909,13.181818181818182
2021-01-08,-31.90909090909091,-4.575757575757576,-38.666666666666664,-32.75,-23.575757575757574,13.818181818181818
2021-01-09,-33.0,-4.242424242424242,-40.60606060606061,-28.78125,-2.242424242424242,9.424242424242424
2021-01-10,-36.18181818181818,-9.878787878787879,-40.90909090909091,-28.9375,1.9090909090909092,7.96969696969697
2021-01-11,-30.818181818181817,-6.121212121212121,-39.96969696969697,-30.545454545454547,-25.454545454545453,12.181818181818182
2021-01-12,-32.24242424242424,-9.636363636363637,-40.96969696969697,-32.42424242424242,-29.181818181818183,12.696969696969697
2021-01-13,-32.93939393939394,-11.212121212121213,-43.15151515151515,-35.24242424242424,-30.484848484848484,11.424242424242424
2021-01-14,-33.60606060606061,-12.06060606060606,-43.96969696969697,-37.60606060606061,-32.60606060606061,11.575757575757576
2021-01-15,-34.696969696969695,-10.121212121212121,-44.515151515151516,-39.0,-29.242424242424242,11.212121212121213
2021-01-16,-35.36363636363637,-8.363636363636363,-44.09090909090909,-36.03125,-10.272727272727273,7.393939393939394
2021-01-17,-39.60606060606061,-15.484848484848484,-45.63636363636363,-37.03125,-6.848484848484849,6.636363636363637
2021-01-18,-32.36363636363637,-9.424242424242424,-40.75757575757576,-35.72727272727273,-30.363636363636363,10.484848484848484
2021-01-19,-33.90909090909091,-13.181818181818182,-42.63636363636363,-36.75757575757576,-33.121212121212125,11.424242424242424
2021-01-20,-34.75757575757576,-13.696969696969697,-45.90909090909091,-37.60606060606061,-32.63636363636363,12.545454545454545
2021-01-21,-34.15151515151515,-12.606060606060606,-43.515151515151516,-37.60606060606061,-32.36363636363637,12.454545454545455
2021-01-22,-36.36363636363637,-12.030303030303031,-43.06060606060606,-38.96875,-27.78787878787879,12.696969696969697
2021-01-23,-36.515151515151516,-9.93939393939394,-42.90909090909091,-36.5625,-7.96969696969697,8.212121212121213
2021-01-24,-40.878787878787875,-17.09090909090909,-44.878787878787875,-37.9375,-5.333333333333333,7.121212121212121
2021-01-25,-34.96969696969697,-12.06060606060606,-42.27272727272727,-37.121212121212125,-29.545454545454547,11.272727272727273
2021-01-26,-34.57575757575758,-13.545454545454545,-42.0,-37.54545454545455,-32.03030303030303,11.848484848484848
2021-01-27,-34.03030303030303,-12.606060606060606,-43.121212121212125,-37.54545454545455,-30.848484848484848,12.333333333333334
2021-01-28,-33.333333333333336,-11.242424242424242,-43.36363636363637,-36.42424242424242,-31.303030303030305,12.424242424242424
2021-01-29,-32.666666666666664,-5.787878787878788,-42.333333333333336,-35.0625,-26.636363636363637,11.636363636363637
2021-01-30,-32.03030303030303,-2.242424242424242,-39.90909090909091,-29.28125,-5.848484848484849,6.303030303030303
2021-01-31,-36.72727272727273,-10.545454545454545,-41.121212121212125,-36.0,-2.757575757575758,5.393939393939394
2021-02-01,-32.696969696969695,-5.0606060606060606,-39.0,-38.81818181818182,-53.63636363636363,15.393939393939394
2021-02-02,-30.242424242424242,-7.0,-39.24242424242424,-31.848484848484848,-29.575757575757574,9.424242424242424
2021-02-03,-31.272727272727273,-9.272727272727273,-41.18181818181818,-35.09090909090909,-30.181818181818183,10.666666666666666
2021-02-04,-31.848484848484848,-9.757575757575758,-41.666666666666664,-35.54545454545455,-30.696969696969695,11.242424242424242
2021-02-05,-34.27272727272727,-8.727272727272727,-42.121212121212125,-37.625,-26.151515151515152,11.454545454545455
2021-02-06,-35.15151515151515,-7.484848484848484,-41.333333333333336,-35.5,-5.848484848484849,7.121212121212121
2021-02-07,-40.75757575757576,-15.121212121212121,-44.54545454545455,-38.34375,-3.1515151515151514,6.03030303030303
2021-02-08,-31.454545454545453,-8.242424242424242,-40.24242424242424,-34.90909090909091,-28.21212121212121,9.757575757575758
2021-02-09,-31.181818181818183,-9.93939393939394,-40.0,-34.666666666666664,-30.03030303030303,10.545454545454545
2021-02-10,-30.484848484848484,-8.878787878787879,-40.84848484848485,-34.333333333333336,-29.151515151515152,10.606060606060606
2021-02-11,-31.03030303030303,-8.696969696969697,-43.39393939393939,-34.72727272727273,-29.636363636363637,10.787878787878787
2021-02-12,-32.03030303030303,-5.424242424242424,-44.96969696969697,-34.6875,-24.87878787878788,10.454545454545455
2021-02-13,-29.303030303030305,0.6060606060606061,-41.24242424242424,-30.71875,-5.090909090909091,5.303030303030303
2021-02-14,-28.09090909090909,-4.96969696969697,-39.36363636363637,-31.125,1.0303030303030303,3.878787878787879
2021-02-15,-29.424242424242426,-3.1818181818181817,-42.333333333333336,-32.78787878787879,-29.90909090909091,8.030303030303031
2021-02-16,-28.424242424242426,-4.121212121212121,-42.09090909090909,-32.18181818181818,-30.848484848484848,8.696969696969697
2021-02-17,-27.96969696969697,-3.6666666666666665,-40.27272727272727,-31.363636363636363,-28.060606060606062,9.606060606060606
2021-02-18,-28.424242424242426,-4.848484848484849,-43.36363636363637,-31.333333333333332,-28.757575757575758,10.636363636363637
2021-02-19,-31.363636363636363,-5.2727272727272725,-44.72727272727273,-33.15625,-24.393939393939394,11.121212121212121
2021-02-20,-28.545454545454547,-0.8181818181818182,-39.45454545454545,-30.03125,-3.1515151515151514,5.606060606060606
2021-02-21,-32.06060606060606,-7.878787878787879,-38.75757575757576,-30.09375,0.8484848484848485,4.333333333333333
2021-02-22,-28.666666666666668,-4.454545454545454,-40.24242424242424,-31.0,-24.96969696969697,8.93939393939394
2021-02-23,-27.757575757575758,-5.575757575757576,-39.121212121212125,-31.484848484848484,-27.21212121212121,9.515151515151516
2021-02-24,-26.96969696969697,-4.03030303030303,-38.72727272727273,-30.848484848484848,-26.333333333333332,9.575757575757576
2021-02-25,-26.03030303030303,-2.3333333333333335,-39.06060606060606,-29.393939393939394,-26.757575757575758,9.666666666666666
2021-02-26,-26.21212121212121,1.9696969696969697,-38.24242424242424,-30.0,-21.636363636363637,8.878787878787879
2021-02-27,-23.515151515151516,6.545454545454546,-34.45454545454545,-25.75,-0.3939393939393939,3.515151515151515
2021-02-28,-25.606060606060606,1.2424242424242424,-33.27272727272727,-24.34375,4.696969696969697,2.393939393939394
2021-03-01,-23.757575757575758,3.212121212121212,-37.06060606060606,-27.151515151515152,-23.696969696969695,7.606060606060606
2021-03-02,-24.393939393939394,-0.5454545454545454,-37.84848484848485,-29.363636363636363,-26.757575757575758,8.515151515151516
2021-03-03,-24.0,0.0,-37.84848484848485,-27.818181818181817,-26.12121212121212,9.181818181818182
2021-03-04,-24.21212121212121,-0.42424242424242425,-37.54545454545455,-28.363636363636363,-26.575757575757574,9.333333333333334
2021-03-05,-26.545454545454547,0.5757575757575758,-37.27272727272727,-29.1875,-21.454545454545453,9.151515151515152
2021-03-06,-24.848484848484848,3.0606060606060606,-34.42424242424242,-25.625,-1.1818181818181819,4.151515151515151
2021-03-07,-26.96969696969697,-2.090909090909091,-33.57575757575758,-25.78125,3.878787878787879,2.9696969696969697
2021-03-08,-25.363636363636363,-1.0303030303030303,-35.54545454545455,-28.0,-24.09090909090909,8.151515151515152
2021-03-09,-25.454545454545453,-2.8484848484848486,-36.21212121212121,-28.454545454545453,-26.575757575757574,8.818181818181818
2021-03-10,-24.545454545454547,-1.303030303030303,-36.63636363636363,-27.545454545454547,-25.424242424242426,9.181818181818182
2021-03-11,-24.12121212121212,-0.9393939393939394,-36.484848484848484,-26.21212121212121,-25.818181818181817,9.272727272727273
2021-03-12,-23.303030303030305,4.454545454545454,-34.93939393939394,-24.09375,-20.727272727272727,8.151515151515152
2021-03-13,-20.393939393939394,8.878787878787879,-29.181818181818183,-16.34375,-0.5454545454545454,2.8484848484848486
2021-03-14,-21.333333333333332,3.3636363636363638,-24.90909090909091,-22.9375,4.515151515151516,1.4242424242424243
2021-03-15,-20.848484848484848,5.7272727272727275,-26.575757575757574,-23.939393939393938,-50.54545454545455,12.0
2021-03-16,-20.727272727272727,4.303030303030303,-32.484848484848484,-19.606060606060606,-24.636363636363637,7.393939393939394
2021-03-17,-21.03030303030303,4.181818181818182,-32.54545454545455,-22.636363636363637,-23.636363636363637,8.303030303030303
2021-03-18,-20.96969696969697,3.6666666666666665,-33.121212121212125,-22.03030303030303,-24.21212121212121,8.818181818181818
2021-03-19,-24.575757575757574,3.5454545454545454,-33.696969696969695,-24.90625,-19.12121212121212,8.393939393939394
2021-03-20,-22.21212121212121,6.484848484848484,-29.484848484848484,-20.84375,1.8484848484848484,3.4242424242424243
2021-03-21,-23.575757575757574,1.7272727272727273,-27.424242424242426,-19.40625,7.515151515151516,2.303030303030303
2021-03-22,-23.757575757575758,2.606060606060606,-33.09090909090909,-23.21212121212121,-21.333333333333332,7.757575757575758
2021-03-23,-22.96969696969697,0.6666666666666666,-32.84848484848485,-22.96969696969697,-23.757575757575758,8.06060606060606
2021-03-24,-20.939393939393938,2.4545454545454546,-33.39393939393939,-21.78787878787879,-23.0,8.393939393939394
2021-03-25,-19.606060606060606,4.454545454545454,-32.54545454545455,-20.393939393939394,-23.181818181818183,8.121212121212121
2021-03-26,-21.21212121212121,6.909090909090909,-31.727272727272727,-20.59375,-17.87878787878788,7.515151515151516
2021-03-27,-20.03030303030303,8.93939393939394,-27.96969696969697,-14.25,3.5757575757575757,2.4242424242424243
2021-03-28,-20.545454545454547,4.393939393939394,-25.939393939393938,-14.375,9.909090909090908,1.4545454545454546
2021-03-29,-17.575757575757574,8.212121212121213,-26.666666666666668,-18.0,-22.09090909090909,6.212121212121212
2021-03-30,-13.515151515151516,10.606060606060606,-23.515151515151516,-14.696969696969697,-24.484848484848484,5.909090909090909
2021-03-31,-6.303030303030303,21.575757575757574,-20.424242424242426,-5.151515151515151,-25.12121212121212,4.515151515151516
2021-04-01,-12.666666666666666,20.545454545454547,-20.09090909090909,-5.909090909090909,-41.54545454545455,8.272727272727273
2021-04-02,-35.21212121212121,1.4848484848484849,-25.242424242424242,-35.21875,-56.515151515151516,15.030303030303031
2021-04-03,-29.151515151515152,2.8181818181818183,-23.363636363636363,-26.9375,-23.96969696969697,5.818181818181818
2021-04-04,-26.060606060606062,0.30303030303030304,-26.424242424242426,-2.90625,2.757575757575758,0.9090909090909091
2021-04-05,-17.424242424242426,10.181818181818182,-26.393939393939394,-10.545454545454545,-21.757575757575758,5.636363636363637
2021-04-06,-18.03030303030303,6.515151515151516,-26.696969696969695,-15.363636363636363,-23.757575757575758,6.636363636363637
2021-04-07,-17.393939393939394,8.06060606060606,-25.96969696969697,-16.393939393939394,-23.363636363636363,6.515151515151516
2021-04-08,-17.515151515151516,7.121212121212121,-27.060606060606062,-17.939393939393938,-22.96969696969697,7.03030303030303
2021-04-09,-20.727272727272727,7.757575757575758,-28.393939393939394,-21.46875,-18.21212121212121,6.818181818181818
2021-04-10,-20.696969696969695,8.545454545454545,-26.696969696969695,-17.8125,3.3636363636363638,2.212121212121212
2021-04-11,-22.09090909090909,3.515151515151515,-26.454545454545453,-16.21875,8.484848484848484,1.7575757575757576
2021-04-12,-21.606060606060606,5.363636363636363,-29.696969696969695,-20.09090909090909,-19.272727272727273,6.787878787878788
2021-04-13,-20.333333333333332,4.212121212121212,-29.696969696969695,-20.757575757575758,-21.818181818181817,7.303030303030303
2021-04-14,-16.939393939393938,8.666666666666666,-28.484848484848484,-18.666666666666668,-21.333333333333332,7.303030303030303
2021-04-15,-13.545454545454545,13.0,-27.242424242424242,-17.333333333333332,-20.454545454545453,7.0606060606060606
2021-04-16,-16.727272727272727,12.575757575757576,-27.87878787878788,-19.3125,-15.787878787878787,6.757575757575758
2021-04-17,-16.666666666666668,13.151515151515152,-25.96969696969697,-16.46875,4.9393939393939394,2.090909090909091
2021-04-18,-17.484848484848484,8.575757575757576,-25.272727272727273,-14.21875,9.878787878787879,1.878787878787879
2021-04-19,-17.78787878787879,10.212121212121213,-27.515151515151516,-17.78787878787879,-17.90909090909091,6.848484848484849
2021-04-20,-16.515151515151516,8.757575757575758,-26.636363636363637,-16.818181818181817,-20.272727272727273,7.2727272727272725
2021-04-21,-16.545454545454547,8.848484848484848,-28.151515151515152,-16.757575757575758,-20.333333333333332,7.606060606060606
2021-04-22,-16.242424242424242,8.515151515151516,-28.545454545454547,-17.21212121212121,-19.757575757575758,7.909090909090909
2021-04-23,-18.03030303030303,10.848484848484848,-28.09090909090909,-18.5625,-14.575757575757576,7.2727272727272725
2021-04-24,-17.87878787878788,11.484848484848484,-24.424242424242426,-15.8125,5.393939393939394,2.393939393939394
2021-04-25,-19.303030303030305,6.2727272727272725,-24.303030303030305,-14.8125,10.363636363636363,2.0
2021-04-26,-18.484848484848484,9.424242424242424,-28.393939393939394,-18.12121212121212,-17.0,6.909090909090909
2021-04-27,-17.09090909090909,7.878787878787879,-27.060606060606062,-17.696969696969695,-19.303030303030305,7.2727272727272725
2021-04-28,-13.878787878787879,11.242424242424242,-27.303030303030305,-15.696969696969697,-18.96969696969697,7.0606060606060606
2021-04-29,-9.636363636363637,17.90909090909091,-25.333333333333332,-12.909090909090908,-18.484848484848484,6.393939393939394
2021-04-30,-3.8484848484848486,27.696969696969695,-19.424242424242426,-10.15625,-12.424242424242424,4.121212121212121
2021-05-01,-13.696969696969697,19.0,-19.484848484848484,-12.125,-11.696969696969697,3.121212121212121
2021-05-02,-13.121212121212121,13.151515151515152,-20.87878787878788,-8.5625,10.787878787878787,0.9696969696969697
2021-05-03,-11.848484848484848,18.21212121212121,-23.272727272727273,-12.666666666666666,-17.727272727272727,5.96969696969697
2021-05-04,-12.696969696969697,14.090909090909092,-23.393939393939394,-12.666666666666666,-18.363636363636363,6.424242424242424
2021-05-05,-10.878787878787879,14.636363636363637,-25.181818181818183,-13.757575757575758,-22.727272727272727,7.636363636363637
2021-05-06,-12.333333333333334,14.181818181818182,-25.393939393939394,-12.848484848484848,-18.272727272727273,6.787878787878788
2021-05-07,-12.878787878787879,17.0,-24.21212121212121,-11.78125,-11.969696969696969,6.2727272727272725
2021-05-08,-11.090909090909092,20.12121212121212,-20.575757575757574,-5.40625,8.93939393939394,0.9090909090909091
2021-05-09,-8.787878787878787,18.21212121212121,-18.575757575757574,-5.0625,17.181818181818183,-0.6060606060606061
2021-05-10,3.4545454545454546,24.78787878787879,-19.484848484848484,-11.121212121212121,-20.818181818181817,3.0606060606060606
2021-05-11,-13.787878787878787,12.333333333333334,-24.484848484848484,-7.848484848484849,-18.666666666666668,6.212121212121212
2021-05-12,-11.818181818181818,15.878787878787879,-26.060606060606062,-7.96969696969697,-18.09090909090909,7.0606060606060606
2021-05-13,-10.090909090909092,17.484848484848484,-24.757575757575758,-9.333333333333334,-17.78787878787879,7.03030303030303
2021-05-14,-8.333333333333334,23.636363636363637,-21.21212121212121,-8.46875,-11.818181818181818,6.181818181818182
2021-05-15,-6.090909090909091,26.03030303030303,-16.696969696969695,-4.8125,8.393939393939394,0.9393939393939394
2021-05-16,-7.606060606060606,20.21212121212121,-17.151515151515152,-2.71875,16.575757575757574,1.0
2021-05-17,-8.666666666666666,21.515151515151516,-20.454545454545453,-6.636363636363637,-13.030303030303031,5.575757575757576
2021-05-18,-9.151515151515152,17.96969696969697,-20.060606060606062,-7.818181818181818,-16.0,6.181818181818182
2021-05-19,-9.515151515151516,17.96969696969697,-20.575757575757574,-9.06060606060606,-15.848484848484848,6.848484848484849
2021-05-20,-8.545454545454545,17.636363636363637,-20.393939393939394,-7.151515151515151,-15.666666666666666,6.909090909090909
2021-05-21,-11.030303030303031,18.757575757575758,-19.21212121212121,-7.28125,-9.757575757575758,6.757575757575758
2021-05-22,-10.424242424242424,20.272727272727273,-16.272727272727273,-2.8125,11.666666666666666,2.0
2021-05-23,-10.393939393939394,15.363636363636363,-15.787878787878787,-2.5,18.242424242424242,1.6666666666666667
2021-05-24,-11.636363636363637,16.242424242424242,-20.363636363636363,-6.9393939393939394,-12.575757575757576,6.7272727272727275
2021-05-25,-10.212121212121213,15.212121212121213,-17.90909090909091,-6.0,-14.606060606060606,6.9393939393939394
2021-05-26,-8.212121212121213,17.454545454545453,-17.87878787878788,-5.090909090909091,-14.727272727272727,6.878787878787879
2021-05-27,-6.181818181818182,19.21212121212121,-17.151515151515152,-5.151515151515151,-14.181818181818182,6.696969696969697
2021-05-28,-4.333333333333333,25.0,-13.787878787878787,-4.25,-7.212121212121212,5.636363636363637
2021-05-29,-4.393939393939394,26.515151515151516,-10.636363636363637,0.09375,14.090909090909092,1.0606060606060606
2021-05-30,-3.696969696969697,22.848484848484848,-8.181818181818182,1.71875,20.484848484848484,0.5454545454545454
2021-05-31,-2.757575757575758,26.90909090909091,-12.93939393939394,-1.7878787878787878,-10.0,5.575757575757576
2021-06-01,-2.212121212121212,25.272727272727273,-11.121212121212121,-2.1515151515151514,-13.606060606060606,6.0606060606060606
2021-06-02,-2.8181818181818183,23.757575757575758,-10.909090909090908,-2.3636363636363638,-13.666666666666666,6.636363636363637
2021-06-03,-4.363636363636363,21.515151515151516,-19.636363636363637,-5.696969696969697,-13.515151515151516,7.151515151515151
2021-06-04,-6.96969696969697,23.87878787878788,-19.545454545454547,-7.53125,-6.96969696969697,6.96969696969697
2021-06-05,-7.212121212121212,23.454545454545453,-16.484848484848484,-2.96875,14.181818181818182,2.9696969696969697
2021-06-06,-2.515151515151515,25.303030303030305,2.515151515151515,2.3125,22.87878787878788,-0.030303030303030304
2021-06-07,-6.696969696969697,21.303030303030305,-16.90909090909091,-6.303030303030303,-10.484848484848484,6.545454545454546
2021-06-08,-6.181818181818182,19.272727272727273,-17.242424242424242,-5.0,-13.0,6.818181818181818
2021-06-09,-5.181818181818182,20.303030303030305,-18.393939393939394,-4.7272727272727275,-13.090909090909092,6.909090909090909
2021-06-10,-5.333333333333333,20.12121212121212,-19.12121212121212,-4.242424242424242,-13.121212121212121,6.96969696969697
2021-06-11,-8.303030303030303,21.181818181818183,-19.575757575757574,-6.125,-7.818181818181818,6.242424242424242
2021-06-12,-8.484848484848484,20.242424242424242,-19.727272727272727,-3.25,11.393939393939394,2.0606060606060606
2021-06-13,-8.484848484848484,15.333333333333334,-20.03030303030303,-1.84375,15.06060606060606,2.212121212121212
2021-06-14,-6.818181818181818,21.12121212121212,-20.151515151515152,-4.303030303030303,-10.636363636363637,5.96969696969697
2021-06-15,-1.1515151515151516,25.363636363636363,-16.666666666666668,-1.9696969696969697,-12.393939393939394,5.9393939393939394
2021-06-16,-1.5454545454545454,24.484848484848484,-17.90909090909091,-2.0606060606060606,-13.666666666666666,5.484848484848484
2021-06-17,-4.181818181818182,20.727272727272727,-20.696969696969695,-3.303030303030303,-15.030303030303031,6.0606060606060606
2021-06-18,-7.878787878787879,20.333333333333332,-23.03030303030303,-4.53125,-9.575757575757576,5.848484848484849
2021-06-19,-7.303030303030303,22.575757575757574,-21.666666666666668,-0.75,8.666666666666666,1.8181818181818181
2021-06-20,-4.606060606060606,20.727272727272727,-19.575757575757574,-0.125,16.87878787878788,-1.0606060606060606
2021-06-21,-8.242424242424242,17.757575757575758,-18.666666666666668,-2.878787878787879,-12.878787878787879,5.393939393939394
2021-06-22,-8.666666666666666,14.909090909090908,-21.12121212121212,-3.242424242424242,-15.484848484848484,6.515151515151516
2021-06-23,-5.333333333333333,17.666666666666668,-20.272727272727273,-2.8484848484848486,-14.93939393939394,6.424242424242424
2021-06-24,-5.515151515151516,17.303030303030305,-19.666666666666668,-3.242424242424242,-14.878787878787879,6.424242424242424
2021-06-25,-8.212121212121213,18.939393939393938,-20.78787878787879,-5.46875,-9.363636363636363,6.212121212121212
2021-06-26,-7.454545454545454,19.96969696969697,-17.939393939393938,-2.4375,10.181818181818182,2.1818181818181817
2021-06-27,-10.0,12.121212121212121,-24.515151515151516,-3.34375,12.545454545454545,3.0606060606060606
2021-06-28,-8.484848484848484,17.272727272727273,-23.575757575757574,-5.545454545454546,-12.545454545454545,3.272727272727273
2021-06-29,-8.696969696969697,13.818181818181818,-24.393939393939394,-6.878787878787879,-16.21212121212121,5.666666666666667
2021-06-30,0.6060606060606061,26.454545454545453,-20.12121212121212,-0.48484848484848486,-13.575757575757576,5.96969696969697
2021-07-01,0.48484848484848486,26.939393939393938,-19.90909090909091,-0.24242424242424243,-13.787878787878787,6.333333333333333
2021-07-02,-4.181818181818182,25.96969696969697,-18.96969696969697,-3.4375,-7.7272727272727275,6.303030303030303
2021-07-03,-4.424242424242424,25.21212121212121,-16.757575757575758,2.09375,11.515151515151516,2.3636363636363638
2021-07-04,-4.515151515151516,19.818181818181817,-15.454545454545455,1.25,15.333333333333334,1.878787878787879
2021-07-05,-2.1515151515151514,25.12121212121212,-15.303030303030303,1.2727272727272727,-10.151515151515152,5.363636363636363
2021-07-06,-3.1515151515151514,21.303030303030305,-16.78787878787879,0.6060606060606061,-13.333333333333334,6.303030303030303
2021-07-07,-1.7878787878787878,23.454545454545453,-17.151515151515152,1.2727272727272727,-13.909090909090908,6.242424242424242
2021-07-08,-1.4848484848484849,23.272727272727273,-17.727272727272727,0.6363636363636364,-14.121212121212121,6.2727272727272725
2021-07-09,-5.7272727272727275,23.757575757575758,-18.303030303030305,-2.53125,-8.393939393939394,6.0606060606060606
2021-07-10,-6.878787878787879,23.181818181818183,-17.848484848484848,1.78125,11.212121212121213,2.272727272727273
2021-07-11,-8.0,16.87878787878788,-18.454545454545453,0.09375,14.363636363636363,2.4545454545454546
2021-07-12,-4.333333333333333,23.03030303030303,-16.242424242424242,0.30303030303030304,-11.757575757575758,5.575757575757576
2021-07-13,-2.9393939393939394,21.848484848484848,-16.545454545454547,1.8181818181818181,-14.878787878787879,6.121212121212121
2021-07-14,1.1818181818181819,27.151515151515152,-14.484848484848484,3.1515151515151514,-14.121212121212121,5.848484848484849
2021-07-15,4.757575757575758,31.818181818181817,-13.181818181818182,4.575757575757576,-13.757575757575758,5.363636363636363
2021-07-16,-0.36363636363636365,31.242424242424242,-13.93939393939394,3.46875,-8.818181818181818,5.2727272727272725
2021-07-17,-2.8484848484848486,28.484848484848484,-12.636363636363637,6.65625,10.878787878787879,1.5757575757575757
2021-07-18,-3.727272727272727,21.78787878787879,-13.090909090909092,7.0,14.636363636363637,1.5757575757575757
2021-07-19,-0.36363636363636365,27.666666666666668,-12.575757575757576,4.0606060606060606,-13.272727272727273,5.454545454545454
2021-07-20,-0.8484848484848485,24.21212121212121,-11.969696969696969,3.484848484848485,-16.454545454545453,6.0
2021-07-21,-0.696969696969697,25.333333333333332,-13.696969696969697,3.1515151515151514,-16.454545454545453,6.484848484848484
2021-07-22,-1.0,24.515151515151516,-14.030303030303031,2.515151515151515,-16.78787878787879,6.818181818181818
2021-07-23,-5.393939393939394,25.333333333333332,-14.666666666666666,-0.53125,-11.424242424242424,6.818181818181818
2021-07-24,-6.878787878787879,24.060606060606062,-14.515151515151516,3.25,10.393939393939394,2.787878787878788
2021-07-25,-7.787878787878788,17.484848484848484,-14.818181818181818,2.40625,14.272727272727273,2.4545454545454546
2021-07-26,-4.636363636363637,23.727272727272727,-13.848484848484848,1.3636363636363635,-14.272727272727273,6.181818181818182
2021-07-27,-3.8484848484848486,21.515151515151516,-13.242424242424242,0.8181818181818182,-17.303030303030305,6.787878787878788
2021-07-28,-2.8484848484848486,22.848484848484848,-15.666666666666666,0.7272727272727273,-17.0,7.181818181818182
2021-07-29,-1.8181818181818181,24.87878787878788,-16.242424242424242,0.36363636363636365,-16.757575757575758,7.090909090909091
2021-07-30,-2.5454545454545454,30.636363636363637,-16.12121212121212,-1.375,-10.818181818181818,6.606060606060606
2021-07-31,-3.878787878787879,29.545454545454547,-15.363636363636363,5.09375,11.636363636363637,2.4545454545454546
2021-08-01,-4.363636363636363,24.363636363636363,-14.575757575757576,5.1875,15.484848484848484,2.1818181818181817
2021-08-02,-1.7272727272727273,28.666666666666668,-15.818181818181818,1.2121212121212122,-12.636363636363637,6.03030303030303
2021-08-03,-3.0303030303030303,23.545454545454547,-18.242424242424242,0.5151515151515151,-16.363636363636363,7.03030303030303
2021-08-04,-1.606060606060606,25.696969696969695,-16.696969696969695,1.2424242424242424,-15.818181818181818,6.9393939393939394
2021-08-05,-2.5757575757575757,24.151515151515152,-18.242424242424242,-1.0909090909090908,-16.09090909090909,7.484848484848484
2021-08-06,-7.0,24.09090909090909,-19.060606060606062,-4.96875,-10.575757575757576,7.606060606060606
2021-08-07,-8.181818181818182,23.363636363636363,-19.575757575757574,-1.3125,10.696969696969697,3.696969696969697
2021-08-08,-9.454545454545455,17.515151515151516,-20.78787878787879,-1.9375,13.848484848484848,3.5454545454545454
2021-08-09,-5.878787878787879,23.333333333333332,-19.151515151515152,-2.9393939393939394,-12.363636363636363,6.606060606060606
2021-08-10,-5.151515151515151,21.454545454545453,-18.545454545454547,-2.242424242424242,-15.696969696969697,7.181818181818182
2021-08-11,-4.757575757575758,21.90909090909091,-19.272727272727273,-3.0303030303030303,-15.575757575757576,7.424242424242424
2021-08-12,-4.96969696969697,22.272727272727273,-19.818181818181817,-3.8181818181818183,-15.727272727272727,7.575757575757576
2021-08-13,-5.2727272727272725,27.333333333333332,-19.151515151515152,-5.03125,-9.272727272727273,6.9393939393939394
2021-08-14,-5.424242424242424,28.363636363636363,-18.666666666666668,-0.25,11.303030303030303,3.3636363636363638
2021-08-15,-6.575757575757576,22.848484848484848,-18.575757575757574,-1.1875,14.969696969696969,3.0303030303030303
2021-08-16,-3.3333333333333335,27.21212121212121,-18.363636363636363,-2.878787878787879,-12.424242424242424,6.2727272727272725
2021-08-17,-4.484848484848484,22.696969696969695,-19.78787878787879,-3.696969696969697,-15.818181818181818,7.2727272727272725
2021-08-18,-4.545454545454546,23.90909090909091,-20.060606060606062,-4.696969696969697,-13.393939393939394,7.393939393939394
2021-08-19,-8.696969696969697,18.424242424242426,-23.333333333333332,-8.121212121212121,-17.393939393939394,8.696969696969697
2021-08-20,-9.090909090909092,21.757575757575758,-22.606060606060606,-8.9375,-8.909090909090908,7.424242424242424
2021-08-21,-12.242424242424242,18.242424242424242,-29.0,-9.0625,8.272727272727273,5.303030303030303
2021-08-22,-11.545454545454545,15.424242424242424,-25.87878787878788,-7.5,14.0,4.575757575757576
2021-08-23,-8.121212121212121,20.515151515151516,-21.939393939393938,-7.2727272727272725,-11.333333333333334,6.9393939393939394
2021-08-24,-7.666666666666667,18.12121212121212,-21.424242424242426,-6.96969696969697,-14.818181818181818,7.303030303030303
2021-08-25,-5.848484848484849,20.424242424242426,-20.696969696969695,-6.242424242424242,-14.090909090909092,7.424242424242424
2021-08-26,-5.7272727272727275,20.87878787878788,-21.363636363636363,-5.636363636363637,-14.06060606060606,7.484848484848484
2021-08-27,-8.121212121212121,22.666666666666668,-22.848484848484848,-8.40625,-7.9393939393939394,7.242424242424242
2021-08-28,-8.818181818181818,22.90909090909091,-25.454545454545453,-6.65625,11.666666666666666,4.090909090909091
2021-08-29,-10.0,19.181818181818183,-27.818181818181817,-6.34375,14.93939393939394,4.393939393939394
2021-08-30,-5.575757575757576,24.515151515151516,-22.545454545454547,-7.303030303030303,-10.848484848484848,6.515151515151516
2021-08-31,-2.121212121212121,26.606060606060606,-21.0,-4.515151515151516,-12.93939393939394,6.515151515151516
2021-09-01,-0.6363636363636364,28.363636363636363,-20.87878787878788,-3.6363636363636362,-12.909090909090908,6.636363636363637
2021-09-02,-2.9696969696969697,24.12121212121212,-23.78787878787879,-6.454545454545454,-12.969696969696969,7.303030303030303
2021-09-03,-6.818181818181818,23.606060606060606,-24.636363636363637,-8.375,-6.303030303030303,7.151515151515151
2021-09-04,-4.7272727272727275,25.78787878787879,-21.78787878787879,-4.78125,12.06060606060606,3.606060606060606
2021-09-05,-6.878787878787879,20.78787878787879,-23.818181818181817,-6.25,15.363636363636363,3.696969696969697
2021-09-06,-5.2727272727272725,22.757575757575758,-22.575757575757574,-5.9393939393939394,-9.575757575757576,6.333333333333333
2021-09-07,-6.454545454545454,18.606060606060606,-23.03030303030303,-5.787878787878788,-12.848484848484848,6.696969696969697
2021-09-08,-6.424242424242424,19.545454545454547,-22.90909090909091,-6.96969696969697,-13.0,7.212121212121212
2021-09-09,-5.787878787878788,20.606060606060606,-22.636363636363637,-7.848484848484849,-12.696969696969697,7.0606060606060606
2021-09-10,-8.333333333333334,21.666666666666668,-22.696969696969695,-8.3125,-7.151515151515151,6.7272727272727275
2021-09-11,-5.696969696969697,24.21212121212121,-21.03030303030303,-4.78125,12.575757575757576,3.3333333333333335
2021-09-12,-7.545454545454546,19.12121212121212,-21.848484848484848,-6.625,15.848484848484848,3.5454545454545454
2021-09-13,-4.363636363636363,23.424242424242426,-20.242424242424242,-5.909090909090909,-8.787878787878787,5.909090909090909
2021-09-14,0.3333333333333333,27.545454545454547,-16.545454545454547,-1.0303030303030303,-11.969696969696969,5.545454545454546
2021-09-15,7.0,40.27272727272727,-8.818181818181818,3.8484848484848486,-13.212121212121213,2.0606060606060606
2021-09-16,-11.242424242424242,15.787878787878787,-20.363636363636363,-19.666666666666668,-52.27272727272727,14.090909090909092
2021-09-17,-5.303030303030303,25.96969696969697,-20.09090909090909,-7.6875,-13.151515151515152,7.636363636363637
2021-09-18,-5.424242424242424,24.939393939393938,-18.484848484848484,-3.6875,8.151515151515152,3.606060606060606
2021-09-19,-6.484848484848484,20.696969696969695,-19.696969696969695,3.0625,14.545454545454545,2.9696969696969697
2021-09-20,-4.121212121212121,24.363636363636363,-18.727272727272727,-1.393939393939394,-8.181818181818182,5.636363636363637
2021-09-21,-4.575757575757576,21.060606060606062,-18.727272727272727,-2.5454545454545454,-11.06060606060606,6.212121212121212
2021-09-22,-4.848484848484849,21.060606060606062,-20.696969696969695,-3.8181818181818183,-9.0,6.7272727272727275
2021-09-23,-5.0,20.545454545454547,-20.757575757575758,-4.2727272727272725,-9.393939393939394,6.848484848484849
2021-09-24,-7.363636363636363,21.818181818181817,-21.151515151515152,-5.96875,-3.8484848484848486,6.484848484848484
2021-09-25,-6.242424242424242,23.21212121212121,-19.545454545454547,-3.6875,13.06060606060606,2.8484848484848486
2021-09-26,-7.242424242424242,19.151515151515152,-19.242424242424242,-3.1875,16.818181818181817,3.0
2021-09-27,-7.303030303030303,20.242424242424242,-21.0,-4.757575757575758,-5.7272727272727275,5.818181818181818
2021-09-28,-5.787878787878788,19.181818181818183,-19.575757575757574,-3.757575757575758,-9.0,6.0606060606060606
2021-09-29,-2.1818181818181817,23.78787878787879,-17.848484848484848,-1.4545454545454546,-8.242424242424242,5.787878787878788
2021-09-30,1.5757575757575757,28.90909090909091,-21.03030303030303,0.42424242424242425,-8.090909090909092,5.7272727272727275
2021-10-01,-0.12121212121212122,31.151515151515152,-21.696969696969695,-0.46875,-2.606060606060606,5.393939393939394
2021-10-02,0.9090909090909091,31.666666666666668,-19.333333333333332,2.5,13.909090909090908,1.9696969696969697
2021-10-03,-0.48484848484848486,27.060606060606062,-18.666666666666668,2.375,17.060606060606062,2.090909090909091
2021-10-04,-3.9393939393939394,25.242424242424242,-21.757575757575758,-3.303030303030303,-4.909090909090909,4.878787878787879
2021-10-05,-2.727272727272727,23.12121212121212,-22.12121212121212,-2.212121212121212,-8.93939393939394,5.9393939393939394
2021-10-06,-0.24242424242424243,24.12121212121212,-21.09090909090909,-1.696969696969697,-7.666666666666667,5.787878787878788
2021-10-07,-0.9090909090909091,24.09090909090909,-20.90909090909091,-1.9696969696969697,-7.424242424242424,5.757575757575758
2021-10-08,-2.757575757575758,25.818181818181817,-20.424242424242426,-2.8125,-1.7878787878787878,5.424242424242424
2021-10-09,-0.7878787878787878,27.484848484848484,-17.151515151515152,0.34375,14.151515151515152,2.0606060606060606
2021-10-10,-1.5757575757575757,23.78787878787879,-17.666666666666668,0.15625,17.272727272727273,2.121212121212121
2021-10-11,-3.121212121212121,24.90909090909091,-19.424242424242426,-1.8484848484848484,-3.3636363636363638,5.0
2021-10-12,-2.515151515151515,22.545454545454547,-20.151515151515152,-1.696969696969697,-8.515151515151516,5.848484848484849
2021-10-13,-1.0303030303030303,24.21212121212121,-20.78787878787879,-1.3333333333333333,-7.212121212121212,5.575757575757576
2021-10-14,2.3636363636363638,27.78787878787879,-18.666666666666668,0.9090909090909091,-5.242424242424242,4.96969696969697
2021-10-15,3.6666666666666665,33.72727272727273,-16.575757575757574,2.25,-0.030303030303030304,4.0
2021-10-16,4.909090909090909,34.39393939393939,-15.272727272727273,5.40625,14.848484848484848,1.121212121212121
2021-10-17,3.6363636363636362,30.12121212121212,-15.363636363636363,6.53125,18.12121212121212,1.6363636363636365
2021-10-18,1.303030303030303,30.060606060606062,-17.09090909090909,3.0303030303030303,-2.787878787878788,4.393939393939394
2021-10-19,0.8787878787878788,26.12121212121212,-17.181818181818183,3.606060606060606,-6.393939393939394,5.090909090909091
2021-10-20,1.878787878787879,27.181818181818183,-17.818181818181817,3.3333333333333335,-5.666666666666667,5.212121212121212
2021-10-21,1.3333333333333333,26.303030303030305,-19.242424242424242,2.909090909090909,-6.363636363636363,5.545454545454546
2021-10-22,-1.1818181818181819,27.484848484848484,-18.78787878787879,1.65625,-0.21212121212121213,4.96969696969697
2021-10-23,0.9090909090909091,29.151515151515152,-15.151515151515152,4.71875,14.515151515151516,1.7575757575757576
2021-10-24,0.8484848484848485,26.363636363636363,-14.696969696969697,5.40625,17.96969696969697,1.9090909090909092
2021-10-25,-1.7272727272727273,26.545454545454547,-20.242424242424242,1.3636363636363635,-2.606060606060606,4.909090909090909
2021-10-26,1.4848484848484849,26.90909090909091,-15.818181818181818,4.575757575757576,-4.96969696969697,4.787878787878788
2021-10-27,4.303030303030303,31.484848484848484,-13.969696969696969,7.151515151515151,-4.545454545454546,4.333333333333333
2021-10-28,5.424242424242424,32.39393939393939,-13.272727272727273,9.0,-4.545454545454546,3.6363636363636362
2021-10-29,7.303030303030303,39.81818181818182,-9.151515151515152,12.90625,0.42424242424242425,3.0
2021-10-30,10.151515151515152,45.42424242424242,-1.121212121212121,23.03125,16.09090909090909,-1.303030303030303
2021-10-31,13.0,44.54545454545455,9.666666666666666,17.5,21.757575757575758,-1.5757575757575757
2021-11-01,11.303030303030303,43.39393939393939,9.363636363636363,5.303030303030303,-18.757575757575758,4.181818181818182
2021-11-02,1.1818181818181819,28.666666666666668,-0.7272727272727273,7.090909090909091,-34.39393939393939,7.515151515151516
2021-11-03,4.636363636363637,32.03030303030303,-15.484848484848484,14.272727272727273,-4.545454545454546,3.878787878787879
2021-11-04,3.484848484848485,29.454545454545453,-18.333333333333332,7.090909090909091,-4.0606060606060606,5.0606060606060606
2021-11-05,1.3333333333333333,29.484848484848484,-17.484848484848484,4.34375,1.9696969696969697,4.818181818181818
2021-11-06,3.0606060606060606,30.666666666666668,-15.636363636363637,7.65625,16.484848484848484,2.0
2021-11-07,4.0606060606060606,27.939393939393938,-14.424242424242424,8.875,19.666666666666668,1.9696969696969697
2021-11-08,1.8484848484848484,29.545454545454547,-16.363636363636363,6.545454545454546,0.5454545454545454,4.0
2021-11-09,3.0606060606060606,27.0,-16.03030303030303,6.787878787878788,-2.8181818181818183,4.424242424242424
2021-11-10,10.181818181818182,33.15151515151515,-15.242424242424242,9.93939393939394,-1.7878787878787878,3.696969696969697
2021-11-11,10.151515151515152,32.696969696969695,-15.0,10.848484848484848,-2.212121212121212,3.727272727272727
2021-11-12,10.454545454545455,37.18181818181818,-13.212121212121213,14.8125,2.272727272727273,3.272727272727273
2021-11-13,14.030303030303031,40.333333333333336,-8.909090909090908,22.625,16.666666666666668,-0.09090909090909091
2021-11-14,19.454545454545453,37.42424242424242,-3.121212121212121,10.9375,22.515151515151516,-0.6363636363636364
2021-11-15,19.151515151515152,41.84848484848485,-7.151515151515151,11.787878787878787,-44.39393939393939,9.787878787878787
2021-11-16,13.848484848484848,37.72727272727273,-11.030303030303031,19.303030303030305,-1.5151515151515151,2.696969696969697
2021-11-17,8.484848484848484,34.303030303030305,-12.545454545454545,13.0,-1.696969696969697,3.909090909090909
2021-11-18,7.303030303030303,32.333333333333336,-14.121212121212121,10.575757575757576,-1.9696969696969697,4.333333333333333
2021-11-19,3.787878787878788,31.727272727272727,-14.121212121212121,8.625,3.272727272727273,4.181818181818182
2021-11-20,6.2727272727272725,33.39393939393939,-7.878787878787879,11.25,17.21212121212121,1.4242424242424243
2021-11-21,7.696969696969697,31.696969696969695,-8.181818181818182,12.84375,21.939393939393938,1.0909090909090908
2021-11-22,4.333333333333333,31.78787878787879,-12.909090909090908,9.393939393939394,1.3333333333333333,3.6666666666666665
2021-11-23,5.484848484848484,29.545454545454547,-12.030303030303031,10.151515151515152,-1.8181818181818181,4.03030303030303
2021-11-24,7.121212121212121,31.727272727272727,-12.090909090909092,12.909090909090908,-1.121212121212121,3.9393939393939394
2021-11-25,8.090909090909092,32.42424242424242,-12.181818181818182,12.212121212121213,-1.9696969696969697,3.9696969696969697
2021-11-26,5.606060606060606,33.24242424242424,-13.787878787878787,9.5625,2.1818181818181817,4.515151515151516
2021-11-27,6.848484848484849,34.84848484848485,-9.424242424242424,12.40625,17.757575757575758,1.0303030303030303
2021-11-28,9.363636363636363,33.63636363636363,-5.757575757575758,16.5625,22.90909090909091,0.5151515151515151
2021-11-29,9.818181818181818,36.45454545454545,-11.424242424242424,12.515151515151516,3.3333333333333335,2.909090909090909
2021-11-30,14.090909090909092,40.24242424242424,-7.575757575757576,15.696969696969697,0.45454545454545453,2.6666666666666665
2021-12-01,15.272727272727273,42.63636363636363,-5.454545454545454,16.727272727272727,0.18181818181818182,2.787878787878788
2021-12-02,13.696969696969697,40.121212121212125,-7.151515151515151,14.969696969696969,0.30303030303030304,3.121212121212121
2021-12-03,10.242424242424242,39.84848484848485,-4.545454545454546,14.4375,6.0,2.606060606060606
2021-12-04,11.121212121212121,39.484848484848484,-2.090909090909091,17.59375,18.78787878787879,-0.2727272727272727
2021-12-05,13.303030303030303,37.39393939393939,0.0,19.71875,24.515151515151516,-0.2727272727272727
2021-12-06,10.575757575757576,38.84848484848485,-6.242424242424242,13.696969696969697,4.424242424242424,2.606060606060606
2021-12-07,12.93939393939394,37.06060606060606,-4.878787878787879,15.121212121212121,3.4242424242424243,2.696969696969697
2021-12-08,16.515151515151516,40.39393939393939,-2.9696969696969697,16.606060606060606,5.0606060606060606,2.303030303030303
2021-12-09,16.363636363636363,39.72727272727273,-4.545454545454546,16.21212121212121,5.484848484848484,2.4242424242424243
2021-12-10,13.666666666666666,40.72727272727273,-2.9696969696969697,14.4375,10.696969696969697,1.6363636363636365
2021-12-11,15.454545454545455,43.303030303030305,1.8484848484848484,22.03125,26.666666666666668,-1.6363636363636365
2021-12-12,17.696969696969695,38.63636363636363,2.484848484848485,20.46875,33.54545454545455,-1.606060606060606
2021-12-13,16.12121212121212,41.696969696969695,-4.121212121212121,16.454545454545453,8.515151515151516,1.7575757575757576
2021-12-14,20.78787878787879,43.27272727272727,-2.3333333333333335,21.0,5.575757575757576,1.9393939393939394
2021-12-15,38.45454545454545,53.333333333333336,1.878787878787879,28.060606060606062,6.0,0.15151515151515152
2021-12-16,34.515151515151516,52.09090909090909,2.090909090909091,28.12121212121212,4.606060606060606,0.3939393939393939
2021-12-17,24.21212121212121,48.15151515151515,-0.5757575757575758,27.40625,7.7272727272727275,0.7575757575757576
2021-12-18,23.272727272727273,47.0,2.3333333333333335,43.5,25.96969696969697,-3.1818181818181817
2021-12-19,30.181818181818183,44.90909090909091,-0.6363636363636364,42.78125,35.15151515151515,-2.696969696969697
2021-12-20,34.06060606060606,52.45454545454545,3.303030303030303,32.18181818181818,-4.515151515151516,1.6363636363636365
2021-12-21,37.03030303030303,54.15151515151515,6.121212121212121,37.666666666666664,-8.363636363636363,1.9393939393939394
2021-12-22,41.78787878787879,63.75757575757576,9.606060606060606,47.27272727272727,-9.333333333333334,1.1818181818181819
2021-12-23,46.57575757575758,78.96969696969697,13.878787878787879,58.06060606060606,-12.727272727272727,0.5757575757575758
2021-12-24,11.727272727272727,74.75757575757575,-2.5454545454545454,18.65625,-26.90909090909091,3.878787878787879
2021-12-25,-36.84848484848485,-7.2727272727272725,-18.09090909090909,-21.34375,-48.18181818181818,5.454545454545454
2021-12-26,14.909090909090908,30.727272727272727,4.03030303030303,44.4375,21.757575757575758,-0.2727272727272727
2021-12-27,21.12121212121212,41.57575757575758,6.606060606060606,32.666666666666664,-17.515151515151516,5.454545454545454
2021-12-28,24.21212121212121,42.666666666666664,9.696969696969697,33.09090909090909,-19.151515151515152,5.696969696969697
2021-12-29,28.727272727272727,51.36363636363637,11.303030303030303,38.72727272727273,-19.09090909090909,5.2727272727272725
2021-12-30,35.78787878787879,68.48484848484848,15.757575757575758,47.09090909090909,-20.181818181818183,4.0606060606060606
2021-12-31,7.2727272727272725,72.60606060606061,0.8787878787878788,14.59375,-28.78787878787879,5.787878787878788
2022-01-01,-37.42424242424242,-8.424242424242424,-13.93939393939394,-18.59375,-50.45454545454545,6.181818181818182
2022-01-02,9.151515151515152,32.81818181818182,-4.181818181818182,57.25,18.818181818181817,0.7575757575757576
2022-01-03,12.090909090909092,43.63636363636363,-7.636363636363637,35.45454545454545,-5.545454545454546,5.696969696969697
2022-01-04,13.121212121212121,42.90909090909091,-4.242424242424242,26.90909090909091,-4.818181818181818,5.96969696969697
2022-01-05,18.303030303030305,53.84848484848485,3.4242424242424243,23.545454545454547,-2.787878787878788,4.909090909090909
2022-01-06,10.393939393939394,43.09090909090909,-7.03030303030303,9.484848484848484,-5.909090909090909,6.0
2022-01-07,-0.30303030303030304,34.36363636363637,-15.484848484848484,1.40625,1.3333333333333333,8.121212121212121
2022-01-08,-0.9696969696969697,32.57575757575758,-15.757575757575758,6.03125,22.09090909090909,5.333333333333333
2022-01-09,-0.18181818181818182,29.96969696969697,-15.0,6.0625,27.484848484848484,4.424242424242424
2022-01-10,-0.030303030303030304,34.45454545454545,-17.90909090909091,2.757575757575758,-0.6060606060606061,7.2727272727272725
2022-01-11,-0.7878787878787878,30.363636363636363,-17.666666666666668,1.121212121212121,-5.242424242424242,8.363636363636363
2022-01-12,0.7575757575757576,32.36363636363637,-15.878787878787879,0.9696969696969697,-6.818181818181818,8.878787878787879
2022-01-13,0.9393939393939394,32.484848484848484,-16.90909090909091,-0.696969696969697,-7.878787878787879,9.242424242424242
2022-01-14,-0.5757575757575758,34.878787878787875,-16.727272727272727,-3.6875,-1.0909090909090908,9.363636363636363
2022-01-15,-0.30303030303030304,34.63636363636363,-17.87878787878788,-0.59375,20.333333333333332,6.212121212121212
2022-01-16,-1.1515151515151516,29.12121212121212,-18.848484848484848,-2.125,24.303030303030305,5.636363636363637
2022-01-17,2.4545454545454546,35.878787878787875,-14.272727272727273,-1.121212121212121,-3.1515151515151514,8.06060606060606
2022-01-18,3.090909090909091,31.757575757575758,-13.848484848484848,-0.18181818181818182,-7.0606060606060606,8.727272727272727
2022-01-19,4.303030303030303,32.878787878787875,-14.484848484848484,-0.9393939393939394,-7.0,9.151515151515152
2022-01-20,2.212121212121212,30.757575757575758,-18.0,-3.0606060606060606,-7.303030303030303,9.757575757575758
2022-01-21,-4.121212121212121,27.454545454545453,-22.848484848484848,-8.03125,-1.696969696969697,10.969696969696969
2022-01-22,-2.909090909090909,28.09090909090909,-21.545454545454547,-6.25,19.424242424242426,7.2727272727272725
2022-01-23,-2.0303030303030303,25.09090909090909,-18.757575757575758,-7.0625,24.87878787878788,6.0606060606060606
2022-01-24,0.5151515151515151,30.151515151515152,-16.78787878787879,-4.242424242424242,-1.2424242424242424,8.484848484848484
2022-01-25,2.484848484848485,28.818181818181817,-13.787878787878787,-2.1818181818181817,-4.636363636363637,8.424242424242424
2022-01-26,2.4545454545454546,29.303030303030305,-16.03030303030303,-1.8181818181818181,-4.303030303030303,8.787878787878787
2022-01-27,3.090909090909091,29.424242424242426,-16.272727272727273,-1.9393939393939394,-3.6363636363636362,8.696969696969697
2022-01-28,0.5454545454545454,30.666666666666668,-19.454545454545453,-4.3125,2.515151515151515,9.030303030303031
2022-01-29,2.8484848484848486,33.878787878787875,-16.181818181818183,-0.6875,23.78787878787879,5.0606060606060606
2022-01-30,4.242424242424242,32.15151515151515,-11.181818181818182,0.75,30.272727272727273,3.757575757575758
2022-01-31,8.606060606060606,39.24242424242424,-9.848484848484848,2.878787878787879,4.212121212121212,5.9393939393939394
2022-02-01,9.696969696969697,38.93939393939394,-8.424242424242424,5.484848484848484,0.6363636363636364,6.2727272727272725
2022-02-02,8.363636363636363,37.45454545454545,-8.090909090909092,3.6363636363636362,1.696969696969697,5.909090909090909
2022-02-03,6.181818181818182,33.333333333333336,-14.606060606060606,2.4242424242424243,0.6060606060606061,7.121212121212121
2022-02-04,1.3636363636363635,31.939393939393938,-18.727272727272727,2.46875,6.333333333333333,7.7272727272727275
2022-02-05,3.787878787878788,33.45454545454545,-14.606060606060606,6.875,24.12121212121212,4.424242424242424
2022-02-06,6.666666666666667,29.818181818181817,-5.666666666666667,-2.25,29.242424242424242,2.9696969696969697
2022-02-07,4.9393939393939394,32.45454545454545,-11.909090909090908,-0.7575757575757576,-40.78787878787879,13.666666666666666
2022-02-08,5.121212121212121,30.96969696969697,-14.424242424242424,9.606060606060606,1.878787878787879,5.7272727272727275
2022-02-09,8.0,33.484848484848484,-10.666666666666666,5.484848484848484,3.0303030303030303,5.7272727272727275
2022-02-10,8.575757575757576,33.75757575757576,-10.0,6.0,2.9393939393939394,5.909090909090909
2022-02-11,6.363636363636363,35.15151515151515,-9.787878787878787,5.4375,10.333333333333334,5.454545454545454
2022-02-12,9.0,37.45454545454545,-8.030303030303031,8.09375,28.87878787878788,3.0303030303030303
2022-02-13,9.272727272727273,39.60606060606061,-9.181818181818182,7.21875,34.90909090909091,2.484848484848485
2022-02-14,29.03030303030303,48.21212121212121,5.363636363636363,12.06060606060606,10.878787878787879,1.9090909090909092
2022-02-15,14.969696969696969,40.36363636363637,-4.393939393939394,11.969696969696969,6.454545454545454,3.3636363636363638
2022-02-16,14.515151515151516,41.06060606060606,-4.696969696969697,12.484848484848484,7.242424242424242,3.787878787878788
2022-02-17,12.878787878787879,38.60606060606061,-4.636363636363637,10.393939393939394,7.303030303030303,3.9393939393939394
2022-02-18,8.818181818181818,36.72727272727273,-7.393939393939394,9.0625,14.242424242424242,3.909090909090909
2022-02-19,10.090909090909092,37.696969696969695,-5.0606060606060606,9.5625,29.848484848484848,2.0
2022-02-20,11.424242424242424,36.81818181818182,-0.2727272727272727,12.125,35.24242424242424,1.2727272727272727
2022-02-21,9.242424242424242,37.45454545454545,-4.121212121212121,11.454545454545455,12.303030303030303,2.909090909090909
2022-02-22,9.363636363636363,33.75757575757576,-2.3333333333333335,10.424242424242424,8.969696969696969,3.121212121212121
2022-02-23,9.151515151515152,34.27272727272727,-3.9393939393939394,10.090909090909092,9.424242424242424,3.272727272727273
2022-02-24,9.606060606060606,34.21212121212121,-3.272727272727273,10.484848484848484,9.848484848484848,3.3333333333333335
2022-02-25,7.545454545454546,36.21212121212121,-6.0606060606060606,10.9375,14.878787878787879,3.696969696969697
2022-02-26,9.757575757575758,39.121212121212125,-0.5757575757575758,10.90625,30.606060606060606,1.2121212121212122
2022-02-27,11.272727272727273,38.484848484848484,2.272727272727273,13.5625,36.0,0.3939393939393939
2022-02-28,13.030303030303031,44.666666666666664,0.5454545454545454,13.909090909090908,14.212121212121213,1.5454545454545454
2022-03-01,13.212121212121213,42.515151515151516,2.4545454545454546,13.848484848484848,10.393939393939394,2.242424242424242
2022-03-02,13.272727272727273,41.54545454545455,7.848484848484849,11.848484848484848,11.93939393939394,2.0606060606060606
2022-03-03,12.06060606060606,38.36363636363637,0.24242424242424243,9.484848484848484,12.636363636363637,2.8484848484848486
2022-03-04,8.636363636363637,36.484848484848484,-1.0606060606060606,8.15625,19.363636363636363,3.1818181818181817
2022-03-05,11.757575757575758,38.121212121212125,2.242424242424242,8.40625,31.21212121212121,1.4545454545454546
2022-03-06,13.636363636363637,37.90909090909091,6.03030303030303,10.875,35.878787878787875,1.303030303030303
2022-03-07,8.484848484848484,37.60606060606061,0.5454545454545454,9.06060606060606,18.454545454545453,2.696969696969697
2022-03-08,10.606060606060606,34.63636363636363,6.515151515151516,8.515151515151516,13.909090909090908,3.5757575757575757
2022-03-09,8.848484848484848,34.42424242424242,1.393939393939394,6.878787878787879,14.787878787878787,4.2727272727272725
2022-03-10,9.424242424242424,34.60606060606061,3.0303030303030303,7.454545454545454,17.03030303030303,4.090909090909091
2022-03-11,6.03030303030303,34.484848484848484,1.1515151515151516,6.21875,22.939393939393938,4.515151515151516
2022-03-12,8.181818181818182,34.60606060606061,-1.7878787878787878,5.875,31.636363636363637,3.696969696969697
2022-03-13,11.090909090909092,37.333333333333336,5.363636363636363,9.15625,36.484848484848484,3.0303030303030303
2022-03-14,8.878787878787879,38.81818181818182,5.757575757575758,10.545454545454545,23.242424242424242,3.484848484848485
2022-03-15,13.272727272727273,40.72727272727273,6.636363636363637,12.909090909090908,19.727272727272727,3.4242424242424243
2022-03-16,14.121212121212121,41.36363636363637,7.0606060606060606,13.969696969696969,19.848484848484848,3.4545454545454546
2022-03-17,13.878787878787879,39.36363636363637,8.121212121212121,15.606060606060606,19.303030303030305,3.303030303030303
2022-03-18,10.212121212121213,38.36363636363637,7.545454545454546,17.5625,20.181818181818183,4.0
2022-03-19,11.030303030303031,39.121212121212125,14.212121212121213,20.8125,29.0,1.8181818181818181
2022-03-20,14.636363636363637,36.15151515151515,22.606060606060606,8.4375,31.303030303030305,0.8484848484848485
2022-03-21,9.424242424242424,36.03030303030303,12.757575757575758,12.818181818181818,-40.303030303030305,12.454545454545455
2022-03-22,7.878787878787879,35.90909090909091,5.666666666666667,19.757575757575758,20.060606060606062,3.1818181818181817
2022-03-23,8.06060606060606,35.03030303030303,3.5757575757575757,11.787878787878787,20.484848484848484,3.8181818181818183
2022-03-24,8.393939393939394,32.81818181818182,2.0303030303030303,9.151515151515152,20.151515151515152,4.0
2022-03-25,6.212121212121212,33.333333333333336,3.484848484848485,8.5625,23.151515151515152,4.363636363636363
2022-03-26,7.606060606060606,35.24242424242424,7.333333333333333,6.53125,32.27272727272727,2.727272727272727
2022-03-27,9.090909090909092,35.57575757575758,9.696969696969697,10.03125,35.36363636363637,2.484848484848485
2022-03-28,5.515151515151516,35.18181818181818,4.424242424242424,10.030303030303031,26.060606060606062,3.484848484848485
2022-03-29,6.787878787878788,33.15151515151515,4.545454545454546,9.454545454545455,22.181818181818183,3.6363636363636362
2022-03-30,11.181818181818182,38.121212121212125,5.515151515151516,10.757575757575758,23.03030303030303,3.242424242424242
2022-03-31,15.515151515151516,42.515151515151516,8.424242424242424,12.06060606060606,23.09090909090909,2.5757575757575757
2022-04-01,10.787878787878787,41.75757575757576,7.848484848484849,10.8125,28.757575757575758,2.393939393939394
2022-04-02,11.151515151515152,40.333333333333336,10.181818181818182,9.0625,32.24242424242424,1.7272727272727273
2022-04-03,11.787878787878787,38.54545454545455,10.363636363636363,12.0625,34.36363636363637,1.6363636363636365
2022-04-04,8.515151515151516,38.75757575757576,6.545454545454546,11.393939393939394,27.060606060606062,2.484848484848485
2022-04-05,9.787878787878787,35.78787878787879,7.424242424242424,11.93939393939394,22.87878787878788,2.8484848484848486
2022-04-06,11.696969696969697,36.878787878787875,8.636363636363637,13.515151515151516,22.454545454545453,2.8181818181818183
2022-04-07,13.93939393939394,39.03030303030303,7.545454545454546,15.575757575757576,21.87878787878788,2.787878787878788
2022-04-08,11.0,40.57575757575758,6.636363636363637,16.96875,25.575757575757574,2.9696969696969697
2022-04-09,11.212121212121213,39.96969696969697,10.090909090909092,23.875,31.333333333333332,1.7575757575757576
2022-04-10,17.393939393939394,42.90909090909091,26.90909090909091,24.375,37.121212121212125,0.9696969696969697
2022-04-11,14.696969696969697,39.90909090909091,14.909090909090908,15.333333333333334,1.6666666666666667,5.393939393939394
2022-04-12,16.87878787878788,37.90909090909091,17.454545454545453,17.12121212121212,-2.696969696969697,5.666666666666667
2022-04-13,28.575757575757574,51.36363636363637,26.12121212121212,31.03030303030303,-4.545454545454546,3.5757575757575757
2022-04-14,24.484848484848484,54.24242424242424,43.42424242424242,29.636363636363637,-29.78787878787879,7.121212121212121
2022-04-15,-2.3636363636363638,34.21212121212121,42.78787878787879,-9.34375,-50.72727272727273,13.272727272727273
2022-04-16,1.5454545454545454,32.21212121212121,34.03030303030303,3.0625,-13.272727272727273,4.606060606060606
2022-04-17,8.757575757575758,33.63636363636363,22.696969696969695,40.0625,23.303030303030305,-0.21212121212121213
2022-04-18,13.393939393939394,38.666666666666664,13.030303030303031,25.575757575757574,1.606060606060606,4.9393939393939394
2022-04-19,13.06060606060606,34.54545454545455,12.848484848484848,17.303030303030305,-0.030303030303030304,5.636363636363637
2022-04-20,14.909090909090908,36.57575757575758,13.93939393939394,16.696969696969695,0.48484848484848486,5.636363636363637
2022-04-21,14.757575757575758,36.96969696969697,11.727272727272727,15.696969696969697,0.696969696969697,5.878787878787879
2022-04-22,11.0,38.09090909090909,10.545454545454545,11.84375,7.393939393939394,5.606060606060606
2022-04-23,11.181818181818182,39.27272727272727,15.06060606060606,19.65625,30.0,1.9090909090909092
2022-04-24,13.484848484848484,41.39393939393939,13.454545454545455,29.1875,35.54545454545455,1.6666666666666667
2022-04-25,10.303030303030303,41.121212121212125,9.878787878787879,18.575757575757574,26.181818181818183,2.909090909090909
2022-04-26,10.242424242424242,37.72727272727273,6.0606060606060606,15.696969696969697,22.606060606060606,3.606060606060606
2022-04-27,13.878787878787879,41.15151515151515,9.121212121212121,15.818181818181818,23.303030303030305,2.8181818181818183
2022-04-28,15.454545454545455,40.696969696969695,11.969696969696969,15.909090909090908,23.575757575757574,2.515151515151515
2022-04-29,16.727272727272727,45.45454545454545,13.242424242424242,16.625,25.90909090909091,2.757575757575758
2022-04-30,23.454545454545453,50.42424242424242,24.636363636363637,17.96875,33.72727272727273,0.09090909090909091
2022-05-01,20.424242424242426,47.303030303030305,19.818181818181817,19.65625,32.18181818181818,1.5757575757575757
2022-05-02,14.454545454545455,48.15151515151515,12.090909090909092,17.515151515151516,26.484848484848484,2.787878787878788
2022-05-03,13.606060606060606,42.39393939393939,13.181818181818182,16.545454545454547,25.363636363636363,2.484848484848485
2022-05-04,18.454545454545453,41.81818181818182,11.121212121212121,17.454545454545453,24.87878787878788,1.8181818181818181
2022-05-05,20.515151515151516,41.45454545454545,10.0,12.727272727272727,5.575757575757576,5.333333333333333
2022-05-06,14.212121212121213,41.15151515151515,8.393939393939394,13.875,19.818181818181817,3.787878787878788
2022-05-07,15.909090909090908,42.06060606060606,12.151515151515152,14.90625,31.78787878787879,1.121212121212121
2022-05-08,18.575757575757574,42.27272727272727,11.727272727272727,19.75,36.303030303030305,1.4848484848484849
2022-05-09,21.666666666666668,50.45454545454545,16.12121212121212,19.03030303030303,27.757575757575758,0.6363636363636364
2022-05-10,36.18181818181818,50.57575757575758,16.303030303030305,11.303030303030303,2.303030303030303,2.787878787878788
2022-05-11,13.515151515151516,41.36363636363637,8.272727272727273,18.272727272727273,24.272727272727273,2.121212121212121
2022-05-12,14.909090909090908,41.878787878787875,9.0,16.939393939393938,24.242424242424242,2.3636363636363638
2022-05-13,15.787878787878787,46.484848484848484,11.727272727272727,17.125,26.12121212121212,2.1818181818181817
