date,retail_and_recreation_percent_change_from_baseline_Nicaragua,grocery_and_pharmacy_percent_change_from_baseline_Nicaragua,parks_percent_change_from_baseline_Nicaragua,transit_stations_percent_change_from_baseline_Nicaragua,workplaces_percent_change_from_baseline_Nicaragua,residential_percent_change_from_baseline_Nicaragua
2020-02-15,4.909090909090909,4.4,1.3571428571428572,2.125,3.9411764705882355,-0.8
2020-02-16,3.6,5.25,-0.2857142857142857,3.7142857142857144,2.25,0.0
2020-02-17,-0.375,4.666666666666667,1.6153846153846154,3.4285714285714284,14.411764705882353,-1.125
2020-02-18,-2.625,-1.1111111111111112,-2.642857142857143,2.0,12.277777777777779,-1.0
2020-02-19,-5.875,-6.111111111111111,-1.4615384615384615,-2.5714285714285716,11.941176470588236,-1.125
2020-02-20,-3.0,-2.2,-2.357142857142857,3.4285714285714284,11.0,-0.25
2020-02-21,-0.9,-0.4444444444444444,1.1428571428571428,3.2857142857142856,15.941176470588236,-1.125
2020-02-22,-1.9090909090909092,0.7,-2.0714285714285716,-0.375,4.823529411764706,0.0
2020-02-23,-1.9,-1.25,-2.857142857142857,1.0,1.625,1.0
2020-02-24,-3.375,0.0,-2.076923076923077,1.7142857142857142,15.647058823529411,-0.625
2020-02-25,-5.375,-3.111111111111111,-2.076923076923077,-1.2857142857142858,14.647058823529411,-0.5
2020-02-26,-6.5,-6.444444444444445,1.2307692307692308,-2.7142857142857144,13.941176470588236,-0.625
2020-02-27,-5.875,-4.666666666666667,-4.5,-2.7142857142857144,11.823529411764707,0.0
2020-02-28,-0.6,-0.4444444444444444,-0.7857142857142857,0.14285714285714285,15.235294117647058,-1.125
2020-02-29,1.0,7.0,-1.4285714285714286,1.125,5.529411764705882,-0.4
2020-03-01,3.7,6.375,-3.142857142857143,2.857142857142857,2.8,0.0
2020-03-02,-0.625,4.333333333333333,-3.2857142857142856,1.5714285714285714,17.235294117647058,-0.875
2020-03-03,-2.5,1.6666666666666667,-1.0,1.7142857142857142,15.529411764705882,-0.875
2020-03-04,-4.5,-2.6666666666666665,-1.7692307692307692,1.5714285714285714,15.176470588235293,-0.875
2020-03-05,-1.375,2.3333333333333335,1.7142857142857142,3.4285714285714284,13.647058823529411,-0.625
2020-03-06,-0.1,3.5555555555555554,0.35714285714285715,4.285714285714286,17.176470588235293,-1.75
2020-03-07,1.4545454545454546,4.8,0.5,0.875,5.0588235294117645,-0.4
2020-03-08,1.5,4.875,-1.9285714285714286,2.5714285714285716,3.7333333333333334,1.0
2020-03-09,-2.875,2.111111111111111,-1.5833333333333333,1.4285714285714286,17.647058823529413,-0.75
2020-03-10,-3.5,1.0,-3.0,1.2857142857142858,17.88235294117647,-0.875
2020-03-11,-4.5,-0.8888888888888888,-2.6153846153846154,-1.8571428571428572,15.705882352941176,-0.75
2020-03-12,-6.375,0.1111111111111111,-2.9285714285714284,-0.7142857142857143,15.0,-0.625
2020-03-13,-2.9,5.333333333333333,-2.0,1.2857142857142858,18.352941176470587,-1.75
2020-03-14,-0.2727272727272727,11.4,-1.7857142857142858,0.0,4.647058823529412,-0.8
2020-03-15,-2.2,9.125,-2.2142857142857144,2.0,3.5,0.0
2020-03-16,-3.125,9.11111111111111,0.15384615384615385,1.5714285714285714,17.470588235294116,-1.25
2020-03-17,-5.5,6.666666666666667,-5.6923076923076925,0.2857142857142857,16.176470588235293,-0.625
2020-03-18,-8.0,2.888888888888889,-4.642857142857143,-2.4285714285714284,14.705882352941176,-0.375
2020-03-19,-18.8,10.0,-13.142857142857142,-5.857142857142857,6.470588235294118,3.5
2020-03-20,-25.0,-4.222222222222222,-16.928571428571427,-11.5,3.2941176470588234,5.428571428571429
2020-03-21,-36.72727272727273,-11.909090909090908,-26.571428571428573,-26.454545454545453,-7.529411764705882,9.75
2020-03-22,-46.45454545454545,-23.5,-32.6,-27.571428571428573,-10.411764705882353,10.666666666666666
2020-03-23,-30.7,-14.3,-20.357142857142858,-23.375,-2.888888888888889,8.333333333333334
2020-03-24,-34.6,-19.2,-23.214285714285715,-24.75,-6.333333333333333,9.0
2020-03-25,-35.3,-22.7,-23.357142857142858,-27.125,-7.055555555555555,9.166666666666666
2020-03-26,-37.3,-24.7,-25.214285714285715,-25.0,-9.277777777777779,10.833333333333334
2020-03-27,-37.63636363636363,-22.181818181818183,-25.142857142857142,-28.25,-10.176470588235293,10.833333333333334
2020-03-28,-41.25,-21.09090909090909,-29.642857142857142,-36.45454545454545,-14.352941176470589,12.333333333333334
2020-03-29,-47.36363636363637,-26.88888888888889,-33.857142857142854,-33.714285714285715,-13.823529411764707,11.333333333333334
2020-03-30,-30.8,-16.4,-21.714285714285715,-26.875,-8.176470588235293,9.166666666666666
2020-03-31,-30.9,-15.7,-20.0,-23.714285714285715,-7.722222222222222,8.166666666666666
2020-04-01,-30.555555555555557,-16.6,-20.714285714285715,-24.714285714285715,-8.055555555555555,9.0
2020-04-02,-31.9,-16.8,-18.857142857142858,-22.857142857142858,-9.777777777777779,10.0
2020-04-03,-29.636363636363637,-14.545454545454545,-17.928571428571427,-20.571428571428573,-8.176470588235293,8.666666666666666
2020-04-04,-35.81818181818182,-15.272727272727273,-22.214285714285715,-28.0,-14.117647058823529,10.666666666666666
2020-04-05,-42.63636363636363,-23.375,-27.142857142857142,-31.285714285714285,-13.5,9.666666666666666
2020-04-06,-29.1,-12.4,-17.714285714285715,-25.0,-28.5,12.2
2020-04-07,-31.1,-14.4,-19.285714285714285,-25.857142857142858,-29.61111111111111,12.2
2020-04-08,-30.1,-10.9,-17.214285714285715,-22.285714285714285,-35.111111111111114,12.0
2020-04-09,-49.72727272727273,-36.4,-27.714285714285715,-49.888888888888886,-55.833333333333336,21.666666666666668
2020-04-10,-58.583333333333336,-55.5,-35.285714285714285,-67.1,-59.0,25.333333333333332
2020-04-11,-53.25,-38.54545454545455,-34.142857142857146,-53.9,-40.88235294117647,17.0
2020-04-12,-50.27272727272727,-37.375,-33.857142857142854,-45.142857142857146,-22.647058823529413,10.666666666666666
2020-04-13,-32.2,-19.90909090909091,-23.285714285714285,-33.25,-25.166666666666668,11.6
2020-04-14,-32.8,-19.6,-23.785714285714285,-31.25,-24.5,12.0
2020-04-15,-28.6,-13.6,-19.285714285714285,-27.25,-17.22222222222222,9.833333333333334
2020-04-16,-27.1,-12.4,-18.071428571428573,-24.375,-17.88888888888889,10.666666666666666
2020-04-17,-29.727272727272727,-13.5,-18.428571428571427,-25.0,-11.294117647058824,10.0
2020-04-18,-32.18181818181818,-14.636363636363637,-22.142857142857142,-27.8,-10.705882352941176,10.333333333333334
2020-04-19,-37.09090909090909,-19.5,-25.933333333333334,-28.142857142857142,-11.3125,9.0
2020-04-20,-24.5,-11.5,-16.5,-19.142857142857142,-1.411764705882353,7.714285714285714
2020-04-21,-26.4,-13.9,-20.0,-19.142857142857142,-1.4705882352941178,6.714285714285714
2020-04-22,-28.0,-18.0,-21.214285714285715,-22.142857142857142,-2.823529411764706,7.571428571428571
2020-04-23,-29.3,-18.2,-19.714285714285715,-21.428571428571427,-3.2222222222222223,8.0
2020-04-24,-28.818181818181817,-17.818181818181817,-21.714285714285715,-20.857142857142858,-4.411764705882353,8.5
2020-04-25,-32.0,-17.636363636363637,-24.642857142857142,-23.77777777777778,-8.0,9.25
2020-04-26,-37.90909090909091,-22.125,-28.785714285714285,-31.571428571428573,-10.4375,9.333333333333334
2020-04-27,-27.4,-17.363636363636363,-20.642857142857142,-22.571428571428573,1.1176470588235294,7.857142857142857
2020-04-28,-27.7,-15.6,-19.142857142857142,-20.714285714285715,-0.058823529411764705,4.125
2020-04-29,-26.2,-14.0,-18.285714285714285,-20.285714285714285,-0.4117647058823529,6.857142857142857
2020-04-30,-19.5,-5.0,-15.285714285714286,-14.0,-2.2777777777777777,6.142857142857143
2020-05-01,-34.36363636363637,-15.8,-25.357142857142858,-29.428571428571427,-39.44444444444444,19.333333333333332
2020-05-02,-28.545454545454547,-10.545454545454545,-22.0,-24.77777777777778,-12.647058823529411,10.0
2020-05-03,-35.27272727272727,-19.625,-25.933333333333334,-29.857142857142858,-10.3125,8.666666666666666
2020-05-04,-25.0,-13.181818181818182,-17.285714285714285,-21.25,-0.5294117647058824,7.857142857142857
2020-05-05,-26.2,-11.6,-17.714285714285715,-24.125,-1.2352941176470589,8.428571428571429
2020-05-06,-27.1,-13.1,-17.857142857142858,-21.428571428571427,-1.4705882352941178,8.571428571428571
2020-05-07,-29.2,-14.5,-20.214285714285715,-21.714285714285715,-3.8823529411764706,9.571428571428571
2020-05-08,-31.181818181818183,-15.0,-20.571428571428573,-23.714285714285715,-1.2352941176470589,10.833333333333334
2020-05-09,-35.54545454545455,-17.454545454545453,-26.214285714285715,-34.27272727272727,-10.0,12.0
2020-05-10,-44.54545454545455,-25.5,-34.06666666666667,-38.714285714285715,-13.9375,11.666666666666666
2020-05-11,-32.0,-16.3,-23.0,-29.5,-6.0,10.857142857142858
2020-05-12,-34.0,-18.2,-24.571428571428573,-30.142857142857142,-7.529411764705882,11.714285714285714
2020-05-13,-36.2,-21.9,-23.642857142857142,-36.625,-9.555555555555555,12.714285714285714
2020-05-14,-36.3,-17.4,-26.785714285714285,-35.857142857142854,-10.777777777777779,11.857142857142858
2020-05-15,-33.45454545454545,-9.666666666666666,-24.071428571428573,-31.625,-9.352941176470589,13.333333333333334
2020-05-16,-38.81818181818182,-13.727272727272727,-28.714285714285715,-37.54545454545455,-14.294117647058824,14.0
2020-05-17,-46.81818181818182,-23.5,-36.0,-44.142857142857146,-16.529411764705884,12.666666666666666
2020-05-18,-33.6,-18.181818181818183,-26.214285714285715,-35.285714285714285,-11.823529411764707,13.2
2020-05-19,-40.9,-27.2,-32.42857142857143,-38.0,-15.166666666666666,14.6
2020-05-20,-37.3,-22.363636363636363,-31.285714285714285,-41.75,-16.166666666666668,14.2
2020-05-21,-38.54545454545455,-23.1,-31.714285714285715,-37.125,-17.055555555555557,15.8
2020-05-22,-39.72727272727273,-22.9,-33.07142857142857,-40.22222222222222,-15.941176470588236,15.0
2020-05-23,-43.416666666666664,-24.90909090909091,-35.785714285714285,-44.90909090909091,-17.470588235294116,16.333333333333332
2020-05-24,-51.81818181818182,-32.888888888888886,-41.333333333333336,-52.375,-20.058823529411764,14.666666666666666
2020-05-25,-37.9,-24.636363636363637,-33.07142857142857,-38.875,-16.166666666666668,15.0
2020-05-26,-40.2,-25.4,-33.714285714285715,-40.25,-18.055555555555557,14.2
2020-05-27,-44.0,-32.09090909090909,-39.42857142857143,-44.55555555555556,-19.833333333333332,15.8
2020-05-28,-43.18181818181818,-28.09090909090909,-37.214285714285715,-42.125,-20.666666666666668,16.2
2020-05-29,-39.81818181818182,-16.4,-34.785714285714285,-40.625,-18.529411764705884,16.2
2020-05-30,-35.25,-10.6,-34.0,-40.18181818181818,-17.705882352941178,12.666666666666666
2020-05-31,-55.54545454545455,-32.888888888888886,-47.4,-55.0,-25.294117647058822,14.666666666666666
2020-06-01,-37.8,-19.3,-35.857142857142854,-41.5,-18.38888888888889,15.2
2020-06-02,-40.1,-23.727272727272727,-34.214285714285715,-39.875,-19.5,14.0
2020-06-03,-41.6,-27.818181818181817,-36.642857142857146,-42.875,-20.444444444444443,13.8
2020-06-04,-45.27272727272727,-27.7,-40.285714285714285,-44.375,-23.38888888888889,16.2
2020-06-05,-42.0,-22.181818181818183,-34.785714285714285,-44.4,-19.333333333333332,16.0
2020-06-06,-43.083333333333336,-21.0,-37.92857142857143,-46.45454545454545,-20.11764705882353,15.666666666666666
2020-06-07,-48.81818181818182,-25.875,-39.2,-50.333333333333336,-20.0,13.666666666666666
2020-06-08,-34.7,-18.545454545454547,-31.5,-39.666666666666664,-16.88888888888889,13.0
2020-06-09,-39.1,-23.6,-32.285714285714285,-43.5,-18.833333333333332,13.2
2020-06-10,-37.9,-23.8,-32.642857142857146,-42.375,-19.27777777777778,13.6
2020-06-11,-38.8,-24.2,-33.57142857142857,-40.625,-21.166666666666668,15.0
2020-06-12,-39.36363636363637,-21.4,-33.07142857142857,-41.77777777777778,-18.11111111111111,14.0
2020-06-13,-39.166666666666664,-19.1,-34.93333333333333,-42.90909090909091,-18.470588235294116,14.0
2020-06-14,-45.18181818181818,-24.5,-37.53333333333333,-46.125,-18.058823529411764,12.666666666666666
2020-06-15,-30.5,-14.2,-29.214285714285715,-37.55555555555556,-16.0,12.333333333333334
2020-06-16,-32.6,-13.5,-27.285714285714285,-37.125,-17.11111111111111,12.666666666666666
2020-06-17,-34.4,-19.1,-29.0,-39.125,-18.22222222222222,13.0
2020-06-18,-36.8,-20.8,-32.42857142857143,-36.285714285714285,-20.055555555555557,14.166666666666666
2020-06-19,-35.54545454545455,-17.727272727272727,-29.142857142857142,-38.55555555555556,-16.61111111111111,12.333333333333334
2020-06-20,-37.416666666666664,-18.09090909090909,-32.642857142857146,-41.0,-17.529411764705884,13.0
2020-06-21,-46.54545454545455,-26.625,-40.666666666666664,-47.0,-19.823529411764707,13.0
2020-06-22,-30.8,-12.8,-27.642857142857142,-36.75,-17.11111111111111,12.833333333333334
2020-06-23,-25.9,-9.9,-24.785714285714285,-35.0,-16.833333333333332,11.5
2020-06-24,-36.8,-22.727272727272727,-32.57142857142857,-41.75,-21.22222222222222,12.666666666666666
2020-06-25,-35.1,-20.2,-28.928571428571427,-34.714285714285715,-19.833333333333332,13.666666666666666
2020-06-26,-35.54545454545455,-17.09090909090909,-29.714285714285715,-37.5,-18.705882352941178,13.333333333333334
2020-06-27,-39.333333333333336,-21.363636363636363,-34.4,-42.09090909090909,-21.41176470588235,13.666666666666666
2020-06-28,-45.09090909090909,-27.125,-39.0,-47.888888888888886,-21.11764705882353,12.333333333333334
2020-06-29,-32.3,-17.454545454545453,-29.571428571428573,-34.875,-22.666666666666668,13.0
2020-06-30,-27.4,-10.2,-26.142857142857142,-31.285714285714285,-20.72222222222222,11.0
2020-07-01,-31.0,-15.2,-27.785714285714285,-32.57142857142857,-21.27777777777778,11.666666666666666
2020-07-02,-31.8,-14.1,-26.142857142857142,-31.428571428571427,-22.833333333333332,13.0
2020-07-03,-30.363636363636363,-12.090909090909092,-26.428571428571427,-30.571428571428573,-18.11111111111111,12.166666666666666
2020-07-04,-31.454545454545453,-12.909090909090908,-28.571428571428573,-35.3,-18.352941176470587,12.0
2020-07-05,-36.27272727272727,-19.0,-30.733333333333334,-42.44444444444444,-17.764705882352942,10.333333333333334
2020-07-06,-26.4,-11.2,-21.785714285714285,-30.714285714285715,-19.27777777777778,11.5
2020-07-07,-28.1,-13.2,-22.642857142857142,-29.571428571428573,-20.77777777777778,11.666666666666666
2020-07-08,-30.7,-17.6,-25.071428571428573,-31.714285714285715,-21.833333333333332,11.833333333333334
2020-07-09,-32.7,-20.3,-27.357142857142858,-32.42857142857143,-23.555555555555557,13.166666666666666
2020-07-10,-32.18181818181818,-19.4,-28.0,-33.375,-19.22222222222222,13.0
2020-07-11,-30.833333333333332,-15.909090909090908,-27.142857142857142,-33.7,-16.941176470588236,11.333333333333334
2020-07-12,-36.18181818181818,-21.625,-28.4,-40.375,-18.352941176470587,10.0
2020-07-13,-28.8,-16.1,-24.428571428571427,-30.0,-16.833333333333332,10.833333333333334
2020-07-14,-29.6,-14.9,-24.571428571428573,-32.375,-19.22222222222222,10.833333333333334
2020-07-15,-24.5,-10.9,-22.153846153846153,-30.375,-18.333333333333332,10.0
2020-07-16,-23.1,-6.9,-19.214285714285715,-24.142857142857142,-18.333333333333332,10.666666666666666
2020-07-17,-23.09090909090909,-7.555555555555555,-18.5,-26.5,-15.176470588235293,10.166666666666666
2020-07-18,-23.454545454545453,-6.7272727272727275,-19.857142857142858,-27.555555555555557,-15.470588235294118,9.0
2020-07-19,-32.63636363636363,-21.625,-23.133333333333333,-43.125,-17.941176470588236,10.0
2020-07-20,-33.55555555555556,-20.2,-25.53846153846154,-40.77777777777778,-45.888888888888886,20.0
2020-07-21,-25.2,-10.11111111111111,-22.076923076923077,-24.0,-15.222222222222221,9.5
2020-07-22,-27.3,-15.5,-24.923076923076923,-28.285714285714285,-15.11111111111111,10.666666666666666
2020-07-23,-28.2,-15.0,-22.5,-28.285714285714285,-15.166666666666666,11.0
2020-07-24,-26.454545454545453,-12.9,-19.928571428571427,-28.375,-13.705882352941176,10.5
2020-07-25,-29.454545454545453,-14.454545454545455,-22.5,-32.8,-15.117647058823529,10.5
2020-07-26,-31.90909090909091,-19.25,-21.733333333333334,-35.285714285714285,-16.4375,9.333333333333334
2020-07-27,-27.6,-16.90909090909091,-23.53846153846154,-31.875,-15.277777777777779,11.5
2020-07-28,-29.1,-16.8,-25.076923076923077,-31.714285714285715,-16.444444444444443,11.0
2020-07-29,-27.1,-14.4,-22.076923076923077,-33.75,-15.444444444444445,9.833333333333334
2020-07-30,-24.2,-10.3,-18.5,-34.22222222222222,-16.72222222222222,10.166666666666666
2020-07-31,-20.727272727272727,-5.222222222222222,-16.285714285714285,-30.77777777777778,-12.529411764705882,9.166666666666666
2020-08-01,-22.545454545454547,-5.636363636363637,-18.714285714285715,-33.9,-18.58823529411765,10.666666666666666
2020-08-02,-27.272727272727273,-14.375,-20.733333333333334,-33.714285714285715,-16.705882352941178,8.0
2020-08-03,-23.0,-8.9,-18.923076923076923,-31.333333333333332,-13.333333333333334,9.166666666666666
2020-08-04,-23.6,-9.333333333333334,-19.384615384615383,-31.88888888888889,-15.055555555555555,8.666666666666666
2020-08-05,-23.8,-11.333333333333334,-21.285714285714285,-32.75,-14.944444444444445,8.166666666666666
2020-08-06,-25.4,-10.8,-22.642857142857142,-32.25,-17.055555555555557,9.5
2020-08-07,-22.545454545454547,-9.88888888888889,-17.071428571428573,-30.444444444444443,-13.176470588235293,8.333333333333334
2020-08-08,-21.181818181818183,-6.818181818181818,-17.285714285714285,-30.8,-13.882352941176471,8.0
2020-08-09,-26.454545454545453,-17.375,-19.866666666666667,-33.0,-17.647058823529413,8.0
2020-08-10,-21.875,-10.5,-14.857142857142858,-35.0,-21.38888888888889,13.0
2020-08-11,-24.5,-11.8,-17.142857142857142,-31.11111111111111,-12.277777777777779,8.0
2020-08-12,-24.1,-14.363636363636363,-16.142857142857142,-30.875,-12.555555555555555,8.333333333333334
2020-08-13,-24.4,-11.4,-17.214285714285715,-26.0,-13.88888888888889,9.166666666666666
2020-08-14,-20.181818181818183,-5.888888888888889,-15.642857142857142,-29.0,-11.470588235294118,8.0
2020-08-15,-20.545454545454547,-6.363636363636363,-19.357142857142858,-30.1,-14.0,8.666666666666666
2020-08-16,-24.181818181818183,-9.25,-18.466666666666665,-27.0,-15.647058823529411,7.0
2020-08-17,-16.0,-1.6666666666666667,-11.0,-20.333333333333332,-18.666666666666668,7.5
2020-08-18,-20.333333333333332,-6.666666666666667,-13.333333333333334,-23.0,-18.666666666666668,8.166666666666666
2020-08-19,-24.666666666666668,-13.0,-21.333333333333332,-23.666666666666668,-19.0,8.166666666666666
2020-08-20,-21.333333333333332,-8.666666666666666,-18.666666666666668,-23.0,-20.0,8.5
2020-08-21,-32.333333333333336,-22.0,-37.333333333333336,-35.333333333333336,-21.333333333333332,11.833333333333334
2020-08-22,-24.333333333333332,-12.0,-30.0,-30.333333333333332,-15.0,10.0
2020-08-23,-21.0,-12.0,-22.333333333333332,-30.333333333333332,-13.333333333333334,8.0
2020-08-24,-18.0,-8.333333333333334,-14.0,-23.666666666666668,-15.666666666666666,7.333333333333333
2020-08-25,-21.333333333333332,-12.666666666666666,-22.0,-24.666666666666668,-18.333333333333332,8.0
2020-08-26,-22.333333333333332,-11.333333333333334,-17.0,-24.666666666666668,-16.333333333333332,7.666666666666667
2020-08-27,-23.666666666666668,-14.333333333333334,-19.333333333333332,-23.0,-18.333333333333332,8.5
2020-08-28,-15.0,-3.0,-12.666666666666666,-23.0,-15.0,7.166666666666667
2020-08-29,-13.666666666666666,-1.6666666666666667,-15.666666666666666,-24.0,-10.333333333333334,6.25
2020-08-30,-16.666666666666668,-4.666666666666667,-15.333333333333334,-27.0,-12.666666666666666,6.0
2020-08-31,-14.0,-2.6666666666666665,-10.0,-22.333333333333332,-14.333333333333334,6.166666666666667
2020-09-01,-14.666666666666666,-1.6666666666666667,-8.666666666666666,-20.333333333333332,-16.333333333333332,6.428571428571429
2020-09-02,-19.0,-8.0,-12.333333333333334,-22.0,-16.666666666666668,7.0
2020-09-03,-18.0,-8.333333333333334,-14.333333333333334,-20.666666666666668,-17.333333333333332,8.0
2020-09-04,-16.333333333333332,-4.333333333333333,-15.0,-21.333333333333332,-14.333333333333334,7.833333333333333
2020-09-05,-12.666666666666666,-2.0,-13.666666666666666,-20.333333333333332,-10.666666666666666,6.0
2020-09-06,-17.666666666666668,-8.666666666666666,-17.0,-28.333333333333332,-14.333333333333334,6.333333333333333
2020-09-07,-14.333333333333334,-4.0,-10.666666666666666,-20.333333333333332,-15.333333333333334,6.666666666666667
2020-09-08,-15.666666666666666,-5.666666666666667,-10.0,-20.666666666666668,-17.666666666666668,6.428571428571429
2020-09-09,-18.333333333333332,-10.333333333333334,-10.0,-21.666666666666668,-15.666666666666666,6.333333333333333
2020-09-10,-17.333333333333332,-9.0,-12.666666666666666,-18.333333333333332,-17.333333333333332,7.333333333333333
2020-09-11,-15.5,-2.4444444444444446,-13.428571428571429,-15.375,-9.882352941176471,5.666666666666667
2020-09-12,-12.363636363636363,0.5,-13.571428571428571,-18.875,-16.176470588235293,5.0
2020-09-13,-15.3,-7.0,-14.071428571428571,-28.25,-18.705882352941178,4.333333333333333
2020-09-14,-19.75,-14.3,-10.846153846153847,-36.22222222222222,-41.666666666666664,15.333333333333334
2020-09-15,-24.25,-18.2,-19.53846153846154,-36.0,-48.05555555555556,16.0
2020-09-16,-12.222222222222221,-0.8888888888888888,-14.307692307692308,-20.125,-24.38888888888889,7.8
2020-09-17,-19.4,-6.9,-19.0,-24.375,-27.22222222222222,10.8
2020-09-18,-18.0,-4.888888888888889,-17.785714285714285,-20.375,-23.38888888888889,10.4
2020-09-19,-17.181818181818183,-5.5,-17.642857142857142,-26.0,-17.705882352941178,7.333333333333333
2020-09-20,-18.9,-7.75,-13.571428571428571,-24.285714285714285,-16.470588235294116,6.666666666666667
2020-09-21,-16.2,-2.2,-15.461538461538462,-17.625,-9.11111111111111,6.857142857142857
2020-09-22,-21.4,-2.888888888888889,-19.923076923076923,-16.125,-9.833333333333334,6.857142857142857
2020-09-23,-23.6,-3.3333333333333335,-21.384615384615383,-14.428571428571429,-9.333333333333334,5.625
2020-09-24,-26.8,-9.777777777777779,-24.5,-21.125,-15.722222222222221,9.625
2020-09-25,-25.727272727272727,-6.0,-27.214285714285715,-23.333333333333332,-13.333333333333334,8.625
2020-09-26,-21.0,-3.5454545454545454,-20.642857142857142,-21.3,-13.705882352941176,7.375
2020-09-27,-24.09090909090909,-8.375,-18.666666666666668,-23.571428571428573,-19.647058823529413,7.8
2020-09-28,-25.7,-6.333333333333333,-25.53846153846154,-18.5,-8.555555555555555,8.375
2020-09-29,-26.1,-5.444444444444445,-25.5,-18.875,-11.055555555555555,5.875
2020-09-30,-25.0,-1.3333333333333333,-25.923076923076923,-15.0,-14.277777777777779,2.888888888888889
2020-10-01,-26.8,-3.4,-27.857142857142858,-13.142857142857142,-14.166666666666666,1.6666666666666667
2020-10-02,-22.272727272727273,0.5555555555555556,-21.0,-12.875,-11.61111111111111,1.375
2020-10-03,-19.636363636363637,1.9090909090909092,-21.071428571428573,-13.625,-19.11764705882353,2.375
2020-10-04,-25.181818181818183,-6.125,-23.533333333333335,-21.0,-25.823529411764707,3.6
2020-10-05,-22.0,0.1111111111111111,-21.307692307692307,-13.25,-13.11111111111111,1.625
2020-10-06,-22.2,-2.111111111111111,-22.615384615384617,-13.625,-11.666666666666666,1.75
2020-10-07,-25.2,-7.0,-25.846153846153847,-17.75,-12.88888888888889,4.625
2020-10-08,-21.9,-5.333333333333333,-24.214285714285715,-19.5,-10.666666666666666,5.5
2020-10-09,-21.272727272727273,-3.888888888888889,-24.285714285714285,-21.625,-8.411764705882353,7.0
2020-10-10,-17.363636363636363,-1.4,-20.571428571428573,-18.0,-12.705882352941176,6.75
2020-10-11,-22.454545454545453,-8.875,-21.933333333333334,-26.142857142857142,-18.11764705882353,7.0
2020-10-12,-25.8,-9.0,-28.692307692307693,-22.75,-8.277777777777779,7.5
2020-10-13,-22.2,-4.0,-26.46153846153846,-19.0,-8.0,6.25
2020-10-14,-20.6,-0.4444444444444444,-24.76923076923077,-15.875,-6.722222222222222,5.75
2020-10-15,-18.8,3.111111111111111,-24.142857142857142,-8.714285714285714,-9.777777777777779,6.375
2020-10-16,-15.090909090909092,9.0,-20.0,-8.875,-5.529411764705882,5.25
2020-10-17,-14.909090909090908,8.3,-20.214285714285715,-11.0,-12.941176470588236,6.0
2020-10-18,-20.6,1.375,-19.4,-19.0,-18.823529411764707,6.4
2020-10-19,-22.8,-0.8888888888888888,-26.846153846153847,-14.875,-6.388888888888889,6.625
2020-10-20,-21.0,1.6666666666666667,-25.76923076923077,-15.375,-6.944444444444445,6.5
2020-10-21,-20.6,0.0,-23.384615384615383,-16.625,-6.444444444444445,5.75
2020-10-22,-21.1,-1.5555555555555556,-21.0,-16.625,-8.722222222222221,6.25
2020-10-23,-18.818181818181817,2.888888888888889,-12.357142857142858,-16.25,-5.705882352941177,5.5
2020-10-24,-17.818181818181817,3.1,-15.571428571428571,-17.0,-13.823529411764707,6.0
2020-10-25,-24.272727272727273,-3.0,-16.666666666666668,-28.142857142857142,-20.352941176470587,7.2
2020-10-26,-21.8,-2.888888888888889,-23.23076923076923,-18.5,-6.388888888888889,6.0
2020-10-27,-20.7,-1.4444444444444444,-22.384615384615383,-15.125,-7.111111111111111,5.625
2020-10-28,-19.1,-3.6666666666666665,-22.153846153846153,-12.142857142857142,-6.388888888888889,5.0
2020-10-29,-17.8,-0.6666666666666666,-22.23076923076923,-7.285714285714286,-9.444444444444445,5.25
2020-10-30,-14.181818181818182,2.5555555555555554,-18.5,-8.875,-12.588235294117647,4.625
2020-10-31,-10.363636363636363,8.4,-17.133333333333333,-10.625,-13.117647058823529,4.375
2020-11-01,-13.1,5.375,-14.4,-13.142857142857142,-19.11764705882353,4.2
2020-11-02,-18.88888888888889,0.0,-23.846153846153847,-21.0,-35.166666666666664,10.25
2020-11-03,-27.7,-5.6,-35.86666666666667,-16.625,-15.0,7.5
2020-11-04,-34.2,-16.444444444444443,-40.714285714285715,-28.125,-18.833333333333332,9.75
2020-11-05,-28.4,-7.4,-36.142857142857146,-23.875,-14.5,8.625
2020-11-06,-31.363636363636363,-12.0,-38.9375,-26.5,-12.777777777777779,8.75
2020-11-07,-21.363636363636363,-0.5,-30.333333333333332,-25.444444444444443,-15.588235294117647,7.875
2020-11-08,-27.727272727272727,-6.0,-28.75,-31.0,-19.647058823529413,9.2
2020-11-09,-20.3,-2.888888888888889,-25.307692307692307,-19.25,-7.555555555555555,6.125
2020-11-10,-19.7,-0.1111111111111111,-23.714285714285715,-15.0,-7.388888888888889,5.375
2020-11-11,-17.1,-2.111111111111111,-21.285714285714285,-13.428571428571429,-6.611111111111111,4.625
2020-11-12,-18.1,-3.0,-22.571428571428573,-12.0,-7.166666666666667,5.375
2020-11-13,-13.2,4.555555555555555,-18.5,-13.625,-4.9411764705882355,3.875
2020-11-14,-8.636363636363637,10.9,-16.857142857142858,-12.625,-10.294117647058824,3.5
2020-11-15,-13.7,8.625,-18.866666666666667,-16.0,-15.352941176470589,4.6
2020-11-16,-12.333333333333334,8.777777777777779,-21.23076923076923,-10.285714285714286,-6.611111111111111,4.0
2020-11-17,-49.18181818181818,-33.6,-53.5625,-47.44444444444444,-32.94444444444444,13.125
2020-11-18,-23.3,-1.8888888888888888,-30.071428571428573,-25.625,-17.72222222222222,7.75
2020-11-19,-16.2,1.1111111111111112,-22.333333333333332,-13.0,-10.166666666666666,4.75
2020-11-20,-10.3,6.222222222222222,-21.133333333333333,-5.875,-6.705882352941177,3.875
2020-11-21,-7.7272727272727275,8.4,-18.533333333333335,-6.5,-12.705882352941176,3.625
2020-11-22,-11.7,3.0,-20.6875,-12.0,-15.235294117647058,4.6
2020-11-23,-11.4,3.4444444444444446,-18.23076923076923,-9.875,-5.444444444444445,3.5
2020-11-24,-8.666666666666666,4.111111111111111,-18.23076923076923,-7.125,-6.833333333333333,3.625
2020-11-25,-16.1,-3.4444444444444446,-25.615384615384617,-11.625,-7.722222222222222,4.111111111111111
2020-11-26,-13.7,0.1111111111111111,-23.428571428571427,-12.75,-9.277777777777779,4.0
2020-11-27,-7.2,6.111111111111111,-16.714285714285715,-11.0,-6.235294117647059,2.75
2020-11-28,-3.0,8.0,-12.142857142857142,-7.25,-8.647058823529411,2.625
2020-11-29,-3.0,8.125,-10.666666666666666,-6.285714285714286,-10.882352941176471,3.4
2020-11-30,-3.6666666666666665,11.11111111111111,-14.538461538461538,-6.0,-3.3333333333333335,3.5
2020-12-01,-4.111111111111111,12.777777777777779,-13.76923076923077,-5.625,-5.722222222222222,3.0
2020-12-02,-5.777777777777778,11.666666666666666,-12.23076923076923,2.0,-4.277777777777778,2.5555555555555554
2020-12-03,-4.6,13.444444444444445,-12.692307692307692,-1.625,-6.722222222222222,2.7777777777777777
2020-12-04,0.1,17.77777777777778,-5.714285714285714,2.375,-4.0,1.125
2020-12-05,4.363636363636363,20.22222222222222,-4.714285714285714,10.5,-7.0588235294117645,1.125
2020-12-06,4.9,21.375,-0.7333333333333333,10.0,-6.625,1.0
2020-12-07,14.75,24.88888888888889,11.307692307692308,5.625,-24.72222222222222,5.125
2020-12-08,-16.22222222222222,-5.888888888888889,-10.76923076923077,-21.25,-44.94444444444444,11.875
2020-12-09,-1.4444444444444444,17.444444444444443,-8.0,18.571428571428573,-6.666666666666667,1.7777777777777777
2020-12-10,-3.3,18.333333333333332,-6.153846153846154,14.714285714285714,-9.222222222222221,3.4444444444444446
2020-12-11,-2.9,18.0,-3.7857142857142856,8.125,-8.470588235294118,3.125
2020-12-12,0.2727272727272727,16.11111111111111,0.5714285714285714,4.0,-6.588235294117647,2.5
2020-12-13,-3.3,14.25,-0.6666666666666666,8.571428571428571,-8.6875,3.6
2020-12-14,-1.3333333333333333,16.333333333333332,-8.153846153846153,4.75,-10.944444444444445,4.5
2020-12-15,-0.3333333333333333,20.555555555555557,-7.6923076923076925,6.25,-11.555555555555555,3.875
2020-12-16,-0.2222222222222222,21.11111111111111,-8.615384615384615,11.857142857142858,-10.333333333333334,3.7777777777777777
2020-12-17,-2.3,20.444444444444443,-8.461538461538462,14.714285714285714,-12.61111111111111,4.375
2020-12-18,-1.7,18.666666666666668,-7.357142857142857,8.75,-10.529411764705882,3.5
2020-12-19,0.9090909090909091,21.77777777777778,-0.6428571428571429,6.75,-8.117647058823529,2.25
2020-12-20,4.6,26.375,3.3333333333333335,14.857142857142858,-6.875,2.4
2020-12-21,6.444444444444445,23.666666666666668,-4.076923076923077,11.0,-19.055555555555557,5.5
2020-12-22,9.0,32.22222222222222,-2.769230769230769,14.125,-21.11111111111111,4.75
2020-12-23,13.777777777777779,43.111111111111114,0.6923076923076923,31.285714285714285,-21.166666666666668,3.5
2020-12-24,11.333333333333334,51.77777777777778,17.0,41.142857142857146,-28.88888888888889,3.6666666666666665
2020-12-25,-28.0,-35.63636363636363,-5.785714285714286,-49.666666666666664,-63.111111111111114,16.25
2020-12-26,-11.727272727272727,7.7,-7.571428571428571,-4.25,-21.058823529411764,7.625
2020-12-27,-9.3,2.875,-1.6,-3.142857142857143,-12.294117647058824,5.6
2020-12-28,-0.5,14.777777777777779,-9.461538461538462,-0.25,-24.833333333333332,8.75
2020-12-29,-0.3333333333333333,18.444444444444443,-8.692307692307692,2.875,-26.833333333333332,8.5
2020-12-30,10.125,33.77777777777778,0.23076923076923078,22.0,-24.166666666666668,5.75
2020-12-31,7.625,48.55555555555556,19.583333333333332,35.42857142857143,-30.555555555555557,4.875
2021-01-01,-31.11111111111111,-36.7,6.5,-50.888888888888886,-62.77777777777778,15.375
2021-01-02,-15.272727272727273,-0.7,-5.571428571428571,-14.125,-29.444444444444443,9.25
2021-01-03,-17.7,-2.875,-9.333333333333334,-9.0,-19.470588235294116,7.0
2021-01-04,-9.222222222222221,8.11111111111111,-13.153846153846153,-4.875,-15.833333333333334,7.125
2021-01-05,-9.11111111111111,9.555555555555555,-12.461538461538462,-6.5,-15.833333333333334,7.5
2021-01-06,-10.0,8.666666666666666,-10.615384615384615,-5.125,-14.944444444444445,7.25
2021-01-07,-10.8,9.0,-13.615384615384615,-5.875,-15.0,7.125
2021-01-08,-8.4,12.444444444444445,-10.785714285714286,-5.0,-11.055555555555555,5.25
2021-01-09,-7.090909090909091,11.4,-13.928571428571429,-7.375,-8.470588235294118,4.125
2021-01-10,-9.5,6.25,-10.6,-7.428571428571429,-13.375,4.6
2021-01-11,-4.777777777777778,10.88888888888889,-10.923076923076923,-1.75,-10.88888888888889,3.875
2021-01-12,-7.666666666666667,6.111111111111111,-15.846153846153847,-8.125,-14.055555555555555,4.25
2021-01-13,-11.333333333333334,0.7777777777777778,-21.307692307692307,-11.0,-16.555555555555557,1.7777777777777777
2021-01-14,-14.8,-0.8888888888888888,-22.071428571428573,-12.5,-21.333333333333332,3.0
2021-01-15,-10.6,3.888888888888889,-20.071428571428573,-9.875,-20.27777777777778,1.5
2021-01-16,-9.363636363636363,6.4,-22.142857142857142,-9.625,-19.833333333333332,1.5
2021-01-17,-13.6,2.875,-19.466666666666665,-7.0,-22.764705882352942,2.0
2021-01-18,-9.555555555555555,4.0,-21.692307692307693,-4.875,-19.27777777777778,2.25
2021-01-19,-10.555555555555555,1.4444444444444444,-19.714285714285715,-6.75,-19.166666666666668,2.5
2021-01-20,-12.1,1.7777777777777777,-18.23076923076923,-6.625,-17.5,2.5
2021-01-21,-13.8,1.0,-22.071428571428573,-7.375,-18.77777777777778,3.125
2021-01-22,-11.3,3.0,-17.785714285714285,-7.5,-15.166666666666666,2.125
2021-01-23,-10.909090909090908,4.0,-18.071428571428573,-8.375,-16.176470588235293,2.375
2021-01-24,-14.4,0.0,-15.866666666666667,-8.285714285714286,-19.294117647058822,3.2
2021-01-25,-8.11111111111111,3.5555555555555554,-15.846153846153847,-6.25,-15.166666666666666,2.0
2021-01-26,-9.666666666666666,1.6666666666666667,-18.153846153846153,-7.75,-16.72222222222222,2.375
2021-01-27,-12.3,0.8888888888888888,-17.76923076923077,-7.25,-16.11111111111111,2.5
2021-01-28,-13.7,0.6666666666666666,-19.285714285714285,-8.0,-17.38888888888889,2.375
2021-01-29,-9.0,9.444444444444445,-16.857142857142858,-3.625,-14.055555555555555,-0.25
2021-01-30,-3.0,17.7,-14.142857142857142,2.125,-14.058823529411764,-2.25
2021-01-31,-7.5,19.375,-14.666666666666666,8.0,-17.764705882352942,-0.8
2021-02-01,-4.777777777777778,16.666666666666668,-12.538461538461538,-0.75,-11.88888888888889,-2.875
2021-02-02,-7.333333333333333,11.777777777777779,-15.384615384615385,-0.625,-13.277777777777779,-1.875
2021-02-03,-12.9,4.222222222222222,-17.23076923076923,-7.625,-12.333333333333334,-1.6666666666666667
2021-02-04,-13.4,4.333333333333333,-17.153846153846153,-8.75,-14.777777777777779,-1.4444444444444444
2021-02-05,-10.5,8.666666666666666,-13.214285714285714,-5.5,-10.722222222222221,-1.875
2021-02-06,-8.363636363636363,8.0,-13.571428571428571,-5.25,-15.058823529411764,-1.0
2021-02-07,-15.7,3.25,-12.642857142857142,-9.571428571428571,-20.823529411764707,0.8
2021-02-08,-9.4,8.444444444444445,-15.846153846153847,-2.375,-11.777777777777779,-1.75
2021-02-09,-8.666666666666666,8.11111111111111,-16.076923076923077,-4.125,-12.0,-2.2222222222222223
2021-02-10,-12.1,4.777777777777778,-16.307692307692307,-7.25,-10.5,-2.3333333333333335
2021-02-11,-11.8,5.222222222222222,-16.5,-8.0,-13.444444444444445,-3.2
2021-02-12,-8.4,11.777777777777779,-16.857142857142858,-4.875,-9.944444444444445,-5.875
2021-02-13,-3.3636363636363638,15.11111111111111,-14.866666666666667,-4.25,-16.176470588235293,-5.5
2021-02-14,10.8,17.875,-6.066666666666666,-0.7142857142857143,-16.294117647058822,-5.4
2021-02-15,-3.5555555555555554,15.333333333333334,-17.76923076923077,-2.5,-12.11111111111111,-6.444444444444445
2021-02-16,-5.555555555555555,18.333333333333332,-18.846153846153847,-0.75,-11.777777777777779,-5.888888888888889
2021-02-17,-6.555555555555555,10.11111111111111,-14.461538461538462,-0.875,-9.722222222222221,-5.888888888888889
2021-02-18,-12.0,8.0,-20.384615384615383,-5.125,-13.222222222222221,-4.6
2021-02-19,-8.8,11.333333333333334,-15.857142857142858,-0.375,-8.944444444444445,-6.111111111111111
2021-02-20,-7.545454545454546,11.444444444444445,-16.466666666666665,-5.75,-16.72222222222222,-5.0
2021-02-21,-11.6,9.75,-14.133333333333333,-3.7142857142857144,-22.058823529411764,-2.4
2021-02-22,-6.555555555555555,13.333333333333334,-16.76923076923077,-1.25,-7.888888888888889,-5.666666666666667
2021-02-23,-7.222222222222222,11.444444444444445,-17.923076923076923,-0.125,-8.944444444444445,-5.0
2021-02-24,-9.333333333333334,7.444444444444445,-20.0,-4.375,-8.88888888888889,-4.555555555555555
2021-02-25,-10.6,6.888888888888889,-18.928571428571427,-4.5,-10.277777777777779,-4.4
2021-02-26,-4.8,14.88888888888889,-14.642857142857142,-2.125,-7.222222222222222,-5.5
2021-02-27,-2.0,20.555555555555557,-11.857142857142858,0.0,-14.0,-5.25
2021-02-28,-5.5,16.75,-12.066666666666666,0.42857142857142855,-19.058823529411764,-4.0
2021-03-01,-2.0,19.333333333333332,-15.538461538461538,2.25,-6.166666666666667,-6.0
2021-03-02,-4.0,17.77777777777778,-17.571428571428573,2.5,-7.722222222222222,-5.555555555555555
2021-03-03,-4.777777777777778,12.444444444444445,-16.0,0.0,-7.888888888888889,-5.333333333333333
2021-03-04,-5.9,13.666666666666666,-19.071428571428573,0.5,-8.88888888888889,-5.1
2021-03-05,-3.7,19.88888888888889,-11.0,6.25,-5.823529411764706,-5.625
2021-03-06,-0.45454545454545453,17.88888888888889,-11.6,1.0,-13.764705882352942,-5.25
2021-03-07,-6.4,14.25,-13.0,-0.2857142857142857,-19.058823529411764,-3.4
2021-03-08,-0.3333333333333333,16.444444444444443,-13.076923076923077,1.375,-4.944444444444445,-5.8
2021-03-09,-6.0,13.0,-16.153846153846153,0.125,-6.722222222222222,-5.333333333333333
2021-03-10,-9.6,8.777777777777779,-17.384615384615383,-0.625,-5.5,-4.555555555555555
2021-03-11,-7.7,10.222222222222221,-18.285714285714285,0.125,-7.333333333333333,-4.9
2021-03-12,-4.9,15.555555555555555,-12.142857142857142,3.125,-4.529411764705882,-5.375
2021-03-13,-1.3636363636363635,19.444444444444443,-10.928571428571429,4.0,-14.882352941176471,-5.0
2021-03-14,-6.1,15.5,-11.533333333333333,1.1428571428571428,-20.294117647058822,-2.8
2021-03-15,1.2222222222222223,23.444444444444443,-10.076923076923077,7.625,-3.176470588235294,-6.2
2021-03-16,0.4444444444444444,23.77777777777778,-12.538461538461538,8.75,-3.7222222222222223,-6.0
2021-03-17,-0.6666666666666666,19.22222222222222,-11.538461538461538,17.142857142857142,-2.388888888888889,-6.1
2021-03-18,-3.8,14.333333333333334,-14.846153846153847,8.375,-4.444444444444445,-5.4
2021-03-19,-0.4,21.444444444444443,-7.214285714285714,7.125,-1.3529411764705883,-6.8
2021-03-20,2.0,20.11111111111111,-6.071428571428571,7.375,-12.647058823529411,-6.0
2021-03-21,-1.9,14.375,-7.466666666666667,3.2857142857142856,-18.352941176470587,-3.8
2021-03-22,1.0,19.22222222222222,-10.846153846153847,7.875,0.0,-5.9
2021-03-23,0.7777777777777778,17.88888888888889,-11.692307692307692,7.375,-1.3333333333333333,-6.111111111111111
2021-03-24,0.4444444444444444,15.777777777777779,-10.307692307692308,7.375,-1.0555555555555556,-6.2
2021-03-25,1.5,19.11111111111111,-9.538461538461538,8.875,-1.6111111111111112,-6.0
2021-03-26,5.6,25.444444444444443,-5.571428571428571,13.625,-6.9411764705882355,-6.222222222222222
2021-03-27,6.2727272727272725,25.333333333333332,-3.9285714285714284,11.875,-11.823529411764707,-6.0
2021-03-28,3.5,21.375,1.0666666666666667,7.285714285714286,-16.705882352941178,-5.0
2021-03-29,10.75,26.666666666666668,-2.4615384615384617,6.625,-26.333333333333332,-1.5
2021-03-30,12.875,31.555555555555557,-2.8461538461538463,10.5,-29.0,-2.0
2021-03-31,16.5,41.44444444444444,3.6153846153846154,28.428571428571427,-33.94444444444444,-3.5555555555555554
2021-04-01,-18.25,6.6,5.846153846153846,-12.0,-63.388888888888886,4.0
2021-04-02,-29.11111111111111,-20.6,10.0,-48.1,-67.05555555555556,8.375
2021-04-03,-11.545454545454545,-5.2,1.2857142857142858,-24.375,-48.27777777777778,1.25
2021-04-04,-9.7,1.625,-9.266666666666667,-12.428571428571429,-31.823529411764707,-2.2
2021-04-05,3.7777777777777777,28.88888888888889,-13.538461538461538,10.875,-23.333333333333332,-1.25
2021-04-06,1.2222222222222223,26.0,-9.384615384615385,12.5,-1.7777777777777777,-5.333333333333333
2021-04-07,-0.4444444444444444,20.77777777777778,-11.461538461538462,16.428571428571427,-2.5555555555555554,-5.0
2021-04-08,-2.0,17.666666666666668,-13.615384615384615,7.375,-1.8888888888888888,-4.7
2021-04-09,-2.272727272727273,21.88888888888889,-11.642857142857142,9.125,0.7647058823529411,-5.111111111111111
2021-04-10,-0.6363636363636364,19.555555555555557,-12.6,3.5,-11.764705882352942,-4.375
2021-04-11,-5.0,17.0,-10.4,6.0,-18.058823529411764,-2.0
2021-04-12,2.2222222222222223,21.77777777777778,-12.692307692307692,11.125,2.0,-5.4
2021-04-13,1.3333333333333333,23.11111111111111,-11.76923076923077,10.375,1.3888888888888888,-5.666666666666667
2021-04-14,2.6666666666666665,21.77777777777778,-9.76923076923077,17.428571428571427,0.5555555555555556,-5.7
2021-04-15,5.888888888888889,28.666666666666668,-10.538461538461538,18.142857142857142,0.5555555555555556,-5.3
2021-04-16,6.6,32.55555555555556,-5.785714285714286,15.25,3.2941176470588234,-6.4
2021-04-17,5.0,28.555555555555557,-7.5,10.25,-9.882352941176471,-4.5
2021-04-18,-4.363636363636363,19.625,-13.666666666666666,9.285714285714286,-19.058823529411764,-2.0
2021-04-19,1.6666666666666667,23.0,-13.307692307692308,12.125,0.7058823529411765,-4.0
2021-04-20,5.111111111111111,28.0,-13.153846153846153,13.125,1.3888888888888888,-5.666666666666667
2021-04-21,3.888888888888889,24.22222222222222,-11.461538461538462,20.571428571428573,2.0555555555555554,-6.1
2021-04-22,2.0,24.22222222222222,-9.923076923076923,21.142857142857142,1.2222222222222223,-5.2
2021-04-23,3.4,27.333333333333332,-7.142857142857143,18.125,3.4705882352941178,-5.333333333333333
2021-04-24,4.0,24.22222222222222,-3.857142857142857,12.5,-8.529411764705882,-4.375
2021-04-25,1.6,19.5,-8.2,9.285714285714286,-16.3125,-2.0
2021-04-26,7.625,24.88888888888889,-11.153846153846153,12.0,4.388888888888889,-4.8
2021-04-27,3.2222222222222223,22.333333333333332,-12.307692307692308,12.0,3.8333333333333335,-4.333333333333333
2021-04-28,2.888888888888889,21.22222222222222,-10.461538461538462,17.428571428571427,3.111111111111111,-4.7
2021-04-29,6.0,26.666666666666668,-9.692307692307692,13.75,1.8888888888888888,-4.9
2021-04-30,12.9,40.888888888888886,-3.0714285714285716,20.0,-3.0,-5.5
2021-05-01,5.2727272727272725,27.22222222222222,-0.5714285714285714,1.75,-32.72222222222222,-0.5
2021-05-02,4.5,25.875,-5.0,8.142857142857142,-21.352941176470587,-2.0
2021-05-03,11.75,33.77777777777778,-11.692307692307692,13.625,-29.22222222222222,0.875
2021-05-04,3.111111111111111,27.444444444444443,-14.76923076923077,24.0,0.6111111111111112,-4.222222222222222
2021-05-05,1.5555555555555556,21.88888888888889,-15.384615384615385,17.571428571428573,0.8888888888888888,-3.7
2021-05-06,2.1,24.0,-11.153846153846153,23.142857142857142,0.05555555555555555,-3.7
2021-05-07,2.4,26.333333333333332,-6.928571428571429,17.0,2.5294117647058822,-4.3
2021-05-08,2.8181818181818183,24.77777777777778,-5.928571428571429,10.25,-11.058823529411764,-3.25
2021-05-09,-2.4,20.625,-11.8,8.571428571428571,-18.0,-1.0
2021-05-10,4.666666666666667,26.22222222222222,-12.23076923076923,14.375,3.1176470588235294,-3.9
2021-05-11,2.6666666666666665,24.11111111111111,-11.461538461538462,13.375,1.9444444444444444,-3.111111111111111
2021-05-12,4.222222222222222,21.555555555555557,-8.538461538461538,24.0,1.7777777777777777,-3.7
2021-05-13,3.6666666666666665,21.666666666666668,-9.384615384615385,15.75,-0.2777777777777778,-3.5
2021-05-14,7.9,32.888888888888886,-4.214285714285714,19.625,0.9411764705882353,-4.125
2021-05-15,11.545454545454545,35.111111111111114,2.142857142857143,17.0,-11.176470588235293,-4.5
2021-05-16,4.5,31.125,-6.0,26.428571428571427,-16.705882352941178,-2.0
2021-05-17,14.625,35.55555555555556,-4.3076923076923075,20.5,4.470588235294118,-4.6
2021-05-18,8.666666666666666,30.666666666666668,-3.6923076923076925,22.428571428571427,4.555555555555555,-4.444444444444445
2021-05-19,6.555555555555555,25.333333333333332,-5.384615384615385,16.0,4.611111111111111,-3.6
2021-05-20,8.666666666666666,27.666666666666668,-4.923076923076923,16.0,2.7777777777777777,-3.3
2021-05-21,7.7,30.444444444444443,-0.8571428571428571,20.125,6.176470588235294,-3.2222222222222223
2021-05-22,9.363636363636363,28.1,0.2857142857142857,19.125,-6.0588235294117645,-2.25
2021-05-23,4.8,25.125,-4.2,19.285714285714285,-15.117647058823529,0.2
2021-05-24,12.125,28.88888888888889,-4.615384615384615,20.375,7.235294117647059,-2.4444444444444446
2021-05-25,10.11111111111111,28.77777777777778,-6.3076923076923075,17.0,7.235294117647059,-2.5555555555555554
2021-05-26,9.88888888888889,28.0,-4.384615384615385,17.0,7.111111111111111,-3.3333333333333335
2021-05-27,18.25,33.44444444444444,-0.15384615384615385,18.625,6.0,-3.8
2021-05-28,23.7,48.0,8.785714285714286,29.875,3.588235294117647,-4.9
2021-05-29,29.4,59.111111111111114,15.923076923076923,38.625,-6.0,-6.375
2021-05-30,41.3,69.75,18.214285714285715,47.142857142857146,-10.375,-7.0
2021-05-31,25.0,44.22222222222222,1.9230769230769231,20.25,-23.38888888888889,-0.375
2021-06-01,27.375,47.44444444444444,7.3076923076923075,27.875,8.444444444444445,-5.7
2021-06-02,18.25,35.55555555555556,3.4615384615384617,33.57142857142857,7.777777777777778,-4.4
2021-06-03,14.88888888888889,32.0,1.6153846153846154,21.125,7.117647058823529,-3.4
2021-06-04,14.1,36.111111111111114,5.857142857142857,21.75,10.823529411764707,-4.111111111111111
2021-06-05,14.454545454545455,36.22222222222222,7.214285714285714,20.5,-5.647058823529412,-3.0
2021-06-06,6.7,29.625,-2.933333333333333,15.857142857142858,-19.529411764705884,0.0
2021-06-07,15.5,31.77777777777778,-3.1538461538461537,14.75,9.235294117647058,-3.2
2021-06-08,11.0,28.88888888888889,-6.538461538461538,15.5,8.058823529411764,-3.6666666666666665
2021-06-09,4.111111111111111,23.444444444444443,-5.3076923076923075,5.375,3.2222222222222223,-6.5
2021-06-10,9.555555555555555,27.11111111111111,-3.1538461538461537,11.5,5.9411764705882355,-3.2
2021-06-11,10.7,32.111111111111114,4.928571428571429,16.375,8.235294117647058,-4.125
2021-06-12,7.909090909090909,30.444444444444443,0.2857142857142857,12.125,-9.294117647058824,-2.875
2021-06-13,3.9,24.625,-5.4,8.428571428571429,-21.11764705882353,0.0
2021-06-14,13.5,29.444444444444443,-4.230769230769231,8.875,5.176470588235294,-3.9
2021-06-15,13.88888888888889,34.77777777777778,-5.153846153846154,16.625,6.611111111111111,-4.444444444444445
2021-06-16,16.875,34.666666666666664,-1.3846153846153846,16.5,3.388888888888889,-5.888888888888889
2021-06-17,12.25,28.11111111111111,-5.153846153846154,8.5,-0.5555555555555556,-5.2
2021-06-18,10.0,31.11111111111111,0.21428571428571427,12.375,2.176470588235294,-5.375
2021-06-19,9.909090909090908,31.444444444444443,-0.14285714285714285,11.125,-13.705882352941176,-4.625
2021-06-20,4.8,25.875,-6.285714285714286,10.142857142857142,-25.0,-1.8
2021-06-21,14.25,29.0,-5.076923076923077,10.5,-0.5,-4.75
2021-06-22,15.75,32.44444444444444,-3.230769230769231,13.875,0.5,-5.222222222222222
2021-06-23,27.375,31.333333333333332,3.5384615384615383,15.25,-1.0,-6.777777777777778
2021-06-24,11.5,22.0,-5.3076923076923075,10.875,-3.388888888888889,-4.2
2021-06-25,8.7,27.0,-2.2142857142857144,10.25,-7.277777777777778,-2.875
2021-06-26,3.8181818181818183,20.88888888888889,-7.5,8.375,-16.166666666666668,-2.125
2021-06-27,5.9,25.5,-3.8666666666666667,7.714285714285714,-25.11764705882353,-1.2
2021-06-28,11.875,25.555555555555557,-7.3076923076923075,8.0,-2.7222222222222223,-5.333333333333333
2021-06-29,5.666666666666667,21.88888888888889,-9.846153846153847,2.75,-18.61111111111111,-1.25
2021-06-30,14.555555555555555,33.77777777777778,-1.2307692307692308,12.375,0.1111111111111111,-4.222222222222222
2021-07-01,11.333333333333334,32.333333333333336,-5.153846153846154,13.375,-2.5555555555555554,-3.0
2021-07-02,16.0,38.333333333333336,3.2142857142857144,14.5,1.0588235294117647,-4.125
2021-07-03,15.636363636363637,36.666666666666664,2.9285714285714284,18.25,-12.058823529411764,-3.875
2021-07-04,9.0,28.375,-6.533333333333333,11.285714285714286,-23.58823529411765,-0.6
2021-07-05,16.25,32.888888888888886,-7.6923076923076925,13.625,-11.444444444444445,-1.625
2021-07-06,13.666666666666666,32.22222222222222,-7.076923076923077,15.0,-11.166666666666666,-2.125
2021-07-07,14.125,28.88888888888889,-2.3076923076923075,11.625,-13.333333333333334,-4.666666666666667
2021-07-08,12.88888888888889,27.88888888888889,-5.076923076923077,15.0,-12.944444444444445,-1.6666666666666667
2021-07-09,11.5,31.0,-0.5,14.0,-10.944444444444445,-2.125
2021-07-10,0.0,20.3,-15.571428571428571,6.5,-16.647058823529413,-1.25
2021-07-11,7.3,28.25,-7.2,10.0,-24.764705882352942,-0.4
2021-07-12,16.25,30.77777777777778,-5.846153846153846,13.125,-9.944444444444445,-2.25
2021-07-13,15.75,30.0,-6.230769230769231,11.625,-10.333333333333334,-2.625
2021-07-14,17.125,33.888888888888886,-5.230769230769231,6.875,-10.444444444444445,-2.7777777777777777
2021-07-15,27.125,46.111111111111114,1.1538461538461537,10.375,-10.0,-3.4
2021-07-16,22.1,49.333333333333336,6.0,16.125,-7.333333333333333,-4.125
2021-07-17,21.272727272727273,49.666666666666664,9.0,16.625,-12.529411764705882,-4.25
2021-07-18,24.3,50.625,8.857142857142858,13.142857142857142,-21.352941176470587,-3.4
2021-07-19,-4.375,9.555555555555555,2.1538461538461537,-32.875,-55.72222222222222,10.75
2021-07-20,24.25,47.333333333333336,-0.9230769230769231,18.125,-3.2222222222222223,-4.666666666666667
2021-07-21,18.875,39.22222222222222,-1.8461538461538463,14.375,-2.0,-4.222222222222222
2021-07-22,17.75,36.0,-1.4615384615384615,13.0,-2.611111111111111,-3.8
2021-07-23,14.2,39.333333333333336,0.5714285714285714,12.125,1.2352941176470589,-3.625
2021-07-24,2.090909090909091,29.0,-11.5,0.75,-13.941176470588236,-1.25
2021-07-25,16.1,43.375,5.666666666666667,10.0,-21.823529411764707,-1.8
2021-07-26,18.5,36.44444444444444,-1.9230769230769231,7.75,-3.2777777777777777,-2.375
2021-07-27,14.375,34.55555555555556,-9.692307692307692,9.625,-0.9444444444444444,-2.5555555555555554
2021-07-28,12.75,28.22222222222222,-10.846153846153847,8.75,-1.5555555555555556,-2.5555555555555554
2021-07-29,17.75,36.888888888888886,-4.3076923076923075,10.75,-2.2222222222222223,-2.9
2021-07-30,18.2,46.666666666666664,1.5,15.125,1.2941176470588236,-3.75
2021-07-31,22.727272727272727,50.888888888888886,4.142857142857143,15.125,-9.294117647058824,-4.125
2021-08-01,19.1,49.5,1.6666666666666667,15.0,-22.41176470588235,-2.2
2021-08-02,20.0,40.22222222222222,-7.769230769230769,11.0,0.05555555555555555,-3.4444444444444446
2021-08-03,18.25,39.333333333333336,-6.384615384615385,9.5,0.6666666666666666,-3.6666666666666665
2021-08-04,22.375,40.666666666666664,-0.07692307692307693,14.25,1.6111111111111112,-4.555555555555555
2021-08-05,18.25,38.666666666666664,-4.6923076923076925,11.5,-0.4444444444444444,-3.4
2021-08-06,17.0,44.77777777777778,0.07142857142857142,13.25,3.5294117647058822,-3.875
2021-08-07,16.363636363636363,44.44444444444444,2.642857142857143,14.375,-9.411764705882353,-2.625
2021-08-08,8.7,37.75,-5.133333333333334,7.714285714285714,-22.647058823529413,0.0
2021-08-09,25.125,44.666666666666664,0.07692307692307693,14.5,2.0555555555555554,-4.1
2021-08-10,21.5,43.55555555555556,3.076923076923077,3.75,-10.833333333333334,0.5555555555555556
2021-08-11,16.875,34.0,-3.076923076923077,13.125,1.5,-4.1
2021-08-12,13.777777777777779,34.77777777777778,-1.3846153846153846,10.375,1.0,-3.2
2021-08-13,19.0,47.22222222222222,6.214285714285714,13.875,4.823529411764706,-4.222222222222222
2021-08-14,21.454545454545453,52.55555555555556,8.0,14.125,-10.11111111111111,-3.25
2021-08-15,21.1,51.875,4.133333333333334,21.0,-21.0,-2.2
2021-08-16,24.75,47.111111111111114,0.38461538461538464,17.0,1.2777777777777777,-3.9
2021-08-17,17.77777777777778,44.333333333333336,-0.46153846153846156,14.625,1.7777777777777777,-3.888888888888889
2021-08-18,16.22222222222222,38.44444444444444,-0.6923076923076923,12.75,5.055555555555555,-3.5
2021-08-19,11.333333333333334,34.333333333333336,-6.615384615384615,11.75,1.7777777777777777,-2.3
2021-08-20,11.3,39.0,-6.0,13.875,3.888888888888889,-2.375
2021-08-21,14.909090909090908,43.55555555555556,0.7142857142857143,12.5,-9.176470588235293,-1.75
2021-08-22,6.2,37.25,-8.666666666666666,9.0,-22.529411764705884,0.6
2021-08-23,15.625,34.666666666666664,-8.461538461538462,9.125,2.3333333333333335,-2.4444444444444446
2021-08-24,13.555555555555555,40.111111111111114,-5.538461538461538,11.875,0.9444444444444444,-3.7777777777777777
2021-08-25,15.25,33.44444444444444,-5.846153846153846,11.125,2.0555555555555554,-2.888888888888889
2021-08-26,11.222222222222221,33.22222222222222,-5.846153846153846,11.125,-0.5,-2.6
2021-08-27,11.0,38.0,-3.5,9.5,-2.3333333333333335,-0.875
2021-08-28,13.363636363636363,43.888888888888886,-0.5,6.5,-9.176470588235293,-0.875
2021-08-29,7.5,40.5,-6.466666666666667,8.857142857142858,-22.235294117647058,0.8
2021-08-30,20.0,43.111111111111114,-5.153846153846154,11.25,1.2222222222222223,-2.4
2021-08-31,11.777777777777779,41.55555555555556,-9.307692307692308,10.375,0.8888888888888888,-2.0
2021-09-01,16.0,41.0,-6.230769230769231,19.714285714285715,0.3333333333333333,-1.7777777777777777
2021-09-02,14.625,40.77777777777778,-6.153846153846154,10.5,-0.9444444444444444,-1.0
2021-09-03,13.3,46.0,0.0,13.75,0.5555555555555556,-0.875
2021-09-04,8.545454545454545,41.666666666666664,-5.142857142857143,6.125,-10.0,1.0
2021-09-05,5.3,43.125,-7.866666666666666,5.857142857142857,-22.647058823529413,2.0
2021-09-06,13.125,35.44444444444444,-12.615384615384615,8.0,-1.8888888888888888,-0.5
2021-09-07,12.0,41.333333333333336,-6.769230769230769,8.25,-1.6111111111111112,-1.2222222222222223
2021-09-08,10.125,32.22222222222222,-8.461538461538462,5.0,-2.611111111111111,-0.2222222222222222
2021-09-09,3.3,29.555555555555557,-12.384615384615385,5.25,-5.166666666666667,0.4444444444444444
2021-09-10,3.090909090909091,33.77777777777778,-8.142857142857142,3.875,-1.5555555555555556,1.0
2021-09-11,6.363636363636363,42.111111111111114,-4.285714285714286,-2.125,-13.055555555555555,1.5
2021-09-12,-6.181818181818182,32.75,-14.866666666666667,-6.0,-26.294117647058822,4.4
2021-09-13,20.0,47.0,-6.076923076923077,1.625,-26.88888888888889,4.125
2021-09-14,5.875,35.111111111111114,0.23076923076923078,-9.375,-47.22222222222222,8.25
2021-09-15,-10.0,13.555555555555555,-13.461538461538462,-21.5,-53.611111111111114,11.625
2021-09-16,7.555555555555555,38.888888888888886,-10.0,1.625,-28.444444444444443,4.125
2021-09-17,2.3636363636363638,37.22222222222222,-9.357142857142858,-2.25,-24.833333333333332,5.125
2021-09-18,0.45454545454545453,35.666666666666664,-9.642857142857142,-8.25,-18.72222222222222,3.625
2021-09-19,-4.1,33.25,-13.333333333333334,-2.142857142857143,-26.705882352941178,5.0
2021-09-20,15.625,40.55555555555556,-5.461538461538462,7.75,-4.166666666666667,0.0
2021-09-21,11.222222222222221,39.333333333333336,-7.153846153846154,8.0,-4.777777777777778,-0.375
2021-09-22,8.333333333333334,33.333333333333336,-6.153846153846154,14.857142857142858,-2.2222222222222223,0.2222222222222222
2021-09-23,6.333333333333333,31.11111111111111,-7.538461538461538,5.5,-4.277777777777778,0.8888888888888888
2021-09-24,-0.2727272727272727,29.77777777777778,-9.571428571428571,1.75,-8.61111111111111,2.875
2021-09-25,1.7272727272727273,34.55555555555556,-8.642857142857142,-1.0,-13.470588235294118,2.0
2021-09-26,-1.9,33.625,-14.266666666666667,-4.857142857142857,-23.764705882352942,4.4
2021-09-27,15.75,36.111111111111114,-7.384615384615385,5.5,-1.9444444444444444,-0.25
2021-09-28,10.11111111111111,36.55555555555556,-7.769230769230769,5.75,-2.111111111111111,-0.5
2021-09-29,10.666666666666666,33.77777777777778,-7.0,5.375,-1.2777777777777777,-0.3333333333333333
2021-09-30,13.666666666666666,38.77777777777778,-6.6923076923076925,10.25,-2.7222222222222223,-0.1111111111111111
2021-10-01,13.8,46.666666666666664,-2.0,11.5,1.3529411764705883,-1.125
2021-10-02,12.909090909090908,48.888888888888886,-1.7857142857142858,6.25,-9.588235294117647,-0.25
2021-10-03,8.5,46.625,-6.5,7.285714285714286,-21.58823529411765,2.2
2021-10-04,18.375,39.666666666666664,-5.923076923076923,6.25,-0.1111111111111111,-2.125
2021-10-05,17.444444444444443,45.666666666666664,-3.0,8.125,-0.2222222222222222,-1.5555555555555556
2021-10-06,16.375,33.44444444444444,-7.6923076923076925,13.857142857142858,-0.2222222222222222,-1.6666666666666667
2021-10-07,11.11111111111111,36.333333333333336,-8.307692307692308,6.75,-5.388888888888889,0.3
2021-10-08,13.4,41.55555555555556,-0.5714285714285714,6.75,0.8333333333333334,-1.0
2021-10-09,14.454545454545455,45.77777777777778,0.7857142857142857,5.625,-9.705882352941176,-0.875
2021-10-10,6.0,40.75,-8.133333333333333,2.7142857142857144,-22.764705882352942,2.0
2021-10-11,24.625,42.0,-0.46153846153846156,9.75,3.2222222222222223,-2.4
2021-10-12,24.75,42.22222222222222,-1.0,16.428571428571427,3.5555555555555554,-2.5555555555555554
2021-10-13,20.25,36.0,-2.923076923076923,8.875,2.8333333333333335,-2.3333333333333335
2021-10-14,12.88888888888889,35.55555555555556,-7.153846153846154,6.25,1.1111111111111112,-1.1
2021-10-15,20.4,50.77777777777778,2.357142857142857,12.125,4.117647058823529,-2.25
2021-10-16,20.727272727272727,54.55555555555556,3.4285714285714284,10.125,-8.411764705882353,-1.625
2021-10-17,14.1,50.625,-4.2,11.714285714285714,-19.764705882352942,0.8
2021-10-18,24.75,46.888888888888886,-3.3846153846153846,11.875,3.111111111111111,-2.3
2021-10-19,23.25,45.0,-3.3846153846153846,11.875,3.4444444444444446,-2.2222222222222223
2021-10-20,23.5,40.888888888888886,-2.3076923076923075,13.875,3.7777777777777777,-3.0
2021-10-21,24.625,46.0,0.7692307692307693,24.285714285714285,1.6666666666666667,-2.5
2021-10-22,18.0,45.333333333333336,-0.07142857142857142,16.125,5.117647058823529,-2.625
2021-10-23,17.545454545454547,47.22222222222222,2.857142857142857,10.25,-6.411764705882353,-1.125
2021-10-24,14.3,45.0,-1.9333333333333333,8.857142857142858,-18.41176470588235,1.6
2021-10-25,25.75,46.0,0.7692307692307693,16.75,0.0,-3.7
2021-10-26,26.125,45.44444444444444,0.7692307692307693,14.25,1.5,-3.4444444444444446
2021-10-27,24.5,42.888888888888886,1.0769230769230769,13.625,2.8333333333333335,-3.4444444444444446
2021-10-28,23.625,42.44444444444444,0.46153846153846156,14.625,1.3888888888888888,-3.2
2021-10-29,22.9,49.55555555555556,2.2142857142857144,13.0,-0.6111111111111112,-3.125
2021-10-30,20.90909090909091,52.44444444444444,1.4285714285714286,10.75,-6.0588235294117645,-2.625
2021-10-31,26.8,63.625,6.857142857142857,17.571428571428573,-14.5,-2.2
2021-11-01,32.625,54.55555555555556,2.6153846153846154,11.125,-18.61111111111111,-0.375
2021-11-02,23.5,42.22222222222222,1.5384615384615385,9.571428571428571,-29.166666666666668,2.5
2021-11-03,27.25,45.333333333333336,4.923076923076923,25.285714285714285,1.5,-3.4444444444444446
2021-11-04,28.375,49.0,5.461538461538462,14.875,0.7777777777777778,-2.9
2021-11-05,25.4,54.55555555555556,10.857142857142858,15.75,4.764705882352941,-3.25
2021-11-06,14.454545454545455,53.111111111111114,4.0,7.125,-6.705882352941177,-0.5
2021-11-07,-1.1,31.125,0.9333333333333333,-14.857142857142858,-22.529411764705884,2.6
2021-11-08,22.875,40.22222222222222,5.538461538461538,1.375,-11.722222222222221,2.125
2021-11-09,29.25,46.44444444444444,4.615384615384615,13.25,4.444444444444445,-2.0
2021-11-10,25.625,41.666666666666664,4.923076923076923,13.75,6.611111111111111,-2.888888888888889
2021-11-11,25.5,40.666666666666664,2.3846153846153846,15.375,4.666666666666667,-1.7
2021-11-12,23.8,49.666666666666664,11.142857142857142,17.5,9.823529411764707,-2.375
2021-11-13,25.181818181818183,53.77777777777778,11.0,15.875,-3.823529411764706,-1.5
2021-11-14,21.6,54.5,7.571428571428571,17.857142857142858,-16.764705882352942,0.4
2021-11-15,35.5,55.111111111111114,5.0,19.875,8.666666666666666,-3.0
2021-11-16,34.5,56.666666666666664,5.846153846153846,21.75,8.222222222222221,-3.2222222222222223
2021-11-17,33.375,51.333333333333336,9.076923076923077,22.25,8.0,-3.4444444444444446
2021-11-18,32.375,51.666666666666664,8.692307692307692,22.0,6.5,-2.8
2021-11-19,29.2,56.55555555555556,8.5,26.25,9.529411764705882,-3.25
2021-11-20,31.545454545454547,61.666666666666664,14.928571428571429,22.0,-2.9411764705882355,-2.375
2021-11-21,33.8,64.625,16.785714285714285,25.571428571428573,-12.352941176470589,-0.6
2021-11-22,38.125,58.333333333333336,9.923076923076923,24.25,8.61111111111111,-3.1
2021-11-23,36.375,56.0,8.538461538461538,23.5,7.388888888888889,-3.4444444444444446
2021-11-24,34.125,51.666666666666664,11.538461538461538,26.25,8.333333333333334,-3.2
2021-11-25,35.375,52.44444444444444,10.923076923076923,23.25,5.277777777777778,-2.5
2021-11-26,30.2,54.22222222222222,13.642857142857142,22.5,7.666666666666667,-3.25
2021-11-27,32.27272727272727,58.0,15.714285714285714,22.375,-1.588235294117647,-2.875
2021-11-28,34.1,64.75,17.642857142857142,24.571428571428573,-10.4375,-1.2
2021-11-29,39.875,58.22222222222222,12.153846153846153,23.5,7.555555555555555,-2.6
2021-11-30,43.875,64.88888888888889,13.846153846153847,26.25,6.833333333333333,-3.2222222222222223
2021-12-01,42.875,65.11111111111111,17.076923076923077,27.75,6.222222222222222,-3.3
2021-12-02,44.375,69.77777777777777,15.307692307692308,31.875,4.888888888888889,-3.0
2021-12-03,45.55555555555556,74.0,22.846153846153847,35.125,8.588235294117647,-5.2
2021-12-04,45.5,77.11111111111111,25.571428571428573,35.875,-0.11764705882352941,-4.375
2021-12-05,45.4,84.375,25.071428571428573,44.285714285714285,-10.352941176470589,-2.4
2021-12-06,56.375,77.55555555555556,23.76923076923077,42.75,1.9444444444444444,-3.4
2021-12-07,60.42857142857143,90.875,48.666666666666664,40.625,-2.7222222222222223,-3.1
2021-12-08,31.75,44.0,18.23076923076923,1.125,-42.05555555555556,7.5
2021-12-09,45.5,66.66666666666667,16.46153846153846,36.75,5.277777777777778,-3.4
2021-12-10,42.0,66.33333333333333,18.846153846153847,27.75,8.647058823529411,-3.2
2021-12-11,37.1,67.22222222222223,19.46153846153846,25.5,4.352941176470588,-3.125
2021-12-12,38.3,71.875,17.615384615384617,31.714285714285715,-2.5,-1.6
2021-12-13,40.0,62.111111111111114,11.0,24.25,3.111111111111111,-1.1
2021-12-14,41.5,63.666666666666664,8.923076923076923,23.875,2.888888888888889,-1.5555555555555556
2021-12-15,46.75,65.22222222222223,14.153846153846153,27.0,3.6666666666666665,-2.8
2021-12-16,47.375,68.11111111111111,11.846153846153847,25.75,0.2222222222222222,-2.1
2021-12-17,48.5,69.88888888888889,16.923076923076923,25.625,6.647058823529412,-2.9
2021-12-18,44.5,71.0,20.53846153846154,27.875,5.705882352941177,-4.375
2021-12-19,52.4,81.5,24.384615384615383,37.42857142857143,-0.4375,-3.4
2021-12-20,54.0,76.25,19.76923076923077,29.125,-7.888888888888889,-0.7
2021-12-21,55.375,79.75,19.307692307692307,33.875,-9.333333333333334,-1.0
2021-12-22,54.25,82.11111111111111,23.153846153846153,39.5,-9.88888888888889,-1.7
2021-12-23,63.875,108.75,28.076923076923077,64.85714285714286,-12.555555555555555,-2.3
2021-12-24,52.375,120.625,51.07692307692308,55.875,-22.27777777777778,-2.0
2021-12-25,-0.18181818181818182,-4.8,13.23076923076923,-35.55555555555556,-52.666666666666664,7.625
2021-12-26,37.44444444444444,60.625,22.46153846153846,25.428571428571427,-14.882352941176471,0.4
2021-12-27,42.0,65.0,18.0,22.375,-17.61111111111111,2.625
2021-12-28,46.0,68.125,20.692307692307693,23.75,-16.166666666666668,2.4444444444444446
2021-12-29,47.25,71.77777777777777,26.0,29.0,-16.444444444444443,1.4444444444444444
2021-12-30,56.875,97.25,35.25,42.75,-18.88888888888889,0.3
2021-12-31,46.625,114.125,53.69230769230769,52.0,-25.666666666666668,-0.5
2022-01-01,-4.555555555555555,-8.6,29.153846153846153,-41.55555555555556,-55.611111111111114,6.875
2022-01-02,28.875,52.375,24.692307692307693,20.285714285714285,-21.058823529411764,1.2
2022-01-03,32.25,59.55555555555556,11.692307692307692,18.75,-15.277777777777779,3.125
2022-01-04,31.5,58.55555555555556,10.692307692307692,17.875,-10.833333333333334,2.4444444444444446
2022-01-05,28.75,53.22222222222222,10.461538461538462,17.25,-2.2777777777777777,1.5555555555555556
2022-01-06,28.375,51.77777777777778,14.461538461538462,18.25,-2.2777777777777777,2.1
2022-01-07,25.333333333333332,52.111111111111114,11.538461538461538,18.5,4.352941176470588,1.75
2022-01-08,23.90909090909091,52.55555555555556,10.384615384615385,12.375,5.647058823529412,1.625
2022-01-09,24.0,52.125,8.428571428571429,15.714285714285714,-7.823529411764706,2.6
2022-01-10,33.0,57.888888888888886,18.846153846153847,18.25,3.388888888888889,1.1111111111111112
2022-01-11,33.625,59.111111111111114,12.923076923076923,20.25,4.333333333333333,0.8888888888888888
2022-01-12,29.5,51.44444444444444,10.384615384615385,16.125,6.0,1.2222222222222223
2022-01-13,27.75,51.77777777777778,9.307692307692308,17.875,4.722222222222222,1.9
2022-01-14,33.55555555555556,60.333333333333336,16.846153846153847,22.375,11.764705882352942,1.375
2022-01-15,36.5,69.44444444444444,18.692307692307693,23.375,8.941176470588236,1.625
2022-01-16,34.5,70.25,17.846153846153847,23.0,-3.4375,2.8
2022-01-17,39.75,66.33333333333333,17.153846153846153,28.5,9.11111111111111,2.0
2022-01-18,38.5,62.77777777777778,18.0,25.875,8.444444444444445,2.111111111111111
2022-01-19,36.625,53.55555555555556,18.615384615384617,24.375,8.722222222222221,2.3333333333333335
2022-01-20,36.5,54.888888888888886,17.25,33.857142857142854,6.944444444444445,2.7
2022-01-21,38.625,59.55555555555556,15.153846153846153,24.5,12.411764705882353,2.625
2022-01-22,33.1,60.0,13.461538461538462,26.75,10.176470588235293,3.25
2022-01-23,29.9,61.5,13.384615384615385,25.0,0.25,4.6
2022-01-24,38.25,58.888888888888886,14.923076923076923,19.875,14.411764705882353,2.2222222222222223
2022-01-25,34.625,55.0,11.384615384615385,19.875,13.166666666666666,1.7777777777777777
2022-01-26,30.375,47.333333333333336,11.384615384615385,19.125,12.666666666666666,2.6666666666666665
2022-01-27,29.875,48.888888888888886,10.538461538461538,17.0,10.5,2.9
2022-01-28,34.5,54.333333333333336,15.714285714285714,18.875,18.0,2.0
2022-01-29,32.7,58.22222222222222,11.0,20.25,11.176470588235293,3.25
2022-01-30,30.4,59.5,10.461538461538462,23.714285714285715,-2.3125,4.2
2022-01-31,37.75,62.25,12.615384615384615,21.5,17.705882352941178,1.7777777777777777
2022-02-01,35.75,60.888888888888886,11.846153846153847,21.625,15.944444444444445,2.111111111111111
2022-02-02,33.75,52.55555555555556,14.538461538461538,30.857142857142858,14.444444444444445,2.111111111111111
2022-02-03,31.25,53.77777777777778,11.615384615384615,19.125,14.222222222222221,2.8
2022-02-04,32.888888888888886,58.888888888888886,18.071428571428573,22.125,20.235294117647058,1.6666666666666667
2022-02-05,29.09090909090909,57.0,11.23076923076923,21.125,10.117647058823529,3.625
2022-02-06,24.7,54.625,9.692307692307692,19.714285714285715,-3.125,5.8
2022-02-07,35.625,60.77777777777778,11.153846153846153,19.875,17.88235294117647,2.0
2022-02-08,33.125,57.22222222222222,9.461538461538462,18.625,15.722222222222221,2.3333333333333335
2022-02-09,31.5,50.111111111111114,12.307692307692308,16.5,15.294117647058824,2.5555555555555554
2022-02-10,29.5,50.666666666666664,9.384615384615385,18.375,13.222222222222221,3.3
2022-02-11,33.625,56.55555555555556,15.0,18.125,19.88235294117647,1.875
2022-02-12,31.272727272727273,56.666666666666664,12.923076923076923,18.375,10.470588235294118,3.125
2022-02-13,30.7,57.0,12.23076923076923,17.571428571428573,-0.875,5.0
2022-02-14,63.75,70.25,22.384615384615383,23.75,1.3333333333333333,3.25
2022-02-15,39.25,65.125,12.153846153846153,23.125,17.88888888888889,1.1111111111111112
2022-02-16,35.375,61.22222222222222,12.692307692307692,24.875,18.41176470588235,1.2222222222222223
2022-02-17,30.625,55.0,9.923076923076923,22.0,17.61111111111111,2.0
2022-02-18,37.0,58.44444444444444,15.23076923076923,23.25,25.470588235294116,0.6
2022-02-19,30.0,55.0,14.642857142857142,21.625,12.647058823529411,2.75
2022-02-20,26.2,52.75,11.571428571428571,17.0,-0.875,4.8
2022-02-21,36.5,59.333333333333336,17.846153846153847,23.625,23.294117647058822,1.7
2022-02-22,34.625,54.22222222222222,14.76923076923077,22.625,23.529411764705884,1.1111111111111112
2022-02-23,31.5,47.44444444444444,17.076923076923077,21.375,24.529411764705884,1.1111111111111112
2022-02-24,28.375,45.77777777777778,13.384615384615385,23.125,22.352941176470587,1.7
2022-02-25,32.75,52.44444444444444,19.285714285714285,21.25,27.352941176470587,0.875
2022-02-26,32.1,55.55555555555556,17.76923076923077,22.25,14.411764705882353,1.25
2022-02-27,29.1,54.375,14.538461538461538,23.428571428571427,1.875,3.4
2022-02-28,39.375,64.0,21.384615384615383,28.0,27.11764705882353,0.2
2022-03-01,37.0,63.25,21.416666666666668,31.0,26.058823529411764,0.5555555555555556
2022-03-02,34.625,53.77777777777778,29.25,27.125,26.705882352941178,0.2
2022-03-03,34.625,54.333333333333336,23.076923076923077,39.857142857142854,26.11764705882353,1.7
2022-03-04,38.75,58.0,28.46153846153846,26.5,31.88235294117647,1.5
2022-03-05,37.1,59.55555555555556,25.76923076923077,28.75,16.6875,2.875
2022-03-06,31.7,57.75,21.692307692307693,29.428571428571427,2.875,5.0
2022-03-07,37.625,56.888888888888886,28.846153846153847,29.125,32.0,2.4444444444444446
2022-03-08,43.5,52.77777777777778,32.416666666666664,27.375,32.529411764705884,3.3333333333333335
2022-03-09,33.875,43.666666666666664,29.307692307692307,38.285714285714285,33.8235294117647,4.111111111111111
2022-03-10,32.875,45.22222222222222,30.46153846153846,39.42857142857143,33.470588235294116,5.3
2022-03-11,36.0,48.77777777777778,35.61538461538461,30.625,37.76470588235294,4.75
2022-03-12,33.8,52.111111111111114,32.69230769230769,29.5,21.75,6.375
2022-03-13,30.6,51.375,26.0,33.142857142857146,8.0,7.8
2022-03-14,35.25,49.666666666666664,31.23076923076923,30.375,37.0,5.75
2022-03-15,41.0,58.888888888888886,37.916666666666664,32.75,36.88235294117647,5.0
2022-03-16,38.75,56.44444444444444,38.916666666666664,49.42857142857143,36.76470588235294,4.666666666666667
2022-03-17,35.5,49.111111111111114,32.38461538461539,32.5,34.05882352941177,5.9
2022-03-18,40.25,55.888888888888886,38.53846153846154,34.125,38.11764705882353,4.5
2022-03-19,37.0,57.111111111111114,35.92307692307692,32.5,20.0,5.625
2022-03-20,40.44444444444444,57.125,32.0,37.142857142857146,8.0625,6.6
2022-03-21,39.875,53.55555555555556,38.07692307692308,32.5,37.0,5.625
2022-03-22,38.25,50.666666666666664,35.833333333333336,30.25,37.64705882352941,5.222222222222222
2022-03-23,35.5,46.44444444444444,39.666666666666664,31.0,37.529411764705884,5.222222222222222
2022-03-24,33.75,45.111111111111114,33.53846153846154,28.25,34.294117647058826,5.8
2022-03-25,38.125,49.77777777777778,35.92307692307692,28.25,29.764705882352942,5.5
2022-03-26,33.6,49.888888888888886,34.0,25.625,19.470588235294116,6.125
2022-03-27,34.55555555555556,50.5,30.846153846153847,31.428571428571427,6.3125,7.6
2022-03-28,36.125,48.44444444444444,34.76923076923077,28.0,40.705882352941174,5.5
2022-03-29,35.125,46.77777777777778,34.75,27.0,38.470588235294116,5.333333333333333
2022-03-30,37.0,48.666666666666664,35.76923076923077,41.142857142857146,37.88235294117647,4.666666666666667
2022-03-31,36.75,52.55555555555556,34.07692307692308,32.0,36.588235294117645,4.7
2022-04-01,40.25,54.55555555555556,38.38461538461539,29.875,41.411764705882355,3.625
2022-04-02,39.4,58.44444444444444,37.0,33.875,21.3125,4.625
2022-04-03,37.44444444444444,54.375,37.23076923076923,36.42857142857143,9.125,6.0
2022-04-04,38.0,55.111111111111114,41.666666666666664,34.75,40.11764705882353,4.222222222222222
2022-04-05,40.0,56.375,40.333333333333336,33.875,39.529411764705884,4.222222222222222
2022-04-06,37.625,52.666666666666664,40.5,33.125,37.8235294117647,4.111111111111111
2022-04-07,40.0,55.111111111111114,37.69230769230769,32.5,35.705882352941174,4.0
2022-04-08,44.25,60.333333333333336,44.84615384615385,33.875,35.23529411764706,3.25
2022-04-09,39.5,62.44444444444444,39.92307692307692,32.0,20.625,5.0
2022-04-10,43.111111111111114,60.375,45.61538461538461,32.714285714285715,9.1875,6.0
2022-04-11,48.25,61.875,54.416666666666664,28.25,1.1111111111111112,8.75
2022-04-12,48.75,64.125,51.833333333333336,30.75,-2.5555555555555554,8.5
2022-04-13,52.142857142857146,78.875,69.25,50.0,-11.11111111111111,7.333333333333333
2022-04-14,20.125,36.125,72.83333333333333,9.0,-49.77777777777778,15.0
2022-04-15,7.625,13.0,62.333333333333336,-30.3,-55.22222222222222,18.375
2022-04-16,15.666666666666666,27.555555555555557,55.46153846153846,-9.25,-31.88235294117647,11.125
2022-04-17,29.22222222222222,41.875,41.61538461538461,18.714285714285715,-7.8125,6.4
2022-04-18,41.25,58.25,36.30769230769231,29.125,3.5,9.5
2022-04-19,38.5,56.75,40.0,30.375,35.411764705882355,5.222222222222222
2022-04-20,39.375,55.333333333333336,36.53846153846154,33.25,37.05882352941177,4.333333333333333
2022-04-21,34.25,52.111111111111114,34.23076923076923,28.625,35.11764705882353,5.4
2022-04-22,34.75,53.666666666666664,33.0,27.75,38.11764705882353,4.625
2022-04-23,33.4,54.44444444444444,32.84615384615385,25.25,20.529411764705884,6.625
2022-04-24,34.44444444444444,57.625,32.61538461538461,28.714285714285715,9.6875,7.8
2022-04-25,38.125,51.625,36.15384615384615,28.5,41.35294117647059,5.25
2022-04-26,37.875,50.875,36.25,27.625,39.8235294117647,5.222222222222222
2022-04-27,35.5,48.22222222222222,32.15384615384615,28.75,39.0,5.111111111111111
2022-04-28,37.25,51.111111111111114,34.69230769230769,26.5,36.35294117647059,5.0
2022-04-29,44.875,63.55555555555556,38.0,31.25,31.823529411764707,4.0
2022-04-30,46.5,73.77777777777777,43.46153846153846,31.125,22.375,4.125
2022-05-01,48.75,66.125,46.76923076923077,28.571428571428573,2.8125,5.8
2022-05-02,31.25,46.875,34.23076923076923,8.0,-30.27777777777778,17.125
2022-05-03,41.25,61.625,35.666666666666664,34.0,37.294117647058826,3.7777777777777777
2022-05-04,37.375,50.666666666666664,29.384615384615383,37.0,38.588235294117645,5.111111111111111
2022-05-05,38.625,53.22222222222222,27.615384615384617,27.25,35.88235294117647,5.0
2022-05-06,35.666666666666664,54.333333333333336,29.923076923076923,24.875,38.588235294117645,4.875
2022-05-07,32.9,52.0,25.153846153846153,19.625,20.58823529411765,7.25
2022-05-08,33.0,57.625,22.23076923076923,20.571428571428573,7.625,8.6
2022-05-09,35.5,50.375,28.307692307692307,23.875,39.529411764705884,5.875
2022-05-10,36.5,54.111111111111114,30.083333333333332,26.0,39.529411764705884,5.333333333333333
2022-05-11,35.5,49.55555555555556,35.333333333333336,23.375,40.0,4.111111111111111
2022-05-12,33.625,49.666666666666664,32.083333333333336,23.625,36.05882352941177,5.0
2022-05-13,40.5,60.333333333333336,36.0,24.875,40.705882352941174,4.25
