date,retail_and_recreation_percent_change_from_baseline_Paraguay,grocery_and_pharmacy_percent_change_from_baseline_Paraguay,parks_percent_change_from_baseline_Paraguay,transit_stations_percent_change_from_baseline_Paraguay,workplaces_percent_change_from_baseline_Paraguay,residential_percent_change_from_baseline_Paraguay
2020-02-15,-6.411764705882353,-3.0,-11.8,-10.916666666666666,1.1666666666666667,2.75
2020-02-16,-10.6875,-5.714285714285714,-23.133333333333333,-10.727272727272727,-1.8333333333333333,6.166666666666667
2020-02-17,-1.0625,0.4375,-3.8461538461538463,-0.5555555555555556,12.0,-0.8461538461538461
2020-02-18,-6.0625,-1.9375,-12.23076923076923,-4.222222222222222,10.444444444444445,0.23076923076923078
2020-02-19,-5.0,-4.0625,-4.857142857142857,-3.4444444444444446,11.777777777777779,0.3076923076923077
2020-02-20,-2.588235294117647,-0.9375,-3.5384615384615383,-0.5555555555555556,13.0,-0.23076923076923078
2020-02-21,-6.388888888888889,-4.176470588235294,-10.785714285714286,-7.6,14.777777777777779,-0.38461538461538464
2020-02-22,-4.833333333333333,0.125,-9.6,-9.916666666666666,4.333333333333333,2.4444444444444446
2020-02-23,-5.25,-1.6428571428571428,-15.6,-11.6,4.277777777777778,4.5
2020-02-24,1.0,-1.25,-0.5384615384615384,-5.333333333333333,15.61111111111111,-0.7692307692307693
2020-02-25,-7.6875,-5.625,-19.615384615384617,-8.666666666666666,13.777777777777779,1.0
2020-02-26,-7.0588235294117645,-5.5,-6.857142857142857,-8.0,15.222222222222221,0.6153846153846154
2020-02-27,-1.4375,-0.1875,-3.3846153846153846,-1.1111111111111112,18.27777777777778,-1.0
2020-02-28,-2.0588235294117645,1.3529411764705883,-0.5714285714285714,-6.1,17.444444444444443,-1.8461538461538463
2020-02-29,2.611111111111111,6.75,-2.8666666666666667,-3.5454545454545454,6.222222222222222,0.9
2020-03-01,-1.8,1.7142857142857142,-9.666666666666666,-8.7,4.666666666666667,2.8333333333333335
2020-03-02,1.4375,5.0,-2.4166666666666665,-2.111111111111111,19.833333333333332,-1.5384615384615385
2020-03-03,-0.375,2.25,-3.230769230769231,-2.6666666666666665,18.72222222222222,-1.6923076923076923
2020-03-04,-1.5,0.625,-4.0,-3.111111111111111,19.0,-1.4615384615384615
2020-03-05,-0.375,0.5,-2.5384615384615383,0.2222222222222222,19.5,-1.7692307692307692
2020-03-06,-2.888888888888889,-2.235294117647059,-8.0,-5.6,19.166666666666668,-1.6923076923076923
2020-03-07,0.05555555555555555,2.3125,-7.428571428571429,-10.0,6.611111111111111,1.0
2020-03-08,-4.666666666666667,-0.6428571428571429,-10.266666666666667,-9.7,6.529411764705882,3.6666666666666665
2020-03-09,-2.4375,1.0,-5.6923076923076925,-2.888888888888889,19.833333333333332,-1.5384615384615385
2020-03-10,-3.3125,2.875,-6.923076923076923,-2.5555555555555554,18.72222222222222,-1.6923076923076923
2020-03-11,-9.588235294117647,1.875,-14.5,-8.555555555555555,6.444444444444445,4.3076923076923075
2020-03-12,-12.5,-6.0,-16.307692307692307,-11.88888888888889,3.0555555555555554,5.076923076923077
2020-03-13,-18.77777777777778,-10.444444444444445,-24.214285714285715,-24.4,0.1111111111111111,7.416666666666667
2020-03-14,-23.555555555555557,-9.941176470588236,-29.533333333333335,-30.75,-1.3888888888888888,9.75
2020-03-15,-36.3125,-19.285714285714285,-44.4,-40.90909090909091,-7.055555555555555,13.4
2020-03-16,-31.705882352941178,-13.705882352941176,-39.785714285714285,-38.0,-8.88888888888889,12.545454545454545
2020-03-17,-36.588235294117645,-23.235294117647058,-41.5,-43.77777777777778,-14.166666666666666,13.6
2020-03-18,-43.27777777777778,-26.058823529411764,-51.214285714285715,-50.0,-19.444444444444443,17.444444444444443
2020-03-19,-43.833333333333336,-29.058823529411764,-49.57142857142857,-52.666666666666664,-20.555555555555557,18.75
2020-03-20,-44.94444444444444,-23.11764705882353,-51.375,-53.75,-20.77777777777778,19.25
2020-03-21,-63.833333333333336,-41.5625,-67.5,-70.61538461538461,-38.5,27.666666666666668
2020-03-22,-71.52941176470588,-61.642857142857146,-74.4,-78.63636363636364,-33.666666666666664,26.8
2020-03-23,-64.88235294117646,-48.5,-62.785714285714285,-74.46153846153847,-47.0,30.333333333333332
2020-03-24,-67.0,-52.25,-65.92857142857143,-75.91666666666667,-50.333333333333336,31.5
2020-03-25,-67.0,-51.8125,-62.733333333333334,-76.5,-51.05555555555556,32.333333333333336
2020-03-26,-64.17647058823529,-48.125,-60.785714285714285,-74.4,-49.111111111111114,30.5
2020-03-27,-64.76470588235294,-45.470588235294116,-60.35294117647059,-72.42857142857143,-46.94444444444444,32.833333333333336
2020-03-28,-66.88235294117646,-46.588235294117645,-64.76470588235294,-74.61538461538461,-43.72222222222222,30.5
2020-03-29,-64.41176470588235,-53.57142857142857,-67.5,-75.0909090909091,-23.555555555555557,24.4
2020-03-30,-49.44444444444444,-35.88235294117647,-52.357142857142854,-66.54545454545455,-33.77777777777778,22.75
2020-03-31,-47.588235294117645,-29.8125,-52.214285714285715,-63.333333333333336,-34.0,21.375
2020-04-01,-53.55555555555556,-38.23529411764706,-55.42857142857143,-67.33333333333333,-37.611111111111114,25.125
2020-04-02,-57.294117647058826,-39.6875,-57.57142857142857,-69.77777777777777,-39.55555555555556,26.25
2020-04-03,-59.470588235294116,-40.375,-58.8235294117647,-70.07692307692308,-39.22222222222222,30.285714285714285
2020-04-04,-65.27777777777777,-46.0625,-65.47058823529412,-75.3076923076923,-40.27777777777778,30.5
2020-04-05,-69.52941176470588,-59.42857142857143,-72.86666666666666,-79.63636363636364,-27.666666666666668,27.0
2020-04-06,-66.17647058823529,-51.125,-66.07142857142857,-75.5,-51.388888888888886,32.5
2020-04-07,-60.294117647058826,-40.94117647058823,-61.214285714285715,-71.08333333333333,-48.94444444444444,29.333333333333332
2020-04-08,-61.23529411764706,-42.125,-59.642857142857146,-73.5,-52.388888888888886,30.333333333333332
2020-04-09,-70.0,-57.875,-65.28571428571429,-79.0,-62.05555555555556,33.0
2020-04-10,-82.52941176470588,-86.625,-73.125,-87.18181818181819,-72.44444444444444,44.0
2020-04-11,-71.23529411764706,-53.5625,-71.13333333333334,-79.71428571428571,-48.27777777777778,32.5
2020-04-12,-66.52941176470588,-54.42857142857143,-70.73333333333333,-78.18181818181819,-23.72222222222222,25.2
2020-04-13,-55.8235294117647,-47.1875,-58.214285714285715,-69.5,-39.55555555555556,25.75
2020-04-14,-53.588235294117645,-38.470588235294116,-55.357142857142854,-68.36363636363636,-36.333333333333336,23.375
2020-04-15,-54.294117647058826,-41.0,-55.07142857142857,-69.77777777777777,-35.72222222222222,25.875
2020-04-16,-52.05882352941177,-36.11764705882353,-53.142857142857146,-67.55555555555556,-33.27777777777778,24.875
2020-04-17,-52.333333333333336,-33.0,-54.875,-65.33333333333333,-31.88888888888889,27.25
2020-04-18,-55.88235294117647,-36.5625,-60.3125,-69.3076923076923,-29.88888888888889,26.166666666666668
2020-04-19,-60.588235294117645,-45.0,-66.86666666666666,-72.54545454545455,-17.22222222222222,23.6
2020-04-20,-47.3125,-32.294117647058826,-51.785714285714285,-64.81818181818181,-29.22222222222222,23.0
2020-04-21,-45.64705882352941,-29.647058823529413,-51.07142857142857,-63.0,-29.555555555555557,22.625
2020-04-22,-46.9375,-31.470588235294116,-50.857142857142854,-63.0,-28.5,23.125
2020-04-23,-47.470588235294116,-33.705882352941174,-52.07142857142857,-62.7,-28.0,23.125
2020-04-24,-50.529411764705884,-36.05882352941177,-55.75,-65.41666666666667,-27.72222222222222,25.625
2020-04-25,-53.611111111111114,-36.94117647058823,-58.294117647058826,-69.08333333333333,-25.38888888888889,24.166666666666668
2020-04-26,-60.4375,-48.0,-66.8,-73.18181818181819,-13.666666666666666,22.4
2020-04-27,-44.05882352941177,-34.470588235294116,-51.57142857142857,-63.09090909090909,-24.333333333333332,22.25
2020-04-28,-43.1875,-28.352941176470587,-50.5,-60.888888888888886,-24.38888888888889,17.11111111111111
2020-04-29,-42.75,-28.176470588235293,-49.142857142857146,-60.77777777777778,-23.555555555555557,20.22222222222222
2020-04-30,-37.23529411764706,-18.625,-44.857142857142854,-56.111111111111114,-22.22222222222222,17.11111111111111
2020-05-01,-64.17647058823529,-51.875,-63.1764705882353,-74.15384615384616,-53.72222222222222,32.666666666666664
2020-05-02,-52.35294117647059,-33.94117647058823,-60.25,-67.91666666666667,-25.444444444444443,24.0
2020-05-03,-58.125,-45.285714285714285,-66.06666666666666,-72.36363636363636,-12.944444444444445,21.4
2020-05-04,-37.05882352941177,-28.176470588235293,-43.714285714285715,-58.22222222222222,-16.833333333333332,17.333333333333332
2020-05-05,-38.588235294117645,-28.11764705882353,-47.214285714285715,-57.1,-18.61111111111111,18.333333333333332
2020-05-06,-38.76470588235294,-24.625,-46.142857142857146,-55.0,-18.38888888888889,18.77777777777778
2020-05-07,-36.1764705882353,-23.75,-42.57142857142857,-52.44444444444444,-16.11111111111111,18.0
2020-05-08,-40.705882352941174,-27.055555555555557,-48.125,-55.583333333333336,-15.61111111111111,20.875
2020-05-09,-43.94444444444444,-28.294117647058822,-53.875,-61.583333333333336,-14.666666666666666,20.125
2020-05-10,-52.25,-38.214285714285715,-61.53333333333333,-68.45454545454545,-5.666666666666667,19.6
2020-05-11,-34.1764705882353,-25.823529411764707,-43.92857142857143,-56.9,-13.777777777777779,16.333333333333332
2020-05-12,-40.611111111111114,-29.294117647058822,-51.214285714285715,-58.55555555555556,-20.444444444444443,18.444444444444443
2020-05-13,-32.125,-17.5,-42.142857142857146,-48.666666666666664,-14.777777777777779,14.545454545454545
2020-05-14,-31.375,-11.5,-41.0,-54.333333333333336,-33.44444444444444,17.875
2020-05-15,-55.388888888888886,-41.8235294117647,-56.0625,-71.08333333333333,-46.44444444444444,25.375
2020-05-16,-47.76470588235294,-33.05555555555556,-55.4375,-64.41666666666667,-17.333333333333332,21.0
2020-05-17,-52.8125,-39.8,-60.666666666666664,-66.63636363636364,-4.388888888888889,19.8
2020-05-18,-32.3125,-24.058823529411764,-39.07142857142857,-44.77777777777778,-9.166666666666666,14.166666666666666
2020-05-19,-32.875,-24.058823529411764,-37.785714285714285,-43.333333333333336,-10.944444444444445,14.083333333333334
2020-05-20,-32.23529411764706,-23.375,-37.857142857142854,-42.55555555555556,-10.38888888888889,14.416666666666666
2020-05-21,-37.05555555555556,-29.6875,-41.5,-43.888888888888886,-14.277777777777779,14.666666666666666
2020-05-22,-49.529411764705884,-34.833333333333336,-57.25,-57.416666666666664,-17.833333333333332,21.0
2020-05-23,-46.705882352941174,-27.705882352941178,-57.125,-57.5,-13.444444444444445,19.875
2020-05-24,-50.5625,-36.42857142857143,-58.4,-60.90909090909091,-2.1666666666666665,19.0
2020-05-25,-30.705882352941178,-24.470588235294116,-39.142857142857146,-43.111111111111114,-8.166666666666666,14.0
2020-05-26,-32.125,-22.25,-38.857142857142854,-43.666666666666664,-7.888888888888889,13.75
2020-05-27,-29.235294117647058,-21.0625,-36.714285714285715,-42.77777777777778,-7.388888888888889,13.833333333333334
2020-05-28,-26.529411764705884,-16.625,-32.0,-39.55555555555556,-5.944444444444445,13.083333333333334
2020-05-29,-28.77777777777778,-15.61111111111111,-38.142857142857146,-41.27272727272727,-5.888888888888889,13.666666666666666
2020-05-30,-32.111111111111114,-15.588235294117647,-41.86666666666667,-42.916666666666664,-3.6666666666666665,14.0
2020-05-31,-48.8125,-31.785714285714285,-59.733333333333334,-56.09090909090909,-1.2222222222222223,17.2
2020-06-01,-31.125,-23.294117647058822,-41.57142857142857,-44.0,-9.88888888888889,14.909090909090908
2020-06-02,-26.823529411764707,-12.0,-36.42857142857143,-35.666666666666664,-5.833333333333333,13.416666666666666
2020-06-03,-29.0,-16.4375,-34.142857142857146,-36.77777777777778,-5.055555555555555,12.833333333333334
2020-06-04,-41.588235294117645,-29.0,-50.42857142857143,-48.0,-12.88888888888889,18.3
2020-06-05,-43.705882352941174,-27.529411764705884,-54.75,-55.333333333333336,-13.777777777777779,20.625
2020-06-06,-33.22222222222222,-13.0,-48.3125,-46.25,-4.111111111111111,16.25
2020-06-07,-41.625,-26.428571428571427,-52.0,-54.54545454545455,6.5,15.833333333333334
2020-06-08,-23.705882352941178,-15.647058823529411,-35.92857142857143,-38.77777777777778,-3.3333333333333335,11.461538461538462
2020-06-09,-27.764705882352942,-18.5,-35.642857142857146,-39.22222222222222,-5.277777777777778,12.0
2020-06-10,-25.764705882352942,-13.75,-33.92857142857143,-39.22222222222222,-5.888888888888889,12.416666666666666
2020-06-11,-21.529411764705884,-11.5625,-30.53846153846154,-34.888888888888886,-4.5,10.666666666666666
2020-06-12,-35.22222222222222,-22.055555555555557,-38.93333333333333,-50.916666666666664,-29.944444444444443,19.22222222222222
2020-06-13,-37.88235294117647,-19.764705882352942,-49.5625,-52.5,-7.166666666666667,16.875
2020-06-14,-42.5625,-29.0,-52.46666666666667,-55.45454545454545,5.888888888888889,15.5
2020-06-15,-23.6875,-16.58823529411765,-31.214285714285715,-38.666666666666664,-2.3333333333333335,11.538461538461538
2020-06-16,-22.294117647058822,-15.6875,-30.857142857142858,-35.22222222222222,-4.222222222222222,11.75
2020-06-17,-23.294117647058822,-17.0,-28.357142857142858,-36.55555555555556,-3.9444444444444446,11.666666666666666
2020-06-18,-23.294117647058822,-16.625,-31.0,-36.888888888888886,-3.4444444444444446,11.25
2020-06-19,-24.88888888888889,-17.22222222222222,-34.142857142857146,-40.0,-3.0,11.416666666666666
2020-06-20,-24.27777777777778,-9.235294117647058,-36.53333333333333,-39.333333333333336,-1.2222222222222223,12.5
2020-06-21,-35.0625,-23.785714285714285,-46.86666666666667,-50.09090909090909,13.666666666666666,11.666666666666666
2020-06-22,-25.11764705882353,-22.0,-30.428571428571427,-38.666666666666664,-4.333333333333333,11.76923076923077
2020-06-23,-24.235294117647058,-18.875,-31.785714285714285,-38.111111111111114,-5.444444444444445,11.833333333333334
2020-06-24,-26.88235294117647,-20.875,-32.07142857142857,-39.888888888888886,-5.277777777777778,12.166666666666666
2020-06-25,-33.72222222222222,-27.0,-40.857142857142854,-45.111111111111114,-9.444444444444445,15.363636363636363
2020-06-26,-34.77777777777778,-24.666666666666668,-43.0,-46.90909090909091,-7.833333333333333,17.1
2020-06-27,-32.333333333333336,-18.294117647058822,-43.4,-46.0,-6.0,16.0
2020-06-28,-41.6875,-29.142857142857142,-49.4,-53.90909090909091,-0.5555555555555556,15.0
2020-06-29,-25.75,-17.705882352941178,-37.42857142857143,-41.22222222222222,-6.388888888888889,13.333333333333334
2020-06-30,-26.875,-14.125,-38.857142857142854,-40.333333333333336,-8.333333333333334,12.416666666666666
2020-07-01,-24.176470588235293,-14.875,-34.57142857142857,-37.666666666666664,-6.388888888888889,12.416666666666666
2020-07-02,-24.176470588235293,-14.125,-34.642857142857146,-36.333333333333336,-5.833333333333333,13.166666666666666
2020-07-03,-25.666666666666668,-16.0,-36.8,-39.75,-5.166666666666667,13.833333333333334
2020-07-04,-25.77777777777778,-12.705882352941176,-37.666666666666664,-42.333333333333336,-3.4444444444444446,13.5
2020-07-05,-36.9375,-25.214285714285715,-47.93333333333333,-51.72727272727273,3.0555555555555554,14.2
2020-07-06,-23.125,-15.470588235294118,-35.142857142857146,-38.333333333333336,-5.611111111111111,12.25
2020-07-07,-34.529411764705884,-26.352941176470587,-50.142857142857146,-47.5,-13.277777777777779,15.083333333333334
2020-07-08,-30.647058823529413,-20.4375,-43.714285714285715,-43.44444444444444,-9.555555555555555,15.181818181818182
2020-07-09,-24.88235294117647,-17.0625,-36.0,-37.44444444444444,-5.611111111111111,12.583333333333334
2020-07-10,-25.61111111111111,-17.22222222222222,-35.13333333333333,-41.36363636363637,-4.388888888888889,12.833333333333334
2020-07-11,-27.5,-15.529411764705882,-37.6,-43.416666666666664,-2.611111111111111,12.625
2020-07-12,-34.4375,-24.285714285714285,-43.86666666666667,-49.36363636363637,1.7777777777777777,12.833333333333334
2020-07-13,-24.0625,-18.176470588235293,-33.857142857142854,-39.666666666666664,-6.611111111111111,11.583333333333334
2020-07-14,-25.125,-17.6875,-34.857142857142854,-38.55555555555556,-7.5,12.0
2020-07-15,-23.294117647058822,-17.0,-34.357142857142854,-37.111111111111114,-6.611111111111111,12.333333333333334
2020-07-16,-21.294117647058822,-15.0,-30.53846153846154,-37.111111111111114,-6.222222222222222,11.583333333333334
2020-07-17,-24.055555555555557,-14.88888888888889,-35.214285714285715,-43.63636363636363,-6.388888888888889,12.5
2020-07-18,-26.055555555555557,-14.176470588235293,-34.46666666666667,-44.0,-4.5,12.625
2020-07-19,-30.8125,-21.142857142857142,-37.6,-47.81818181818182,2.2222222222222223,11.0
2020-07-20,-20.5625,-15.470588235294118,-28.142857142857142,-38.44444444444444,-6.555555555555555,10.916666666666666
2020-07-21,-21.875,-17.0,-28.571428571428573,-36.77777777777778,-7.277777777777778,11.416666666666666
2020-07-22,-22.470588235294116,-17.625,-29.0,-36.111111111111114,-5.833333333333333,11.583333333333334
2020-07-23,-21.88235294117647,-15.9375,-29.0,-34.888888888888886,-5.166666666666667,10.833333333333334
2020-07-24,-30.77777777777778,-20.705882352941178,-40.93333333333333,-45.583333333333336,-8.5,15.0
2020-07-25,-30.88888888888889,-17.176470588235293,-41.8,-46.25,-6.833333333333333,16.375
2020-07-26,-35.625,-25.428571428571427,-45.53333333333333,-48.63636363636363,-0.2222222222222222,14.4
2020-07-27,-21.3125,-16.88235294117647,-30.53846153846154,-38.111111111111114,-5.222222222222222,12.5
2020-07-28,-26.0,-17.0625,-39.285714285714285,-39.22222222222222,-8.833333333333334,14.583333333333334
2020-07-29,-20.529411764705884,-9.5625,-31.428571428571427,-35.55555555555556,-7.055555555555555,13.583333333333334
2020-07-30,-13.941176470588236,-2.5,-29.53846153846154,-34.55555555555556,-4.333333333333333,11.545454545454545
2020-07-31,-20.235294117647058,-8.705882352941176,-32.285714285714285,-39.6,-5.833333333333333,12.75
2020-08-01,-18.11111111111111,-5.0,-29.666666666666668,-38.666666666666664,-4.0,12.375
2020-08-02,-28.133333333333333,-17.142857142857142,-33.0,-44.09090909090909,-0.16666666666666666,13.166666666666666
2020-08-03,-16.25,-9.6875,-27.76923076923077,-35.666666666666664,-5.444444444444445,11.692307692307692
2020-08-04,-17.5,-9.875,-26.0,-34.0,-6.166666666666667,11.916666666666666
2020-08-05,-16.352941176470587,-9.5,-23.642857142857142,-33.77777777777778,-5.777777777777778,12.166666666666666
2020-08-06,-15.705882352941176,-8.8125,-22.846153846153847,-32.111111111111114,-4.833333333333333,10.846153846153847
2020-08-07,-20.055555555555557,-12.444444444444445,-28.928571428571427,-40.18181818181818,-4.388888888888889,12.25
2020-08-08,-20.666666666666668,-9.588235294117647,-28.8,-40.0,-3.388888888888889,13.125
2020-08-09,-26.533333333333335,-15.785714285714286,-25.8,-41.27272727272727,2.7222222222222223,12.833333333333334
2020-08-10,-13.5625,-9.0,-20.692307692307693,-33.0,-1.3888888888888888,8.461538461538462
2020-08-11,-16.941176470588236,-10.8125,-27.076923076923077,-33.111111111111114,-2.2777777777777777,10.23076923076923
2020-08-12,-28.11764705882353,-18.5,-40.5,-44.22222222222222,-8.5,15.5
2020-08-13,-19.0,-11.0,-30.0,-35.888888888888886,-1.0555555555555556,12.076923076923077
2020-08-14,-19.61111111111111,-10.666666666666666,-31.785714285714285,-41.81818181818182,-0.6111111111111112,12.23076923076923
2020-08-15,-26.0,-10.5625,-37.13333333333333,-45.25,-12.277777777777779,16.0
2020-08-16,-29.666666666666668,-13.0,-38.666666666666664,-46.90909090909091,6.055555555555555,14.666666666666666
2020-08-17,-28.2,-14.6,-27.0,-43.333333333333336,-10.333333333333334,12.833333333333334
2020-08-18,-35.4,-19.8,-37.25,-44.666666666666664,-13.5,14.538461538461538
2020-08-19,-35.4,-19.8,-35.0,-44.333333333333336,-12.0,15.8
2020-08-20,-36.8,-21.0,-38.75,-46.0,-13.333333333333334,16.7
2020-08-21,-39.2,-22.0,-43.2,-48.666666666666664,-13.5,18.272727272727273
2020-08-22,-40.8,-19.2,-42.4,-52.666666666666664,-10.833333333333334,18.5
2020-08-23,-48.6,-27.75,-51.2,-61.0,-9.75,17.8
2020-08-24,-32.6,-20.2,-28.0,-46.666666666666664,-11.666666666666666,13.583333333333334
2020-08-25,-33.0,-16.5,-29.75,-44.333333333333336,-13.5,13.083333333333334
2020-08-26,-34.4,-18.0,-29.5,-45.0,-12.166666666666666,13.5
2020-08-27,-31.4,-16.6,-27.5,-43.333333333333336,-12.166666666666666,12.416666666666666
2020-08-28,-32.4,-12.4,-34.4,-43.0,-12.666666666666666,13.416666666666666
2020-08-29,-34.6,-12.6,-37.2,-53.666666666666664,-10.0,14.25
2020-08-30,-47.4,-24.0,-53.6,-63.0,-10.0,16.2
2020-08-31,-29.8,-13.6,-27.0,-42.666666666666664,-12.833333333333334,13.25
2020-09-01,-30.6,-13.0,-29.75,-42.0,-14.666666666666666,12.833333333333334
2020-09-02,-33.0,-17.4,-33.0,-42.666666666666664,-14.833333333333334,14.363636363636363
2020-09-03,-31.8,-15.0,-31.0,-44.0,-14.666666666666666,14.909090909090908
2020-09-04,-32.2,-13.8,-35.8,-43.666666666666664,-14.833333333333334,15.2
2020-09-05,-34.2,-13.0,-34.8,-53.666666666666664,-13.166666666666666,15.25
2020-09-06,-43.2,-21.75,-47.4,-61.666666666666664,-12.0,15.8
2020-09-07,-32.0,-18.2,-33.5,-45.666666666666664,-17.333333333333332,16.0
2020-09-08,-31.2,-15.0,-31.75,-41.666666666666664,-16.833333333333332,14.0
2020-09-09,-31.8,-18.6,-28.0,-42.0,-15.833333333333334,13.272727272727273
2020-09-10,-29.4,-17.4,-24.5,-40.0,-15.833333333333334,12.3
2020-09-11,-21.77777777777778,-14.882352941176471,-31.733333333333334,-44.09090909090909,-12.833333333333334,12.7
2020-09-12,-24.61111111111111,-14.411764705882353,-35.93333333333333,-50.23076923076923,-13.722222222222221,13.125
2020-09-13,-32.333333333333336,-21.714285714285715,-37.93333333333333,-55.90909090909091,-9.833333333333334,12.8
2020-09-14,-26.176470588235293,-21.25,-37.214285714285715,-45.8,-14.11111111111111,15.875
2020-09-15,-21.764705882352942,-14.5625,-33.357142857142854,-43.8,-11.777777777777779,14.5
2020-09-16,-25.41176470588235,-20.125,-35.785714285714285,-44.0,-13.722222222222221,16.1
2020-09-17,-24.0,-18.75,-31.307692307692307,-43.44444444444444,-12.61111111111111,15.444444444444445
2020-09-18,-23.38888888888889,-15.588235294117647,-34.2,-44.0,-11.11111111111111,16.11111111111111
2020-09-19,-25.88888888888889,-14.529411764705882,-37.46666666666667,-50.666666666666664,-11.722222222222221,15.625
2020-09-20,-34.625,-22.214285714285715,-42.13333333333333,-56.90909090909091,-9.666666666666666,14.4
2020-09-21,-21.823529411764707,-15.764705882352942,-30.714285714285715,-44.36363636363637,-12.277777777777779,15.555555555555555
2020-09-22,-25.352941176470587,-14.6875,-33.357142857142854,-41.44444444444444,-13.555555555555555,15.666666666666666
2020-09-23,-28.764705882352942,-17.3125,-35.857142857142854,-42.77777777777778,-13.88888888888889,16.066666666666666
2020-09-24,-27.176470588235293,-15.625,-34.92307692307692,-41.0,-12.444444444444445,16.2
2020-09-25,-27.38888888888889,-13.705882352941176,-37.375,-45.0,-12.61111111111111,16.6
2020-09-26,-27.555555555555557,-11.3125,-36.8,-50.25,-12.333333333333334,15.0
2020-09-27,-38.75,-21.714285714285715,-46.13333333333333,-58.0,-15.555555555555555,16.714285714285715
2020-09-28,-22.41176470588235,-7.9375,-33.142857142857146,-38.77777777777778,-13.277777777777779,14.533333333333333
2020-09-29,-29.764705882352942,-16.0625,-31.142857142857142,-48.55555555555556,-39.22222222222222,18.428571428571427
2020-09-30,-24.0,-8.0625,-32.714285714285715,-38.111111111111114,-14.61111111111111,11.4
2020-10-01,-25.470588235294116,-9.5625,-35.53846153846154,-36.333333333333336,-14.11111111111111,10.066666666666666
2020-10-02,-22.555555555555557,-6.529411764705882,-35.8125,-40.09090909090909,-13.5,12.066666666666666
2020-10-03,-25.22222222222222,-4.9375,-37.25,-47.25,-16.27777777777778,13.076923076923077
2020-10-04,-32.733333333333334,-15.142857142857142,-35.86666666666667,-50.72727272727273,-18.833333333333332,12.714285714285714
2020-10-05,-20.4375,-6.6875,-29.285714285714285,-35.666666666666664,-15.166666666666666,10.933333333333334
2020-10-06,-18.647058823529413,-6.0,-25.357142857142858,-35.44444444444444,-13.777777777777779,10.4
2020-10-07,-20.764705882352942,-9.8125,-28.2,-39.333333333333336,-12.88888888888889,12.0
2020-10-08,-19.647058823529413,-9.625,-31.23076923076923,-38.888888888888886,-10.0,13.0
2020-10-09,-22.666666666666668,-10.235294117647058,-34.75,-45.27272727272727,-11.61111111111111,15.0
2020-10-10,-21.055555555555557,-6.4375,-29.8,-43.583333333333336,-11.11111111111111,13.23076923076923
2020-10-11,-29.4,-15.642857142857142,-27.266666666666666,-51.0,-12.88888888888889,13.142857142857142
2020-10-12,-20.875,-11.5,-29.0,-40.9,-13.555555555555555,13.666666666666666
2020-10-13,-21.823529411764707,-9.875,-31.142857142857142,-40.333333333333336,-11.777777777777779,14.266666666666667
2020-10-14,-29.352941176470587,-12.9375,-42.13333333333333,-45.333333333333336,-14.055555555555555,15.266666666666667
2020-10-15,-22.529411764705884,-5.0,-31.76923076923077,-40.77777777777778,-11.944444444444445,13.2
2020-10-16,-20.833333333333332,-4.9411764705882355,-30.625,-41.45454545454545,-10.055555555555555,13.333333333333334
2020-10-17,-21.944444444444443,-4.0,-28.0,-40.25,-11.833333333333334,13.153846153846153
2020-10-18,-30.2,-12.428571428571429,-28.4,-43.54545454545455,-12.833333333333334,12.571428571428571
2020-10-19,-21.058823529411764,-8.8125,-26.642857142857142,-37.333333333333336,-10.944444444444445,13.266666666666667
2020-10-20,-20.41176470588235,-6.6875,-28.692307692307693,-38.333333333333336,-10.333333333333334,13.2
2020-10-21,-19.764705882352942,-8.3125,-23.466666666666665,-41.0,-9.833333333333334,13.2
2020-10-22,-17.529411764705884,-6.8125,-20.46153846153846,-39.111111111111114,-8.277777777777779,12.266666666666667
2020-10-23,-20.333333333333332,-7.625,-24.875,-41.6,-8.833333333333334,13.4
2020-10-24,-20.22222222222222,-5.375,-23.466666666666665,-41.583333333333336,-10.666666666666666,12.0
2020-10-25,-26.1875,-10.785714285714286,-21.866666666666667,-42.45454545454545,-12.11111111111111,11.0
2020-10-26,-28.176470588235293,-14.625,-33.285714285714285,-47.8,-16.666666666666668,12.6
2020-10-27,-16.176470588235293,-2.5,-23.153846153846153,-36.111111111111114,-9.833333333333334,10.8
2020-10-28,-16.235294117647058,-7.1875,-21.866666666666667,-39.111111111111114,-10.11111111111111,11.2
2020-10-29,-15.823529411764707,-4.0,-26.615384615384617,-36.0,-10.777777777777779,11.4
2020-10-30,-14.444444444444445,-2.2941176470588234,-27.625,-36.7,-9.444444444444445,11.066666666666666
2020-10-31,-13.277777777777779,1.1875,-22.0,-36.416666666666664,-11.38888888888889,10.0
2020-11-01,-21.8,-8.642857142857142,-22.066666666666666,-40.0,-13.61111111111111,10.142857142857142
2020-11-02,-11.875,-4.125,-22.666666666666668,-34.111111111111114,-11.0,10.733333333333333
2020-11-03,-13.764705882352942,-3.5,-24.46153846153846,-35.55555555555556,-9.833333333333334,11.0
2020-11-04,-16.529411764705884,-6.375,-25.666666666666668,-37.666666666666664,-9.11111111111111,11.866666666666667
2020-11-05,-16.352941176470587,-5.6875,-23.23076923076923,-35.22222222222222,-7.611111111111111,11.133333333333333
2020-11-06,-19.11111111111111,-6.6875,-28.866666666666667,-38.63636363636363,-8.0,11.466666666666667
2020-11-07,-19.666666666666668,-6.1875,-25.75,-41.166666666666664,-10.61111111111111,11.384615384615385
2020-11-08,-29.9375,-15.285714285714286,-34.13333333333333,-44.90909090909091,-14.38888888888889,13.0
2020-11-09,-32.0,-19.1875,-44.2,-46.0,-17.055555555555557,17.214285714285715
2020-11-10,-25.235294117647058,-10.8125,-37.93333333333333,-39.111111111111114,-11.61111111111111,14.285714285714286
2020-11-11,-20.294117647058822,-11.1875,-29.866666666666667,-38.333333333333336,-9.0,12.133333333333333
2020-11-12,-17.58823529411765,-6.4375,-27.692307692307693,-35.22222222222222,-8.055555555555555,11.066666666666666
2020-11-13,-20.22222222222222,-8.875,-30.1875,-38.36363636363637,-8.88888888888889,11.8
2020-11-14,-22.11111111111111,-8.588235294117647,-32.6875,-42.5,-11.444444444444445,10.0
2020-11-15,-38.375,-25.857142857142858,-48.86666666666667,-51.54545454545455,-20.666666666666668,10.571428571428571
2020-11-16,-21.529411764705884,-10.625,-29.071428571428573,-39.6,-9.444444444444445,10.466666666666667
2020-11-17,-19.823529411764707,-7.9375,-28.642857142857142,-35.888888888888886,-9.055555555555555,11.266666666666667
2020-11-18,-26.470588235294116,-15.9375,-36.0,-44.111111111111114,-12.166666666666666,15.214285714285714
2020-11-19,-18.41176470588235,-10.3125,-26.692307692307693,-35.333333333333336,-7.0,11.4
2020-11-20,-20.22222222222222,-9.875,-31.3125,-39.25,-7.722222222222222,11.4
2020-11-21,-20.166666666666668,-8.9375,-28.0625,-41.0,-10.555555555555555,10.846153846153847
2020-11-22,-27.3125,-16.142857142857142,-28.733333333333334,-41.81818181818182,-13.11111111111111,10.857142857142858
2020-11-23,-20.941176470588236,-12.25,-25.642857142857142,-38.77777777777778,-8.38888888888889,11.333333333333334
2020-11-24,-19.941176470588236,-9.8125,-27.0,-36.0,-8.61111111111111,11.466666666666667
2020-11-25,-21.88235294117647,-12.6875,-28.533333333333335,-39.22222222222222,-9.88888888888889,11.4
2020-11-26,-31.72222222222222,-17.125,-45.8,-45.77777777777778,-16.555555555555557,15.0
2020-11-27,-16.88888888888889,-4.294117647058823,-30.875,-37.75,-6.944444444444445,9.8
2020-11-28,-17.27777777777778,-3.9375,-29.4,-37.75,-9.555555555555555,10.0
2020-11-29,-29.3125,-15.0,-38.666666666666664,-44.18181818181818,-14.333333333333334,12.142857142857142
2020-11-30,-26.375,-8.625,-40.142857142857146,-41.55555555555556,-12.444444444444445,13.785714285714286
2020-12-01,-15.3125,-0.125,-27.923076923076923,-31.666666666666668,-7.055555555555555,9.533333333333333
2020-12-02,-18.529411764705884,-7.3125,-32.6,-36.333333333333336,-7.722222222222222,10.8
2020-12-03,-21.352941176470587,-9.6875,-38.76923076923077,-39.0,-9.722222222222221,12.133333333333333
2020-12-04,-27.944444444444443,-12.875,-47.6875,-45.25,-11.055555555555555,15.142857142857142
2020-12-05,-20.833333333333332,-5.875,-36.3125,-41.75,-11.38888888888889,13.0
2020-12-06,-26.4375,-12.357142857142858,-34.93333333333333,-42.63636363636363,-11.944444444444445,12.142857142857142
2020-12-07,-8.75,5.5625,-19.692307692307693,-29.77777777777778,-8.88888888888889,7.2
2020-12-08,-38.27777777777778,-29.3125,-28.785714285714285,-59.90909090909091,-53.94444444444444,17.928571428571427
2020-12-09,-16.41176470588235,-3.5,-28.066666666666666,-31.88888888888889,-6.833333333333333,9.266666666666667
2020-12-10,-14.882352941176471,-2.1875,-24.46153846153846,-27.444444444444443,-6.722222222222222,9.333333333333334
2020-12-11,-17.88888888888889,-4.823529411764706,-31.533333333333335,-34.92307692307692,-7.444444444444445,10.333333333333334
2020-12-12,-19.833333333333332,-5.3125,-31.466666666666665,-37.38461538461539,-8.88888888888889,10.846153846153847
2020-12-13,-35.625,-18.5,-47.333333333333336,-44.27272727272727,-17.11111111111111,14.571428571428571
2020-12-14,-18.470588235294116,-4.8125,-28.571428571428573,-35.7,-9.88888888888889,10.8
2020-12-15,-13.375,2.4375,-25.071428571428573,-28.6,-8.944444444444445,9.266666666666667
2020-12-16,-27.41176470588235,-11.125,-43.8,-38.666666666666664,-17.166666666666668,16.428571428571427
2020-12-17,-9.625,6.125,-20.384615384615383,-20.11111111111111,-6.166666666666667,8.133333333333333
2020-12-18,-14.647058823529411,3.0588235294117645,-29.5,-30.416666666666668,-9.055555555555555,9.533333333333333
2020-12-19,-12.833333333333334,4.5,-28.533333333333335,-28.166666666666668,-8.166666666666666,8.538461538461538
2020-12-20,-30.1875,-11.642857142857142,-46.93333333333333,-42.0,-15.444444444444445,16.571428571428573
2020-12-21,-4.25,12.625,-19.142857142857142,-23.1,-9.222222222222221,8.066666666666666
2020-12-22,1.125,22.25,-19.416666666666668,-6.777777777777778,-9.61111111111111,5.733333333333333
2020-12-23,6.764705882352941,33.0,-10.642857142857142,-0.2222222222222222,-9.777777777777779,4.866666666666666
2020-12-24,2.764705882352941,42.0625,-15.076923076923077,-12.11111111111111,-25.555555555555557,5.733333333333333
2020-12-25,-50.8235294117647,-58.11764705882353,-32.125,-66.0,-69.77777777777777,21.142857142857142
2020-12-26,-25.88888888888889,-11.3125,-31.3125,-41.38461538461539,-29.444444444444443,15.23076923076923
2020-12-27,-27.875,-12.571428571428571,-32.266666666666666,-34.90909090909091,-13.333333333333334,12.285714285714286
2020-12-28,-11.294117647058824,3.3125,-22.23076923076923,-28.5,-15.166666666666666,10.466666666666667
2020-12-29,-9.647058823529411,8.125,-22.23076923076923,-17.555555555555557,-15.833333333333334,9.866666666666667
2020-12-30,-0.8823529411764706,25.0625,-15.428571428571429,-7.444444444444445,-14.61111111111111,7.066666666666666
2020-12-31,-1.6470588235294117,37.25,-14.692307692307692,-9.444444444444445,-32.611111111111114,7.4
2021-01-01,-42.0,-52.411764705882355,-11.8,-67.0,-70.38888888888889,19.071428571428573
2021-01-02,-23.166666666666668,-7.4375,-16.625,-33.84615384615385,-34.22222222222222,14.846153846153847
2021-01-03,-24.375,-9.0,-21.266666666666666,-24.0,-18.11111111111111,9.428571428571429
2021-01-04,-16.705882352941178,5.4375,-25.866666666666667,-25.4,-17.11111111111111,12.0
2021-01-05,-13.294117647058824,9.4375,-29.071428571428573,-26.22222222222222,-18.72222222222222,13.266666666666667
2021-01-06,-17.176470588235293,-1.5,-27.214285714285715,-31.333333333333332,-15.666666666666666,13.357142857142858
2021-01-07,-18.0625,-5.375,-28.866666666666667,-33.888888888888886,-15.38888888888889,14.333333333333334
2021-01-08,-18.61111111111111,-6.0,-30.125,-39.84615384615385,-14.833333333333334,12.533333333333333
2021-01-09,-23.77777777777778,-8.9375,-37.6875,-42.84615384615385,-15.777777777777779,13.307692307692308
2021-01-10,-26.25,-12.785714285714286,-32.8,-38.81818181818182,-17.22222222222222,11.714285714285714
2021-01-11,-13.625,-5.3125,-22.615384615384617,-34.2,-15.0,9.266666666666667
2021-01-12,-23.88235294117647,-11.4375,-37.53333333333333,-37.44444444444444,-19.166666666666668,12.571428571428571
2021-01-13,-20.647058823529413,-13.875,-30.9375,-41.7,-18.333333333333332,9.133333333333333
2021-01-14,-22.294117647058822,-16.9375,-31.357142857142858,-42.9,-20.11111111111111,8.266666666666667
2021-01-15,-24.833333333333332,-18.764705882352942,-35.8125,-46.30769230769231,-22.055555555555557,9.0
2021-01-16,-29.0,-18.352941176470587,-40.125,-47.69230769230769,-23.944444444444443,10.461538461538462
2021-01-17,-43.25,-31.428571428571427,-54.375,-54.72727272727273,-30.22222222222222,14.571428571428571
2021-01-18,-24.11764705882353,-16.4375,-31.266666666666666,-43.9,-22.5,9.714285714285714
2021-01-19,-24.058823529411764,-16.625,-31.428571428571427,-42.4,-21.77777777777778,9.866666666666667
2021-01-20,-24.0,-17.1875,-33.8125,-43.55555555555556,-21.166666666666668,10.928571428571429
2021-01-21,-23.764705882352942,-17.75,-32.76923076923077,-44.4,-19.944444444444443,10.8
2021-01-22,-26.5,-19.0,-40.5625,-47.92307692307692,-20.666666666666668,12.357142857142858
2021-01-23,-28.666666666666668,-18.25,-40.3125,-49.15384615384615,-21.27777777777778,12.23076923076923
2021-01-24,-34.75,-23.0,-42.13333333333333,-49.54545454545455,-23.27777777777778,12.571428571428571
2021-01-25,-25.88235294117647,-17.25,-37.0,-45.0,-20.555555555555557,11.357142857142858
2021-01-26,-26.58823529411765,-17.3125,-37.46666666666667,-43.9,-20.833333333333332,10.928571428571429
2021-01-27,-26.11764705882353,-17.9375,-36.666666666666664,-48.4,-21.833333333333332,12.142857142857142
2021-01-28,-22.88235294117647,-13.0,-37.46153846153846,-42.1,-18.666666666666668,9.933333333333334
2021-01-29,-21.055555555555557,-9.235294117647058,-34.6875,-42.5,-18.22222222222222,7.6
2021-01-30,-22.88888888888889,-7.375,-35.0625,-42.84615384615385,-20.5,6.615384615384615
2021-01-31,-37.125,-23.142857142857142,-47.13333333333333,-49.54545454545455,-28.5,10.428571428571429
2021-02-01,-23.8125,-8.625,-37.0,-42.63636363636363,-20.27777777777778,7.571428571428571
2021-02-02,-29.11111111111111,-13.25,-44.07142857142857,-43.333333333333336,-25.333333333333332,10.466666666666667
2021-02-03,-23.0,-11.5,-35.6,-42.0,-20.72222222222222,8.266666666666667
2021-02-04,-18.0,-7.8125,-29.5,-35.0,-16.72222222222222,6.533333333333333
2021-02-05,-18.666666666666668,-7.9411764705882355,-31.125,-39.61538461538461,-17.22222222222222,6.133333333333334
2021-02-06,-20.11111111111111,-8.5625,-29.533333333333335,-41.15384615384615,-19.055555555555557,6.230769230769231
2021-02-07,-26.8125,-15.428571428571429,-29.466666666666665,-40.0,-21.666666666666668,7.142857142857143
2021-02-08,-16.823529411764707,-6.8125,-26.066666666666666,-35.8,-17.72222222222222,5.666666666666667
2021-02-09,-16.647058823529413,-5.75,-29.857142857142858,-33.77777777777778,-17.444444444444443,6.133333333333334
2021-02-10,-20.58823529411765,-10.5625,-36.6,-37.888888888888886,-17.055555555555557,7.8
2021-02-11,-18.705882352941178,-7.75,-34.42857142857143,-38.8,-16.22222222222222,5.133333333333334
2021-02-12,-19.61111111111111,-7.9411764705882355,-36.3125,-40.61538461538461,-17.11111111111111,3.2666666666666666
2021-02-13,-17.444444444444443,-2.375,-29.9375,-38.07692307692308,-20.833333333333332,2.0
2021-02-14,-21.875,-8.428571428571429,-30.533333333333335,-39.45454545454545,-22.61111111111111,4.428571428571429
2021-02-15,-17.823529411764707,-6.125,-30.4,-35.3,-18.055555555555557,2.2666666666666666
2021-02-16,-17.764705882352942,-4.9375,-29.733333333333334,-32.55555555555556,-18.166666666666668,3.0
2021-02-17,-17.58823529411765,-5.75,-29.666666666666668,-35.44444444444444,-16.333333333333332,2.6666666666666665
2021-02-18,-17.294117647058822,-5.25,-28.928571428571427,-32.22222222222222,-14.61111111111111,2.466666666666667
2021-02-19,-19.944444444444443,-7.647058823529412,-32.0,-40.30769230769231,-15.833333333333334,3.2
2021-02-20,-20.555555555555557,-5.0,-32.1875,-40.84615384615385,-19.22222222222222,3.3846153846153846
2021-02-21,-27.0,-12.5,-32.733333333333334,-41.54545454545455,-24.77777777777778,5.75
2021-02-22,-19.0,-7.4375,-30.133333333333333,-36.4,-15.5,2.933333333333333
2021-02-23,-20.11764705882353,-6.0625,-30.857142857142858,-33.22222222222222,-16.055555555555557,3.4
2021-02-24,-19.764705882352942,-7.25,-31.5625,-35.55555555555556,-15.11111111111111,4.133333333333334
2021-02-25,-17.647058823529413,-3.875,-31.533333333333335,-32.888888888888886,-14.277777777777779,3.6
2021-02-26,-15.055555555555555,2.1176470588235294,-29.4375,-33.76923076923077,-13.777777777777779,1.8
2021-02-27,-12.333333333333334,7.1875,-24.625,-30.846153846153847,-18.11111111111111,1.3571428571428572
2021-02-28,-18.75,-0.5714285714285714,-21.133333333333333,-36.36363636363637,-22.61111111111111,4.75
2021-03-01,-21.176470588235293,-7.5,-18.5,-39.44444444444444,-49.388888888888886,8.928571428571429
2021-03-02,-15.5625,4.25,-28.285714285714285,-26.0,-13.777777777777779,1.6666666666666667
2021-03-03,-21.11764705882353,-5.3125,-37.875,-34.666666666666664,-15.61111111111111,4.666666666666667
2021-03-04,-18.88235294117647,-2.5625,-35.06666666666667,-34.22222222222222,-14.88888888888889,4.466666666666667
2021-03-05,-18.88888888888889,-2.2941176470588234,-35.3125,-39.15384615384615,-14.333333333333334,4.666666666666667
2021-03-06,-18.0,0.125,-32.333333333333336,-39.84615384615385,-18.22222222222222,4.769230769230769
2021-03-07,-27.266666666666666,-7.214285714285714,-32.06666666666667,-41.90909090909091,-21.833333333333332,7.25
2021-03-08,-16.375,-1.5,-26.214285714285715,-34.0,-14.38888888888889,2.8666666666666667
2021-03-09,-16.941176470588236,-1.1875,-26.5,-29.77777777777778,-14.722222222222221,3.6
2021-03-10,-18.235294117647058,-3.875,-30.2,-34.55555555555556,-14.277777777777779,4.6
2021-03-11,-17.705882352941178,-4.25,-30.785714285714285,-31.77777777777778,-13.222222222222221,4.2
2021-03-12,-20.5,-5.529411764705882,-34.5,-38.916666666666664,-14.444444444444445,4.933333333333334
2021-03-13,-21.944444444444443,-3.3125,-34.0,-40.0,-19.333333333333332,5.769230769230769
2021-03-14,-30.4375,-10.785714285714286,-36.06666666666667,-44.36363636363637,-23.166666666666668,8.571428571428571
2021-03-15,-20.823529411764707,-4.875,-34.13333333333333,-39.2,-14.61111111111111,4.866666666666666
2021-03-16,-21.0,-3.6875,-34.733333333333334,-33.77777777777778,-15.38888888888889,4.866666666666666
2021-03-17,-28.470588235294116,-11.3125,-44.4375,-41.6,-18.444444444444443,9.428571428571429
2021-03-18,-21.88235294117647,-6.0,-33.857142857142854,-36.666666666666664,-13.5,6.866666666666666
2021-03-19,-24.833333333333332,-8.941176470588236,-40.0625,-43.30769230769231,-15.222222222222221,7.133333333333334
2021-03-20,-26.11111111111111,-6.625,-40.125,-47.0,-19.666666666666668,7.461538461538462
2021-03-21,-43.0625,-20.714285714285715,-57.9375,-56.18181818181818,-29.666666666666668,15.428571428571429
2021-03-22,-24.764705882352942,-9.125,-38.733333333333334,-43.09090909090909,-15.722222222222221,7.0
2021-03-23,-24.764705882352942,-8.5,-38.46666666666667,-37.77777777777778,-15.61111111111111,6.8
2021-03-24,-24.352941176470587,-9.75,-38.875,-39.333333333333336,-15.722222222222221,7.066666666666666
2021-03-25,-21.235294117647058,-4.8125,-34.61538461538461,-36.6,-14.722222222222221,5.666666666666667
2021-03-26,-20.055555555555557,-0.5882352941176471,-37.8125,-29.666666666666668,-15.166666666666666,5.0
2021-03-27,-42.0,-13.1875,-56.5625,-64.15384615384616,-28.333333333333332,14.538461538461538
2021-03-28,-51.588235294117645,-23.0,-63.375,-72.36363636363636,-33.611111111111114,20.285714285714285
2021-03-29,-29.941176470588236,-8.25,-45.93333333333333,-57.0,-28.0,13.142857142857142
2021-03-30,-24.764705882352942,3.5,-40.266666666666666,-50.333333333333336,-28.11111111111111,10.714285714285714
2021-03-31,-23.529411764705884,10.5,-39.5625,-55.22222222222222,-34.611111111111114,8.733333333333333
2021-04-01,-46.05882352941177,-18.3125,-50.5625,-73.9,-62.77777777777778,15.714285714285714
2021-04-02,-69.3529411764706,-69.4375,-60.11764705882353,-83.18181818181819,-77.94444444444444,30.285714285714285
2021-04-03,-39.888888888888886,-12.5,-51.8125,-66.08333333333333,-41.44444444444444,15.923076923076923
2021-04-04,-42.8125,-16.142857142857142,-55.06666666666667,-64.81818181818181,-29.0,13.714285714285714
2021-04-05,-23.375,-6.1875,-39.4,-34.7,-20.77777777777778,7.266666666666667
2021-04-06,-24.705882352941178,-2.25,-42.2,-35.666666666666664,-19.0,9.066666666666666
2021-04-07,-22.058823529411764,-2.5625,-35.53333333333333,-38.0,-17.72222222222222,8.0
2021-04-08,-19.88235294117647,-3.0625,-34.15384615384615,-36.888888888888886,-15.333333333333334,7.133333333333334
2021-04-09,-22.333333333333332,-5.0588235294117645,-38.875,-41.07692307692308,-15.444444444444445,8.357142857142858
2021-04-10,-22.61111111111111,-2.5,-38.6875,-43.84615384615385,-18.555555555555557,7.923076923076923
2021-04-11,-39.25,-14.642857142857142,-54.1875,-53.27272727272727,-27.833333333333332,13.5
2021-04-12,-23.235294117647058,-5.875,-38.5,-42.0,-15.666666666666666,8.733333333333333
2021-04-13,-21.88235294117647,-5.3125,-37.4,-38.44444444444444,-15.722222222222221,8.428571428571429
2021-04-14,-22.352941176470587,-6.875,-36.6875,-40.44444444444444,-16.22222222222222,8.533333333333333
2021-04-15,-21.705882352941178,-5.5625,-37.142857142857146,-38.666666666666664,-14.277777777777779,8.2
2021-04-16,-26.944444444444443,-9.058823529411764,-45.9375,-45.69230769230769,-15.944444444444445,10.714285714285714
2021-04-17,-23.666666666666668,-2.9375,-40.4375,-45.92307692307692,-17.944444444444443,8.923076923076923
2021-04-18,-31.8125,-9.714285714285714,-44.13333333333333,-48.27272727272727,-25.055555555555557,11.25
2021-04-19,-21.705882352941178,-4.6875,-35.13333333333333,-40.5,-14.722222222222221,7.666666666666667
2021-04-20,-21.176470588235293,-3.1875,-35.8,-36.333333333333336,-14.944444444444445,8.133333333333333
2021-04-21,-19.58823529411765,-4.25,-34.6875,-37.77777777777778,-15.38888888888889,8.8
2021-04-22,-23.75,-7.5,-39.2,-41.7,-13.5,9.066666666666666
2021-04-23,-24.944444444444443,-8.529411764705882,-42.1875,-45.53846153846154,-13.555555555555555,10.357142857142858
2021-04-24,-41.27777777777778,-19.0625,-61.05882352941177,-59.0,-25.944444444444443,17.76923076923077
2021-04-25,-37.8125,-13.642857142857142,-51.1875,-52.90909090909091,-25.22222222222222,15.428571428571429
2021-04-26,-21.58823529411765,-4.3125,-39.5,-41.3,-13.555555555555555,8.933333333333334
2021-04-27,-21.88235294117647,-0.9375,-39.125,-40.3,-14.333333333333334,9.266666666666667
2021-04-28,-21.88235294117647,-1.8125,-39.5625,-42.6,-14.722222222222221,9.8
2021-04-29,-16.705882352941178,3.9375,-35.76923076923077,-36.9,-12.5,8.533333333333333
2021-04-30,-13.88888888888889,13.352941176470589,-35.75,-36.53846153846154,-13.777777777777779,6.866666666666666
2021-05-01,-33.55555555555556,-10.375,-42.5,-55.15384615384615,-44.22222222222222,12.538461538461538
2021-05-02,-29.125,-3.7142857142857144,-40.0,-45.45454545454545,-25.38888888888889,11.142857142857142
2021-05-03,-13.8125,6.0625,-31.333333333333332,-36.3,-12.944444444444445,6.533333333333333
2021-05-04,-17.294117647058822,4.125,-35.2,-35.9,-13.38888888888889,7.4
2021-05-05,-25.235294117647058,-3.1875,-45.875,-43.45454545454545,-17.333333333333332,11.642857142857142
2021-05-06,-27.27777777777778,-5.875,-48.666666666666664,-44.3,-17.555555555555557,14.4
2021-05-07,-20.555555555555557,0.11764705882352941,-41.3125,-40.84615384615385,-11.833333333333334,10.6
2021-05-08,-19.77777777777778,3.4375,-38.625,-42.92307692307692,-15.88888888888889,10.0
2021-05-09,-29.0,-4.071428571428571,-40.733333333333334,-46.81818181818182,-21.0,12.142857142857142
2021-05-10,-15.058823529411764,2.1875,-30.928571428571427,-35.0,-11.5,7.066666666666666
2021-05-11,-25.176470588235293,-3.6875,-47.75,-41.1,-15.722222222222221,12.214285714285714
2021-05-12,-15.058823529411764,6.8125,-36.5,-35.5,-12.444444444444445,9.933333333333334
2021-05-13,-10.352941176470589,8.75,-29.285714285714285,-15.777777777777779,-13.444444444444445,6.0
2021-05-14,-9.411764705882353,19.647058823529413,-27.375,-22.90909090909091,-39.888888888888886,11.357142857142858
2021-05-15,-29.333333333333332,-7.6875,-39.4375,-51.15384615384615,-43.333333333333336,9.692307692307692
2021-05-16,-26.4,-3.4285714285714284,-35.46666666666667,-32.18181818181818,-22.666666666666668,10.0
2021-05-17,-14.294117647058824,6.1875,-30.214285714285715,-27.6,-10.222222222222221,6.533333333333333
2021-05-18,-15.529411764705882,5.6875,-28.785714285714285,-29.333333333333332,-10.11111111111111,7.6
2021-05-19,-17.058823529411764,1.5625,-30.466666666666665,-34.111111111111114,-10.0,8.4
2021-05-20,-14.941176470588236,3.6875,-27.692307692307693,-35.7,-8.277777777777779,7.533333333333333
2021-05-21,-19.22222222222222,-1.1176470588235294,-36.0625,-39.25,-9.166666666666666,9.2
2021-05-22,-22.055555555555557,2.0,-38.375,-42.92307692307692,-14.555555555555555,11.0
2021-05-23,-29.8125,-3.5714285714285716,-41.53333333333333,-46.45454545454545,-19.72222222222222,13.571428571428571
2021-05-24,-19.529411764705884,-3.5625,-32.4,-38.4,-14.833333333333334,9.133333333333333
2021-05-25,-17.529411764705884,2.8125,-30.714285714285715,-36.7,-9.61111111111111,8.533333333333333
2021-05-26,-14.235294117647058,2.6875,-30.071428571428573,-35.55555555555556,-9.722222222222221,8.266666666666667
2021-05-27,-9.470588235294118,8.5625,-24.923076923076923,-35.1,-6.888888888888889,6.666666666666667
2021-05-28,-11.75,10.647058823529411,-27.666666666666668,-36.583333333333336,-7.111111111111111,6.533333333333333
2021-05-29,-13.11111111111111,11.625,-32.46666666666667,-40.30769230769231,-12.833333333333334,6.769230769230769
2021-05-30,-25.066666666666666,3.2857142857142856,-36.4,-43.45454545454545,-22.27777777777778,10.142857142857142
2021-05-31,-7.125,13.25,-25.23076923076923,-34.3,-7.333333333333333,5.066666666666666
2021-06-01,-7.0,16.8125,-21.692307692307693,-32.3,-7.555555555555555,4.6
2021-06-02,-7.705882352941177,11.375,-23.285714285714285,-31.88888888888889,-8.777777777777779,5.4
2021-06-03,-6.470588235294118,10.625,-22.076923076923077,-36.1,-7.277777777777778,5.333333333333333
2021-06-04,-9.25,10.529411764705882,-23.266666666666666,-34.90909090909091,-6.5,5.266666666666667
2021-06-05,-9.055555555555555,14.4375,-24.4,-36.46153846153846,-12.222222222222221,5.076923076923077
2021-06-06,-27.9375,-3.0714285714285716,-44.666666666666664,-44.90909090909091,-25.72222222222222,11.625
2021-06-07,-11.0,9.625,-28.0,-36.7,-8.833333333333334,5.6
2021-06-08,-9.941176470588236,12.25,-28.23076923076923,-30.77777777777778,-8.11111111111111,5.333333333333333
2021-06-09,-14.411764705882353,4.625,-31.9375,-38.9,-9.555555555555555,6.933333333333334
2021-06-10,-12.058823529411764,6.75,-28.23076923076923,-36.2,-7.5,6.4
2021-06-11,-12.11111111111111,7.0588235294117645,-29.666666666666668,-37.38461538461539,-7.666666666666667,6.266666666666667
2021-06-12,-15.833333333333334,4.375,-28.2,-42.0,-27.88888888888889,8.0
2021-06-13,-21.666666666666668,2.5714285714285716,-30.533333333333335,-41.0,-22.055555555555557,8.625
2021-06-14,-10.6875,6.375,-26.692307692307693,-37.2,-8.722222222222221,4.2
2021-06-15,-10.529411764705882,10.0625,-26.076923076923077,-31.0,-7.722222222222222,4.866666666666666
2021-06-16,-11.411764705882353,7.125,-31.4,-38.5,-9.833333333333334,6.066666666666666
2021-06-17,-10.0,8.4375,-29.153846153846153,-36.4,-8.5,5.466666666666667
2021-06-18,-16.647058823529413,3.588235294117647,-38.4375,-37.15384615384615,-10.333333333333334,7.933333333333334
2021-06-19,-15.722222222222221,12.0625,-42.06666666666667,-37.15384615384615,-20.27777777777778,10.76923076923077
2021-06-20,-4.733333333333333,19.071428571428573,-18.866666666666667,-35.7,-16.333333333333332,3.2857142857142856
2021-06-21,-19.647058823529413,-0.875,-42.0,-41.90909090909091,-16.5,9.066666666666666
2021-06-22,-14.411764705882353,6.5625,-31.857142857142858,-37.3,-10.11111111111111,6.8
2021-06-23,-11.470588235294118,4.125,-26.428571428571427,-35.333333333333336,-9.944444444444445,5.466666666666667
2021-06-24,-11.647058823529411,4.6875,-31.153846153846153,-39.7,-8.88888888888889,5.733333333333333
2021-06-25,-12.777777777777779,2.1176470588235294,-29.5,-40.46153846153846,-9.0,6.066666666666666
2021-06-26,-17.0,5.25,-36.93333333333333,-43.92307692307692,-15.222222222222221,7.3076923076923075
2021-06-27,-38.4375,-15.357142857142858,-58.4375,-56.09090909090909,-31.666666666666668,16.857142857142858
2021-06-28,-15.4375,4.125,-35.93333333333333,-43.81818181818182,-10.722222222222221,7.2
2021-06-29,-14.25,7.3125,-33.214285714285715,-41.81818181818182,-11.055555555555555,6.8
2021-06-30,-6.352941176470588,16.6875,-27.928571428571427,-33.22222222222222,-7.722222222222222,6.533333333333333
2021-07-01,-2.875,18.625,-23.076923076923077,-30.9,-4.611111111111111,5.4
2021-07-02,-6.176470588235294,12.882352941176471,-28.066666666666666,-35.07692307692308,-5.333333333333333,6.4
2021-07-03,-1.8888888888888888,20.25,-22.066666666666666,-35.53846153846154,-11.5,5.615384615384615
2021-07-04,-10.333333333333334,13.285714285714286,-20.933333333333334,-36.09090909090909,-21.22222222222222,7.5
2021-07-05,-1.25,16.8125,-19.23076923076923,-32.6,-5.888888888888889,3.533333333333333
2021-07-06,-1.375,19.125,-17.23076923076923,-27.77777777777778,-5.0,3.3333333333333335
2021-07-07,-1.0588235294117647,14.9375,-14.928571428571429,-27.88888888888889,-5.944444444444445,3.6
2021-07-08,-0.9375,15.5,-15.153846153846153,-30.4,-3.5,3.3333333333333335
2021-07-09,-4.0625,13.352941176470589,-20.466666666666665,-33.61538461538461,-4.611111111111111,3.8666666666666667
2021-07-10,-4.111111111111111,16.375,-20.133333333333333,-34.0,-11.5,3.9285714285714284
2021-07-11,-10.0,10.642857142857142,-14.466666666666667,-32.63636363636363,-21.555555555555557,6.375
2021-07-12,-0.875,14.625,-13.615384615384615,-28.5,-9.722222222222221,2.8
2021-07-13,-2.625,14.3125,-15.846153846153847,-29.7,-9.38888888888889,3.066666666666667
2021-07-14,-0.8235294117647058,13.8125,-11.928571428571429,-27.11111111111111,-9.277777777777779,3.2666666666666666
2021-07-15,-12.764705882352942,5.625,-35.07142857142857,-39.0,-12.5,8.666666666666666
2021-07-16,-8.117647058823529,9.235294117647058,-27.333333333333332,-37.53846153846154,-8.0,7.4
2021-07-17,-5.111111111111111,15.75,-22.933333333333334,-35.92307692307692,-10.88888888888889,5.846153846153846
2021-07-18,-18.0,4.857142857142857,-30.333333333333332,-38.18181818181818,-23.055555555555557,8.714285714285714
2021-07-19,-4.625,11.5625,-20.928571428571427,-34.4,-9.277777777777779,5.866666666666666
2021-07-20,-4.647058823529412,12.6875,-24.923076923076923,-33.7,-8.5,5.4
2021-07-21,-0.47058823529411764,12.625,-13.642857142857142,-31.444444444444443,-7.611111111111111,4.266666666666667
2021-07-22,2.6875,14.5,-9.615384615384615,-28.22222222222222,-5.166666666666667,3.2
2021-07-23,-1.1176470588235294,11.235294117647058,-16.4,-34.81818181818182,-4.555555555555555,4.2
2021-07-24,-0.6111111111111112,15.1875,-13.4,-33.61538461538461,-9.277777777777779,3.642857142857143
2021-07-25,-4.466666666666667,11.142857142857142,-8.533333333333333,-35.0,-19.22222222222222,5.125
2021-07-26,-2.75,10.8125,-20.46153846153846,-34.9,-6.555555555555555,3.6
2021-07-27,-8.375,10.6875,-26.571428571428573,-37.8,-8.666666666666666,7.2
2021-07-28,-3.588235294117647,12.6875,-25.4,-37.9,-6.055555555555555,6.2
2021-07-29,0.375,20.4375,-21.846153846153847,-33.9,-3.111111111111111,5.133333333333334
2021-07-30,6.3125,29.529411764705884,-20.933333333333334,-31.454545454545453,-0.2222222222222222,3.066666666666667
2021-07-31,-3.9375,22.75,-28.666666666666668,-36.53846153846154,-9.833333333333334,6.285714285714286
2021-08-01,-5.133333333333334,18.928571428571427,-18.533333333333335,-35.2,-18.555555555555557,6.857142857142857
2021-08-02,3.8666666666666667,22.375,-14.23076923076923,-29.5,-2.388888888888889,2.933333333333333
2021-08-03,2.9375,22.6875,-15.615384615384615,-26.88888888888889,-1.9444444444444444,3.2666666666666666
2021-08-04,3.6470588235294117,17.8125,-14.142857142857142,-31.11111111111111,-1.8888888888888888,3.3333333333333335
2021-08-05,5.125,20.5625,-11.76923076923077,-30.2,0.8888888888888888,2.7333333333333334
2021-08-06,4.1875,20.41176470588235,-15.8,-30.545454545454547,0.2777777777777778,2.8666666666666667
2021-08-07,7.882352941176471,25.5625,-8.666666666666666,-29.384615384615383,-7.0,2.142857142857143
2021-08-08,2.0,20.5,-3.7333333333333334,-34.22222222222222,-17.333333333333332,4.0
2021-08-09,0.9375,16.375,-18.23076923076923,-30.2,-1.7777777777777777,2.4
2021-08-10,-5.3125,14.75,-30.23076923076923,-32.333333333333336,-4.833333333333333,7.066666666666666
2021-08-11,-2.0588235294117645,12.0,-24.666666666666668,-35.0,-2.3333333333333335,5.866666666666666
2021-08-12,-2.125,13.0,-21.23076923076923,-28.0,-0.2222222222222222,5.266666666666667
2021-08-13,-2.25,13.705882352941176,-22.933333333333334,-34.23076923076923,1.3888888888888888,5.066666666666666
2021-08-14,3.0555555555555554,21.0,-15.0,-32.92307692307692,-7.5,4.142857142857143
2021-08-15,1.6666666666666667,22.5,-2.1333333333333333,-34.4,-16.0,4.875
2021-08-16,10.6,24.4375,-2.1818181818181817,-26.8,0.1111111111111111,-0.13333333333333333
2021-08-17,2.9375,17.875,-10.0,-26.88888888888889,0.5,1.2
2021-08-18,2.176470588235294,12.875,-11.428571428571429,-30.555555555555557,0.5555555555555556,2.533333333333333
2021-08-19,2.1875,12.8125,-10.461538461538462,-29.88888888888889,5.111111111111111,1.3333333333333333
2021-08-20,1.75,12.764705882352942,-14.866666666666667,-35.5,4.333333333333333,2.066666666666667
2021-08-21,3.176470588235294,17.9375,-10.466666666666667,-35.15384615384615,-6.888888888888889,3.2142857142857144
2021-08-22,-0.6,14.285714285714286,-6.466666666666667,-35.9,-18.055555555555557,4.5
2021-08-23,1.3125,13.25,-14.076923076923077,-34.0,2.8333333333333335,1.6
2021-08-24,-0.75,13.375,-19.692307692307693,-30.77777777777778,2.9444444444444446,2.066666666666667
2021-08-25,-6.470588235294118,7.75,-29.357142857142858,-39.7,-0.2777777777777778,4.933333333333334
2021-08-26,-0.4375,14.375,-16.23076923076923,-32.8,4.277777777777778,3.6
2021-08-27,-0.9375,15.117647058823529,-16.4,-34.36363636363637,4.444444444444445,3.8
2021-08-28,3.4705882352941178,22.1875,-10.4,-33.69230769230769,-6.722222222222222,3.5
2021-08-29,-0.8666666666666667,18.785714285714285,-4.466666666666667,-35.0,-16.944444444444443,4.285714285714286
2021-08-30,3.066666666666667,19.9375,-8.461538461538462,-31.9,3.7222222222222223,-0.13333333333333333
2021-08-31,8.5,29.0,-5.461538461538462,-22.77777777777778,5.666666666666667,-0.6666666666666666
2021-09-01,9.5625,24.125,-4.0,-30.0,4.444444444444445,-0.3333333333333333
2021-09-02,8.0,21.6875,-11.923076923076923,-30.1,7.111111111111111,0.2
2021-09-03,4.1875,19.941176470588236,-16.2,-30.272727272727273,6.777777777777778,0.8666666666666667
2021-09-04,6.647058823529412,25.125,-13.066666666666666,-32.53846153846154,-7.388888888888889,3.0714285714285716
2021-09-05,0.0,19.928571428571427,-5.733333333333333,-32.6,-18.055555555555557,4.875
2021-09-06,9.0,22.6875,-5.538461538461538,-28.5,5.444444444444445,-0.8666666666666667
2021-09-07,10.3125,23.9375,-6.5,-22.555555555555557,5.666666666666667,-0.8666666666666667
2021-09-08,-5.705882352941177,10.125,-25.266666666666666,-34.888888888888886,0.5555555555555556,4.733333333333333
2021-09-09,5.75,18.4375,-11.23076923076923,-29.4,8.777777777777779,1.1333333333333333
2021-09-10,5.1875,17.58823529411765,-11.133333333333333,-30.454545454545453,8.666666666666666,0.9333333333333333
2021-09-11,7.9411764705882355,23.6875,-5.866666666666666,-31.692307692307693,-5.222222222222222,1.7142857142857142
2021-09-12,1.5333333333333334,17.428571428571427,-1.2,-32.6,-17.11111111111111,4.0
2021-09-13,0.7333333333333333,15.0625,-12.615384615384615,-30.3,5.5,-0.26666666666666666
2021-09-14,-6.4375,10.75,-27.071428571428573,-34.55555555555556,0.6666666666666666,4.4
2021-09-15,3.764705882352941,16.5625,-14.857142857142858,-29.666666666666668,5.833333333333333,1.5333333333333334
2021-09-16,2.125,15.3125,-19.76923076923077,-29.77777777777778,6.277777777777778,2.4
2021-09-17,6.5625,18.4375,-9.666666666666666,-30.545454545454547,7.166666666666667,0.7333333333333333
2021-09-18,7.0588235294117645,20.0625,-3.933333333333333,-30.53846153846154,-6.722222222222222,1.5714285714285714
2021-09-19,1.9333333333333333,17.0,1.4666666666666666,-30.363636363636363,-17.22222222222222,3.875
2021-09-20,4.333333333333333,16.875,-6.615384615384615,-30.6,7.222222222222222,-0.6666666666666666
2021-09-21,0.125,15.625,-22.46153846153846,-29.333333333333332,3.0,3.2666666666666666
2021-09-22,5.647058823529412,14.1875,-10.23076923076923,-33.4,10.61111111111111,1.2666666666666666
2021-09-23,6.9375,16.8125,-7.3076923076923075,-26.11111111111111,11.777777777777779,0.9333333333333333
2021-09-24,8.0,18.88235294117647,-5.733333333333333,-27.727272727272727,10.11111111111111,0.26666666666666666
2021-09-25,10.941176470588236,24.5625,1.6666666666666667,-26.692307692307693,-6.0,0.6428571428571429
2021-09-26,9.266666666666667,23.0,15.8,-31.1,-17.555555555555557,2.25
2021-09-27,2.3125,9.375,16.25,-35.0,-40.77777777777778,6.933333333333334
2021-09-28,0.875,19.125,-18.0,-23.666666666666668,8.777777777777779,0.6666666666666666
2021-09-29,3.1875,17.0,-15.153846153846153,-31.444444444444443,4.722222222222222,2.2
2021-09-30,14.625,27.6875,3.6923076923076925,-23.6,12.88888888888889,-1.7333333333333334
2021-10-01,4.9411764705882355,22.823529411764707,-16.8,-30.666666666666668,1.8888888888888888,3.6666666666666665
2021-10-02,4.882352941176471,25.8125,-16.533333333333335,-33.92307692307692,-6.833333333333333,5.714285714285714
2021-10-03,-15.266666666666667,5.571428571428571,-38.733333333333334,-40.90909090909091,-22.944444444444443,11.714285714285714
2021-10-04,3.066666666666667,20.4375,-14.153846153846153,-32.1,6.888888888888889,1.6666666666666667
2021-10-05,12.533333333333333,28.4375,2.1666666666666665,-19.88888888888889,5.222222222222222,-0.06666666666666667
2021-10-06,9.25,20.5625,-7.428571428571429,-27.88888888888889,3.888888888888889,1.6666666666666667
2021-10-07,13.0625,24.875,-1.2307692307692308,-25.7,5.555555555555555,1.4
2021-10-08,12.4375,22.470588235294116,-4.866666666666666,-26.583333333333332,5.388888888888889,1.2666666666666666
2021-10-09,-2.8823529411764706,15.5,-26.933333333333334,-31.0,-11.444444444444445,9.285714285714286
2021-10-10,33.666666666666664,50.642857142857146,25.153846153846153,-9.777777777777779,-5.111111111111111,-0.25
2021-10-11,16.133333333333333,28.75,3.6666666666666665,-20.9,-0.05555555555555555,0.9333333333333333
2021-10-12,14.6,28.25,4.090909090909091,-19.0,2.388888888888889,-0.13333333333333333
2021-10-13,7.6875,18.125,-5.0,-27.555555555555557,3.111111111111111,-1.2
2021-10-14,4.4375,12.4375,-7.615384615384615,-34.7,2.388888888888889,-2.466666666666667
2021-10-15,-12.88888888888889,1.8235294117647058,-37.625,-44.53846153846154,-7.388888888888889,9.6
2021-10-16,3.2941176470588234,20.9375,-14.6,-36.15384615384615,-7.555555555555555,5.153846153846154
2021-10-17,-1.6,12.928571428571429,-9.666666666666666,-32.6,-18.444444444444443,5.714285714285714
2021-10-18,7.266666666666667,20.0,-2.230769230769231,-26.4,10.222222222222221,-1.1333333333333333
2021-10-19,9.625,21.0,-1.8461538461538463,-26.5,10.88888888888889,-0.8
2021-10-20,10.25,18.8125,-1.1538461538461537,-29.9,11.055555555555555,-0.6666666666666666
2021-10-21,11.875,19.625,2.076923076923077,-27.0,13.777777777777779,-1.0
2021-10-22,9.3125,16.352941176470587,-2.7333333333333334,-28.90909090909091,12.555555555555555,-1.1333333333333333
2021-10-23,-9.88888888888889,6.8125,-29.066666666666666,-41.30769230769231,-10.61111111111111,5.615384615384615
2021-10-24,-3.0,13.428571428571429,-7.2,-29.90909090909091,-18.5,6.875
2021-10-25,5.933333333333334,17.4375,-3.923076923076923,-29.1,11.833333333333334,-0.6666666666666666
2021-10-26,9.625,20.125,-1.6923076923076923,-28.2,12.833333333333334,-0.7333333333333333
2021-10-27,11.625,19.25,-0.3076923076923077,-32.4,12.055555555555555,-0.6
2021-10-28,14.8125,23.625,1.3076923076923077,-26.8,14.833333333333334,-1.7333333333333334
2021-10-29,13.6875,24.88235294117647,-3.933333333333333,-25.636363636363637,12.777777777777779,-1.8666666666666667
2021-10-30,14.4375,30.3125,-1.7333333333333334,-26.384615384615383,-5.666666666666667,0.7857142857142857
2021-10-31,6.533333333333333,21.714285714285715,-1.8,-27.3,-16.833333333333332,3.375
2021-11-01,13.266666666666667,27.25,2.4615384615384617,-24.8,11.38888888888889,-1.7333333333333334
2021-11-02,15.875,28.0625,2.9166666666666665,-20.0,11.277777777777779,-1.5333333333333334
2021-11-03,13.6875,22.0625,-4.153846153846154,-23.666666666666668,12.055555555555555,-0.9333333333333333
2021-11-04,14.8125,21.75,0.38461538461538464,-25.1,15.0,-1.7333333333333334
2021-11-05,8.5625,19.941176470588236,-13.533333333333333,-28.583333333333332,12.11111111111111,0.26666666666666666
2021-11-06,10.4375,25.9375,-6.666666666666667,-29.923076923076923,-5.666666666666667,2.0
2021-11-07,3.8666666666666667,18.642857142857142,-0.9333333333333333,-24.90909090909091,-17.166666666666668,4.285714285714286
2021-11-08,8.6,20.875,-6.153846153846154,-26.5,12.777777777777779,-0.3333333333333333
2021-11-09,10.4,22.3125,2.4615384615384617,-21.666666666666668,14.055555555555555,-1.0666666666666667
2021-11-10,2.5294117647058822,12.5625,-19.133333333333333,-34.2,9.833333333333334,2.8
2021-11-11,13.3125,21.6875,-4.461538461538462,-27.9,15.38888888888889,-0.26666666666666666
2021-11-12,11.125,17.58823529411765,-5.266666666666667,-29.583333333333332,12.722222222222221,-0.2
2021-11-13,12.75,21.8125,0.4666666666666667,-29.53846153846154,-6.055555555555555,1.7857142857142858
2021-11-14,-8.8,9.142857142857142,-24.666666666666668,-37.90909090909091,-21.61111111111111,8.375
2021-11-15,12.0,20.375,-3.3076923076923075,-28.7,11.166666666666666,0.4666666666666667
2021-11-16,-1.8125,12.875,-27.153846153846153,-29.22222222222222,10.166666666666666,3.0
2021-11-17,0.0,13.5625,-24.142857142857142,-31.88888888888889,6.166666666666667,4.6
2021-11-18,2.3125,13.8125,-21.0,-30.11111111111111,7.722222222222222,4.8
2021-11-19,10.625,18.823529411764707,-6.733333333333333,-30.75,13.277777777777779,0.4666666666666667
2021-11-20,9.8125,20.9375,-3.533333333333333,-31.846153846153847,-4.944444444444445,2.0
2021-11-21,4.266666666666667,15.571428571428571,-0.2,-31.5,-17.055555555555557,4.75
2021-11-22,7.466666666666667,16.125,-3.5384615384615383,-28.1,10.11111111111111,0.3333333333333333
2021-11-23,10.5625,18.5,-5.769230769230769,-23.444444444444443,10.61111111111111,0.6
2021-11-24,10.8125,17.25,-4.3076923076923075,-27.77777777777778,10.0,0.6
2021-11-25,4.625,13.1875,-19.0,-29.1,7.777777777777778,1.9333333333333333
2021-11-26,13.4375,24.294117647058822,-4.0,-26.666666666666668,10.11111111111111,-0.5333333333333333
2021-11-27,13.1875,25.625,-2.8,-28.0,-4.944444444444445,0.8571428571428571
2021-11-28,-4.0,13.142857142857142,-19.533333333333335,-34.0,-19.38888888888889,7.25
2021-11-29,12.133333333333333,25.75,0.0,-24.8,7.777777777777778,0.0
2021-11-30,17.333333333333332,33.375,0.6153846153846154,-17.11111111111111,9.277777777777779,-1.0666666666666667
2021-12-01,17.266666666666666,29.5,1.5714285714285714,-20.666666666666668,6.055555555555555,-0.2
2021-12-02,20.3125,29.4375,3.8461538461538463,-16.555555555555557,9.333333333333334,-0.5333333333333333
2021-12-03,17.6875,26.764705882352942,2.066666666666667,-20.90909090909091,7.888888888888889,-1.0
2021-12-04,16.375,28.625,3.533333333333333,-24.384615384615383,-5.277777777777778,0.5
2021-12-05,7.933333333333334,20.285714285714285,4.333333333333333,-23.5,-15.666666666666666,3.875
2021-12-06,17.0,28.75,4.0,-19.8,6.444444444444445,-0.5333333333333333
2021-12-07,29.8,44.625,21.25,-6.222222222222222,5.277777777777778,-2.7333333333333334
2021-12-08,-5.529411764705882,-1.875,22.083333333333332,-49.666666666666664,-57.888888888888886,11.066666666666666
2021-12-09,19.375,27.875,0.8461538461538461,-15.777777777777779,14.666666666666666,-0.9333333333333333
2021-12-10,15.375,22.352941176470587,-3.933333333333333,-25.916666666666668,11.833333333333334,0.13333333333333333
2021-12-11,11.1875,22.5625,-5.466666666666667,-27.846153846153847,1.0555555555555556,2.0
2021-12-12,1.7333333333333334,12.857142857142858,-11.933333333333334,-29.7,-9.555555555555555,5.857142857142857
2021-12-13,3.3125,15.25,-22.76923076923077,-25.666666666666668,3.8333333333333335,5.466666666666667
2021-12-14,16.066666666666666,29.0625,-3.0,-18.0,7.0,0.6666666666666666
2021-12-15,22.75,30.4375,4.461538461538462,-17.666666666666668,7.111111111111111,-0.6
2021-12-16,23.733333333333334,33.0,8.0,-10.666666666666666,10.0,-1.6666666666666667
2021-12-17,23.875,33.0,7.266666666666667,-15.272727272727273,8.88888888888889,-2.2
2021-12-18,22.0625,33.6875,9.6,-16.083333333333332,0.5,-2.2857142857142856
2021-12-19,17.666666666666668,29.071428571428573,7.428571428571429,-19.1,-6.0,1.875
2021-12-20,21.866666666666667,37.375,0.46153846153846156,-5.888888888888889,4.222222222222222,-0.6
2021-12-21,31.933333333333334,48.5625,12.416666666666666,3.111111111111111,5.888888888888889,-2.3333333333333335
2021-12-22,36.46666666666667,52.5,17.333333333333332,8.333333333333334,3.888888888888889,-3.0
2021-12-23,51.333333333333336,74.625,27.76923076923077,35.0,3.388888888888889,-5.133333333333334
2021-12-24,31.705882352941178,72.0,4.4,-8.090909090909092,-30.444444444444443,0.4
2021-12-25,-22.61111111111111,-37.625,19.333333333333332,-57.75,-65.33333333333333,8.142857142857142
2021-12-26,6.8,19.928571428571427,6.733333333333333,-15.444444444444445,-18.055555555555557,4.75
2021-12-27,20.375,31.625,8.666666666666666,-9.6,-4.611111111111111,2.1333333333333333
2021-12-28,24.6875,38.6875,14.333333333333334,-0.3333333333333333,-2.888888888888889,1.0666666666666667
2021-12-29,27.6875,41.8125,18.25,-0.8888888888888888,-3.888888888888889,0.7333333333333333
2021-12-30,39.875,60.5,26.916666666666668,25.11111111111111,-3.8333333333333335,-1.6
2021-12-31,31.823529411764707,71.125,15.083333333333334,-1.1,-37.05555555555556,2.2
2022-01-01,-15.705882352941176,-32.5,45.53846153846154,-48.53846153846154,-66.33333333333333,6.142857142857143
2022-01-02,12.2,26.357142857142858,14.571428571428571,-0.2222222222222222,-22.944444444444443,5.125
2022-01-03,8.625,27.25,-2.5,-13.6,-15.055555555555555,7.733333333333333
2022-01-04,17.0,36.25,10.5,-6.444444444444445,-7.666666666666667,4.533333333333333
2022-01-05,25.41176470588235,44.5625,16.0,-7.0,-7.277777777777778,3.6
2022-01-06,19.294117647058822,33.25,18.76923076923077,-11.88888888888889,-5.111111111111111,4.266666666666667
2022-01-07,8.235294117647058,23.294117647058822,0.13333333333333333,-22.272727272727273,-6.166666666666667,7.066666666666666
2022-01-08,1.6470588235294117,18.1875,-4.866666666666666,-28.153846153846153,-8.722222222222221,8.538461538461538
2022-01-09,-2.6,15.285714285714286,-1.0666666666666667,-28.11111111111111,-16.333333333333332,9.571428571428571
2022-01-10,9.333333333333334,26.625,4.615384615384615,-22.4,-7.0,5.533333333333333
2022-01-11,9.9375,25.25,6.461538461538462,-20.666666666666668,-6.388888888888889,6.466666666666667
2022-01-12,6.352941176470588,19.0,4.615384615384615,-29.9,-7.277777777777778,8.2
2022-01-13,7.411764705882353,20.3125,6.615384615384615,-23.11111111111111,-5.111111111111111,7.866666666666666
2022-01-14,3.0625,16.470588235294116,-3.533333333333333,-30.272727272727273,-4.833333333333333,9.866666666666667
2022-01-15,2.588235294117647,19.125,2.466666666666667,-25.384615384615383,-6.833333333333333,10.384615384615385
2022-01-16,-2.6666666666666665,13.928571428571429,2.466666666666667,-24.454545454545453,-15.833333333333334,9.428571428571429
2022-01-17,3.8666666666666667,19.75,0.6153846153846154,-27.1,-6.277777777777778,8.866666666666667
2022-01-18,7.0625,21.3125,1.3076923076923077,-24.555555555555557,-5.166666666666667,9.066666666666666
2022-01-19,5.882352941176471,16.8125,-2.142857142857143,-28.22222222222222,-5.944444444444445,10.533333333333333
2022-01-20,9.3125,19.1875,4.0,-28.4,-2.7222222222222223,10.133333333333333
2022-01-21,5.375,16.529411764705884,-2.0,-29.545454545454547,-2.3333333333333335,11.533333333333333
2022-01-22,2.2941176470588234,16.625,-1.7333333333333334,-31.76923076923077,-5.444444444444445,11.615384615384615
2022-01-23,-3.2,12.0,-2.2666666666666666,-31.6,-14.166666666666666,10.428571428571429
2022-01-24,2.6,16.0625,-5.833333333333333,-30.0,-3.4444444444444446,9.733333333333333
2022-01-25,6.0,19.9375,-5.846153846153846,-26.22222222222222,-2.2222222222222223,9.733333333333333
2022-01-26,3.764705882352941,16.125,-9.5,-29.444444444444443,-2.9444444444444446,10.6
2022-01-27,4.0588235294117645,17.25,-11.923076923076923,-31.8,-0.3888888888888889,11.2
2022-01-28,8.375,20.529411764705884,-0.26666666666666666,-27.454545454545453,1.6111111111111112,10.4
2022-01-29,10.1875,25.8125,8.266666666666667,-25.923076923076923,-0.8333333333333334,9.23076923076923
2022-01-30,2.933333333333333,18.071428571428573,4.866666666666666,-28.5,-11.222222222222221,9.428571428571429
2022-01-31,10.666666666666666,27.125,-0.6666666666666666,-23.3,1.6666666666666667,8.2
2022-02-01,13.4,31.5625,3.230769230769231,-18.22222222222222,4.444444444444445,7.6
2022-02-02,17.0,28.0625,11.153846153846153,-21.666666666666668,4.333333333333333,7.6
2022-02-03,8.625,21.1875,-2.769230769230769,-22.88888888888889,4.666666666666667,9.2
2022-02-04,6.25,21.0,-15.6,-25.5,5.444444444444445,10.066666666666666
2022-02-05,2.8333333333333335,19.3125,-14.1875,-31.153846153846153,-4.5,13.23076923076923
2022-02-06,3.7333333333333334,19.857142857142858,5.066666666666666,-24.454545454545453,-8.444444444444445,9.714285714285714
2022-02-07,15.333333333333334,29.6875,4.166666666666667,-19.2,5.722222222222222,6.733333333333333
2022-02-08,15.266666666666667,28.6875,5.769230769230769,-14.333333333333334,6.444444444444445,6.466666666666667
2022-02-09,17.125,25.25,3.3333333333333335,-20.11111111111111,6.444444444444445,6.933333333333334
2022-02-10,18.625,26.1875,6.6923076923076925,-17.11111111111111,10.055555555555555,6.0
2022-02-11,14.375,23.058823529411764,-0.8666666666666667,-22.0,9.11111111111111,6.133333333333334
2022-02-12,12.647058823529411,23.875,-1.6,-21.083333333333332,0.5,8.153846153846153
2022-02-13,5.733333333333333,20.785714285714285,-1.3571428571428572,-24.9,-6.666666666666667,9.0
2022-02-14,27.866666666666667,34.5,8.25,-16.7,9.444444444444445,3.533333333333333
2022-02-15,13.2,27.4375,3.0,-14.222222222222221,9.444444444444445,5.266666666666667
2022-02-16,16.5,23.6875,2.0,-19.333333333333332,9.166666666666666,5.6
2022-02-17,15.764705882352942,23.8125,4.166666666666667,-23.4,12.61111111111111,4.933333333333334
2022-02-18,13.875,21.470588235294116,-0.2,-22.5,13.777777777777779,5.0
2022-02-19,14.1875,25.25,5.133333333333334,-22.692307692307693,2.7777777777777777,7.538461538461538
2022-02-20,-2.0,19.071428571428573,-19.5,-28.818181818181817,-7.777777777777778,11.0
2022-02-21,7.333333333333333,21.25,-10.5,-22.4,11.166666666666666,5.2
2022-02-22,11.533333333333333,24.6875,0.6666666666666666,-17.0,14.5,4.266666666666667
2022-02-23,15.125,22.625,5.846153846153846,-20.333333333333332,14.38888888888889,4.666666666666667
2022-02-24,15.75,23.375,5.153846153846154,-16.333333333333332,17.88888888888889,4.0
2022-02-25,10.8125,23.529411764705884,-3.6666666666666665,-21.636363636363637,16.61111111111111,5.266666666666667
2022-02-26,20.0625,35.625,13.066666666666666,-17.23076923076923,5.777777777777778,6.0
2022-02-27,16.8,28.214285714285715,16.714285714285715,-26.88888888888889,-5.722222222222222,7.25
2022-02-28,3.0625,15.0625,7.25,-31.9,-36.94444444444444,14.6
2022-03-01,10.266666666666667,29.375,-0.3076923076923077,-14.11111111111111,14.777777777777779,4.8
2022-03-02,8.058823529411764,22.1875,-2.4615384615384617,-20.88888888888889,16.77777777777778,5.8
2022-03-03,16.6875,29.125,10.615384615384615,-16.22222222222222,23.61111111111111,4.266666666666667
2022-03-04,13.375,23.294117647058822,7.2,-18.818181818181817,23.444444444444443,6.866666666666666
2022-03-05,13.1875,27.25,6.8,-24.46153846153846,9.055555555555555,9.76923076923077
2022-03-06,3.6,21.428571428571427,1.7142857142857142,-26.5,2.388888888888889,11.142857142857142
2022-03-07,9.866666666666667,23.875,7.916666666666667,-15.11111111111111,23.5,6.8
2022-03-08,11.0,25.0625,2.5,-15.0,26.833333333333332,8.6
2022-03-09,11.705882352941176,20.5,8.083333333333334,-18.77777777777778,28.27777777777778,9.333333333333334
2022-03-10,7.0,18.1875,2.4615384615384617,-16.77777777777778,31.5,11.8
2022-03-11,-3.4705882352941178,8.647058823529411,-16.133333333333333,-29.75,21.5,19.0
2022-03-12,8.352941176470589,23.625,2.4,-22.0,12.61111111111111,16.46153846153846
2022-03-13,1.8,19.0,-5.214285714285714,-25.7,8.333333333333334,15.857142857142858
2022-03-14,10.0,21.6875,9.916666666666666,-21.4,32.27777777777778,11.866666666666667
2022-03-15,12.6875,24.9375,11.0,-16.11111111111111,34.22222222222222,11.4
2022-03-16,12.125,19.8125,9.666666666666666,-24.666666666666668,32.166666666666664,11.8
2022-03-17,10.0625,17.8125,10.76923076923077,-30.22222222222222,35.0,12.0
2022-03-18,1.375,12.470588235294118,-4.785714285714286,-32.666666666666664,33.5,14.6
2022-03-19,4.176470588235294,22.3125,-0.5333333333333333,-29.0,11.38888888888889,18.076923076923077
2022-03-20,-0.6,20.5,-3.0,-25.363636363636363,7.444444444444445,15.714285714285714
2022-03-21,9.066666666666666,20.5,10.5,-18.77777777777778,36.55555555555556,11.866666666666667
2022-03-22,2.625,16.1875,0.46153846153846156,-21.0,34.05555555555556,12.933333333333334
2022-03-23,-8.625,5.375,-18.357142857142858,-38.22222222222222,18.22222222222222,19.2
2022-03-24,-1.8125,9.125,-8.692307692307692,-29.666666666666668,31.944444444444443,15.933333333333334
2022-03-25,2.9375,16.0,-1.4666666666666666,-27.90909090909091,32.55555555555556,15.2
2022-03-26,7.75,23.375,4.666666666666667,-23.666666666666668,15.0,15.76923076923077
2022-03-27,4.666666666666667,21.714285714285715,1.5,-24.636363636363637,8.277777777777779,14.857142857142858
2022-03-28,7.8,20.5,6.75,-15.444444444444445,39.388888888888886,11.333333333333334
2022-03-29,11.5625,24.5,9.166666666666666,-14.666666666666666,39.833333333333336,10.533333333333333
2022-03-30,-3.5,13.625,-12.928571428571429,-28.555555555555557,25.38888888888889,17.266666666666666
2022-03-31,11.25,29.3125,3.8333333333333335,-14.555555555555555,39.611111111111114,12.133333333333333
2022-04-01,9.5625,25.470588235294116,1.1333333333333333,-15.8,40.5,12.0
2022-04-02,13.75,33.1875,9.466666666666667,-19.166666666666668,15.222222222222221,14.76923076923077
2022-04-03,4.4,27.142857142857142,-3.0,-21.9,8.722222222222221,14.857142857142858
2022-04-04,4.875,19.1875,-7.166666666666667,-20.333333333333332,31.166666666666668,15.0
2022-04-05,3.625,20.125,-10.307692307692308,-21.22222222222222,34.27777777777778,14.2
2022-04-06,10.4375,24.0,3.230769230769231,-18.333333333333332,36.611111111111114,11.466666666666667
2022-04-07,5.8125,20.8125,-4.230769230769231,-18.22222222222222,33.72222222222222,13.666666666666666
2022-04-08,6.625,19.941176470588236,-1.4285714285714286,-20.454545454545453,36.72222222222222,13.866666666666667
2022-04-09,13.125,29.25,4.533333333333333,-16.25,16.555555555555557,15.153846153846153
2022-04-10,3.066666666666667,26.0,-1.7857142857142858,-22.4,9.222222222222221,16.0
2022-04-11,2.533333333333333,17.8125,-8.666666666666666,-10.444444444444445,27.944444444444443,14.333333333333334
2022-04-12,18.875,37.1875,7.833333333333333,9.11111111111111,28.555555555555557,11.266666666666667
2022-04-13,31.125,49.5625,29.25,13.666666666666666,-6.833333333333333,14.4
2022-04-14,12.705882352941176,29.8125,44.5,-23.22222222222222,-46.111111111111114,19.071428571428573
2022-04-15,-19.470588235294116,-29.529411764705884,45.083333333333336,-65.7,-66.61111111111111,31.428571428571427
2022-04-16,8.705882352941176,23.6875,20.142857142857142,-18.307692307692307,-20.22222222222222,20.307692307692307
2022-04-17,10.466666666666667,29.714285714285715,4.6,5.888888888888889,5.388888888888889,11.857142857142858
2022-04-18,7.0625,18.75,3.5,-6.111111111111111,32.333333333333336,12.066666666666666
2022-04-19,10.6875,24.1875,5.333333333333333,-13.777777777777779,38.44444444444444,11.866666666666667
2022-04-20,12.0625,21.3125,6.5,-18.555555555555557,37.666666666666664,11.866666666666667
2022-04-21,4.8125,15.875,-8.538461538461538,-23.0,35.44444444444444,15.333333333333334
2022-04-22,5.75,18.529411764705884,-2.142857142857143,-25.636363636363637,38.833333333333336,13.466666666666667
2022-04-23,5.125,22.625,0.7333333333333333,-25.583333333333332,14.38888888888889,15.076923076923077
2022-04-24,3.2666666666666666,25.142857142857142,5.066666666666666,-25.727272727272727,10.777777777777779,15.142857142857142
2022-04-25,9.4,21.75,5.25,-16.333333333333332,42.44444444444444,11.066666666666666
2022-04-26,12.5625,25.8125,7.083333333333333,-15.666666666666666,40.666666666666664,11.2
2022-04-27,15.125,25.9375,8.416666666666666,-18.666666666666668,40.05555555555556,10.533333333333333
2022-04-28,15.625,29.4375,5.583333333333333,-15.333333333333334,42.111111111111114,10.8
2022-04-29,11.3125,29.529411764705884,-2.066666666666667,-14.3,32.166666666666664,13.8
2022-04-30,16.8125,40.6875,10.733333333333333,-12.727272727272727,16.22222222222222,13.538461538461538
2022-05-01,11.2,33.642857142857146,2.0714285714285716,-31.22222222222222,10.11111111111111,13.142857142857142
2022-05-02,-14.6875,3.0,-9.307692307692308,-35.44444444444444,-43.55555555555556,27.714285714285715
2022-05-03,3.5,26.6875,-14.416666666666666,-15.666666666666666,34.77777777777778,15.733333333333333
2022-05-04,9.25,24.75,-6.3076923076923075,-22.22222222222222,38.666666666666664,14.333333333333334
2022-05-05,13.6875,28.5,3.0,-16.22222222222222,43.666666666666664,11.8
2022-05-06,11.3125,23.764705882352942,5.142857142857143,-18.90909090909091,42.22222222222222,12.066666666666666
2022-05-07,11.3125,30.1875,0.4666666666666667,-21.5,16.11111111111111,15.923076923076923
2022-05-08,4.866666666666666,28.071428571428573,-1.3571428571428572,-22.8,11.666666666666666,15.0
2022-05-09,8.0,23.6875,-3.0833333333333335,-15.444444444444445,43.111111111111114,11.933333333333334
2022-05-10,9.375,26.5,-4.75,-17.333333333333332,41.55555555555556,13.466666666666667
2022-05-11,14.0625,27.25,2.75,-17.333333333333332,42.5,11.8
2022-05-12,17.75,30.4375,10.166666666666666,-9.777777777777779,44.22222222222222,10.733333333333333
2022-05-13,19.6875,35.1764705882353,18.153846153846153,2.1,36.666666666666664,9.866666666666667
