date,retail_and_recreation_percent_change_from_baseline_Peru,grocery_and_pharmacy_percent_change_from_baseline_Peru,parks_percent_change_from_baseline_Peru,transit_stations_percent_change_from_baseline_Peru,workplaces_percent_change_from_baseline_Peru,residential_percent_change_from_baseline_Peru
2020-02-15,3.1363636363636362,0.484375,1.443609022556391,1.8426966292134832,0.5227272727272727,-0.7166666666666667
2020-02-16,-1.4269662921348314,-1.6031746031746033,-2.255639097744361,2.546511627906977,-0.8048780487804879,0.4423076923076923
2020-02-17,-0.6941176470588235,0.65625,-0.5984251968503937,3.0786516853932584,2.0306122448979593,0.6
2020-02-18,-0.4117647058823529,0.109375,-0.5546875,2.6818181818181817,1.9285714285714286,0.4696969696969697
2020-02-19,-1.2470588235294118,-1.296875,0.2824427480916031,3.1379310344827585,1.5816326530612246,0.7230769230769231
2020-02-20,0.4418604651162791,1.09375,1.6124031007751938,3.875,0.8469387755102041,0.18461538461538463
2020-02-21,-1.0,-0.15625,1.0076923076923077,4.213483146067416,1.268041237113402,1.0769230769230769
2020-02-22,2.0930232558139537,1.5538461538461539,5.0534351145038165,5.795454545454546,0.5168539325842697,0.18333333333333332
2020-02-23,0.9655172413793104,0.2222222222222222,5.204545454545454,4.67816091954023,-0.5542168674698795,-0.07692307692307693
2020-02-24,0.29411764705882354,1.5625,4.78740157480315,3.4065934065934065,-0.6979166666666666,0.4307692307692308
2020-02-25,2.011764705882353,1.515625,5.310077519379845,3.534090909090909,0.336734693877551,-0.030303030303030304
2020-02-26,-1.0235294117647058,-0.46875,4.666666666666667,2.337078651685393,0.12244897959183673,0.18461538461538463
2020-02-27,0.09195402298850575,1.890625,2.952755905511811,2.781609195402299,0.10101010101010101,0.5384615384615384
2020-02-28,0.39080459770114945,2.4375,3.223076923076923,4.25,1.7525773195876289,0.23076923076923078
2020-02-29,1.5977011494252873,3.5,3.446969696969697,2.550561797752809,2.303370786516854,-0.7049180327868853
2020-03-01,-0.5340909090909091,2.873015873015873,-0.2706766917293233,2.788235294117647,0.7560975609756098,0.4230769230769231
2020-03-02,-1.4534883720930232,2.1875,-1.24,0.625,3.142857142857143,-0.2
2020-03-03,-1.3488372093023255,0.84375,-1.84375,-1.4367816091954022,3.5816326530612246,0.0
2020-03-04,-2.6,0.40625,-1.9923076923076923,-1.2954545454545454,3.5670103092783507,0.38461538461538464
2020-03-05,-1.7325581395348837,2.171875,-2.434108527131783,-2.160919540229885,3.878787878787879,0.48484848484848486
2020-03-06,-3.1511627906976742,-0.640625,-2.876923076923077,-2.146067415730337,4.824742268041237,0.6
2020-03-07,-0.09195402298850575,1.5625,-1.5151515151515151,-2.561797752808989,3.1777777777777776,1.0
2020-03-08,0.9885057471264368,1.2698412698412698,-3.037878787878788,-3.9651162790697674,3.580246913580247,0.5192307692307693
2020-03-09,-4.08235294117647,-0.875,-5.1171875,-3.191011235955056,4.11340206185567,0.6461538461538462
2020-03-10,-3.9647058823529413,-0.84375,-4.116279069767442,-5.1395348837209305,3.0103092783505154,1.0
2020-03-11,-6.447058823529412,-2.4375,-5.653846153846154,-5.920454545454546,2.5,1.4393939393939394
2020-03-12,-5.6117647058823525,3.765625,-5.8359375,-7.738636363636363,1.9175257731958764,2.1076923076923078
2020-03-13,-7.755813953488372,0.09375,-8.007692307692308,-9.522727272727273,0.5154639175257731,3.292307692307692
2020-03-14,-9.05813953488372,-3.109375,-7.7894736842105265,-12.233333333333333,-0.21348314606741572,3.933333333333333
2020-03-15,-12.674418604651162,4.412698412698413,-10.93233082706767,-12.611764705882353,-0.5121951219512195,4.038461538461538
2020-03-16,-29.14457831325301,8.109375,-17.51937984496124,-3.2111111111111112,-25.03030303030303,12.016129032258064
2020-03-17,-65.5,-50.046875,-50.30075187969925,-69.50561797752809,-52.470588235294116,29.23076923076923
2020-03-18,-69.8048780487805,-54.98412698412698,-56.11278195488722,-75.65116279069767,-56.36274509803921,31.96153846153846
2020-03-19,-72.48809523809524,-59.492063492063494,-59.27067669172932,-78.24418604651163,-59.359223300970875,34.255319148936174
2020-03-20,-73.5421686746988,-59.84126984126984,-60.5187969924812,-78.64367816091954,-59.13725490196079,36.733333333333334
2020-03-21,-74.83529411764705,-60.12307692307692,-61.74626865671642,-78.76136363636364,-54.85858585858586,33.38636363636363
2020-03-22,-75.45121951219512,-63.215384615384615,-64.21641791044776,-79.91566265060241,-46.522222222222226,27.65714285714286
2020-03-23,-72.58024691358025,-59.546875,-59.50375939849624,-79.68235294117648,-58.9126213592233,35.130434782608695
2020-03-24,-73.125,-59.92063492063492,-59.53787878787879,-79.0813953488372,-59.90196078431372,34.0625
2020-03-25,-72.9753086419753,-59.492063492063494,-59.53383458646616,-79.28235294117647,-59.94117647058823,34.234042553191486
2020-03-26,-72.22619047619048,-56.714285714285715,-58.962406015037594,-78.47674418604652,-59.36893203883495,34.0
2020-03-27,-71.64634146341463,-55.96825396825397,-57.11940298507463,-77.82758620689656,-56.96116504854369,35.1875
2020-03-28,-73.36144578313252,-56.44615384615385,-60.42537313432836,-78.6590909090909,-52.59183673469388,32.111111111111114
2020-03-29,-74.60714285714286,-59.90625,-63.798507462686565,-79.55952380952381,-44.52173913043478,27.4
2020-03-30,-71.2125,-56.96875,-57.65413533834587,-79.03488372093024,-56.627450980392155,33.01923076923077
2020-03-31,-71.64197530864197,-56.6031746031746,-58.75187969924812,-78.5764705882353,-57.61764705882353,32.32
2020-04-01,-71.83544303797468,-57.142857142857146,-58.446969696969695,-79.02380952380952,-58.333333333333336,33.21568627450981
2020-04-02,-71.44047619047619,-54.476190476190474,-58.13533834586466,-78.85882352941177,-57.89320388349515,33.11764705882353
2020-04-03,-74.3012048192771,-58.078125,-62.142857142857146,-80.97647058823529,-58.76699029126213,35.91304347826087
2020-04-04,-78.3170731707317,-64.1076923076923,-65.65648854961832,-82.63529411764706,-56.48979591836735,34.023809523809526
2020-04-05,-90.3972602739726,-93.98412698412699,-79.23255813953489,-90.66153846153846,-64.3936170212766,34.07692307692308
2020-04-06,-72.17105263157895,-54.22950819672131,-59.666666666666664,-80.36781609195403,-58.30392156862745,33.857142857142854
2020-04-07,-74.42857142857143,-59.21666666666667,-62.42748091603053,-81.16470588235295,-60.300970873786405,33.916666666666664
2020-04-08,-67.44155844155844,-39.65573770491803,-55.3134328358209,-76.44827586206897,-57.990196078431374,30.46
2020-04-09,-90.77611940298507,-94.10169491525424,-79.104,-90.94366197183099,-77.30188679245283,44.96666666666667
2020-04-10,-92.0,-94.39655172413794,-79.96825396825396,-92.46376811594203,-77.44859813084112,48.06896551724138
2020-04-11,-72.5679012345679,-51.62903225806452,-59.32089552238806,-79.29885057471265,-52.06122448979592,31.77777777777778
2020-04-12,-90.89855072463769,-94.21311475409836,-79.4015748031496,-91.234375,-63.62105263157895,34.925925925925924
2020-04-13,-68.53164556962025,-50.416666666666664,-55.278195488721806,-78.09411764705882,-55.009803921568626,32.4
2020-04-14,-71.66233766233766,-57.28333333333333,-58.628787878787875,-78.94047619047619,-57.25242718446602,32.729166666666664
2020-04-15,-73.07894736842105,-60.266666666666666,-59.71212121212121,-79.48192771084338,-57.59803921568628,33.4375
2020-04-16,-73.87179487179488,-61.61666666666667,-60.81818181818182,-79.62790697674419,-57.85436893203884,34.829787234042556
2020-04-17,-74.075,-61.32786885245902,-61.36363636363637,-80.62068965517241,-56.62135922330097,36.38297872340426
2020-04-18,-73.53086419753086,-59.854838709677416,-61.12781954887218,-79.71910112359551,-51.357142857142854,31.84090909090909
2020-04-19,-90.71428571428571,-94.33870967741936,-78.88461538461539,-91.0952380952381,-63.12765957446808,34.74074074074074
2020-04-20,-69.4,-54.22950819672131,-56.54545454545455,-78.29545454545455,-53.705882352941174,32.22
2020-04-21,-76.74666666666667,-69.40983606557377,-65.5891472868217,-82.10714285714286,-60.84615384615385,35.5
2020-04-22,-71.5,-59.22950819672131,-59.70454545454545,-78.75294117647059,-56.9126213592233,32.816326530612244
2020-04-23,-72.4,-60.540983606557376,-61.13636363636363,-79.08045977011494,-57.05882352941177,34.04081632653061
2020-04-24,-71.42857142857143,-58.91935483870968,-60.02255639097744,-78.97777777777777,-54.79611650485437,34.84
2020-04-25,-71.07317073170732,-57.12903225806452,-59.932330827067666,-78.17977528089888,-50.37755102040816,30.886363636363637
2020-04-26,-90.80281690140845,-94.52459016393442,-80.44186046511628,-91.4920634920635,-63.239583333333336,34.57692307692308
2020-04-27,-67.92307692307692,-55.095238095238095,-56.330827067669176,-76.95454545454545,-52.6078431372549,32.05882352941177
2020-04-28,-69.42105263157895,-57.67741935483871,-58.583333333333336,-76.816091954023,-54.87378640776699,30.53846153846154
2020-04-29,-69.43037974683544,-58.04838709677419,-58.42857142857143,-77.26190476190476,-54.950980392156865,32.16
2020-04-30,-69.0632911392405,-56.9344262295082,-57.70676691729323,-76.48837209302326,-53.99029126213592,31.80392156862745
2020-05-01,-73.9746835443038,-62.74193548387097,-63.96212121212121,-80.6987951807229,-61.61165048543689,37.25
2020-05-02,-72.1125,-59.82539682539682,-60.03030303030303,-78.62068965517241,-49.88775510204081,30.733333333333334
2020-05-03,-91.27536231884058,-94.63333333333334,-80.33333333333333,-91.8923076923077,-62.67368421052632,34.592592592592595
2020-05-04,-67.56410256410257,-53.91935483870968,-55.371212121212125,-76.58620689655173,-51.07843137254902,31.392156862745097
2020-05-05,-68.28571428571429,-56.725806451612904,-57.88636363636363,-76.34117647058824,-53.19607843137255,31.48076923076923
2020-05-06,-73.01351351351352,-56.54838709677419,-56.6015037593985,-75.81818181818181,-52.90196078431372,32.15384615384615
2020-05-07,-82.22058823529412,-58.774193548387096,-58.60606060606061,-75.72941176470589,-53.64705882352941,32.69230769230769
2020-05-08,-80.92647058823529,-54.83606557377049,-56.55223880597015,-75.06896551724138,-50.80392156862745,33.53846153846154
2020-05-09,-79.0,-47.84126984126984,-52.76865671641791,-72.96703296703296,-43.876288659793815,27.25
2020-05-10,-95.625,-93.07936507936508,-77.74418604651163,-89.92647058823529,-57.9468085106383,32.63333333333333
2020-05-11,-79.66153846153846,-55.523809523809526,-53.541984732824424,-74.91954022988506,-49.0,30.26923076923077
2020-05-12,-79.73846153846154,-54.91935483870968,-54.87218045112782,-74.27272727272727,-49.85294117647059,30.23076923076923
2020-05-13,-80.35384615384615,-54.29032258064516,-52.45522388059702,-75.31395348837209,-49.98039215686274,30.71153846153846
2020-05-14,-80.32352941176471,-54.596774193548384,-52.265151515151516,-75.5679012345679,-50.509803921568626,30.692307692307693
2020-05-15,-79.97058823529412,-53.25806451612903,-52.0,-77.02352941176471,-48.76470588235294,32.61538461538461
2020-05-16,-80.30882352941177,-52.142857142857146,-53.16417910447761,-75.6590909090909,-43.34020618556701,28.23404255319149
2020-05-17,-95.73846153846154,-92.90625,-76.94573643410853,-92.078125,-59.61290322580645,33.766666666666666
2020-05-18,-76.86363636363636,-47.98412698412698,-48.149253731343286,-73.51764705882353,-45.11764705882353,29.452830188679247
2020-05-19,-78.60606060606061,-51.87096774193548,-51.17910447761194,-73.95454545454545,-47.431372549019606,30.32075471698113
2020-05-20,-78.83333333333333,-52.58064516129032,-50.582089552238806,-72.96470588235294,-47.5,30.76923076923077
2020-05-21,-78.91176470588235,-52.16129032258065,-52.06015037593985,-72.34482758620689,-47.94117647058823,31.326923076923077
2020-05-22,-79.1159420289855,-51.70967741935484,-51.71641791044776,-73.74712643678161,-45.64356435643565,32.21153846153846
2020-05-23,-78.40579710144928,-48.666666666666664,-50.46616541353384,-71.59550561797752,-38.270833333333336,27.1875
2020-05-24,-95.890625,-93.11111111111111,-77.6046511627907,-90.64179104477611,-58.212765957446805,33.86666666666667
2020-05-25,-73.3030303030303,-42.285714285714285,-44.473684210526315,-69.06741573033707,-42.15841584158416,28.037037037037038
2020-05-26,-75.18181818181819,-46.693548387096776,-47.65151515151515,-69.40449438202248,-43.1764705882353,28.12962962962963
2020-05-27,-75.72727272727273,-46.87096774193548,-46.578947368421055,-69.3103448275862,-42.59803921568628,28.745454545454546
2020-05-28,-76.40579710144928,-47.29032258064516,-47.97744360902256,-69.04444444444445,-42.872549019607845,29.203703703703702
2020-05-29,-76.21739130434783,-46.5,-48.41044776119403,-70.54545454545455,-41.32,30.314814814814813
2020-05-30,-76.2,-44.109375,-47.67910447761194,-69.29213483146067,-32.578947368421055,25.03846153846154
2020-05-31,-95.734375,-92.8125,-76.92248062015504,-90.2089552238806,-56.86021505376344,33.56666666666667
2020-06-01,-71.83076923076923,-40.61904761904762,-43.6390977443609,-67.58620689655173,-38.03,26.517857142857142
2020-06-02,-74.29850746268657,-44.53225806451613,-46.371212121212125,-67.8735632183908,-40.51485148514851,27.5
2020-06-03,-74.54545454545455,-45.29032258064516,-45.43283582089552,-68.12359550561797,-40.445544554455445,27.87272727272727
2020-06-04,-74.72463768115942,-44.37096774193548,-46.36842105263158,-67.7840909090909,-40.98019801980198,28.163636363636364
2020-06-05,-74.31428571428572,-43.725806451612904,-47.649253731343286,-69.9080459770115,-39.62,29.25925925925926
2020-06-06,-73.91304347826087,-41.06349206349206,-46.46268656716418,-68.05555555555556,-31.22340425531915,24.442307692307693
2020-06-07,-95.33846153846154,-92.296875,-76.5,-90.13432835820896,-55.72043010752688,33.233333333333334
2020-06-08,-70.51470588235294,-39.01587301587302,-43.21969696969697,-65.86363636363636,-31.952380952380953,25.660714285714285
2020-06-09,-72.22388059701493,-42.91935483870968,-45.440298507462686,-66.79545454545455,-34.1031746031746,26.089285714285715
2020-06-10,-71.95454545454545,-43.37096774193548,-44.65413533834587,-66.52222222222223,-34.57142857142857,26.45614035087719
2020-06-11,-72.68115942028986,-42.37096774193548,-44.96992481203007,-67.52222222222223,-35.088,26.875
2020-06-12,-72.91428571428571,-43.016129032258064,-45.57462686567164,-68.68539325842697,-33.072,27.78181818181818
2020-06-13,-72.3623188405797,-38.714285714285715,-43.8134328358209,-67.21348314606742,-25.775862068965516,22.92452830188679
2020-06-14,-94.76923076923077,-91.984375,-75.78461538461538,-90.32835820895522,-50.34188034188034,32.483870967741936
2020-06-15,-67.97014925373135,-36.142857142857146,-40.72932330827068,-65.5505617977528,-31.03174603174603,24.29824561403509
2020-06-16,-69.54411764705883,-37.87096774193548,-42.32330827067669,-65.78651685393258,-32.785714285714285,25.017857142857142
2020-06-17,-70.04545454545455,-39.774193548387096,-42.76119402985075,-65.41573033707866,-33.714285714285715,25.140350877192983
2020-06-18,-70.66197183098592,-39.54838709677419,-43.50375939849624,-65.21348314606742,-33.632,25.625
2020-06-19,-70.3013698630137,-39.33870967741935,-43.26119402985075,-66.61111111111111,-31.536,24.964912280701753
2020-06-20,-68.3013698630137,-30.09375,-38.78947368421053,-63.68539325842696,-22.13157894736842,19.641509433962263
2020-06-21,-93.75,-90.61904761904762,-73.75384615384615,-88.32857142857142,-46.12173913043478,29.84375
2020-06-22,-66.75757575757575,-38.317460317460316,-41.95454545454545,-65.67415730337079,-32.992063492063494,23.280701754385966
2020-06-23,-67.14925373134328,-36.26984126984127,-41.31578947368421,-65.06666666666666,-33.714285714285715,24.017543859649123
2020-06-24,-69.48529411764706,-41.15873015873016,-43.65151515151515,-64.96551724137932,-35.77165354330709,25.087719298245613
2020-06-25,-68.24657534246575,-36.66129032258065,-41.421052631578945,-64.86516853932584,-33.354330708661415,24.771929824561404
2020-06-26,-69.28378378378379,-37.75806451612903,-42.578947368421055,-65.8314606741573,-31.664,25.803571428571427
2020-06-27,-67.98611111111111,-33.73015873015873,-40.32835820895522,-63.977777777777774,-24.895652173913042,20.867924528301888
2020-06-28,-93.68181818181819,-90.88888888888889,-74.48091603053435,-88.53623188405797,-51.189655172413794,31.3125
2020-06-29,-66.35820895522389,-34.38095238095238,-42.29323308270677,-67.93333333333334,-41.881889763779526,26.50943396226415
2020-06-30,-63.14705882352941,-32.38709677419355,-37.128787878787875,-62.37078651685393,-30.448,22.333333333333332
2020-07-01,-63.72857142857143,-33.62903225806452,-37.43609022556391,-61.06741573033708,-31.208,22.68421052631579
2020-07-02,-64.97260273972603,-33.16129032258065,-37.857142857142854,-61.26136363636363,-31.873015873015873,23.42105263157895
2020-07-03,-66.04109589041096,-34.16129032258065,-39.208955223880594,-63.02247191011236,-30.728,24.70175438596491
2020-07-04,-64.93243243243244,-29.984126984126984,-38.02985074626866,-61.68888888888889,-22.862068965517242,20.22641509433962
2020-07-05,-82.04347826086956,-67.578125,-60.526315789473685,-79.2625,-37.35964912280702,24.210526315789473
2020-07-06,-60.130434782608695,-28.19047619047619,-34.86363636363637,-60.49438202247191,-29.864,21.31578947368421
2020-07-07,-62.405797101449274,-31.419354838709676,-37.18181818181818,-60.93181818181818,-31.848,21.94736842105263
2020-07-08,-63.55714285714286,-34.33870967741935,-37.67424242424242,-61.63636363636363,-31.325396825396826,22.56140350877193
2020-07-09,-63.81944444444444,-33.08064516129032,-39.06015037593985,-62.48275862068966,-31.158730158730158,23.333333333333332
2020-07-10,-64.57534246575342,-33.03225806451613,-39.255639097744364,-63.89010989010989,-29.68,24.19298245614035
2020-07-11,-63.78947368421053,-28.603174603174605,-36.201492537313435,-61.51685393258427,-21.156521739130437,19.49056603773585
2020-07-12,-79.91428571428571,-64.53846153846153,-57.669172932330824,-77.375,-35.08849557522124,22.666666666666668
2020-07-13,-60.53521126760563,-29.77777777777778,-35.84848484848485,-61.04494382022472,-29.188976377952756,21.655172413793103
2020-07-14,-56.026315789473685,-32.354838709677416,-38.39393939393939,-61.60227272727273,-31.008,21.596491228070175
2020-07-15,-52.01298701298701,-33.483870967741936,-39.128787878787875,-60.89772727272727,-29.72222222222222,22.103448275862068
2020-07-16,-52.721518987341774,-31.612903225806452,-39.045112781954884,-59.18181818181818,-30.576,22.17543859649123
2020-07-17,-53.7125,-32.88709677419355,-40.142857142857146,-61.417582417582416,-29.024193548387096,23.155172413793103
2020-07-18,-51.91566265060241,-28.555555555555557,-37.43283582089552,-58.96551724137931,-21.20689655172414,18.73076923076923
2020-07-19,-69.22077922077922,-62.453125,-57.2406015037594,-73.3625,-33.876106194690266,21.82051282051282
2020-07-20,-49.1025641025641,-29.841269841269842,-36.48854961832061,-57.17045454545455,-27.612903225806452,21.43103448275862
2020-07-21,-50.52564102564103,-31.080645161290324,-37.734848484848484,-57.77272727272727,-29.184,21.913793103448278
2020-07-22,-51.45333333333333,-33.403225806451616,-37.916666666666664,-58.38202247191011,-29.304,22.24137931034483
2020-07-23,-52.164556962025316,-31.822580645161292,-37.46616541353384,-58.44827586206897,-29.408,22.275862068965516
2020-07-24,-52.2625,-32.32258064516129,-37.015151515151516,-58.48888888888889,-27.548387096774192,23.526315789473685
2020-07-25,-50.18072289156626,-26.875,-34.24626865671642,-57.285714285714285,-21.292035398230087,19.23076923076923
2020-07-26,-69.10526315789474,-62.55384615384615,-55.93984962406015,-71.71084337349397,-35.31531531531532,21.57894736842105
2020-07-27,-46.01282051282051,-24.88888888888889,-31.727272727272727,-55.24444444444445,-29.31451612903226,20.54385964912281
2020-07-28,-56.116883116883116,-38.17741935483871,-41.696969696969695,-64.8409090909091,-45.03174603174603,25.56
2020-07-29,-51.27272727272727,-33.58064516129032,-36.02272727272727,-59.022222222222226,-32.476190476190474,22.0
2020-07-30,-50.41772151898734,-29.56451612903226,-35.330827067669176,-57.02272727272727,-31.333333333333332,21.603448275862068
2020-07-31,-50.125,-28.967741935483872,-34.28358208955224,-57.9,-29.338709677419356,22.29824561403509
2020-08-01,-49.75903614457831,-26.984375,-33.97761194029851,-57.93258426966292,-22.62280701754386,18.666666666666668
2020-08-02,-72.35064935064935,-69.1076923076923,-59.083333333333336,-75.7051282051282,-39.26315789473684,23.97222222222222
2020-08-03,-48.07692307692308,-28.58730158730159,-33.6793893129771,-56.977777777777774,-28.70967741935484,21.344827586206897
2020-08-04,-49.43037974683544,-30.56451612903226,-34.87022900763359,-57.359550561797754,-31.168,21.79310344827586
2020-08-05,-48.282051282051285,-32.08064516129032,-35.59090909090909,-58.05681818181818,-30.873015873015873,22.362068965517242
2020-08-06,-49.26923076923077,-31.93548387096774,-36.63636363636363,-58.31460674157304,-30.76,22.275862068965516
2020-08-07,-50.4625,-33.61290322580645,-37.621212121212125,-59.78888888888889,-29.25,23.43859649122807
2020-08-08,-48.03703703703704,-28.03174603174603,-34.28358208955224,-56.78888888888889,-20.903508771929825,18.50980392156863
2020-08-09,-70.42857142857143,-69.29230769230769,-57.8796992481203,-74.2948717948718,-37.21052631578947,23.833333333333332
2020-08-10,-46.35064935064935,-29.714285714285715,-33.87786259541985,-57.46153846153846,-27.629032258064516,20.862068965517242
2020-08-11,-47.35443037974684,-32.08064516129032,-36.083969465648856,-56.71111111111111,-29.92,21.344827586206897
2020-08-12,-48.050632911392405,-32.903225806451616,-35.484848484848484,-57.79120879120879,-29.664,21.896551724137932
2020-08-13,-48.24050632911393,-31.580645161290324,-36.03030303030303,-56.98888888888889,-29.436507936507937,22.051724137931036
2020-08-14,-48.925925925925924,-30.661290322580644,-36.63636363636363,-58.13186813186813,-27.991935483870968,23.17241379310345
2020-08-15,-45.602409638554214,-22.07936507936508,-32.669172932330824,-56.34065934065934,-20.12280701754386,17.596153846153847
2020-08-16,-89.73239436619718,-92.46774193548387,-76.75384615384615,-88.11428571428571,-55.728813559322035,32.67857142857143
2020-08-17,-48.5,-29.96551724137931,-38.58490566037736,-63.857142857142854,-36.528301886792455,20.344827586206897
2020-08-18,-51.05882352941177,-33.642857142857146,-40.9622641509434,-63.7037037037037,-37.283018867924525,21.0
2020-08-19,-52.088235294117645,-35.25,-41.648148148148145,-63.69230769230769,-37.39622641509434,21.79310344827586
2020-08-20,-52.470588235294116,-34.25,-42.94444444444444,-63.96153846153846,-38.132075471698116,22.396551724137932
2020-08-21,-53.8,-34.03333333333333,-44.07017543859649,-65.61290322580645,-36.35849056603774,23.551724137931036
2020-08-22,-49.31428571428572,-25.689655172413794,-40.389830508474574,-63.0,-24.844444444444445,17.865384615384617
2020-08-23,-91.04761904761905,-92.8,-82.47058823529412,-92.21212121212122,-63.714285714285715,31.833333333333332
2020-08-24,-47.121212121212125,-28.75,-38.0377358490566,-62.75,-34.0188679245283,20.017241379310345
2020-08-25,-48.878787878787875,-31.607142857142858,-39.51923076923077,-62.407407407407405,-36.283018867924525,20.637931034482758
2020-08-26,-50.18181818181818,-33.535714285714285,-40.611111111111114,-63.25925925925926,-35.094339622641506,20.915254237288135
2020-08-27,-50.85294117647059,-33.17857142857143,-41.092592592592595,-63.44444444444444,-35.35849056603774,21.155172413793103
2020-08-28,-51.542857142857144,-32.44827586206897,-41.578947368421055,-64.0,-34.528301886792455,22.155172413793103
2020-08-29,-47.542857142857144,-23.586206896551722,-38.63333333333333,-61.193548387096776,-23.444444444444443,16.37735849056604
2020-08-30,-90.62790697674419,-92.48571428571428,-82.33823529411765,-91.90625,-64.0952380952381,32.06666666666667
2020-08-31,-45.1875,-26.785714285714285,-36.660377358490564,-59.75,-33.11538461538461,19.152542372881356
2020-09-01,-47.40625,-29.821428571428573,-38.528301886792455,-61.42307692307692,-35.679245283018865,19.966666666666665
2020-09-02,-48.125,-31.535714285714285,-39.72222222222222,-62.52,-35.45283018867924,20.45
2020-09-03,-49.09090909090909,-31.107142857142858,-39.763636363636365,-62.88461538461539,-35.84905660377358,20.913793103448278
2020-09-04,-50.205882352941174,-31.482758620689655,-40.96491228070175,-63.63333333333333,-34.113207547169814,21.71186440677966
2020-09-05,-45.25714285714286,-21.310344827586206,-37.55,-61.2,-24.377777777777776,16.203703703703702
2020-09-06,-90.0,-92.37142857142857,-81.69117647058823,-91.5625,-64.73809523809524,32.48275862068966
2020-09-07,-45.515151515151516,-26.821428571428573,-36.24074074074074,-60.535714285714285,-33.698113207547166,18.616666666666667
2020-09-08,-47.333333333333336,-29.928571428571427,-37.68627450980392,-61.074074074074076,-36.075471698113205,19.2
2020-09-09,-48.24242424242424,-31.714285714285715,-38.666666666666664,-61.04,-34.471698113207545,19.35
2020-09-10,-47.81818181818182,-30.464285714285715,-38.32727272727273,-61.03703703703704,-34.867924528301884,19.816666666666666
2020-09-11,-44.40243902439025,-29.508196721311474,-36.234848484848484,-55.61290322580645,-26.25,21.086206896551722
2020-09-12,-39.8433734939759,-19.177419354838708,-30.203007518796994,-53.98913043478261,-18.25,15.320754716981131
2020-09-13,-85.40789473684211,-90.76190476190476,-74.40601503759399,-86.05714285714286,-55.9,31.928571428571427
2020-09-14,-40.45569620253165,-24.229508196721312,-31.96946564885496,-54.7032967032967,-21.8130081300813,18.4
2020-09-15,-42.125,-26.60655737704918,-34.40769230769231,-54.67032967032967,-24.056,19.796610169491526
2020-09-16,-42.575,-29.442622950819672,-33.333333333333336,-54.45054945054945,-24.44,20.083333333333332
2020-09-17,-43.81481481481482,-28.42622950819672,-35.66153846153846,-54.68131868131868,-25.134920634920636,20.728813559322035
2020-09-18,-44.46913580246913,-29.193548387096776,-36.666666666666664,-55.795698924731184,-23.491935483870968,21.71186440677966
2020-09-19,-39.855421686746986,-19.327868852459016,-30.19402985074627,-52.33695652173913,-17.105263157894736,16.14814814814815
2020-09-20,-77.0,-77.61904761904762,-65.66417910447761,-80.79746835443038,-46.025862068965516,27.823529411764707
2020-09-21,-40.2,-22.032258064516128,-31.427480916030536,-51.64835164835165,-22.856,18.576271186440678
2020-09-22,-43.6,-24.693548387096776,-35.24242424242424,-52.68131868131868,-26.063492063492063,19.93220338983051
2020-09-23,-45.48148148148148,-26.70967741935484,-36.48872180451128,-52.879120879120876,-25.817460317460316,19.83783783783784
2020-09-24,-45.926829268292686,-25.483870967741936,-37.10687022900763,-52.714285714285715,-26.706349206349206,20.835616438356166
2020-09-25,-45.926829268292686,-25.032258064516128,-37.796992481203006,-53.869565217391305,-24.24,20.958904109589042
2020-09-26,-43.04761904761905,-17.857142857142858,-32.559701492537314,-49.95652173913044,-17.32456140350877,15.611940298507463
2020-09-27,-74.69620253164557,-72.46031746031746,-64.41791044776119,-75.98809523809524,-44.38333333333333,27.203389830508474
2020-09-28,-44.24050632911393,-22.629032258064516,-34.67424242424242,-51.32967032967033,-23.241935483870968,19.013698630136986
2020-09-29,-45.5625,-24.661290322580644,-37.18939393939394,-52.16483516483517,-25.626984126984127,18.986486486486488
2020-09-30,-46.45,-25.338709677419356,-38.0,-52.97802197802198,-27.49206349206349,17.62162162162162
2020-10-01,-45.28395061728395,-21.177419354838708,-37.5187969924812,-50.67032967032967,-25.296,15.85135135135135
2020-10-02,-43.69135802469136,-21.887096774193548,-38.083333333333336,-50.516129032258064,-23.904,16.63013698630137
2020-10-03,-41.13253012048193,-15.32258064516129,-34.12781954887218,-47.630434782608695,-19.8,12.147058823529411
2020-10-04,-68.48148148148148,-60.66153846153846,-58.007462686567166,-70.13483146067416,-40.4,21.593220338983052
2020-10-05,-39.451219512195124,-17.532258064516128,-34.0,-46.582417582417584,-25.11904761904762,13.91891891891892
2020-10-06,-40.80246913580247,-21.177419354838708,-34.47727272727273,-46.13186813186813,-26.46031746031746,14.472972972972974
2020-10-07,-41.03703703703704,-22.75409836065574,-34.94736842105263,-47.02197802197802,-23.96825396825397,15.72972972972973
2020-10-08,-41.292682926829265,-23.43548387096774,-36.908396946564885,-48.2967032967033,-23.5,17.756756756756758
2020-10-09,-40.08433734939759,-21.774193548387096,-34.878787878787875,-47.57608695652174,-21.927419354838708,17.904109589041095
2020-10-10,-36.3855421686747,-15.112903225806452,-29.416666666666668,-44.51648351648352,-14.0,13.119402985074627
2020-10-11,-63.78313253012048,-57.66153846153846,-54.02255639097744,-66.52272727272727,-33.58620689655172,21.694915254237287
2020-10-12,-36.48780487804878,-17.79032258064516,-31.206106870229007,-44.0,-21.306451612903224,15.932432432432432
2020-10-13,-38.617283950617285,-21.64516129032258,-34.7557251908397,-45.65934065934066,-22.968,17.243243243243242
2020-10-14,-38.074074074074076,-21.629032258064516,-32.92481203007519,-45.472527472527474,-21.261904761904763,17.54054054054054
2020-10-15,-37.53658536585366,-17.79032258064516,-32.42424242424242,-44.7032967032967,-21.536,17.54054054054054
2020-10-16,-38.426829268292686,-18.693548387096776,-33.37593984962406,-46.56521739130435,-20.169354838709676,18.041095890410958
2020-10-17,-35.53012048192771,-12.612903225806452,-27.80597014925373,-43.75555555555555,-14.771929824561404,12.985074626865671
2020-10-18,-62.18072289156626,-54.703125,-51.11194029850746,-64.625,-32.94017094017094,21.372881355932204
2020-10-19,-35.8780487804878,-16.338709677419356,-30.15267175572519,-44.67777777777778,-19.983870967741936,15.972972972972974
2020-10-20,-36.617283950617285,-18.93548387096774,-31.098484848484848,-44.86813186813187,-22.08,17.135135135135137
2020-10-21,-35.30487804878049,-18.35483870967742,-29.401515151515152,-46.1978021978022,-19.208,16.864864864864863
2020-10-22,-35.04938271604938,-16.548387096774192,-28.415384615384614,-45.0989010989011,-19.784,16.81081081081081
2020-10-23,-35.23170731707317,-15.85483870967742,-28.53030303030303,-45.27173913043478,-18.195121951219512,17.041095890410958
2020-10-24,-31.609756097560975,-10.161290322580646,-22.345864661654137,-42.842696629213485,-11.956140350877194,12.102941176470589
2020-10-25,-56.10843373493976,-45.13846153846154,-43.559701492537314,-61.20454545454545,-27.690265486725664,17.316666666666666
2020-10-26,-32.30864197530864,-13.387096774193548,-25.4,-43.175824175824175,-17.798387096774192,14.972972972972974
2020-10-27,-32.55555555555556,-15.274193548387096,-27.124031007751938,-43.20879120879121,-19.11111111111111,15.54054054054054
2020-10-28,-33.26829268292683,-17.451612903225808,-28.18796992481203,-43.64835164835165,-17.84,15.594594594594595
2020-10-29,-33.5,-15.758064516129032,-29.717557251908396,-42.69230769230769,-17.864,15.783783783783784
2020-10-30,-35.50617283950617,-17.129032258064516,-31.492424242424242,-43.086021505376344,-16.975806451612904,16.71232876712329
2020-10-31,-29.433734939759034,-8.080645161290322,-20.984848484848484,-39.7,-9.56140350877193,11.059701492537313
2020-11-01,-55.13095238095238,-43.17460317460318,-43.50375939849624,-57.17977528089887,-25.646551724137932,17.229508196721312
2020-11-02,-31.925925925925927,-15.435483870967742,-27.984615384615385,-42.43956043956044,-19.804878048780488,15.283783783783784
2020-11-03,-31.012345679012345,-15.596774193548388,-28.023076923076925,-41.32967032967033,-19.523809523809526,15.5
2020-11-04,-31.506172839506174,-15.96774193548387,-28.480916030534353,-43.21978021978022,-17.91269841269841,15.797297297297296
2020-11-05,-32.390243902439025,-14.426229508196721,-29.755725190839694,-43.747252747252745,-18.728,15.432432432432432
2020-11-06,-33.76829268292683,-17.370967741935484,-31.213740458015266,-43.96739130434783,-17.856,16.383561643835616
2020-11-07,-29.414634146341463,-11.870967741935484,-24.439393939393938,-40.93333333333333,-9.859649122807017,11.691176470588236
2020-11-08,-50.45238095238095,-39.484375,-41.27067669172932,-55.94444444444444,-23.12280701754386,16.83606557377049
2020-11-09,-31.48148148148148,-15.403225806451612,-28.786259541984734,-42.97802197802198,-17.203252032520325,15.527027027027026
2020-11-10,-31.621951219512194,-17.241935483870968,-30.06923076923077,-44.1978021978022,-18.816,16.175675675675677
2020-11-11,-32.74074074074074,-17.822580645161292,-30.416666666666668,-44.32967032967033,-17.568,16.243243243243242
2020-11-12,-31.790123456790123,-16.016129032258064,-28.53435114503817,-43.36666666666667,-17.656,16.22972972972973
2020-11-13,-36.15853658536585,-20.338709677419356,-34.40909090909091,-45.645161290322584,-16.8130081300813,17.33783783783784
2020-11-14,-29.3855421686747,-12.290322580645162,-25.14179104477612,-42.18888888888889,-10.412280701754385,11.865671641791044
2020-11-15,-47.86746987951807,-36.714285714285715,-38.81954887218045,-54.1,-21.95614035087719,15.754098360655737
2020-11-16,-31.05,-14.806451612903226,-28.427480916030536,-43.20879120879121,-16.227642276422763,15.175675675675675
2020-11-17,-33.17283950617284,-18.370967741935484,-31.419847328244273,-44.08791208791209,-17.258064516129032,15.405405405405405
2020-11-18,-31.419753086419753,-17.387096774193548,-29.6793893129771,-43.043956043956044,-16.56451612903226,15.405405405405405
2020-11-19,-32.01219512195122,-16.903225806451612,-31.53435114503817,-43.96666666666667,-16.919354838709676,16.256756756756758
2020-11-20,-31.6144578313253,-15.612903225806452,-30.85496183206107,-42.108695652173914,-14.959677419354838,15.91891891891892
2020-11-21,-27.170731707317074,-11.096774193548388,-23.924812030075188,-40.02247191011236,-8.833333333333334,11.088235294117647
2020-11-22,-43.04705882352941,-32.28125,-34.954887218045116,-50.733333333333334,-20.27027027027027,14.161290322580646
2020-11-23,-29.80246913580247,-14.03225806451613,-28.18320610687023,-41.285714285714285,-14.83739837398374,14.45945945945946
2020-11-24,-28.987654320987655,-13.741935483870968,-28.131782945736433,-40.96666666666667,-15.88,14.554054054054054
2020-11-25,-28.597560975609756,-14.17741935483871,-26.953846153846154,-40.333333333333336,-14.432,14.864864864864865
2020-11-26,-29.530864197530864,-13.85483870967742,-28.353846153846153,-41.22222222222222,-14.879032258064516,14.95945945945946
2020-11-27,-30.353658536585368,-14.580645161290322,-30.16030534351145,-41.59782608695652,-13.78688524590164,15.283783783783784
2020-11-28,-27.51219512195122,-11.048387096774194,-24.045454545454547,-39.15555555555556,-7.5964912280701755,10.434782608695652
2020-11-29,-41.154761904761905,-29.11111111111111,-35.86466165413534,-48.77777777777778,-18.079646017699115,13.887096774193548
2020-11-30,-27.51851851851852,-10.338709677419354,-27.083969465648856,-40.31868131868132,-12.836065573770492,14.013513513513514
2020-12-01,-26.9125,-10.935483870967742,-28.276923076923076,-40.22222222222222,-14.959677419354838,14.364864864864865
2020-12-02,-27.419753086419753,-10.903225806451612,-26.94736842105263,-41.35164835164835,-13.16,14.527027027027026
2020-12-03,-27.160493827160494,-9.53225806451613,-27.70769230769231,-41.86813186813187,-13.40650406504065,14.797297297297296
2020-12-04,-28.841463414634145,-11.806451612903226,-29.333333333333332,-44.22826086956522,-13.07258064516129,15.405405405405405
2020-12-05,-24.25609756097561,-6.661290322580645,-24.63157894736842,-40.065934065934066,-6.517543859649122,10.985294117647058
2020-12-06,-38.10588235294118,-24.37704918032787,-34.0,-47.58888888888889,-15.3,12.11111111111111
2020-12-07,-26.580246913580247,-9.193548387096774,-26.38167938931298,-38.8021978021978,-14.064516129032258,13.41891891891892
2020-12-08,-25.91358024691358,-8.721311475409836,-26.17557251908397,-40.6,-27.80952380952381,16.56756756756757
2020-12-09,-27.925,-10.46774193548387,-23.772727272727273,-36.989010989010985,-12.168,13.243243243243244
2020-12-10,-29.375,-9.838709677419354,-24.146153846153847,-37.120879120879124,-13.560975609756097,14.22972972972973
2020-12-11,-30.24390243902439,-12.67741935483871,-25.244274809160306,-37.67032967032967,-12.03225806451613,14.837837837837839
2020-12-12,-26.21951219512195,-8.483870967741936,-20.69924812030075,-33.824175824175825,-5.271929824561403,10.735294117647058
2020-12-13,-37.8235294117647,-23.419354838709676,-30.360902255639097,-40.72222222222222,-12.607142857142858,12.370967741935484
2020-12-14,-26.463414634146343,-9.53225806451613,-21.90625,-34.94444444444444,-11.901639344262295,13.202702702702704
2020-12-15,-24.23076923076923,-7.145161290322581,-20.65891472868217,-33.63333333333333,-12.864,12.675675675675675
2020-12-16,-25.4,-7.612903225806452,-21.20769230769231,-32.91111111111111,-11.308943089430894,13.04054054054054
2020-12-17,-23.85,-3.967741935483871,-20.307692307692307,-31.477777777777778,-11.040650406504065,12.945945945945946
2020-12-18,-23.97530864197531,-3.935483870967742,-20.49618320610687,-31.934065934065934,-9.450819672131148,12.716216216216216
2020-12-19,-18.987654320987655,1.032258064516129,-13.902255639097744,-25.775280898876403,-1.8141592920353982,8.25
2020-12-20,-31.297619047619047,-13.311475409836065,-24.902255639097746,-33.96629213483146,-7.290909090909091,10.19047619047619
2020-12-21,-16.835443037974684,4.016129032258065,-14.125,-29.288888888888888,-9.40983606557377,10.932432432432432
2020-12-22,-14.3375,9.516129032258064,-13.6640625,-26.359550561797754,-10.92741935483871,10.54054054054054
2020-12-23,-7.225,26.34426229508197,-6.1,-18.977777777777778,-8.520325203252032,7.8108108108108105
2020-12-24,-20.88888888888889,24.737704918032787,-13.615384615384615,-43.91111111111111,-24.888,16.12162162162162
2020-12-25,-65.8641975308642,-63.46774193548387,-49.015151515151516,-71.80459770114942,-56.7734375,29.0
2020-12-26,-30.096385542168676,-10.96774193548387,-22.87313432835821,-40.9010989010989,-12.657894736842104,13.26865671641791
2020-12-27,-41.870588235294115,-26.629032258064516,-32.007462686567166,-39.86516853932584,-13.252252252252251,14.770491803278688
2020-12-28,-24.337349397590362,-6.645161290322581,-18.86046511627907,-34.611111111111114,-12.37704918032787,12.635135135135135
2020-12-29,-20.825,-2.306451612903226,-16.0546875,-31.988888888888887,-13.048387096774194,12.54054054054054
2020-12-30,-13.451219512195122,11.580645161290322,-10.638461538461538,-25.31111111111111,-9.846774193548388,10.202702702702704
2020-12-31,-14.341463414634147,32.6271186440678,-6.162790697674419,-37.65934065934066,-18.983870967741936,13.972972972972974
2021-01-01,-61.28048780487805,-63.70967741935484,-43.14393939393939,-68.52325581395348,-56.92248062015504,26.67142857142857
2021-01-02,-27.89156626506024,-9.639344262295081,-16.78358208955224,-37.5,-15.939655172413794,13.985074626865671
2021-01-03,-38.66265060240964,-24.516129032258064,-25.225563909774436,-35.51111111111111,-14.785714285714286,13.758064516129032
2021-01-04,-24.853658536585368,-5.67741935483871,-16.875968992248062,-32.91111111111111,-14.235772357723578,13.635135135135135
2021-01-05,-23.620253164556964,-4.983870967741935,-17.62015503875969,-34.01111111111111,-16.211382113821138,13.95945945945946
2021-01-06,-23.926829268292682,-7.725806451612903,-19.376923076923077,-34.25555555555555,-14.528,14.175675675675675
2021-01-07,-24.703703703703702,-6.612903225806452,-21.192307692307693,-35.27777777777778,-15.306451612903226,14.675675675675675
2021-01-08,-25.24390243902439,-9.435483870967742,-23.015267175572518,-37.65934065934066,-13.260162601626016,14.513513513513514
2021-01-09,-23.01219512195122,-8.161290322580646,-20.81954887218045,-34.59340659340659,-6.666666666666667,10.955223880597014
2021-01-10,-33.8433734939759,-22.11111111111111,-27.62406015037594,-39.955555555555556,-13.035714285714286,12.209677419354838
2021-01-11,-22.126582278481013,-7.693548387096774,-21.015384615384615,-34.252747252747255,-13.48360655737705,13.256756756756756
2021-01-12,-23.79268292682927,-10.655737704918034,-22.88372093023256,-35.51111111111111,-16.822580645161292,12.756756756756756
2021-01-13,-27.37037037037037,-15.290322580645162,-27.50375939849624,-39.934065934065934,-19.182539682539684,10.932432432432432
2021-01-14,-29.70731707317073,-16.870967741935484,-31.592307692307692,-40.494505494505496,-23.142857142857142,12.027027027027026
2021-01-15,-36.0375,-23.34426229508197,-37.097744360902254,-45.52173913043478,-25.096774193548388,13.716216216216216
2021-01-16,-34.855421686746986,-17.903225806451612,-34.17164179104478,-42.824175824175825,-18.931623931623932,10.91044776119403
2021-01-17,-65.44303797468355,-63.38709677419355,-59.669172932330824,-66.26744186046511,-42.61206896551724,22.928571428571427
2021-01-18,-31.91358024691358,-17.672131147540984,-32.54545454545455,-41.1978021978022,-23.2,13.175675675675675
2021-01-19,-31.9875,-19.21311475409836,-33.05343511450382,-41.766666666666666,-25.317460317460316,13.756756756756756
2021-01-20,-33.17283950617284,-20.737704918032787,-33.45864661654135,-43.78260869565217,-23.785714285714285,14.27027027027027
2021-01-21,-32.91463414634146,-19.704918032786885,-33.11278195488722,-42.630434782608695,-23.626984126984127,15.04054054054054
2021-01-22,-33.53658536585366,-19.885245901639344,-33.81954887218045,-44.03260869565217,-22.225806451612904,15.561643835616438
2021-01-23,-31.597560975609756,-15.064516129032258,-30.84328358208955,-42.26373626373626,-16.78448275862069,11.776119402985074
2021-01-24,-63.451219512195124,-60.714285714285715,-57.15151515151515,-65.69767441860465,-39.39655172413793,23.596491228070175
2021-01-25,-29.675,-14.852459016393443,-30.653846153846153,-40.472527472527474,-21.32,13.95945945945946
2021-01-26,-30.865853658536587,-17.0,-31.64885496183206,-41.37362637362637,-23.792,14.41891891891892
2021-01-27,-29.890243902439025,-13.934426229508198,-30.401515151515152,-38.43956043956044,-21.72222222222222,14.45945945945946
2021-01-28,-29.10843373493976,-11.639344262295081,-29.415384615384614,-34.61538461538461,-21.436507936507937,13.81081081081081
2021-01-29,-29.402439024390244,-10.295081967213115,-29.374045801526716,-34.22826086956522,-20.25,13.608108108108109
2021-01-30,-27.5609756097561,-4.145161290322581,-25.127819548872182,-31.846153846153847,-12.747826086956522,9.411764705882353
2021-01-31,-67.1358024691358,-60.5,-61.06060606060606,-68.81818181818181,-40.439655172413794,24.551724137931036
2021-02-01,-41.02469135802469,-19.278688524590162,-37.0,-52.2967032967033,-26.712,17.589041095890412
2021-02-02,-40.675,-20.475409836065573,-36.84090909090909,-51.362637362637365,-28.46825396825397,17.743243243243242
2021-02-03,-42.864197530864196,-23.672131147540984,-39.946969696969695,-57.02173913043478,-28.768,18.15068493150685
2021-02-04,-43.506024096385545,-23.852459016393443,-40.46969696969697,-57.58695652173913,-29.182539682539684,18.25
2021-02-05,-43.28048780487805,-22.295081967213115,-40.42424242424242,-57.89010989010989,-27.608,18.375
2021-02-06,-44.61904761904762,-22.61904761904762,-40.628787878787875,-58.108695652173914,-21.71794871794872,16.104477611940297
2021-02-07,-67.575,-59.58730158730159,-61.58015267175573,-74.49397590361446,-40.890756302521005,23.966101694915253
2021-02-08,-40.63291139240506,-20.21311475409836,-37.587786259541986,-55.472527472527474,-27.128,17.22972972972973
2021-02-09,-40.6219512195122,-21.360655737704917,-37.85606060606061,-54.619565217391305,-28.293650793650794,17.216216216216218
2021-02-10,-41.95,-23.672131147540984,-39.416666666666664,-55.43478260869565,-27.61904761904762,18.135135135135137
2021-02-11,-41.2289156626506,-20.885245901639344,-38.88721804511278,-55.505494505494504,-27.264,17.72972972972973
2021-02-12,-40.76829268292683,-18.483870967741936,-40.59090909090909,-56.09782608695652,-26.392,17.315068493150687
2021-02-13,-38.607142857142854,-13.338709677419354,-36.56390977443609,-54.54347826086956,-20.405172413793103,13.104477611940299
2021-02-14,-59.1,-49.65079365079365,-54.74809160305343,-71.04597701149426,-35.36440677966102,19.983333333333334
2021-02-15,-40.924050632911396,-21.737704918032787,-39.404580152671755,-57.8021978021978,-27.293650793650794,16.602739726027398
2021-02-16,-40.7625,-21.983606557377048,-39.43939393939394,-55.38461538461539,-28.328,17.095890410958905
2021-02-17,-41.3125,-22.19672131147541,-39.13533834586466,-56.69565217391305,-26.728,17.56756756756757
2021-02-18,-41.01204819277108,-20.229508196721312,-38.984848484848484,-56.04347826086956,-26.38095238095238,17.534246575342465
2021-02-19,-41.0,-18.59016393442623,-39.21212121212121,-56.65217391304348,-24.516129032258064,17.54794520547945
2021-02-20,-41.22352941176471,-16.278688524590162,-37.40298507462686,-56.77173913043478,-19.39316239316239,14.507462686567164
2021-02-21,-64.0,-53.142857142857146,-58.17293233082707,-73.42045454545455,-38.09166666666667,21.89830508474576
2021-02-22,-38.6219512195122,-16.295081967213115,-36.656488549618324,-55.54945054945055,-23.768,16.246575342465754
2021-02-23,-37.5875,-17.081967213114755,-36.04545454545455,-53.89010989010989,-24.864,16.22972972972973
2021-02-24,-37.975,-17.0327868852459,-36.57142857142857,-55.02173913043478,-23.656,16.54054054054054
2021-02-25,-37.629629629629626,-15.344262295081966,-36.06818181818182,-53.70652173913044,-23.872,16.65753424657534
2021-02-26,-38.36585365853659,-15.80327868852459,-36.96212121212121,-55.72826086956522,-21.451612903225808,16.616438356164384
2021-02-27,-36.535714285714285,-11.327868852459016,-33.45864661654135,-53.858695652173914,-15.827586206896552,12.895522388059701
2021-02-28,-60.353658536585364,-48.58730158730159,-54.3984962406015,-70.53932584269663,-33.94915254237288,20.203389830508474
2021-03-01,-27.48780487804878,-5.80327868852459,-30.353846153846153,-45.10989010989011,-19.642276422764226,12.837837837837839
2021-03-02,-28.580246913580247,-8.59016393442623,-31.64885496183206,-43.75824175824176,-21.696,13.364864864864865
2021-03-03,-30.265060240963855,-11.114754098360656,-31.473684210526315,-44.934065934065934,-21.126984126984127,13.878378378378379
2021-03-04,-30.337349397590362,-9.524590163934427,-31.53435114503817,-44.72826086956522,-21.496,13.864864864864865
2021-03-05,-30.216867469879517,-9.344262295081966,-32.52272727272727,-45.45652173913044,-19.45967741935484,14.18918918918919
2021-03-06,-27.240963855421686,-3.9672131147540983,-27.030075187969924,-43.28260869565217,-14.222222222222221,9.823529411764707
2021-03-07,-64.0609756097561,-60.41935483870968,-57.954887218045116,-70.7816091954023,-39.3448275862069,22.694915254237287
2021-03-08,-23.759036144578314,-5.540983606557377,-28.53488372093023,-42.967032967032964,-19.0,12.135135135135135
2021-03-09,-30.123456790123456,-11.049180327868852,-32.56060606060606,-44.01086956521739,-22.224,13.972972972972974
2021-03-10,-30.74074074074074,-11.0,-32.05263157894737,-45.505494505494504,-20.264,14.35135135135135
2021-03-11,-30.50602409638554,-9.836065573770492,-31.435114503816795,-43.630434782608695,-20.704,14.162162162162161
2021-03-12,-31.285714285714285,-9.852459016393443,-32.152671755725194,-43.83695652173913,-18.766129032258064,14.45945945945946
2021-03-13,-26.357142857142858,-2.80327868852459,-26.2406015037594,-41.56043956043956,-12.843478260869565,9.558823529411764
2021-03-14,-60.83132530120482,-55.26984126984127,-54.3609022556391,-67.25,-36.15,21.0
2021-03-15,-28.036585365853657,-5.540983606557377,-29.307692307692307,-44.065934065934066,-17.83606557377049,13.27027027027027
2021-03-16,-33.18292682926829,-12.819672131147541,-35.01526717557252,-54.67032967032967,-21.77777777777778,16.256756756756758
2021-03-17,-33.70886075949367,-13.311475409836065,-34.609022556390975,-56.550561797752806,-19.182539682539684,16.35135135135135
2021-03-18,-36.28915662650602,-14.442622950819672,-36.32575757575758,-58.258426966292134,-20.016,17.73972602739726
2021-03-19,-34.22222222222222,-12.508196721311476,-34.91729323308271,-55.644444444444446,-17.170731707317074,16.54794520547945
2021-03-20,-27.28235294117647,-2.901639344262295,-26.984962406015036,-46.97802197802198,-9.552631578947368,10.691176470588236
2021-03-21,-61.78823529411765,-55.82539682539682,-54.015151515151516,-66.52222222222223,-33.186440677966104,21.83050847457627
2021-03-22,-27.843373493975903,-5.262295081967213,-29.43076923076923,-41.32967032967033,-16.131147540983605,14.121621621621621
2021-03-23,-27.97530864197531,-6.721311475409836,-29.412213740458014,-40.505494505494504,-18.0,14.18918918918919
2021-03-24,-27.40740740740741,-6.622950819672131,-28.872180451127818,-42.15555555555556,-17.216,14.85135135135135
2021-03-25,-27.97590361445783,-5.573770491803279,-28.83206106870229,-41.16304347826087,-17.176,14.824324324324325
2021-03-26,-29.25,-7.131147540983607,-29.51145038167939,-42.369565217391305,-15.959677419354838,15.283783783783784
2021-03-27,-24.265060240963855,0.7741935483870968,-22.7593984962406,-39.34065934065934,-8.640350877192983,9.882352941176471
2021-03-28,-58.30232558139535,-52.70967741935484,-48.37593984962406,-61.92134831460674,-28.810344827586206,20.19672131147541
2021-03-29,-28.329268292682926,-5.459016393442623,-30.23076923076923,-41.582417582417584,-15.795081967213115,14.608108108108109
2021-03-30,-26.11111111111111,-2.8360655737704916,-27.83969465648855,-37.1,-16.846774193548388,14.067567567567568
2021-03-31,-17.317073170731707,14.131147540983607,-19.50381679389313,-24.711111111111112,-16.443548387096776,10.364864864864865
2021-04-01,-59.05,-32.377049180327866,-50.708955223880594,-69.5505617977528,-52.330708661417326,27.65753424657534
2021-04-02,-70.0,-50.96774193548387,-59.46268656716418,-81.0813953488372,-60.14728682170543,34.0
2021-04-03,-57.66265060240964,-32.62903225806452,-50.014925373134325,-74.54651162790698,-36.60504201680672,24.17910447761194
2021-04-04,-66.57142857142857,-56.93650793650794,-56.223880597014926,-66.12359550561797,-35.33050847457627,22.661016949152543
2021-04-05,-22.073170731707318,5.081967213114754,-24.24031007751938,-36.10989010989011,-14.064516129032258,12.675675675675675
2021-04-06,-26.814814814814813,-3.1311475409836067,-27.93846153846154,-38.48351648351648,-16.846774193548388,14.405405405405405
2021-04-07,-28.78048780487805,-5.950819672131147,-28.901515151515152,-41.19565217391305,-17.620967741935484,14.986486486486486
2021-04-08,-27.975609756097562,-5.278688524590164,-28.96153846153846,-39.62637362637363,-16.991869918699187,15.121621621621621
2021-04-09,-30.843373493975903,-8.147540983606557,-31.427480916030536,-42.02173913043478,-16.4390243902439,15.876712328767123
2021-04-10,-28.623529411764707,-4.442622950819672,-28.57894736842105,-40.71739130434783,-10.39655172413793,11.823529411764707
2021-04-11,-35.26190476190476,-14.870967741935484,-15.263157894736842,-46.59550561797753,-16.73394495412844,10.32258064516129
2021-04-12,-29.121951219512194,-7.918032786885246,-31.315384615384616,-41.494505494505496,-17.252032520325205,15.378378378378379
2021-04-13,-28.382716049382715,-7.213114754098361,-30.546153846153846,-40.27472527472528,-16.870967741935484,15.608108108108109
2021-04-14,-28.65432098765432,-8.147540983606557,-31.257575757575758,-42.64835164835165,-17.368,16.013513513513512
2021-04-15,-27.71604938271605,-4.918032786885246,-29.931297709923665,-41.395604395604394,-15.483870967741936,15.81081081081081
2021-04-16,-30.301204819277107,-7.622950819672131,-32.25190839694657,-43.76086956521739,-14.926829268292684,16.47945205479452
2021-04-17,-25.071428571428573,-1.2741935483870968,-26.075757575757574,-40.38461538461539,-8.464912280701755,11.75
2021-04-18,-53.345238095238095,-43.20967741935484,-46.42857142857143,-57.741573033707866,-25.582608695652173,19.266666666666666
2021-04-19,-28.072289156626507,-5.311475409836065,-29.348837209302324,-39.86813186813187,-14.241935483870968,15.716216216216216
2021-04-20,-28.49397590361446,-7.409836065573771,-29.784615384615385,-41.032967032967036,-15.688,15.986486486486486
2021-04-21,-29.37037037037037,-9.59016393442623,-30.257575757575758,-42.57608695652174,-16.2,16.216216216216218
2021-04-22,-29.634146341463413,-7.672131147540983,-30.098484848484848,-42.08695652173913,-15.168,16.824324324324323
2021-04-23,-30.40963855421687,-7.327868852459017,-30.84732824427481,-43.108695652173914,-13.308943089430894,16.904109589041095
2021-04-24,-24.428571428571427,0.14754098360655737,-23.593984962406015,-39.9010989010989,-6.913043478260869,11.705882352941176
2021-04-25,-63.144578313253014,-58.65079365079365,-54.50375939849624,-66.51136363636364,-33.80701754385965,22.508474576271187
2021-04-26,-27.804878048780488,-4.147540983606557,-29.488372093023255,-41.20879120879121,-13.131147540983607,16.094594594594593
2021-04-27,-28.024390243902438,-5.885245901639344,-29.38167938931298,-39.73626373626374,-14.862903225806452,16.18918918918919
2021-04-28,-27.98780487804878,-6.409836065573771,-28.908396946564885,-40.84615384615385,-15.008064516129032,16.243243243243242
2021-04-29,-27.402439024390244,-5.131147540983607,-29.823076923076922,-39.53260869565217,-14.325203252032521,16.405405405405407
2021-04-30,-25.373493975903614,-1.180327868852459,-26.786259541984734,-38.27173913043478,-11.121951219512194,15.405405405405405
2021-05-01,-24.607142857142858,-1.2741935483870968,-22.330827067669173,-41.78021978021978,-19.92241379310345,13.367647058823529
2021-05-02,-59.95180722891566,-54.77777777777778,-50.82706766917293,-63.38202247191011,-32.25,21.633333333333333
2021-05-03,-23.03614457831325,2.80327868852459,-25.333333333333332,-37.35164835164835,-12.975609756097562,14.878378378378379
2021-05-04,-24.329268292682926,-0.45901639344262296,-26.80314960629921,-36.26373626373626,-14.368852459016393,15.22972972972973
2021-05-05,-24.21951219512195,-0.9672131147540983,-26.99236641221374,-37.641304347826086,-13.952,15.594594594594595
2021-05-06,-23.790123456790123,0.5573770491803278,-27.346153846153847,-35.73626373626374,-14.272,15.824324324324325
2021-05-07,-23.698795180722893,1.9836065573770492,-26.53435114503817,-35.20652173913044,-11.311475409836065,15.64864864864865
2021-05-08,-12.024096385542169,21.311475409836067,-12.537878787878787,-26.966666666666665,-3.4424778761061945,8.264705882352942
2021-05-09,-56.75,-41.476190476190474,-50.40601503759399,-68.27272727272727,-27.94871794871795,18.9672131147541
2021-05-10,-23.180722891566266,-1.403225806451613,-25.046511627906977,-33.64835164835165,-14.902439024390244,14.297297297297296
2021-05-11,-24.0,-2.1129032258064515,-25.40625,-33.967032967032964,-14.53225806451613,15.486486486486486
2021-05-12,-24.085365853658537,-3.2131147540983607,-24.439393939393938,-35.1978021978022,-14.709677419354838,16.10810810810811
2021-05-13,-23.240963855421686,-1.1967213114754098,-24.76923076923077,-35.25,-14.130081300813009,16.04054054054054
2021-05-14,-24.63095238095238,-1.4262295081967213,-25.346153846153847,-36.96739130434783,-12.398373983739837,16.26027397260274
2021-05-15,-18.035714285714285,5.612903225806452,-18.112781954887218,-32.54945054945055,-6.614035087719298,10.985294117647058
2021-05-16,-50.38095238095238,-38.3968253968254,-43.484848484848484,-55.68888888888889,-23.878260869565217,18.901639344262296
2021-05-17,-20.301204819277107,3.3442622950819674,-22.472868217054263,-33.505494505494504,-10.352459016393443,14.391891891891891
2021-05-18,-20.80246913580247,1.0491803278688525,-23.22222222222222,-34.30769230769231,-11.853658536585366,14.85135135135135
2021-05-19,-21.341463414634145,-0.5409836065573771,-20.66412213740458,-35.43956043956044,-10.814516129032258,15.256756756756756
2021-05-20,-20.109756097560975,1.0655737704918034,-19.421875,-32.83516483516483,-10.5,15.54054054054054
2021-05-21,-20.682926829268293,0.5081967213114754,-18.364341085271317,-33.40217391304348,-7.450819672131147,15.73972602739726
2021-05-22,-15.75,6.387096774193548,-11.628787878787879,-28.439560439560438,-0.9646017699115044,10.985294117647058
2021-05-23,-48.383720930232556,-35.98412698412698,-39.57575757575758,-53.32222222222222,-20.666666666666668,18.166666666666668
2021-05-24,-20.10843373493976,-0.19672131147540983,-20.748031496062993,-33.61538461538461,-8.967213114754099,15.986486486486486
2021-05-25,-19.914634146341463,-0.08196721311475409,-20.133858267716537,-32.494505494505496,-9.065573770491802,16.0
2021-05-26,-18.135802469135804,-0.03225806451612903,-18.5703125,-32.91304347826087,-9.290322580645162,16.06756756756757
2021-05-27,-16.83132530120482,3.2903225806451615,-17.8125,-31.83695652173913,-7.666666666666667,15.5
2021-05-28,-15.785714285714286,3.7903225806451615,-16.1796875,-32.27173913043478,-4.262295081967213,15.287671232876713
2021-05-29,-10.0,9.661290322580646,-8.587786259541986,-27.417582417582416,0.7168141592920354,10.75
2021-05-30,-42.72941176470588,-31.571428571428573,-34.88721804511278,-51.21111111111111,-20.54385964912281,17.885245901639344
2021-05-31,-12.839506172839506,7.306451612903226,-15.15748031496063,-32.0,-4.91869918699187,15.41891891891892
2021-06-01,-12.414634146341463,8.064516129032258,-14.015748031496063,-29.42222222222222,-6.713114754098361,15.027027027027026
2021-06-02,-13.475609756097562,5.903225806451613,-14.937984496124031,-30.714285714285715,-7.32520325203252,15.643835616438356
2021-06-03,-14.428571428571429,7.819672131147541,-15.3125,-30.065934065934066,-7.032786885245901,15.917808219178083
2021-06-04,-15.987951807228916,4.387096774193548,-16.26923076923077,-29.065934065934066,-5.1570247933884295,16.054794520547944
2021-06-05,-10.734939759036145,13.903225806451612,-8.648854961832061,-22.978021978021978,0.22807017543859648,10.911764705882353
2021-06-06,-20.518072289156628,0.9354838709677419,-0.7175572519083969,-35.12222222222222,-12.36697247706422,11.483870967741936
2021-06-07,-15.592592592592593,4.193548387096774,-15.5390625,-29.615384615384617,-8.138211382113822,16.216216216216218
2021-06-08,-14.481481481481481,2.6774193548387095,-16.563492063492063,-29.58888888888889,-6.713114754098361,16.054054054054053
2021-06-09,-13.542168674698795,3.903225806451613,-14.589147286821705,-30.417582417582416,-5.796747967479675,15.878378378378379
2021-06-10,-14.55421686746988,5.370967741935484,-14.682170542635658,-30.373626373626372,-5.1570247933884295,16.135135135135137
2021-06-11,-16.674698795180724,3.0161290322580645,-16.1796875,-32.358695652173914,-3.84297520661157,16.424657534246574
2021-06-12,-11.464285714285714,9.03225806451613,-9.458015267175572,-27.9010989010989,0.2894736842105263,11.352941176470589
2021-06-13,-36.85057471264368,-24.761904761904763,-29.586466165413533,-45.855555555555554,-17.382608695652173,16.19672131147541
2021-06-14,-14.345679012345679,5.32258064516129,-15.401574803149606,-31.065934065934066,-5.617886178861789,14.837837837837839
2021-06-15,-12.939024390243903,5.387096774193548,-15.133858267716535,-30.75824175824176,-6.024590163934426,14.824324324324325
2021-06-16,-14.329268292682928,3.274193548387097,-16.2109375,-31.27173913043478,-7.479674796747967,14.54054054054054
2021-06-17,-16.180722891566266,3.278688524590164,-17.333333333333332,-31.197802197802197,-7.934426229508197,15.027027027027026
2021-06-18,-13.963855421686747,5.770491803278689,-15.0,-29.554347826086957,-5.371900826446281,14.383561643835616
2021-06-19,-4.341176470588235,21.612903225806452,-3.757575757575758,-20.747252747252748,-1.1666666666666667,7.882352941176471
2021-06-20,-47.674418604651166,-37.17460317460318,-40.390977443609025,-57.79775280898876,-27.75438596491228,17.688524590163933
2021-06-21,-13.695121951219512,3.032258064516129,-15.7890625,-29.53846153846154,-10.91869918699187,14.205479452054794
2021-06-22,-11.525,5.048387096774194,-14.023622047244094,-29.15730337078652,-9.37704918032787,14.31081081081081
2021-06-23,-14.08641975308642,3.0161290322580645,-15.606299212598426,-31.560439560439562,-8.838709677419354,15.202702702702704
2021-06-24,-13.555555555555555,-0.13114754098360656,-12.283464566929133,-32.2967032967033,-14.225806451612904,15.41095890410959
2021-06-25,-10.94047619047619,6.491803278688525,-12.015384615384615,-30.619565217391305,-5.467213114754099,15.013698630136986
2021-06-26,-4.883720930232558,12.161290322580646,-2.893939393939394,-23.571428571428573,-0.008849557522123894,10.044117647058824
2021-06-27,-33.86904761904762,-23.75409836065574,-27.93984962406015,-45.1,-18.1858407079646,16.39344262295082
2021-06-28,-7.531645569620253,9.580645161290322,-10.2109375,-29.46153846153846,-7.5772357723577235,12.702702702702704
2021-06-29,-10.061728395061728,3.3870967741935485,-11.338582677165354,-32.75,-31.896825396825395,17.45205479452055
2021-06-30,-8.268292682926829,9.64516129032258,-11.3671875,-28.428571428571427,-5.604838709677419,14.175675675675675
2021-07-01,-7.172839506172839,11.754098360655737,-11.3203125,-28.76923076923077,-5.049180327868853,14.821917808219178
2021-07-02,-11.404761904761905,5.05,-15.6015625,-32.19565217391305,-3.6557377049180326,16.246575342465754
2021-07-03,-3.261904761904762,14.67741935483871,-3.053435114503817,-23.755555555555556,0.5175438596491229,10.279411764705882
2021-07-04,-26.857142857142858,-16.360655737704917,-22.143939393939394,-39.955555555555556,-16.053571428571427,15.19672131147541
2021-07-05,-8.397435897435898,10.065573770491802,-13.511811023622048,-29.439560439560438,-4.327868852459017,14.91891891891892
2021-07-06,-2.9625,13.39344262295082,-7.7795275590551185,-25.866666666666667,-5.204918032786885,13.486486486486486
2021-07-07,-6.703703703703703,9.96774193548387,-10.5703125,-27.0989010989011,-5.195121951219512,14.716216216216216
2021-07-08,-5.7439024390243905,11.25,-9.488188976377952,-24.988888888888887,-4.450819672131147,14.77027027027027
2021-07-09,-8.845238095238095,9.245901639344263,-12.6484375,-26.641304347826086,-2.8512396694214877,15.301369863013699
2021-07-10,-1.927710843373494,16.177419354838708,-2.7480916030534353,-20.681318681318682,1.8495575221238938,9.985294117647058
2021-07-11,-24.654761904761905,-13.442622950819672,-20.446969696969695,-35.258426966292134,-13.801801801801801,14.62295081967213
2021-07-12,-4.049382716049383,14.403225806451612,-8.763779527559056,-24.4,-4.677685950413223,13.95945945945946
2021-07-13,-3.271604938271605,13.112903225806452,-7.181102362204724,-22.910112359550563,-5.40650406504065,13.837837837837839
2021-07-14,-2.641025641025641,13.37704918032787,-6.203125,-22.471910112359552,-4.368852459016393,13.85135135135135
2021-07-15,-0.5,17.508196721311474,-4.811023622047244,-20.755555555555556,-2.7295081967213113,13.513513513513514
2021-07-16,-1.2,14.983333333333333,-6.587301587301587,-22.318681318681318,-1.0168067226890756,13.554054054054054
2021-07-17,5.5,20.822580645161292,3.2153846153846155,-16.366666666666667,2.9911504424778763,8.382352941176471
2021-07-18,-13.411764705882353,-6.590163934426229,-11.446969696969697,-29.49438202247191,-11.654545454545454,12.016129032258064
2021-07-19,-0.7692307692307693,16.467741935483872,-4.619047619047619,-20.522222222222222,-2.793388429752066,13.64864864864865
2021-07-20,1.0379746835443038,16.080645161290324,-3.8818897637795278,-20.49438202247191,-3.683333333333333,13.621621621621621
2021-07-21,-0.23076923076923078,15.426229508196721,-2.3230769230769233,-20.144444444444446,-2.772357723577236,13.391891891891891
2021-07-22,2.7848101265822787,18.583333333333332,-1.344,-16.833333333333332,-0.5041322314049587,13.121621621621621
2021-07-23,3.3875,17.466666666666665,-1.4285714285714286,-16.791208791208792,1.2941176470588236,12.905405405405405
2021-07-24,10.320987654320987,23.14516129032258,10.589147286821705,-5.7555555555555555,5.991071428571429,7.602941176470588
2021-07-25,-6.435294117647059,-0.04918032786885246,-0.12030075187969924,-19.06741573033708,-7.981651376146789,10.661290322580646
2021-07-26,9.03896103896104,24.80327868852459,8.089430894308943,-9.666666666666666,-1.2066115702479339,11.027027027027026
2021-07-27,16.626666666666665,31.18032786885246,18.451612903225808,2.4886363636363638,-2.4098360655737703,8.733333333333333
2021-07-28,15.381578947368421,19.383333333333333,23.403361344537814,-3.2808988764044944,-33.872,14.0
2021-07-29,8.454545454545455,16.25,21.363636363636363,-11.855555555555556,-38.69047619047619,16.753424657534246
2021-07-30,11.39240506329114,26.066666666666666,14.178861788617887,-11.722222222222221,-7.918032786885246,12.405405405405405
2021-07-31,14.91139240506329,27.229508196721312,21.094488188976378,-1.9213483146067416,2.7857142857142856,8.102941176470589
2021-08-01,-0.25,6.213114754098361,7.879699248120301,-6.359550561797753,-8.927927927927929,10.158730158730158
2021-08-02,12.584415584415584,29.183333333333334,11.032520325203253,-4.4222222222222225,-2.56198347107438,11.18918918918919
2021-08-03,9.868421052631579,27.166666666666668,11.088,-5.011363636363637,-3.721311475409836,11.337837837837839
2021-08-04,10.282051282051283,24.65,9.556451612903226,-6.211111111111111,-3.032258064516129,11.373333333333333
2021-08-05,10.448717948717949,27.716666666666665,11.169354838709678,-4.820224719101123,-2.1311475409836067,11.45945945945946
2021-08-06,9.746835443037975,24.283333333333335,9.774193548387096,-5.876404494382022,-0.14166666666666666,11.716216216216216
2021-08-07,14.7625,24.79032258064516,15.357142857142858,-1.6067415730337078,4.214285714285714,7.544117647058823
2021-08-08,-2.2142857142857144,4.887096774193548,4.907692307692308,-11.147727272727273,-7.909090909090909,9.634920634920634
2021-08-09,6.363636363636363,22.466666666666665,3.72,-9.03370786516854,-1.5416666666666667,12.567567567567568
2021-08-10,4.223684210526316,22.016393442622952,3.608,-10.0,-1.5901639344262295,12.716216216216216
2021-08-11,4.5,18.60655737704918,1.632,-13.325842696629213,-1.5081967213114753,13.364864864864865
2021-08-12,6.051282051282051,21.016666666666666,2.456,-11.688888888888888,-0.819672131147541,13.44
2021-08-13,6.098765432098766,21.0,2.2698412698412698,-12.49438202247191,1.2644628099173554,13.364864864864865
2021-08-14,12.17283950617284,25.516129032258064,12.10236220472441,-7.388888888888889,6.108108108108108,7.867647058823529
2021-08-15,0.46987951807228917,6.806451612903226,3.6015625,-15.842696629213483,-5.6422018348623855,9.46031746031746
2021-08-16,5.6103896103896105,22.129032258064516,3.608,-11.764044943820224,-1.45,12.91891891891892
2021-08-17,4.171052631578948,21.16393442622951,3.1746031746031744,-11.340909090909092,-2.1721311475409837,12.81081081081081
2021-08-18,4.102564102564102,18.704918032786885,0.7777777777777778,-13.202247191011235,3.1475409836065573,13.173333333333334
2021-08-19,5.506329113924051,20.383333333333333,1.4761904761904763,-12.188888888888888,2.090909090909091,13.186666666666667
2021-08-20,6.585365853658536,20.283333333333335,2.4488188976377954,-13.633333333333333,3.9831932773109244,13.027027027027026
2021-08-21,12.185185185185185,23.950819672131146,10.070866141732283,-8.088888888888889,7.7207207207207205,8.044117647058824
2021-08-22,-2.8433734939759034,2.278688524590164,1.8484848484848484,-17.079545454545453,-5.036697247706422,9.968253968253968
2021-08-23,4.753246753246753,20.4,1.7244094488188977,-13.764044943820224,1.4833333333333334,12.945945945945946
2021-08-24,3.8552631578947367,20.066666666666666,0.472,-12.670454545454545,0.371900826446281,12.635135135135135
2021-08-25,6.51948051948052,20.816666666666666,1.888,-14.606741573033707,1.512396694214876,12.866666666666667
2021-08-26,6.734177215189874,21.133333333333333,1.119047619047619,-12.755555555555556,1.5867768595041323,13.41891891891892
2021-08-27,7.810126582278481,21.083333333333332,2.472,-10.677777777777777,4.436974789915967,12.824324324324325
2021-08-28,14.886075949367088,25.672131147540984,16.559055118110237,0.45454545454545453,7.628318584070796,7.411764705882353
2021-08-29,2.740740740740741,6.721311475409836,11.946153846153846,-13.415730337078651,-6.127272727272727,9.435483870967742
2021-08-30,11.773333333333333,23.666666666666668,9.166666666666666,-9.067415730337078,-30.2,15.837837837837839
2021-08-31,7.394736842105263,24.78688524590164,3.784,-7.966666666666667,1.7295081967213115,11.337837837837839
2021-09-01,7.363636363636363,24.05,1.0476190476190477,-13.677777777777777,1.6083333333333334,12.891891891891891
2021-09-02,6.569620253164557,23.466666666666665,-2.0476190476190474,-14.966666666666667,2.768595041322314,13.4
2021-09-03,7.987654320987654,21.266666666666666,-0.7063492063492064,-16.155555555555555,5.445378151260504,13.35135135135135
2021-09-04,12.825,25.524590163934427,8.534883720930232,-9.417582417582418,9.160714285714286,8.397058823529411
2021-09-05,-5.409638554216867,5.39344262295082,-4.5606060606060606,-22.055555555555557,-3.165137614678899,10.35483870967742
2021-09-06,5.223684210526316,21.852459016393443,-1.1904761904761905,-16.755555555555556,2.0165289256198347,13.486486486486486
2021-09-07,5.552631578947368,20.049180327868854,0.056,-15.089887640449438,1.7685950413223142,12.945945945945946
2021-09-08,6.194805194805195,20.016393442622952,1.0634920634920635,-16.033333333333335,1.7024793388429753,12.878378378378379
2021-09-09,4.0886075949367084,19.083333333333332,-2.5793650793650795,-15.7,2.2644628099173554,13.573333333333334
2021-09-10,6.654320987654321,19.1,-2.1746031746031744,-16.211111111111112,4.638655462184874,13.54054054054054
2021-09-11,13.457831325301205,22.918032786885245,7.27906976744186,-9.722222222222221,8.572727272727272,8.676470588235293
2021-09-12,0.5595238095238095,6.442622950819672,0.1893939393939394,-17.822222222222223,-2.55045871559633,9.984126984126984
2021-09-13,7.0,21.131147540983605,1.3464566929133859,-14.955555555555556,1.4916666666666667,12.891891891891891
2021-09-14,7.407894736842105,21.516666666666666,1.952,-13.92134831460674,0.4262295081967213,12.22972972972973
2021-09-15,7.644736842105263,21.295081967213115,0.5079365079365079,-14.666666666666666,0.48360655737704916,12.8
2021-09-16,7.730769230769231,21.616666666666667,-0.9285714285714286,-14.044444444444444,0.45454545454545453,13.333333333333334
2021-09-17,9.038461538461538,21.733333333333334,2.5793650793650795,-13.233333333333333,2.3949579831932772,12.91891891891892
2021-09-18,14.625,26.57377049180328,11.03125,-7.844444444444444,8.044642857142858,7.478260869565218
2021-09-19,0.6547619047619048,5.901639344262295,2.0681818181818183,-16.685393258426966,-4.564814814814815,9.35483870967742
2021-09-20,9.157894736842104,23.1,2.6341463414634148,-13.055555555555555,2.375,12.554054054054054
2021-09-21,7.866666666666666,22.16393442622951,3.1507936507936507,-12.944444444444445,2.5901639344262297,12.64864864864865
2021-09-22,8.026315789473685,20.78688524590164,0.84,-15.266666666666667,5.396694214876033,13.013333333333334
2021-09-23,13.025974025974026,25.216666666666665,6.704,-10.88888888888889,6.3,11.68
2021-09-24,11.051282051282051,24.1,6.031746031746032,-11.659340659340659,5.445378151260504,12.04054054054054
2021-09-25,16.233766233766232,26.459016393442624,11.765625,-8.247191011235955,9.727272727272727,7.173913043478261
2021-09-26,1.869047619047619,7.409836065573771,3.265151515151515,-16.31111111111111,-1.9907407407407407,8.73015873015873
2021-09-27,8.789473684210526,22.066666666666666,2.3225806451612905,-13.444444444444445,5.148760330578512,12.41891891891892
2021-09-28,7.2,20.934426229508198,2.52,-13.415730337078651,5.147540983606557,12.2
2021-09-29,6.103896103896104,19.59016393442623,0.6692913385826772,-16.155555555555555,4.8429752066115705,12.733333333333333
2021-09-30,12.307692307692308,25.416666666666668,3.8174603174603177,-12.055555555555555,7.1,12.053333333333333
2021-10-01,12.4,25.383333333333333,2.246031746031746,-13.5,8.840336134453782,11.81081081081081
2021-10-02,17.835443037974684,28.89830508474576,13.261538461538462,-8.02247191011236,11.792792792792794,6.882352941176471
2021-10-03,3.6547619047619047,11.360655737704919,3.9318181818181817,-16.566666666666666,-1.1388888888888888,8.793650793650794
2021-10-04,8.333333333333334,23.852459016393443,2.120967741935484,-14.911111111111111,4.766666666666667,11.16
2021-10-05,10.12,24.868852459016395,2.5555555555555554,-13.224719101123595,3.0991735537190084,12.386666666666667
2021-10-06,11.039473684210526,22.098360655737704,3.232,-12.866666666666667,4.471074380165289,12.066666666666666
2021-10-07,14.116883116883116,26.116666666666667,4.508064516129032,-3.898876404494382,4.957983193277311,10.986666666666666
2021-10-08,18.78205128205128,28.2,15.153225806451612,-7.122222222222222,-20.252032520325205,14.356164383561644
2021-10-09,19.126582278481013,27.491803278688526,18.849206349206348,-6.067415730337078,6.009009009009009,7.838235294117647
2021-10-10,0.573170731707317,6.459016393442623,5.0,-11.833333333333334,-2.7777777777777777,9.53225806451613
2021-10-11,14.736842105263158,28.19672131147541,6.926229508196721,-8.292134831460674,-3.9344262295081966,12.527027027027026
2021-10-12,14.213333333333333,26.721311475409838,9.733870967741936,-6.808988764044944,5.206611570247934,10.666666666666666
2021-10-13,14.909090909090908,25.065573770491802,9.008064516129032,-10.311111111111112,5.35,10.933333333333334
2021-10-14,11.935897435897436,22.7,3.379032258064516,-10.566666666666666,6.216666666666667,11.786666666666667
2021-10-15,15.734177215189874,26.683333333333334,7.341269841269841,-9.626373626373626,8.302521008403362,11.405405405405405
2021-10-16,18.873417721518987,27.81967213114754,13.8984375,-5.719101123595506,11.772727272727273,7.088235294117647
2021-10-17,6.108433734939759,10.868852459016393,3.253846153846154,-12.688888888888888,-0.13761467889908258,9.0
2021-10-18,12.24,25.295081967213115,4.5772357723577235,-10.88888888888889,5.884297520661157,11.864864864864865
2021-10-19,10.266666666666667,23.60655737704918,2.432,-11.640449438202246,4.661157024793388,12.48
2021-10-20,13.688311688311689,24.233333333333334,4.416,-13.511111111111111,6.082644628099174,12.12
2021-10-21,13.153846153846153,26.133333333333333,3.936,-11.944444444444445,7.241666666666666,12.24
2021-10-22,14.037974683544304,25.466666666666665,3.7698412698412698,-12.055555555555555,9.588235294117647,11.891891891891891
2021-10-23,21.3625,28.65,12.573643410852712,-7.202247191011236,13.845454545454546,6.985294117647059
2021-10-24,6.035714285714286,10.333333333333334,3.1603053435114505,-16.0,0.5,8.206349206349206
2021-10-25,11.813333333333333,25.442622950819672,1.92,-13.1,5.39344262295082,12.826666666666666
2021-10-26,14.662337662337663,26.416666666666668,4.246031746031746,-13.202247191011235,6.385245901639344,12.066666666666666
2021-10-27,16.82051282051282,26.6,5.785714285714286,-12.3,7.529411764705882,11.346666666666666
2021-10-28,17.833333333333332,30.183333333333334,7.768,-8.02247191011236,8.264462809917354,11.32
2021-10-29,19.05,32.101694915254235,7.936507936507937,-4.622222222222222,10.638655462184873,10.702702702702704
2021-10-30,30.4875,40.016949152542374,23.8503937007874,7.53932584269663,13.827272727272728,4.3478260869565215
2021-10-31,25.121951219512194,30.416666666666668,30.93846153846154,-6.090909090909091,5.299065420560748,4.888888888888889
2021-11-01,17.87012987012987,26.93220338983051,18.330578512396695,-8.866666666666667,-35.26984126984127,14.64864864864865
2021-11-02,16.276315789473685,29.8135593220339,10.333333333333334,-2.258426966292135,-10.721311475409836,10.946666666666667
2021-11-03,16.013157894736842,27.93220338983051,8.68,-6.134831460674158,5.5041322314049586,11.04
2021-11-04,17.26923076923077,29.633333333333333,5.856,-8.662921348314606,7.12396694214876,11.906666666666666
2021-11-05,16.62962962962963,29.28813559322034,4.238095238095238,-10.911111111111111,8.831932773109244,11.837837837837839
2021-11-06,23.2,30.724137931034484,12.069767441860465,-4.584269662921348,14.723214285714286,7.382352941176471
2021-11-07,9.541176470588235,15.15,4.454545454545454,-11.644444444444444,3.9074074074074074,9.174603174603174
2021-11-08,10.855263157894736,24.316666666666666,2.704,-16.711111111111112,6.691666666666666,13.162162162162161
2021-11-09,13.0,25.7,4.253968253968254,-14.0,6.286885245901639,12.333333333333334
2021-11-10,14.328947368421053,26.25,5.52,-12.877777777777778,7.260504201680672,11.8
2021-11-11,14.91025641025641,26.677966101694917,3.72,-10.157303370786517,8.28099173553719,11.96
2021-11-12,14.5625,25.322033898305083,2.6746031746031744,-10.662921348314606,9.033333333333333,12.41891891891892
2021-11-13,22.024390243902438,30.466666666666665,11.73076923076923,-4.089887640449438,13.702702702702704,7.220588235294118
2021-11-14,8.905882352941177,15.37704918032787,3.8931297709923665,-12.337078651685394,2.509259259259259,8.825396825396826
2021-11-15,15.789473684210526,30.338983050847457,6.065040650406504,-10.066666666666666,8.454545454545455,11.405405405405405
2021-11-16,13.105263157894736,24.64406779661017,2.928,-11.966666666666667,6.833333333333333,12.493333333333334
2021-11-17,17.272727272727273,27.93220338983051,6.344,-10.78888888888889,8.859504132231406,11.52
2021-11-18,16.25974025974026,28.728813559322035,6.36,-9.415730337078651,8.758333333333333,12.066666666666666
2021-11-19,17.75,28.559322033898304,6.158730158730159,-9.177777777777777,11.352941176470589,11.797297297297296
2021-11-20,23.402439024390244,32.1551724137931,13.573643410852712,-5.932584269662922,14.1,7.161764705882353
2021-11-21,9.214285714285714,15.95,4.526717557251908,-13.101123595505618,2.5514018691588785,7.774193548387097
2021-11-22,16.55263157894737,30.533333333333335,6.5528455284552845,-9.577777777777778,8.625,11.324324324324325
2021-11-23,16.38157894736842,28.779661016949152,6.624,-9.811111111111112,8.0,11.546666666666667
2021-11-24,16.487179487179485,27.75,4.920634920634921,-11.38888888888889,8.716666666666667,12.28
2021-11-25,19.78205128205128,32.355932203389834,7.856,-5.833333333333333,9.416666666666666,11.4
2021-11-26,18.151898734177216,30.10169491525424,5.182539682539683,-8.142857142857142,11.789915966386555,11.162162162162161
2021-11-27,24.7625,33.728813559322035,14.147286821705427,-2.9775280898876404,15.36697247706422,6.529411764705882
2021-11-28,9.130952380952381,16.75,2.6923076923076925,-12.101123595505618,4.1415094339622645,8.238095238095237
2021-11-29,15.789473684210526,29.593220338983052,4.211382113821138,-9.377777777777778,10.15,11.666666666666666
2021-11-30,19.460526315789473,34.016949152542374,8.584,-6.122222222222222,10.975206611570249,10.763157894736842
2021-12-01,20.272727272727273,34.13559322033898,7.024,-10.088888888888889,10.764705882352942,11.106666666666667
2021-12-02,18.935897435897434,34.220338983050844,6.264,-9.415730337078651,11.758333333333333,11.64
2021-12-03,19.556962025316455,35.01724137931034,7.896825396825397,-8.505494505494505,14.152542372881356,10.837837837837839
2021-12-04,26.7,37.741379310344826,13.635658914728682,-6.134831460674158,17.472727272727273,6.411764705882353
2021-12-05,11.571428571428571,22.516666666666666,2.0916030534351147,-14.170454545454545,5.731481481481482,9.064516129032258
2021-12-06,18.025974025974026,34.86440677966102,7.213114754098361,-10.853932584269662,11.4,11.253333333333334
2021-12-07,21.986842105263158,36.49152542372882,10.266129032258064,-6.337078651685394,14.705882352941176,9.826666666666666
2021-12-08,22.192307692307693,36.847457627118644,12.266129032258064,-13.544444444444444,-12.314516129032258,13.84
2021-12-09,17.29113924050633,35.52542372881356,7.72,-9.255555555555556,18.441666666666666,10.506666666666666
2021-12-10,16.938271604938272,34.813559322033896,7.744,-10.10989010989011,20.872881355932204,10.586666666666666
2021-12-11,22.151898734177216,37.48275862068966,15.86046511627907,-5.325842696629214,25.321100917431192,5.720588235294118
2021-12-12,7.214285714285714,21.62295081967213,5.984732824427481,-13.044444444444444,15.566037735849056,6.809523809523809
2021-12-13,17.36842105263158,37.11864406779661,7.959349593495935,-9.822222222222223,18.722689075630253,9.92
2021-12-14,19.92105263157895,39.67796610169491,11.338709677419354,-6.844444444444444,18.372881355932204,9.460526315789474
2021-12-15,23.776315789473685,43.71186440677966,13.368,-7.188888888888889,19.907563025210084,8.826666666666666
2021-12-16,25.675,46.28813559322034,11.992,-3.7,20.116666666666667,8.72
2021-12-17,26.1,46.186440677966104,14.507936507936508,-5.1208791208791204,22.810344827586206,7.986666666666666
2021-12-18,29.75,47.53448275862069,19.171875,2.853932584269663,26.798165137614678,3.5588235294117645
2021-12-19,18.785714285714285,34.77049180327869,11.484615384615385,-4.735632183908046,21.10576923076923,4.5396825396825395
2021-12-20,28.894736842105264,53.172413793103445,16.577235772357724,-1.7191011235955056,19.48739495798319,7.311688311688312
2021-12-21,33.16216216216216,58.56140350877193,21.392,3.943820224719101,19.635593220338983,6.506329113924051
2021-12-22,35.689189189189186,64.46428571428571,21.696,8.191011235955056,19.949579831932773,6.116883116883117
2021-12-23,47.85333333333333,85.72222222222223,30.169354838709676,21.96551724137931,19.58823529411765,3.675324675324675
2021-12-24,41.96103896103896,108.37735849056604,38.584,-4.409090909090909,1.9333333333333333,7.24
2021-12-25,-17.04705882352941,-21.532258064516128,0.2824427480916031,-47.544444444444444,-33.495726495726494,15.552238805970148
2021-12-26,8.623529411764705,19.133333333333333,9.49618320610687,-14.179775280898877,6.4953271028037385,8.698412698412698
2021-12-27,21.5,43.91525423728814,15.25,-1.898876404494382,5.239669421487603,10.346666666666666
2021-12-28,23.28205128205128,43.083333333333336,15.91869918699187,-0.13333333333333333,14.432203389830509,9.171052631578947
2021-12-29,26.205128205128204,47.66101694915254,19.16,-1.8222222222222222,15.495798319327731,8.276315789473685
2021-12-30,38.43421052631579,68.9090909090909,27.5,12.147727272727273,17.95,6.0131578947368425
2021-12-31,47.74025974025974,110.19607843137256,47.16260162601626,-0.5056179775280899,6.186440677966102,7.16
2022-01-01,-6.536585365853658,-24.887096774193548,11.472440944881889,-41.05494505494506,-36.18803418803419,13.705882352941176
2022-01-02,15.435294117647059,25.2,20.4453125,-5.079545454545454,2.0654205607476634,8.444444444444445
2022-01-03,25.986842105263158,49.70175438596491,22.40650406504065,4.853932584269663,-1.5537190082644627,11.173333333333334
2022-01-04,23.181818181818183,48.142857142857146,21.403225806451612,4.597701149425287,10.566666666666666,9.753246753246753
2022-01-05,21.855263157894736,46.05172413793103,19.736,-1.2696629213483146,11.958677685950413,10.342105263157896
2022-01-06,20.696202531645568,43.40677966101695,20.11382113821138,-0.5280898876404494,12.756302521008404,10.52
2022-01-07,17.679012345679013,38.93103448275862,15.07258064516129,-6.43956043956044,14.559322033898304,11.77027027027027
2022-01-08,19.0,36.40677966101695,17.404761904761905,-2.730337078651685,20.418181818181818,8.602941176470589
2022-01-09,5.882352941176471,19.65,8.767441860465116,-8.193181818181818,9.485981308411215,9.85483870967742
2022-01-10,17.454545454545453,40.610169491525426,13.28688524590164,-5.134831460674158,11.233333333333333,11.253333333333334
2022-01-11,14.285714285714286,38.30508474576271,13.192,-5.202247191011236,10.408333333333333,11.6
2022-01-12,13.454545454545455,35.355932203389834,10.833333333333334,-8.6,10.459016393442623,12.586666666666666
2022-01-13,13.1,37.016949152542374,11.576,-7.188888888888889,10.616666666666667,12.746666666666666
2022-01-14,12.158536585365853,34.94915254237288,9.424,-10.866666666666667,13.322033898305085,13.635135135135135
2022-01-15,14.841463414634147,35.220338983050844,14.9921875,-6.786516853932584,18.80909090909091,10.617647058823529
2022-01-16,1.4941176470588236,16.672131147540984,5.361538461538461,-14.595505617977528,8.009345794392523,12.03225806451613
2022-01-17,13.846153846153847,38.13559322033898,11.723577235772357,-9.21111111111111,10.216666666666667,13.216216216216216
2022-01-18,13.233766233766234,37.0,12.488,-8.235955056179776,8.666666666666666,13.346666666666666
2022-01-19,13.935064935064934,34.40677966101695,9.4,-12.155555555555555,8.647058823529411,14.0
2022-01-20,14.582278481012658,34.898305084745765,8.28225806451613,-10.433333333333334,8.529411764705882,14.666666666666666
2022-01-21,13.7625,33.258620689655174,6.976,-13.909090909090908,11.330508474576272,15.364864864864865
2022-01-22,16.975609756097562,31.639344262295083,13.0546875,-11.685393258426966,18.871559633027523,11.367647058823529
2022-01-23,4.270588235294118,15.233333333333333,5.992307692307692,-16.91111111111111,8.205607476635514,12.317460317460318
2022-01-24,15.038461538461538,37.016949152542374,10.056451612903226,-15.685393258426966,9.358333333333333,14.45945945945946
2022-01-25,15.883116883116884,36.44827586206897,9.776,-11.325842696629213,8.583333333333334,13.893333333333333
2022-01-26,16.474358974358974,35.610169491525426,9.368,-11.355555555555556,10.285714285714286,13.946666666666667
2022-01-27,18.350649350649352,37.13559322033898,11.36,-8.96629213483146,12.941176470588236,13.266666666666667
2022-01-28,14.725,31.103448275862068,5.496,-15.055555555555555,15.084745762711865,14.64864864864865
2022-01-29,22.853658536585368,36.33898305084746,16.697674418604652,-6.2727272727272725,23.118181818181817,9.588235294117647
2022-01-30,9.458823529411765,19.566666666666666,6.7846153846153845,-14.311111111111112,11.626168224299066,10.920634920634921
2022-01-31,21.376623376623378,40.42372881355932,14.85483870967742,-7.833333333333333,16.840336134453782,11.826666666666666
2022-02-01,20.155844155844157,41.1551724137931,12.672,-8.579545454545455,16.0,12.226666666666667
2022-02-02,23.38961038961039,40.12068965517241,15.736,-8.303370786516854,16.583333333333332,11.973333333333333
2022-02-03,23.205128205128204,41.101694915254235,15.056,-8.25,17.966101694915253,11.706666666666667
2022-02-04,22.79746835443038,37.91379310344828,13.256,-15.795454545454545,20.923076923076923,12.0
2022-02-05,27.77777777777778,38.74576271186441,19.452380952380953,-12.573033707865168,27.327272727272728,8.117647058823529
2022-02-06,12.776470588235295,19.916666666666668,11.169230769230769,-18.93258426966292,13.14018691588785,9.158730158730158
2022-02-07,21.32894736842105,36.557377049180324,14.382113821138212,-15.322222222222223,18.647058823529413,11.186666666666667
2022-02-08,24.92105263157895,39.19298245614035,17.8,-12.539325842696629,17.33613445378151,10.857142857142858
2022-02-09,23.25974025974026,35.49152542372882,15.248,-14.355555555555556,18.42016806722689,11.266666666666667
2022-02-10,24.26923076923077,39.48275862068966,15.776,-11.179775280898877,18.458333333333332,11.24
2022-02-11,24.875,38.189655172413794,15.904,-11.444444444444445,22.102564102564102,10.797297297297296
2022-02-12,29.77777777777778,38.28813559322034,21.4251968503937,-6.806818181818182,27.263636363636362,7.514705882352941
2022-02-13,21.71764705882353,25.8,18.17829457364341,-12.101123595505618,17.588785046728972,7.412698412698413
2022-02-14,50.946666666666665,51.559322033898304,38.22764227642276,-8.011111111111111,22.033898305084747,6.684210526315789
2022-02-15,26.213333333333335,38.43859649122807,18.584,-9.764044943820224,17.559322033898304,9.571428571428571
2022-02-16,24.57894736842105,36.88135593220339,16.288,-11.477777777777778,20.61864406779661,10.789473684210526
2022-02-17,25.692307692307693,39.03448275862069,17.424,-10.9438202247191,22.26271186440678,10.671052631578947
2022-02-18,25.189873417721518,37.08474576271186,18.344,-11.48314606741573,26.39316239316239,10.22972972972973
2022-02-19,28.580246913580247,37.1551724137931,23.11904761904762,-8.707865168539326,30.009174311926607,6.955882352941177
2022-02-20,16.55421686746988,21.85,17.146153846153847,-10.865168539325843,17.669811320754718,7.285714285714286
2022-02-21,24.337662337662337,39.63793103448276,18.327868852459016,-9.533333333333333,23.152542372881356,9.93421052631579
2022-02-22,24.16883116883117,36.96610169491525,19.88617886178862,-9.426966292134832,22.771186440677965,9.922077922077921
2022-02-23,24.961038961038962,37.35087719298246,21.153225806451612,-10.258426966292134,24.781512605042018,10.0
2022-02-24,25.58974358974359,37.94915254237288,21.693548387096776,-8.07865168539326,26.0,10.253333333333334
2022-02-25,25.164556962025316,39.327586206896555,19.338709677419356,-10.688888888888888,28.295652173913044,10.202702702702704
2022-02-26,29.048780487804876,37.5,24.976377952755904,-8.137931034482758,32.25,7.117647058823529
2022-02-27,20.27710843373494,25.783333333333335,22.43076923076923,-7.48314606741573,21.625,6.301587301587301
2022-02-28,25.81578947368421,43.18333333333333,23.958677685950413,-10.07865168539326,25.25423728813559,8.960526315789474
2022-03-01,24.22077922077922,41.40350877192982,21.195121951219512,-11.112359550561798,23.470588235294116,9.571428571428571
2022-03-02,23.103896103896105,38.293103448275865,20.629032258064516,-15.644444444444444,24.403361344537814,9.605263157894736
2022-03-03,24.29113924050633,39.559322033898304,21.853658536585368,-13.887640449438202,27.714285714285715,9.72
2022-03-04,23.025641025641026,35.440677966101696,18.80327868852459,-16.5,30.75423728813559,10.608108108108109
2022-03-05,31.11111111111111,38.85964912280702,26.706349206349206,-12.5,35.833333333333336,7.323529411764706
2022-03-06,17.904761904761905,25.9,20.00763358778626,-14.853932584269662,24.89423076923077,8.161290322580646
2022-03-07,22.723684210526315,37.56666666666667,21.429752066115704,-14.11111111111111,29.61864406779661,10.972972972972974
2022-03-08,32.11842105263158,35.52542372881356,26.188524590163933,-14.636363636363637,31.5,10.092105263157896
2022-03-09,19.397435897435898,30.796610169491526,19.45967741935484,-19.58888888888889,31.743589743589745,12.44
2022-03-10,21.936708860759495,34.733333333333334,21.260162601626018,-16.35632183908046,34.810344827586206,12.426666666666666
2022-03-11,20.825,32.0,18.691056910569106,-19.146067415730336,36.23893805309734,13.054054054054054
2022-03-12,24.695121951219512,33.14035087719298,24.19685039370079,-14.352272727272727,40.33644859813084,10.279411764705882
2022-03-13,15.44578313253012,28.116666666666667,18.829457364341085,-17.466666666666665,31.553398058252426,10.444444444444445
2022-03-14,18.064935064935064,34.86440677966102,19.642276422764226,-18.797752808988765,34.41525423728814,13.297297297297296
2022-03-15,19.666666666666668,33.355932203389834,20.83739837398374,-17.56179775280899,34.356521739130436,12.77027027027027
2022-03-16,20.102564102564102,33.10344827586207,20.701612903225808,-19.9,36.13793103448276,12.666666666666666
2022-03-17,19.53846153846154,33.233333333333334,20.903225806451612,-19.568181818181817,37.21052631578947,12.8
2022-03-18,20.063291139240505,32.16949152542373,19.146341463414632,-17.41111111111111,40.151785714285715,12.324324324324325
2022-03-19,25.753086419753085,34.8421052631579,24.158730158730158,-16.511363636363637,41.16981132075472,9.338235294117647
2022-03-20,14.392857142857142,27.116666666666667,16.415384615384614,-17.39325842696629,31.352941176470587,10.870967741935484
2022-03-21,15.545454545454545,33.233333333333334,18.943089430894307,-19.59550561797753,38.71551724137931,12.972972972972974
2022-03-22,19.23076923076923,32.33898305084746,20.252032520325205,-19.01123595505618,38.36842105263158,12.85135135135135
2022-03-23,19.32051282051282,30.966101694915253,19.338709677419356,-21.511111111111113,39.56140350877193,12.706666666666667
2022-03-24,16.234567901234566,29.4,13.67741935483871,-24.59550561797753,40.19130434782609,13.813333333333333
2022-03-25,19.227848101265824,31.11864406779661,17.653225806451612,-21.494505494505493,43.39090909090909,12.243243243243244
2022-03-26,24.864197530864196,35.11864406779661,22.96031746031746,-16.191011235955056,42.77570093457944,10.235294117647058
2022-03-27,14.595238095238095,25.583333333333332,15.63076923076923,-16.617977528089888,33.09803921568628,10.412698412698413
2022-03-28,11.987012987012987,25.4,14.19672131147541,-31.602272727272727,37.81578947368421,15.202702702702704
2022-03-29,9.784810126582279,20.779661016949152,10.701612903225806,-35.62921348314607,36.61739130434783,14.972972972972974
2022-03-30,14.265822784810126,26.79310344827586,12.830645161290322,-31.633333333333333,38.45217391304348,13.72972972972973
2022-03-31,15.641975308641975,29.016666666666666,14.588709677419354,-29.7,40.271929824561404,13.45945945945946
2022-04-01,13.46987951807229,25.0,10.04,-31.377777777777776,43.0990990990991,13.837837837837839
2022-04-02,20.951807228915662,31.46551724137931,16.4609375,-26.60674157303371,39.820754716981135,11.147058823529411
2022-04-03,11.904761904761905,26.666666666666668,12.946153846153846,-24.0,34.336633663366335,10.412698412698413
2022-04-04,-3.8846153846153846,7.508196721311475,5.782258064516129,-41.78651685393258,29.652173913043477,19.256756756756758
2022-04-05,-3.5822784810126582,8.135593220338983,5.424,-42.90909090909091,24.0,20.346666666666668
2022-04-06,13.961538461538462,28.55,14.208,-29.707865168539325,39.92173913043478,13.91891891891892
2022-04-07,16.375,30.796610169491526,15.10483870967742,-25.644444444444446,40.24778761061947,13.88
2022-04-08,17.430379746835442,29.051724137931036,15.419354838709678,-24.9010989010989,46.6036036036036,12.486486486486486
2022-04-09,22.14814814814815,30.71186440677966,19.25984251968504,-21.466666666666665,43.114285714285714,10.720588235294118
2022-04-10,14.421686746987952,23.716666666666665,18.684615384615384,-22.03370786516854,36.51960784313726,10.34920634920635
2022-04-11,17.558441558441558,31.5,21.60655737704918,-20.488888888888887,46.36842105263158,11.891891891891891
2022-04-12,20.141025641025642,30.5,21.32520325203252,-17.39325842696629,43.92920353982301,12.0
2022-04-13,27.144736842105264,37.1551724137931,32.048,-2.388888888888889,44.2212389380531,9.31578947368421
2022-04-14,38.921052631578945,50.05263157894737,46.125,2.6931818181818183,-3.3852459016393444,15.297297297297296
2022-04-15,16.525641025641026,22.362068965517242,43.23529411764706,-27.72222222222222,-23.943089430894307,22.136986301369863
2022-04-16,29.39240506329114,34.48275862068966,44.82258064516129,-16.122222222222224,24.504587155963304,11.426470588235293
2022-04-17,15.851851851851851,21.716666666666665,28.217054263565892,-1.8045977011494252,30.854368932038835,9.46031746031746
2022-04-18,16.246753246753247,31.25,20.827868852459016,-16.033333333333335,43.280701754385966,12.445945945945946
2022-04-19,18.115384615384617,29.283333333333335,19.161290322580644,-19.921348314606742,43.52173913043478,12.546666666666667
2022-04-20,17.935897435897434,29.847457627118644,19.548387096774192,-19.833333333333332,45.86607142857143,12.337837837837839
2022-04-21,17.025316455696203,28.616666666666667,16.959349593495936,-20.426966292134832,46.46491228070175,13.216216216216216
2022-04-22,19.936708860759495,30.35593220338983,19.548387096774192,-19.27777777777778,50.336363636363636,11.635135135135135
2022-04-23,25.271604938271604,33.20338983050848,24.555555555555557,-18.0,43.96153846153846,10.044117647058824
2022-04-24,13.916666666666666,23.166666666666668,16.496124031007753,-20.820224719101123,34.50485436893204,10.290322580645162
2022-04-25,17.92207792207792,33.45,20.901639344262296,-20.370786516853933,48.535714285714285,12.554054054054054
2022-04-26,21.333333333333332,31.677966101694917,21.177419354838708,-19.522727272727273,48.61739130434783,12.213333333333333
2022-04-27,22.0,31.423728813559322,21.288,-20.579545454545453,48.39473684210526,11.773333333333333
2022-04-28,22.756410256410255,34.75,20.32520325203252,-19.544444444444444,49.06306306306306,11.813333333333333
2022-04-29,25.11392405063291,33.16949152542373,21.443548387096776,-17.824175824175825,51.972972972972975,10.824324324324325
2022-04-30,32.91139240506329,37.333333333333336,29.712,-12.247191011235955,43.06666666666667,7.838235294117647
2022-05-01,24.85542168674699,24.295081967213115,24.23846153846154,-19.09090909090909,30.372549019607842,8.857142857142858
2022-05-02,26.11842105263158,42.55,24.650406504065042,-17.055555555555557,27.319327731092436,13.986486486486486
2022-05-03,25.371794871794872,38.30508474576271,25.483870967741936,-15.831460674157304,49.31304347826087,11.06578947368421
2022-05-04,25.07894736842105,38.3728813559322,22.153225806451612,-19.555555555555557,49.5929203539823,11.243243243243244
2022-05-05,29.493506493506494,45.9,22.943089430894307,-16.488888888888887,52.2212389380531,10.946666666666667
2022-05-06,32.164556962025316,40.813559322033896,23.85483870967742,-12.0,54.27272727272727,9.58108108108108
2022-05-07,38.53846153846154,50.89473684210526,33.912,-3.7752808988764044,43.40952380952381,7.294117647058823
2022-05-08,33.375,35.86666666666667,30.65891472868217,-17.59090909090909,28.95145631067961,6.111111111111111
2022-05-09,21.81578947368421,34.266666666666666,24.040983606557376,-12.5,44.419642857142854,11.554054054054054
2022-05-10,24.46153846153846,35.13559322033898,23.549180327868854,-13.707865168539326,48.50442477876106,11.586666666666666
2022-05-11,22.41025641025641,31.95,24.04032258064516,-17.42222222222222,49.30088495575221,11.96
2022-05-12,23.05128205128205,35.03333333333333,23.016260162601625,-16.27777777777778,50.285714285714285,12.133333333333333
2022-05-13,23.9873417721519,32.74576271186441,24.322580645161292,-14.911111111111111,52.8,11.378378378378379
