date,retail_and_recreation_percent_change_from_baseline_Uruguay,grocery_and_pharmacy_percent_change_from_baseline_Uruguay,parks_percent_change_from_baseline_Uruguay,transit_stations_percent_change_from_baseline_Uruguay,workplaces_percent_change_from_baseline_Uruguay,residential_percent_change_from_baseline_Uruguay
2020-02-15,0.8095238095238095,-0.6190476190476191,-0.47619047619047616,4.384615384615385,2.3333333333333335,-0.1
2020-02-16,-9.380952380952381,-5.857142857142857,-11.333333333333334,-0.6923076923076923,-1.9,0.8333333333333334
2020-02-17,-2.761904761904762,-3.4761904761904763,-20.6,-3.0714285714285716,7.0476190476190474,1.2
2020-02-18,-1.5238095238095237,0.047619047619047616,-15.55,1.5384615384615385,8.19047619047619,0.8125
2020-02-19,5.0,1.7619047619047619,-0.6842105263157895,3.1538461538461537,9.619047619047619,-0.75
2020-02-20,1.1904761904761905,-1.2380952380952381,-10.7,1.1538461538461537,7.428571428571429,-0.23529411764705882
2020-02-21,2.142857142857143,0.9047619047619048,-18.95,2.4285714285714284,7.904761904761905,0.125
2020-02-22,12.571428571428571,8.571428571428571,-4.428571428571429,1.4615384615384615,3.6666666666666665,0.6
2020-02-23,19.285714285714285,10.476190476190476,10.0,-4.7272727272727275,2.4,2.3333333333333335
2020-02-24,3.857142857142857,-2.3333333333333335,34.666666666666664,-8.214285714285714,-26.666666666666668,4.0
2020-02-25,-12.142857142857142,-11.285714285714286,2.15,-4.153846153846154,-26.666666666666668,4.0
2020-02-26,2.4761904761904763,4.714285714285714,-4.0,6.769230769230769,8.761904761904763,-0.3125
2020-02-27,-3.619047619047619,-3.857142857142857,-2.1,-0.6923076923076923,8.142857142857142,0.5625
2020-02-28,2.761904761904762,0.5714285714285714,-5.1,-1.4285714285714286,9.619047619047619,0.0625
2020-02-29,6.857142857142857,6.238095238095238,-4.809523809523809,-5.0,5.0,0.8
2020-03-01,-5.238095238095238,3.0,-9.80952380952381,-13.76923076923077,-3.25,4.166666666666667
2020-03-02,7.333333333333333,12.428571428571429,-12.95,-1.8571428571428572,18.238095238095237,-0.4117647058823529
2020-03-03,5.9523809523809526,15.714285714285714,-11.15,-0.3076923076923077,22.761904761904763,-1.0555555555555556
2020-03-04,8.761904761904763,16.952380952380953,-9.1,6.3076923076923075,25.761904761904763,-1.8888888888888888
2020-03-05,3.238095238095238,8.19047619047619,-13.15,3.6923076923076925,26.428571428571427,-1.7777777777777777
2020-03-06,7.9523809523809526,9.666666666666666,-10.45,8.071428571428571,28.142857142857142,-2.888888888888889
2020-03-07,8.857142857142858,9.714285714285714,-4.666666666666667,-6.230769230769231,7.238095238095238,1.1
2020-03-08,5.0,7.095238095238095,-5.428571428571429,-7.833333333333333,1.65,2.8333333333333335
2020-03-09,4.619047619047619,6.0476190476190474,-20.736842105263158,5.0,29.38095238095238,-2.0555555555555554
2020-03-10,-0.6190476190476191,5.428571428571429,-22.1,1.3076923076923077,29.0,-1.8888888888888888
2020-03-11,-2.142857142857143,2.5238095238095237,-26.714285714285715,-1.3846153846153846,27.904761904761905,-1.6111111111111112
2020-03-12,-5.523809523809524,1.0476190476190477,-21.714285714285715,-3.6923076923076925,27.0,-1.4210526315789473
2020-03-13,-3.6666666666666665,8.285714285714286,-23.4,-1.0,28.0,-2.388888888888889
2020-03-14,-25.19047619047619,5.0476190476190474,-50.04761904761905,-30.846153846153847,0.19047619047619047,8.88888888888889
2020-03-15,-37.095238095238095,-4.142857142857143,-55.714285714285715,-43.46666666666667,-10.05,12.166666666666666
2020-03-16,-24.428571428571427,-5.380952380952381,-40.714285714285715,-30.071428571428573,2.4285714285714284,7.333333333333333
2020-03-17,-40.0,-17.952380952380953,-53.95238095238095,-38.733333333333334,-5.857142857142857,10.533333333333333
2020-03-18,-44.38095238095238,-12.904761904761905,-59.19047619047619,-45.733333333333334,-15.047619047619047,13.928571428571429
2020-03-19,-49.666666666666664,-20.714285714285715,-59.42857142857143,-48.666666666666664,-18.714285714285715,15.0
2020-03-20,-48.80952380952381,-20.285714285714285,-57.904761904761905,-50.23529411764706,-19.476190476190474,16.153846153846153
2020-03-21,-57.714285714285715,-27.238095238095237,-64.61904761904762,-60.529411764705884,-21.61904761904762,18.0
2020-03-22,-70.14285714285714,-41.095238095238095,-74.95238095238095,-70.5,-29.142857142857142,21.0
2020-03-23,-51.0,-27.285714285714285,-63.476190476190474,-55.94117647058823,-24.952380952380953,17.0
2020-03-24,-57.76190476190476,-38.04761904761905,-65.9047619047619,-59.72222222222222,-29.761904761904763,18.2
2020-03-25,-56.857142857142854,-36.42857142857143,-65.47619047619048,-59.470588235294116,-30.714285714285715,19.333333333333332
2020-03-26,-60.095238095238095,-40.333333333333336,-66.0952380952381,-61.35294117647059,-32.19047619047619,20.22222222222222
2020-03-27,-58.714285714285715,-37.523809523809526,-66.0,-62.22222222222222,-30.047619047619047,21.0
2020-03-28,-63.76190476190476,-37.333333333333336,-73.19047619047619,-67.22222222222223,-27.714285714285715,19.88888888888889
2020-03-29,-70.80952380952381,-43.523809523809526,-77.0,-73.375,-29.523809523809526,22.2
2020-03-30,-52.57142857142857,-34.04761904761905,-64.61904761904762,-60.11764705882353,-29.761904761904763,19.0
2020-03-31,-54.285714285714285,-30.714285714285715,-65.71428571428571,-59.470588235294116,-31.095238095238095,18.4
2020-04-01,-52.666666666666664,-25.38095238095238,-65.47619047619048,-58.0625,-32.04761904761905,19.0
2020-04-02,-48.476190476190474,-18.333333333333332,-62.76190476190476,-55.0,-32.42857142857143,19.555555555555557
2020-04-03,-44.095238095238095,-14.238095238095237,-59.666666666666664,-52.705882352941174,-28.761904761904763,19.3
2020-04-04,-51.76190476190476,-15.142857142857142,-68.28571428571429,-59.588235294117645,-24.80952380952381,18.444444444444443
2020-04-05,-65.9047619047619,-32.857142857142854,-76.66666666666667,-71.5,-28.952380952380953,21.4
2020-04-06,-50.76923076923077,-21.75,-61.857142857142854,-55.75,-38.23809523809524,20.11111111111111
2020-04-07,-51.6,-21.4375,-64.57142857142857,-56.0,-39.523809523809526,19.77777777777778
2020-04-08,-50.714285714285715,-22.285714285714285,-63.714285714285715,-55.4375,-40.095238095238095,19.555555555555557
2020-04-09,-58.0,-22.375,-65.52380952380952,-59.411764705882355,-47.857142857142854,22.0
2020-04-10,-75.625,-46.705882352941174,-72.42857142857143,-73.77777777777777,-59.19047619047619,28.857142857142858
2020-04-11,-65.75,-27.375,-71.57142857142857,-65.94444444444444,-36.61904761904762,20.857142857142858
2020-04-12,-69.42857142857143,-35.63636363636363,-75.52380952380952,-68.93333333333334,-26.0,20.4
2020-04-13,-45.25,-23.066666666666666,-61.095238095238095,-50.625,-24.238095238095237,15.583333333333334
2020-04-14,-54.5,-31.4375,-67.9047619047619,-56.1875,-27.714285714285715,18.0
2020-04-15,-48.76923076923077,-25.214285714285715,-62.523809523809526,-49.9375,-24.523809523809526,16.0
2020-04-16,-49.333333333333336,-25.125,-61.23809523809524,-50.375,-24.095238095238095,16.0
2020-04-17,-49.333333333333336,-23.823529411764707,-61.61904761904762,-49.470588235294116,-22.0,17.25
2020-04-18,-53.25,-23.11764705882353,-66.19047619047619,-56.22222222222222,-18.095238095238095,16.333333333333332
2020-04-19,-64.71428571428571,-38.18181818181818,-69.9047619047619,-66.29411764705883,-21.9,18.8
2020-04-20,-45.61538461538461,-25.4375,-55.142857142857146,-49.94444444444444,-18.761904761904763,14.0
2020-04-21,-48.86666666666667,-29.4375,-60.57142857142857,-50.55555555555556,-20.428571428571427,14.307692307692308
2020-04-22,-47.46666666666667,-28.133333333333333,-58.95238095238095,-50.27777777777778,-19.666666666666668,14.142857142857142
2020-04-23,-49.93333333333333,-30.470588235294116,-58.523809523809526,-50.68421052631579,-20.666666666666668,14.846153846153847
2020-04-24,-50.25,-29.823529411764707,-61.95238095238095,-51.73684210526316,-20.285714285714285,15.846153846153847
2020-04-25,-57.8125,-32.23529411764706,-71.0,-60.44444444444444,-18.904761904761905,18.22222222222222
2020-04-26,-65.14285714285714,-39.0,-73.28571428571429,-66.33333333333333,-22.95,19.0
2020-04-27,-49.92857142857143,-31.941176470588236,-64.23809523809524,-53.111111111111114,-18.857142857142858,15.461538461538462
2020-04-28,-59.666666666666664,-40.35294117647059,-71.71428571428571,-59.68421052631579,-25.904761904761905,14.5
2020-04-29,-42.57142857142857,-18.2,-57.333333333333336,-46.666666666666664,-16.428571428571427,12.866666666666667
2020-04-30,-36.93333333333333,-3.6,-52.57142857142857,-40.588235294117645,-17.333333333333332,11.066666666666666
2020-05-01,-75.52941176470588,-69.11111111111111,-65.14285714285714,-77.77777777777777,-62.476190476190474,28.833333333333332
2020-05-02,-44.3125,-11.5,-58.38095238095238,-51.529411764705884,-17.571428571428573,15.0
2020-05-03,-58.0,-32.72727272727273,-62.76190476190476,-59.4375,-18.2,16.2
2020-05-04,-42.15384615384615,-24.466666666666665,-59.19047619047619,-47.94117647058823,-14.952380952380953,12.933333333333334
2020-05-05,-39.07142857142857,-14.8125,-57.57142857142857,-43.88235294117647,-15.047619047619047,12.857142857142858
2020-05-06,-34.53846153846154,-10.714285714285714,-54.095238095238095,-39.0,-13.904761904761905,12.533333333333333
2020-05-07,-33.8,-13.0625,-50.61904761904762,-39.35294117647059,-14.333333333333334,12.066666666666666
2020-05-08,-31.066666666666666,-7.529411764705882,-50.142857142857146,-38.388888888888886,-10.666666666666666,12.266666666666667
2020-05-09,-33.266666666666666,-2.0625,-51.76190476190476,-39.4375,-9.238095238095237,12.444444444444445
2020-05-10,-47.5,-18.272727272727273,-53.333333333333336,-51.88235294117647,-4.8,13.166666666666666
2020-05-11,-32.38461538461539,-15.6,-46.857142857142854,-37.666666666666664,-10.095238095238095,11.0
2020-05-12,-36.642857142857146,-16.647058823529413,-48.714285714285715,-39.0,-10.761904761904763,11.133333333333333
2020-05-13,-35.15384615384615,-15.8,-48.142857142857146,-37.611111111111114,-10.19047619047619,11.333333333333334
2020-05-14,-33.25,-18.68421052631579,-49.38095238095238,-41.44444444444444,-11.19047619047619,10.4
2020-05-15,-32.9,-15.3,-52.476190476190474,-43.111111111111114,-9.333333333333334,12.4
2020-05-16,-32.78947368421053,-9.894736842105264,-46.0,-45.0,-7.428571428571429,11.777777777777779
2020-05-17,-41.21052631578947,-21.428571428571427,-45.095238095238095,-53.5,-11.1,13.666666666666666
2020-05-18,-32.44444444444444,-20.3,-43.57142857142857,-45.5,-23.80952380952381,12.538461538461538
2020-05-19,-29.55,-14.9,-41.5,-39.75,-7.333333333333333,9.933333333333334
2020-05-20,-30.05263157894737,-12.95,-41.38095238095238,-38.27777777777778,-8.285714285714286,10.2
2020-05-21,-46.95,-30.75,-65.42857142857143,-50.68421052631579,-17.0,15.071428571428571
2020-05-22,-46.7,-27.210526315789473,-66.85714285714286,-53.31578947368421,-14.666666666666666,16.23076923076923
2020-05-23,-41.35,-15.052631578947368,-60.476190476190474,-52.0625,-9.285714285714286,13.666666666666666
2020-05-24,-50.73684210526316,-25.785714285714285,-59.904761904761905,-59.611111111111114,-12.85,15.4
2020-05-25,-34.44444444444444,-19.5,-54.333333333333336,-43.333333333333336,-8.0,12.2
2020-05-26,-37.05,-22.75,-52.57142857142857,-44.94444444444444,-4.428571428571429,11.133333333333333
2020-05-27,-32.31578947368421,-17.5,-44.42857142857143,-39.05555555555556,-3.5714285714285716,10.333333333333334
2020-05-28,-35.15,-20.75,-43.76190476190476,-43.0,-7.0476190476190474,11.133333333333333
2020-05-29,-32.3,-16.0,-43.38095238095238,-43.5,-3.5714285714285716,11.066666666666666
2020-05-30,-35.68421052631579,-9.157894736842104,-50.04761904761905,-47.0,-5.190476190476191,11.0
2020-05-31,-55.8421052631579,-26.357142857142858,-69.0,-64.22222222222223,-16.0,17.6
2020-06-01,-29.22222222222222,-12.05,-50.42857142857143,-40.77777777777778,-2.238095238095238,11.066666666666666
2020-06-02,-27.055555555555557,-5.9,-43.42857142857143,-37.125,-0.9047619047619048,9.866666666666667
2020-06-03,-22.94736842105263,-4.3,-41.857142857142854,-32.588235294117645,-2.3333333333333335,9.733333333333333
2020-06-04,-25.1,-9.894736842105264,-43.04761904761905,-33.705882352941174,-2.857142857142857,9.933333333333334
2020-06-05,-31.6,-12.3,-56.95238095238095,-38.5,-5.190476190476191,11.933333333333334
2020-06-06,-33.26315789473684,-6.666666666666667,-59.857142857142854,-47.64705882352941,-7.619047619047619,13.444444444444445
2020-06-07,-47.78947368421053,-21.714285714285715,-65.33333333333333,-56.333333333333336,-10.8,15.2
2020-06-08,-21.666666666666668,-6.9523809523809526,-48.04761904761905,-34.125,0.6190476190476191,9.6
2020-06-09,-24.894736842105264,-11.95,-46.04761904761905,-33.64705882352941,0.6190476190476191,9.133333333333333
2020-06-10,-19.63157894736842,-6.55,-40.95238095238095,-29.764705882352942,0.47619047619047616,8.666666666666666
2020-06-11,-25.8,-15.736842105263158,-47.714285714285715,-35.8235294117647,-2.0476190476190474,9.6
2020-06-12,-22.85,-8.8,-46.61904761904762,-35.23529411764706,-0.9047619047619048,9.866666666666667
2020-06-13,-26.666666666666668,-1.6842105263157894,-53.38095238095238,-41.705882352941174,-3.3333333333333335,10.88888888888889
2020-06-14,-34.94444444444444,-14.928571428571429,-52.23809523809524,-48.666666666666664,-2.25,11.833333333333334
2020-06-15,-20.833333333333332,-9.4,-47.666666666666664,-33.1875,1.9523809523809523,8.666666666666666
2020-06-16,-21.22222222222222,-6.7,-37.75,-31.5625,4.476190476190476,7.4375
2020-06-17,-19.0,-4.0,-37.57142857142857,-27.941176470588236,3.5714285714285716,7.466666666666667
2020-06-18,-29.8,-16.0,-53.38095238095238,-37.05882352941177,-3.8095238095238093,9.933333333333334
2020-06-19,-26.9,-9.5,-50.095238095238095,-42.1764705882353,-17.952380952380953,10.928571428571429
2020-06-20,-26.8,-6.473684210526316,-46.476190476190474,-41.0625,-4.333333333333333,10.0
2020-06-21,-43.94444444444444,-24.357142857142858,-62.38095238095238,-54.25,-11.9,14.666666666666666
2020-06-22,-22.444444444444443,-10.095238095238095,-47.76190476190476,-32.611111111111114,1.9523809523809523,8.466666666666667
2020-06-23,-31.05,-16.94736842105263,-53.523809523809526,-38.294117647058826,-1.3333333333333333,9.933333333333334
2020-06-24,-34.7,-19.4,-59.0,-40.888888888888886,-4.428571428571429,11.266666666666667
2020-06-25,-29.85,-15.8,-51.904761904761905,-35.388888888888886,0.38095238095238093,9.375
2020-06-26,-26.55,-13.1,-49.333333333333336,-34.94444444444444,2.5714285714285716,8.8
2020-06-27,-31.36842105263158,-9.631578947368421,-50.04761904761905,-42.6875,-4.904761904761905,10.222222222222221
2020-06-28,-36.666666666666664,-18.714285714285715,-52.61904761904762,-50.22222222222222,-9.7,13.0
2020-06-29,-30.11111111111111,-19.761904761904763,-56.095238095238095,-37.294117647058826,2.4285714285714284,9.0
2020-06-30,-40.85,-24.85,-64.0,-44.77777777777778,-3.8095238095238093,12.666666666666666
2020-07-01,-26.4,-7.8,-53.57142857142857,-33.833333333333336,0.47619047619047616,9.266666666666667
2020-07-02,-20.65,-1.6,-46.04761904761905,-27.88888888888889,3.0,8.1875
2020-07-03,-16.4,1.85,-43.57142857142857,-26.61111111111111,5.238095238095238,7.4375
2020-07-04,-20.77777777777778,2.5555555555555554,-47.38095238095238,-32.75,-3.142857142857143,9.333333333333334
2020-07-05,-29.666666666666668,-10.285714285714286,-49.714285714285715,-44.64705882352941,-8.6,12.666666666666666
2020-07-06,-11.777777777777779,0.4,-40.666666666666664,-26.1875,5.761904761904762,6.625
2020-07-07,-22.210526315789473,-6.4,-49.57142857142857,-28.6875,3.0,7.666666666666667
2020-07-08,-22.75,-8.68421052631579,-49.23809523809524,-31.5625,1.3333333333333333,8.866666666666667
2020-07-09,-19.68421052631579,-6.65,-42.19047619047619,-24.941176470588236,3.8095238095238093,7.4375
2020-07-10,-17.25,-2.55,-43.57142857142857,-26.375,4.809523809523809,7.333333333333333
2020-07-11,-16.22222222222222,5.777777777777778,-41.333333333333336,-27.4375,-3.0952380952380953,8.666666666666666
2020-07-12,-32.22222222222222,-11.142857142857142,-54.095238095238095,-44.6875,-2.8,11.333333333333334
2020-07-13,-20.72222222222222,-9.55,-46.666666666666664,-28.5,5.0476190476190474,7.875
2020-07-14,-26.789473684210527,-12.9,-47.42857142857143,-31.823529411764707,4.571428571428571,8.266666666666667
2020-07-15,-23.210526315789473,-8.55,-43.904761904761905,-29.27777777777778,3.380952380952381,8.2
2020-07-16,-29.4,-15.2,-51.095238095238095,-31.529411764705884,2.3333333333333335,8.733333333333333
2020-07-17,-24.75,-5.95,-46.857142857142854,-37.166666666666664,3.238095238095238,8.133333333333333
2020-07-18,-39.25,-14.947368421052632,-41.42857142857143,-46.9375,-27.666666666666668,13.333333333333334
2020-07-19,-22.555555555555557,-10.571428571428571,-28.61904761904762,-40.1875,-8.6,10.833333333333334
2020-07-20,-15.222222222222221,-3.35,-30.285714285714285,-28.1875,-3.238095238095238,6.8
2020-07-21,-26.0,-12.35,-40.05,-33.5625,-4.619047619047619,8.0
2020-07-22,-26.57894736842105,-12.45,-44.714285714285715,-34.888888888888886,-5.0,9.2
2020-07-23,-35.2,-21.5,-54.333333333333336,-41.8235294117647,-9.19047619047619,11.133333333333333
2020-07-24,-34.7,-18.7,-56.904761904761905,-40.36842105263158,-8.571428571428571,11.857142857142858
2020-07-25,-29.0,-8.368421052631579,-44.904761904761905,-38.875,-7.523809523809524,10.222222222222221
2020-07-26,-32.22222222222222,-17.285714285714285,-40.666666666666664,-47.375,-10.4,12.333333333333334
2020-07-27,-24.88888888888889,-14.333333333333334,-42.476190476190474,-35.05555555555556,-6.238095238095238,8.866666666666667
2020-07-28,-29.55,-16.15,-46.6,-36.88235294117647,-7.761904761904762,9.333333333333334
2020-07-29,-25.105263157894736,-13.5,-38.714285714285715,-33.1764705882353,-7.380952380952381,8.6
2020-07-30,-28.95,-18.05,-40.80952380952381,-36.05882352941177,-9.142857142857142,9.133333333333333
2020-07-31,-24.2,-9.95,-39.19047619047619,-33.5,-6.9523809523809526,8.733333333333333
2020-08-01,-18.833333333333332,0.8333333333333334,-27.238095238095237,-32.0625,-4.619047619047619,7.555555555555555
2020-08-02,-23.77777777777778,-9.846153846153847,-29.285714285714285,-40.5625,-8.45,11.666666666666666
2020-08-03,-14.38888888888889,-1.1,-27.047619047619047,-25.4375,9.904761904761905,5.3125
2020-08-04,-13.555555555555555,3.473684210526316,-23.95,-20.2,10.333333333333334,4.3125
2020-08-05,-10.222222222222221,4.75,-22.142857142857142,-23.428571428571427,9.619047619047619,4.375
2020-08-06,-20.736842105263158,-5.526315789473684,-39.714285714285715,-24.5625,8.0,5.294117647058823
2020-08-07,-23.25,-4.95,-48.142857142857146,-29.875,5.333333333333333,7.733333333333333
2020-08-08,-17.27777777777778,4.222222222222222,-35.285714285714285,-31.866666666666667,-2.9523809523809526,8.444444444444445
2020-08-09,-26.444444444444443,-10.692307692307692,-38.38095238095238,-43.9375,-7.6,12.833333333333334
2020-08-10,-14.38888888888889,-0.5,-38.38095238095238,-23.9375,10.714285714285714,5.3125
2020-08-11,-21.42105263157895,-5.315789473684211,-42.4,-26.866666666666667,9.619047619047619,5.5625
2020-08-12,-17.05263157894737,-2.5,-38.57142857142857,-22.6875,10.095238095238095,5.5625
2020-08-13,-19.473684210526315,-6.631578947368421,-34.857142857142854,-22.5,9.285714285714286,5.0588235294117645
2020-08-14,-17.2,-1.0,-37.285714285714285,-29.6875,9.571428571428571,5.5
2020-08-15,-15.5,6.555555555555555,-33.857142857142854,-32.0,-2.0476190476190474,7.333333333333333
2020-08-16,-22.38888888888889,-6.0,-33.61904761904762,-40.8125,-6.55,9.5
2020-08-17,-27.6,-19.4,-47.666666666666664,-30.6,-2.8333333333333335,5.133333333333334
2020-08-18,-30.2,-19.4,-45.0,-29.4,-1.6666666666666667,5.0
2020-08-19,-34.0,-20.8,-59.666666666666664,-33.2,-5.166666666666667,6.8125
2020-08-20,-34.6,-23.0,-55.5,-35.8,-6.333333333333333,7.3125
2020-08-21,-29.4,-16.8,-51.0,-31.2,-2.6666666666666665,6.25
2020-08-22,-25.6,-13.4,-41.142857142857146,-29.8,-13.6,7.333333333333333
2020-08-23,-28.0,-16.0,-37.0,-34.0,-19.8,9.333333333333334
2020-08-24,-19.2,-3.0,-35.166666666666664,-26.2,-9.833333333333334,3.125
2020-08-25,-69.8,-50.8,-70.66666666666667,-67.2,-66.44444444444444,17.666666666666668
2020-08-26,-44.6,-31.2,-67.16666666666667,-41.4,-7.166666666666667,7.4
2020-08-27,-35.4,-22.6,-54.5,-35.4,-4.333333333333333,8.733333333333333
2020-08-28,-32.0,-19.2,-51.714285714285715,-33.4,-1.6666666666666667,5.75
2020-08-29,-37.6,-21.2,-65.14285714285714,-43.4,-15.6,10.444444444444445
2020-08-30,-33.8,-20.0,-51.714285714285715,-43.6,-20.2,11.0
2020-08-31,-33.2,-23.2,-56.833333333333336,-35.6,0.0,5.75
2020-09-01,-38.4,-22.2,-59.833333333333336,-36.2,-2.6666666666666665,8.466666666666667
2020-09-02,-48.6,-31.2,-71.66666666666667,-49.6,-11.833333333333334,10.866666666666667
2020-09-03,-31.6,-14.0,-55.833333333333336,-35.0,-3.5,5.8125
2020-09-04,-24.6,-10.0,-47.714285714285715,-28.2,-0.5,3.9375
2020-09-05,-19.8,-6.0,-45.0,-27.8,-12.6,6.111111111111111
2020-09-06,-26.0,-11.4,-49.857142857142854,-36.0,-20.4,9.333333333333334
2020-09-07,-23.4,-12.4,-47.0,-28.6,0.0,3.4375
2020-09-08,-25.4,-12.4,-42.166666666666664,-25.6,-0.6666666666666666,3.176470588235294
2020-09-09,-27.8,-14.0,-49.333333333333336,-28.6,-2.3333333333333335,3.5625
2020-09-10,-24.0,-13.2,-37.0,-26.0,-1.8333333333333333,1.7222222222222223
2020-09-11,-13.722222222222221,0.47368421052631576,-32.85,-29.125,8.523809523809524,2.6875
2020-09-12,-13.88888888888889,1.0,-29.333333333333332,-33.294117647058826,-8.333333333333334,4.444444444444445
2020-09-13,-23.529411764705884,-10.75,-33.23809523809524,-43.77777777777778,-15.8,7.333333333333333
2020-09-14,-8.666666666666666,-2.1666666666666665,-30.42105263157895,-27.4,16.952380952380953,2.5
2020-09-15,-15.444444444444445,-4.555555555555555,-32.9,-27.785714285714285,15.80952380952381,3.4705882352941178
2020-09-16,-11.11111111111111,-2.111111111111111,-26.61904761904762,-26.4375,15.19047619047619,2.588235294117647
2020-09-17,-18.333333333333332,-8.31578947368421,-22.714285714285715,-41.0,-3.238095238095238,7.066666666666666
2020-09-18,-12.38888888888889,1.05,-26.0,-27.625,11.619047619047619,3.0
2020-09-19,-16.444444444444443,1.0,-29.952380952380953,-34.4375,-8.428571428571429,6.0
2020-09-20,-15.75,-4.769230769230769,-15.714285714285714,-41.1764705882353,-13.2,8.0
2020-09-21,-10.666666666666666,-2.473684210526316,-26.789473684210527,-32.6,-7.238095238095238,5.333333333333333
2020-09-22,-18.944444444444443,-6.526315789473684,-28.9,-28.666666666666668,-7.380952380952381,4.933333333333334
2020-09-23,-18.666666666666668,-2.9444444444444446,-32.75,-24.875,12.666666666666666,2.8
2020-09-24,-23.63157894736842,-8.421052631578947,-32.095238095238095,-26.2,10.380952380952381,4.052631578947368
2020-09-25,-21.68421052631579,-3.6315789473684212,-39.75,-29.375,10.380952380952381,4.7368421052631575
2020-09-26,-33.6,-10.11111111111111,-55.38095238095238,-44.666666666666664,-13.666666666666666,11.235294117647058
2020-09-27,-9.9375,10.923076923076923,-29.666666666666668,-23.571428571428573,-6.45,4.909090909090909
2020-09-28,-22.77777777777778,-9.5,-35.2,-32.2,-3.2857142857142856,7.2105263157894735
2020-09-29,-24.68421052631579,-7.631578947368421,-34.2,-28.428571428571427,14.714285714285714,3.35
2020-09-30,-21.68421052631579,-5.842105263157895,-33.95238095238095,-29.5,13.0,2.2
2020-10-01,-24.526315789473685,-3.263157894736842,-38.523809523809526,-31.0,10.380952380952381,1.85
2020-10-02,-20.263157894736842,8.2,-45.85,-28.6875,8.952380952380953,3.1578947368421053
2020-10-03,-23.944444444444443,3.4444444444444446,-46.38095238095238,-35.1875,-11.238095238095237,7.0
2020-10-04,-32.333333333333336,-10.714285714285714,-54.42857142857143,-47.4375,-22.5,10.272727272727273
2020-10-05,-16.055555555555557,3.2222222222222223,-39.0,-27.066666666666666,12.476190476190476,2.5
2020-10-06,-17.38888888888889,1.8333333333333333,-32.45,-25.846153846153847,14.19047619047619,1.1
2020-10-07,-11.555555555555555,7.055555555555555,-26.285714285714285,-24.066666666666666,16.333333333333332,0.7
2020-10-08,-17.61111111111111,1.894736842105263,-32.857142857142854,-23.466666666666665,14.476190476190476,2.35
2020-10-09,-14.61111111111111,6.2,-32.5,-25.9375,13.904761904761905,2.2
2020-10-10,-13.333333333333334,7.166666666666667,-22.095238095238095,-30.4375,-6.285714285714286,4.444444444444445
2020-10-11,-18.11764705882353,-4.3076923076923075,-24.857142857142858,-44.9375,-14.9,8.181818181818182
2020-10-12,-21.61111111111111,-9.368421052631579,-34.78947368421053,-40.2,-25.80952380952381,8.0
2020-10-13,-20.055555555555557,-3.111111111111111,-35.95238095238095,-24.785714285714285,15.666666666666666,3.15
2020-10-14,-15.166666666666666,1.1666666666666667,-28.761904761904763,-23.3125,17.142857142857142,2.6
2020-10-15,-18.789473684210527,-0.47368421052631576,-31.904761904761905,-24.933333333333334,13.714285714285714,3.1
2020-10-16,-16.42105263157895,3.85,-30.7,-26.4375,14.19047619047619,2.75
2020-10-17,-21.555555555555557,-2.611111111111111,-33.57142857142857,-35.75,-8.380952380952381,6.529411764705882
2020-10-18,-20.666666666666668,-10.76923076923077,-20.38095238095238,-41.9375,-16.8,7.0
2020-10-19,-21.22222222222222,-6.842105263157895,-38.10526315789474,-30.466666666666665,11.80952380952381,4.2105263157894735
2020-10-20,-32.21052631578947,-11.368421052631579,-54.285714285714285,-39.07142857142857,8.095238095238095,7.35
2020-10-21,-20.57894736842105,-2.8947368421052633,-42.857142857142854,-30.125,17.19047619047619,4.421052631578948
2020-10-22,-31.105263157894736,-10.0,-48.095238095238095,-37.6,9.333333333333334,6.894736842105263
2020-10-23,-20.789473684210527,0.45,-37.25,-31.058823529411764,12.952380952380953,4.631578947368421
2020-10-24,-21.833333333333332,-1.0,-29.238095238095237,-37.625,-6.809523809523809,6.882352941176471
2020-10-25,-33.77777777777778,-14.307692307692308,-43.285714285714285,-50.588235294117645,-18.15,11.272727272727273
2020-10-26,-22.666666666666668,-6.421052631578948,-42.95,-33.2,14.714285714285714,5.105263157894737
2020-10-27,-22.31578947368421,-6.7368421052631575,-33.25,-27.466666666666665,16.333333333333332,3.4
2020-10-28,-23.666666666666668,-7.222222222222222,-43.95238095238095,-34.64705882352941,11.428571428571429,4.842105263157895
2020-10-29,-24.31578947368421,-8.368421052631579,-41.38095238095238,-30.8,13.904761904761905,3.7
2020-10-30,-20.61111111111111,-1.3,-37.8,-31.125,13.19047619047619,2.8
2020-10-31,-16.88888888888889,7.0,-26.238095238095237,-34.9375,-8.095238095238095,4.611111111111111
2020-11-01,-20.058823529411764,-2.4615384615384617,-15.666666666666666,-42.0625,-16.3,6.818181818181818
2020-11-02,-31.11111111111111,-12.894736842105264,-17.105263157894736,-42.8235294117647,-41.42857142857143,8.789473684210526
2020-11-03,-17.22222222222222,2.3684210526315788,-33.80952380952381,-22.4,15.380952380952381,1.95
2020-11-04,-10.166666666666666,14.166666666666666,-31.666666666666668,-25.666666666666668,17.476190476190474,1.95
2020-11-05,-14.0,6.444444444444445,-32.285714285714285,-26.333333333333332,14.476190476190476,1.75
2020-11-06,-12.38888888888889,9.68421052631579,-32.4,-28.375,13.714285714285714,1.6
2020-11-07,-13.88888888888889,7.166666666666667,-28.095238095238095,-35.5,-6.285714285714286,4.555555555555555
2020-11-08,-21.823529411764707,-4.769230769230769,-26.095238095238095,-44.11764705882353,-16.0,6.545454545454546
2020-11-09,-14.61111111111111,3.736842105263158,-39.45,-29.8,15.095238095238095,2.8421052631578947
2020-11-10,-18.210526315789473,2.473684210526316,-35.0,-30.428571428571427,12.761904761904763,3.3684210526315788
2020-11-11,-15.61111111111111,3.8421052631578947,-35.80952380952381,-30.3125,13.476190476190476,2.8947368421052633
2020-11-12,-20.105263157894736,-0.6842105263157895,-35.333333333333336,-31.266666666666666,12.428571428571429,3.0526315789473686
2020-11-13,-18.473684210526315,2.526315789473684,-37.6,-32.875,12.476190476190476,2.9473684210526314
2020-11-14,-20.77777777777778,0.3333333333333333,-37.38095238095238,-40.0625,-8.142857142857142,5.888888888888889
2020-11-15,-24.444444444444443,-10.461538461538462,-32.666666666666664,-46.588235294117645,-17.35,7.363636363636363
2020-11-16,-18.22222222222222,-1.2105263157894737,-36.75,-31.8,14.285714285714286,3.210526315789474
2020-11-17,-23.736842105263158,-5.578947368421052,-40.05,-33.785714285714285,13.238095238095237,3.7
2020-11-18,-20.36842105263158,-3.526315789473684,-40.95238095238095,-34.0625,13.333333333333334,3.736842105263158
2020-11-19,-21.94736842105263,-3.736842105263158,-38.23809523809524,-33.53333333333333,11.238095238095237,3.6
2020-11-20,-17.789473684210527,4.05,-36.0,-31.8125,11.380952380952381,2.9
2020-11-21,-20.833333333333332,-1.5555555555555556,-32.38095238095238,-39.375,-8.333333333333334,5.888888888888889
2020-11-22,-23.61111111111111,-11.76923076923077,-28.523809523809526,-45.35294117647059,-17.45,6.818181818181818
2020-11-23,-19.5,-3.25,-35.5,-33.6875,11.666666666666666,3.3684210526315788
2020-11-24,-26.473684210526315,-7.7894736842105265,-39.714285714285715,-34.8,9.904761904761905,4.0
2020-11-25,-25.894736842105264,-7.85,-46.666666666666664,-38.8235294117647,7.714285714285714,6.2631578947368425
2020-11-26,-23.789473684210527,-7.2105263157894735,-39.523809523809526,-36.333333333333336,4.380952380952381,4.315789473684211
2020-11-27,-20.31578947368421,-2.4,-35.7,-37.0,9.857142857142858,3.1578947368421053
2020-11-28,-31.842105263157894,-12.61111111111111,-52.57142857142857,-47.705882352941174,-12.19047619047619,9.5
2020-11-29,-27.88888888888889,-12.538461538461538,-34.333333333333336,-48.72222222222222,-16.75,8.181818181818182
2020-11-30,-20.38888888888889,-3.210526315789474,-39.9,-36.1875,11.523809523809524,3.526315789473684
2020-12-01,-20.22222222222222,1.4210526315789473,-35.714285714285715,-30.785714285714285,11.952380952380953,3.15
2020-12-02,-19.666666666666668,5.777777777777778,-44.285714285714285,-34.125,10.0,4.1
2020-12-03,-14.157894736842104,8.0,-31.857142857142858,-29.4,9.238095238095237,3.1
2020-12-04,-15.277777777777779,14.0,-39.1,-33.1875,9.0,3.1
2020-12-05,-16.38888888888889,11.11111111111111,-36.57142857142857,-36.625,-6.428571428571429,5.764705882352941
2020-12-06,-23.333333333333332,-1.8461538461538463,-33.857142857142854,-47.94444444444444,-16.7,8.090909090909092
2020-12-07,-11.5,8.631578947368421,-32.3,-32.86666666666667,4.904761904761905,3.526315789473684
2020-12-08,-15.833333333333334,8.055555555555555,-30.80952380952381,-30.466666666666665,8.523809523809524,3.4
2020-12-09,-14.722222222222221,5.444444444444445,-27.7,-31.125,7.666666666666667,3.210526315789474
2020-12-10,-19.157894736842106,3.526315789473684,-26.857142857142858,-28.933333333333334,4.809523809523809,3.6842105263157894
2020-12-11,-18.789473684210527,6.65,-33.85,-34.0,1.1904761904761905,4.631578947368421
2020-12-12,-24.444444444444443,0.2777777777777778,-37.0,-40.5,-8.761904761904763,7.588235294117647
2020-12-13,-37.94444444444444,-10.928571428571429,-52.666666666666664,-56.0,-20.714285714285715,12.454545454545455
2020-12-14,-12.277777777777779,6.888888888888889,-27.36842105263158,-29.933333333333334,4.809523809523809,3.789473684210526
2020-12-15,-20.555555555555557,1.6842105263157894,-36.23809523809524,-32.5,2.9523809523809526,4.95
2020-12-16,-13.833333333333334,6.277777777777778,-29.1,-29.5,4.142857142857143,4.157894736842105
2020-12-17,-16.842105263157894,5.2105263157894735,-28.333333333333332,-29.666666666666668,1.2857142857142858,4.368421052631579
2020-12-18,-14.11111111111111,12.052631578947368,-25.75,-32.9375,2.0476190476190474,4.105263157894737
2020-12-19,-19.72222222222222,8.444444444444445,-41.23809523809524,-39.9375,-8.952380952380953,8.470588235294118
2020-12-20,-23.61111111111111,1.1538461538461537,-38.76190476190476,-50.06666666666667,-14.15,10.818181818181818
2020-12-21,-1.4444444444444444,16.0,-28.105263157894736,-27.733333333333334,0.5238095238095238,3.6842105263157894
2020-12-22,-6.222222222222222,19.38888888888889,-24.1,-25.642857142857142,-1.8095238095238095,3.4
2020-12-23,7.166666666666667,41.529411764705884,-21.1,-20.733333333333334,-4.428571428571429,1.7894736842105263
2020-12-24,-12.722222222222221,34.05555555555556,-37.904761904761905,-36.9375,-26.571428571428573,5.842105263157895
2020-12-25,-67.45,-67.66666666666667,-33.85,-69.61111111111111,-66.19047619047619,13.842105263157896
2020-12-26,-35.473684210526315,-14.11111111111111,-35.38095238095238,-47.5,-23.476190476190474,10.4375
2020-12-27,-37.0,-17.357142857142858,-35.666666666666664,-53.3125,-19.61904761904762,10.272727272727273
2020-12-28,-16.055555555555557,2.8947368421052633,-26.894736842105264,-38.25,-13.285714285714286,7.0
2020-12-29,-20.105263157894736,2.526315789473684,-25.428571428571427,-37.06666666666667,-14.428571428571429,6.842105263157895
2020-12-30,-11.055555555555555,29.055555555555557,-34.85,-29.9375,-14.0,5.894736842105263
2020-12-31,-20.05263157894737,33.833333333333336,-35.142857142857146,-37.25,-29.904761904761905,5.842105263157895
2021-01-01,-65.5,-63.94444444444444,-23.31578947368421,-67.61111111111111,-66.95238095238095,13.157894736842104
2021-01-02,-33.8,-6.0,-21.047619047619047,-42.375,-27.38095238095238,8.764705882352942
2021-01-03,-31.72222222222222,-7.428571428571429,-23.142857142857142,-45.266666666666666,-20.714285714285715,7.909090909090909
2021-01-04,-11.61111111111111,14.055555555555555,-19.42105263157895,-33.75,-20.952380952380953,6.684210526315789
2021-01-05,-8.055555555555555,25.38888888888889,-22.238095238095237,-29.142857142857142,-22.38095238095238,6.7368421052631575
2021-01-06,-26.57894736842105,5.052631578947368,-23.25,-41.11764705882353,-36.333333333333336,10.789473684210526
2021-01-07,-17.05263157894737,9.222222222222221,-14.761904761904763,-30.333333333333332,-21.857142857142858,6.473684210526316
2021-01-08,-20.15,8.65,-21.2,-36.05882352941177,-21.80952380952381,7.421052631578948
2021-01-09,-25.36842105263158,3.6666666666666665,-31.952380952380953,-39.8125,-16.19047619047619,7.235294117647059
2021-01-10,-32.666666666666664,-8.5,-25.333333333333332,-46.529411764705884,-18.333333333333332,6.909090909090909
2021-01-11,-30.333333333333332,-7.2631578947368425,-48.7,-41.875,-23.714285714285715,9.526315789473685
2021-01-12,-22.27777777777778,3.3157894736842106,-29.428571428571427,-32.93333333333333,-18.19047619047619,5.842105263157895
2021-01-13,-22.736842105263158,-1.631578947368421,-30.05,-36.529411764705884,-19.666666666666668,4.2105263157894735
2021-01-14,-28.95,-6.894736842105263,-31.238095238095237,-38.333333333333336,-23.428571428571427,4.631578947368421
2021-01-15,-33.4,-10.0,-43.85,-44.31578947368421,-25.238095238095237,5.7368421052631575
2021-01-16,-36.7,-13.5,-42.76190476190476,-48.76470588235294,-23.523809523809526,7.764705882352941
2021-01-17,-39.05555555555556,-15.357142857142858,-42.142857142857146,-54.77777777777778,-24.333333333333332,9.090909090909092
2021-01-18,-26.333333333333332,-8.166666666666666,-31.473684210526315,-40.0625,-21.857142857142858,4.368421052631579
2021-01-19,-31.05263157894737,-8.45,-26.476190476190474,-36.625,-22.476190476190474,4.894736842105263
2021-01-20,-27.68421052631579,-7.421052631578948,-28.9,-40.23529411764706,-20.952380952380953,5.0
2021-01-21,-31.6,-10.65,-27.571428571428573,-40.0,-22.761904761904763,5.2631578947368425
2021-01-22,-30.85,-8.947368421052632,-30.3,-42.73684210526316,-21.857142857142858,5.368421052631579
2021-01-23,-35.45,-12.555555555555555,-28.285714285714285,-45.25,-19.857142857142858,5.411764705882353
2021-01-24,-39.0,-17.214285714285715,-27.095238095238095,-50.294117647058826,-23.095238095238095,5.636363636363637
2021-01-25,-30.61111111111111,-11.263157894736842,-29.94736842105263,-42.875,-19.80952380952381,4.631578947368421
2021-01-26,-38.4,-16.57894736842105,-41.857142857142854,-44.0625,-21.761904761904763,7.105263157894737
2021-01-27,-30.2,-11.263157894736842,-35.57142857142857,-42.588235294117645,-18.428571428571427,6.315789473684211
2021-01-28,-31.85,-12.75,-31.666666666666668,-41.22222222222222,-19.666666666666668,5.473684210526316
2021-01-29,-30.4,-8.1,-34.4,-42.89473684210526,-18.523809523809526,5.105263157894737
2021-01-30,-44.0,-17.22222222222222,-56.76190476190476,-53.705882352941174,-21.19047619047619,8.6875
2021-01-31,-43.388888888888886,-12.857142857142858,-53.285714285714285,-57.27777777777778,-22.047619047619047,10.0
2021-02-01,-30.22222222222222,-7.578947368421052,-42.65,-43.5625,-14.380952380952381,4.947368421052632
2021-02-02,-29.157894736842106,-2.473684210526316,-44.04761904761905,-37.9375,-12.904761904761905,4.2105263157894735
2021-02-03,-34.0,-11.263157894736842,-59.095238095238095,-43.64705882352941,-15.523809523809524,6.684210526315789
2021-02-04,-24.31578947368421,-0.7777777777777778,-36.42857142857143,-35.333333333333336,-13.571428571428571,2.9473684210526314
2021-02-05,-20.210526315789473,6.578947368421052,-33.25,-34.1875,-11.619047619047619,1.5789473684210527
2021-02-06,-24.94736842105263,-1.3333333333333333,-28.38095238095238,-36.75,-13.80952380952381,2.6470588235294117
2021-02-07,-31.61111111111111,-10.5,-25.857142857142858,-45.4,-17.61904761904762,4.181818181818182
2021-02-08,-24.944444444444443,-4.315789473684211,-41.45,-36.5,-13.19047619047619,3.210526315789474
2021-02-09,-25.736842105263158,-3.4444444444444446,-37.19047619047619,-32.5,-11.952380952380953,2.6315789473684212
2021-02-10,-22.88888888888889,0.15789473684210525,-37.142857142857146,-32.705882352941174,-10.714285714285714,2.736842105263158
2021-02-11,-30.789473684210527,-6.3,-47.95238095238095,-37.294117647058826,-14.285714285714286,4.473684210526316
2021-02-12,-26.42105263157895,5.0,-45.95,-36.470588235294116,-13.285714285714286,3.210526315789474
2021-02-13,-24.944444444444443,4.888888888888889,-35.285714285714285,-36.3125,-15.285714285714286,2.764705882352941
2021-02-14,-25.5,-2.9285714285714284,-32.857142857142854,-44.94444444444444,-18.38095238095238,6.454545454545454
2021-02-15,-27.61111111111111,-4.5,-22.526315789473685,-42.9375,-38.523809523809526,6.0
2021-02-16,-36.73684210526316,-12.11111111111111,-35.523809523809526,-41.86666666666667,-38.95238095238095,6.421052631578948
2021-02-17,-20.333333333333332,4.777777777777778,-36.857142857142854,-29.0,-12.761904761904763,2.0526315789473686
2021-02-18,-23.05263157894737,0.6842105263157895,-27.857142857142858,-29.2,-12.285714285714286,1.55
2021-02-19,-21.25,4.15,-31.7,-32.8125,-11.761904761904763,1.631578947368421
2021-02-20,-25.94736842105263,-0.2222222222222222,-30.19047619047619,-38.94117647058823,-13.857142857142858,2.7222222222222223
2021-02-21,-29.055555555555557,-6.571428571428571,-27.238095238095237,-42.9375,-16.4,4.0
2021-02-22,-24.22222222222222,-2.8421052631578947,-41.421052631578945,-33.333333333333336,-7.142857142857143,1.35
2021-02-23,-24.263157894736842,-2.1052631578947367,-33.38095238095238,-30.571428571428573,-6.619047619047619,1.45
2021-02-24,-19.72222222222222,1.3157894736842106,-31.2,-29.0625,-5.0,1.1578947368421053
2021-02-25,-24.42105263157895,-1.736842105263158,-30.523809523809526,-30.25,-6.857142857142857,0.8
2021-02-26,-21.31578947368421,5.65,-32.95,-32.76470588235294,-5.761904761904762,0.5
2021-02-27,-23.77777777777778,5.611111111111111,-30.904761904761905,-37.529411764705884,-11.571428571428571,2.3333333333333335
2021-02-28,-27.88888888888889,0.07692307692307693,-30.047619047619047,-44.8235294117647,-14.0,4.181818181818182
2021-03-01,-15.833333333333334,9.88888888888889,-35.78947368421053,-29.8,-2.4285714285714284,-0.4
2021-03-02,-17.333333333333332,14.555555555555555,-32.76190476190476,-25.857142857142858,-1.3333333333333333,-0.4
2021-03-03,-15.555555555555555,14.166666666666666,-35.142857142857146,-24.75,-0.6190476190476191,-0.2
2021-03-04,-21.210526315789473,6.333333333333333,-39.904761904761905,-27.066666666666666,-2.857142857142857,0.55
2021-03-05,-16.166666666666668,14.333333333333334,-38.3,-28.176470588235293,-0.5714285714285714,-0.9
2021-03-06,-18.77777777777778,12.666666666666666,-34.61904761904762,-34.0,-8.666666666666666,2.611111111111111
2021-03-07,-25.0,0.3076923076923077,-29.047619047619047,-43.294117647058826,-13.75,5.090909090909091
2021-03-08,-13.222222222222221,12.5,-32.15,-25.066666666666666,-0.9523809523809523,-0.95
2021-03-09,-21.42105263157895,6.157894736842105,-37.04761904761905,-26.214285714285715,0.38095238095238093,-0.35
2021-03-10,-18.944444444444443,7.333333333333333,-35.57142857142857,-24.625,1.4285714285714286,-0.05
2021-03-11,-22.736842105263158,1.4444444444444444,-35.57142857142857,-27.066666666666666,-0.42857142857142855,0.05
2021-03-12,-23.166666666666668,3.7222222222222223,-37.9,-29.058823529411764,0.42857142857142855,0.0
2021-03-13,-25.77777777777778,2.6666666666666665,-35.76190476190476,-39.94117647058823,-10.095238095238095,4.0
2021-03-14,-30.944444444444443,-6.461538461538462,-33.57142857142857,-46.411764705882355,-15.15,6.545454545454546
2021-03-15,-22.72222222222222,2.6842105263157894,-39.6,-30.066666666666666,2.1904761904761907,0.8421052631578947
2021-03-16,-32.36842105263158,-6.578947368421052,-50.142857142857146,-33.92857142857143,-0.8095238095238095,2.8
2021-03-17,-31.57894736842105,-3.7222222222222223,-56.23809523809524,-36.705882352941174,-0.47619047619047616,4.631578947368421
2021-03-18,-28.263157894736842,-2.7777777777777777,-44.57142857142857,-31.8,-0.6666666666666666,2.9473684210526314
2021-03-19,-26.842105263157894,1.4736842105263157,-43.4,-34.76470588235294,0.6190476190476191,2.263157894736842
2021-03-20,-41.26315789473684,-9.88888888888889,-62.57142857142857,-51.411764705882355,-15.333333333333334,9.8125
2021-03-21,-37.111111111111114,-5.769230769230769,-46.23809523809524,-51.77777777777778,-18.4,10.545454545454545
2021-03-22,-27.11111111111111,0.10526315789473684,-47.6,-33.375,1.619047619047619,2.789473684210526
2021-03-23,-32.1578947368421,-5.684210526315789,-45.42857142857143,-32.0,-0.8095238095238095,3.3157894736842106
2021-03-24,-33.22222222222222,-5.368421052631579,-46.904761904761905,-40.294117647058826,-12.380952380952381,6.368421052631579
2021-03-25,-47.8,-22.1,-68.76190476190476,-51.666666666666664,-22.761904761904763,11.631578947368421
2021-03-26,-33.21052631578947,3.5789473684210527,-53.85,-43.77777777777778,-17.61904761904762,8.526315789473685
2021-03-27,-35.22222222222222,6.388888888888889,-52.857142857142854,-45.470588235294116,-15.904761904761905,8.5
2021-03-28,-41.166666666666664,-5.923076923076923,-47.95238095238095,-55.27777777777778,-21.714285714285715,12.0
2021-03-29,-26.055555555555557,4.5,-44.55,-43.4375,-30.095238095238095,8.263157894736842
2021-03-30,-29.57894736842105,4.684210526315789,-37.857142857142854,-37.5,-31.333333333333332,7.578947368421052
2021-03-31,-22.736842105263158,13.222222222222221,-36.38095238095238,-37.11764705882353,-32.523809523809526,6.684210526315789
2021-04-01,-31.15,12.61111111111111,-33.666666666666664,-38.76470588235294,-43.142857142857146,8.105263157894736
2021-04-02,-52.45,-20.15,-35.2,-56.68421052631579,-57.904761904761905,14.31578947368421
2021-04-03,-41.6,-0.2222222222222222,-39.714285714285715,-50.76470588235294,-33.38095238095238,8.8125
2021-04-04,-43.94444444444444,-8.538461538461538,-47.95238095238095,-52.22222222222222,-20.095238095238095,9.090909090909092
2021-04-05,-26.833333333333332,3.789473684210526,-45.9,-38.375,-17.476190476190474,6.7894736842105265
2021-04-06,-31.210526315789473,-0.631578947368421,-45.0,-37.53333333333333,-18.285714285714285,7.421052631578948
2021-04-07,-29.11111111111111,3.0,-44.0,-36.05882352941177,-18.095238095238095,7.105263157894737
2021-04-08,-32.10526315789474,0.3333333333333333,-47.285714285714285,-38.470588235294116,-17.476190476190474,7.157894736842105
2021-04-09,-38.75,-2.5,-64.25,-48.05555555555556,-20.571428571428573,11.421052631578947
2021-04-10,-46.4,-9.11111111111111,-71.52380952380952,-57.388888888888886,-23.142857142857142,13.6875
2021-04-11,-52.55555555555556,-13.571428571428571,-68.80952380952381,-64.0,-27.523809523809526,16.454545454545453
2021-04-12,-25.11111111111111,5.421052631578948,-46.75,-37.8125,-14.428571428571429,7.052631578947368
2021-04-13,-30.473684210526315,-0.21052631578947367,-47.333333333333336,-36.4375,-15.285714285714286,7.368421052631579
2021-04-14,-29.11111111111111,1.4444444444444444,-48.0,-36.705882352941174,-15.285714285714286,7.157894736842105
2021-04-15,-34.10526315789474,-5.111111111111111,-51.76190476190476,-41.11764705882353,-17.38095238095238,8.31578947368421
2021-04-16,-28.842105263157894,6.631578947368421,-48.85,-39.888888888888886,-14.428571428571429,7.842105263157895
2021-04-17,-31.526315789473685,5.277777777777778,-46.04761904761905,-43.529411764705884,-14.19047619047619,8.176470588235293
2021-04-18,-37.55555555555556,-4.923076923076923,-44.142857142857146,-51.72222222222222,-20.0,10.909090909090908
2021-04-19,-30.77777777777778,-3.4210526315789473,-43.1,-45.75,-29.0,9.052631578947368
2021-04-20,-32.63157894736842,-3.0526315789473686,-48.476190476190474,-36.9375,-14.857142857142858,7.631578947368421
2021-04-21,-31.666666666666668,-2.7222222222222223,-48.666666666666664,-39.64705882352941,-14.714285714285714,7.526315789473684
2021-04-22,-32.89473684210526,-2.1052631578947367,-48.19047619047619,-40.529411764705884,-14.714285714285714,7.526315789473684
2021-04-23,-30.94736842105263,2.5,-47.85,-42.166666666666664,-13.047619047619047,7.947368421052632
2021-04-24,-37.68421052631579,-1.1666666666666667,-59.714285714285715,-51.64705882352941,-15.666666666666666,10.8125
2021-04-25,-45.333333333333336,-11.0,-54.523809523809526,-57.22222222222222,-21.142857142857142,13.454545454545455
2021-04-26,-30.11111111111111,-3.0,-50.5,-44.0625,-12.380952380952381,7.842105263157895
2021-04-27,-33.8421052631579,-6.2105263157894735,-51.23809523809524,-41.705882352941174,-13.333333333333334,8.157894736842104
2021-04-28,-32.0,-3.789473684210526,-49.42857142857143,-40.8235294117647,-12.857142857142858,7.7368421052631575
2021-04-29,-33.21052631578947,-3.0,-48.857142857142854,-40.8235294117647,-14.523809523809524,7.473684210526316
2021-04-30,-22.27777777777778,26.666666666666668,-43.45,-36.5,-12.619047619047619,5.7368421052631575
2021-05-01,-56.15,-43.0,-40.904761904761905,-69.05555555555556,-47.42857142857143,12.0
2021-05-02,-32.0,3.0,-39.76190476190476,-47.833333333333336,-18.714285714285715,8.727272727272727
2021-05-03,-26.38888888888889,4.388888888888889,-52.15,-38.9375,-11.285714285714286,6.684210526315789
2021-05-04,-26.0,15.777777777777779,-53.95238095238095,-34.666666666666664,-12.80952380952381,7.684210526315789
2021-05-05,-20.38888888888889,19.352941176470587,-51.523809523809526,-32.8235294117647,-10.476190476190476,6.526315789473684
2021-05-06,-21.36842105263158,16.22222222222222,-49.19047619047619,-33.266666666666666,-12.047619047619047,6.631578947368421
2021-05-07,-18.333333333333332,24.333333333333332,-47.4,-32.3125,-9.19047619047619,6.2105263157894735
2021-05-08,-12.833333333333334,32.35294117647059,-43.857142857142854,-32.0,-9.0,5.823529411764706
2021-05-09,-29.11111111111111,10.461538461538462,-53.23809523809524,-47.1764705882353,-6.6,8.0
2021-05-10,-23.27777777777778,8.88888888888889,-52.05,-34.06666666666667,-9.761904761904763,6.842105263157895
2021-05-11,-26.38888888888889,7.333333333333333,-49.095238095238095,-33.285714285714285,-8.952380952380953,7.157894736842105
2021-05-12,-21.61111111111111,10.88888888888889,-46.80952380952381,-29.4375,-8.142857142857142,6.421052631578948
2021-05-13,-25.157894736842106,4.888888888888889,-47.285714285714285,-30.8,-9.619047619047619,6.7894736842105265
2021-05-14,-24.444444444444443,8.0,-46.75,-33.705882352941174,-8.714285714285714,6.7368421052631575
2021-05-15,-26.666666666666668,11.277777777777779,-43.666666666666664,-39.125,-12.095238095238095,7.588235294117647
2021-05-16,-35.0,-1.2307692307692308,-48.142857142857146,-48.94444444444444,-18.80952380952381,11.636363636363637
2021-05-17,-25.11111111111111,3.1052631578947367,-44.5,-39.25,-26.714285714285715,9.0
2021-05-18,-26.555555555555557,2.9473684210526314,-46.333333333333336,-31.714285714285715,-5.190476190476191,6.578947368421052
2021-05-19,-24.666666666666668,5.0,-46.42857142857143,-33.88235294117647,-5.190476190476191,7.105263157894737
2021-05-20,-29.63157894736842,-1.2222222222222223,-50.666666666666664,-35.75,-7.523809523809524,8.578947368421053
2021-05-21,-36.473684210526315,-5.8,-62.95,-42.529411764705884,-9.142857142857142,11.578947368421053
2021-05-22,-44.35,-10.444444444444445,-72.80952380952381,-56.888888888888886,-17.285714285714285,15.5625
2021-05-23,-55.94444444444444,-22.285714285714285,-74.95238095238095,-63.5,-25.6,18.9
2021-05-24,-23.11111111111111,3.263157894736842,-47.4,-35.75,-3.5714285714285716,8.157894736842104
2021-05-25,-27.157894736842106,-0.3888888888888889,-46.61904761904762,-37.142857142857146,-2.2857142857142856,7.842105263157895
2021-05-26,-24.666666666666668,1.631578947368421,-45.42857142857143,-37.0,-2.9047619047619047,7.526315789473684
2021-05-27,-25.894736842105264,-0.7777777777777778,-42.333333333333336,-36.625,-4.428571428571429,7.368421052631579
2021-05-28,-26.61111111111111,7.526315789473684,-47.55,-38.470588235294116,-3.6666666666666665,8.526315789473685
2021-05-29,-31.11111111111111,6.888888888888889,-53.904761904761905,-45.6875,-8.476190476190476,10.588235294117647
2021-05-30,-35.77777777777778,-4.6923076923076925,-47.904761904761905,-52.111111111111114,-18.05,13.727272727272727
2021-05-31,-20.88888888888889,3.3333333333333335,-46.35,-37.2,-1.0952380952380953,8.052631578947368
2021-06-01,-24.055555555555557,10.68421052631579,-45.285714285714285,-34.92857142857143,-1.7619047619047619,7.7894736842105265
2021-06-02,-13.944444444444445,22.176470588235293,-40.76190476190476,-29.375,-1.4761904761904763,6.842105263157895
2021-06-03,-20.157894736842106,12.722222222222221,-42.23809523809524,-33.375,-3.5714285714285716,7.473684210526316
2021-06-04,-23.11111111111111,12.833333333333334,-51.1,-36.88235294117647,-2.142857142857143,8.789473684210526
2021-06-05,-35.55,3.0,-65.42857142857143,-51.529411764705884,-14.619047619047619,14.25
2021-06-06,-28.5,8.153846153846153,-44.523809523809526,-49.3125,-16.428571428571427,12.909090909090908
2021-06-07,-11.11111111111111,19.294117647058822,-43.15,-30.066666666666666,1.0,6.526315789473684
2021-06-08,-20.38888888888889,14.333333333333334,-47.333333333333336,-32.714285714285715,-0.3333333333333333,7.105263157894737
2021-06-09,-17.166666666666668,18.0,-45.714285714285715,-30.4375,-0.19047619047619047,6.684210526315789
2021-06-10,-19.36842105263158,13.166666666666666,-44.095238095238095,-31.4,-1.2857142857142858,7.052631578947368
2021-06-11,-19.444444444444443,15.88888888888889,-46.15,-33.588235294117645,0.09523809523809523,7.157894736842105
2021-06-12,-19.444444444444443,17.444444444444443,-39.42857142857143,-35.75,-6.714285714285714,7.705882352941177
2021-06-13,-25.555555555555557,3.8461538461538463,-35.0,-45.64705882352941,-16.0,10.545454545454545
2021-06-14,-16.38888888888889,10.0,-44.73684210526316,-32.4,0.38095238095238093,5.7368421052631575
2021-06-15,-22.055555555555557,8.61111111111111,-47.19047619047619,-32.642857142857146,-1.6666666666666667,6.947368421052632
2021-06-16,-18.72222222222222,11.11111111111111,-49.714285714285715,-32.294117647058826,-1.1904761904761905,6.2631578947368425
2021-06-17,-25.157894736842106,3.2222222222222223,-52.142857142857146,-44.9375,-12.333333333333334,9.105263157894736
2021-06-18,-21.666666666666668,12.055555555555555,-50.85,-35.5625,-2.142857142857143,6.684210526315789
2021-06-19,-26.055555555555557,9.555555555555555,-54.38095238095238,-44.3125,-11.666666666666666,8.882352941176471
2021-06-20,-34.166666666666664,-4.769230769230769,-53.666666666666664,-51.05555555555556,-21.666666666666668,12.454545454545455
2021-06-21,-20.833333333333332,3.526315789473684,-50.85,-35.5625,-1.4761904761904763,6.526315789473684
2021-06-22,-22.263157894736842,6.0,-45.38095238095238,-33.785714285714285,-0.38095238095238093,5.947368421052632
2021-06-23,-26.27777777777778,0.47368421052631576,-54.476190476190474,-36.35294117647059,-1.8571428571428572,7.2631578947368425
2021-06-24,-35.10526315789474,-7.1,-61.19047619047619,-43.94117647058823,-6.666666666666667,10.263157894736842
2021-06-25,-19.11111111111111,11.842105263157896,-44.25,-36.529411764705884,1.380952380952381,6.368421052631579
2021-06-26,-27.5,3.6666666666666665,-53.80952380952381,-41.705882352941174,-8.761904761904763,9.411764705882353
2021-06-27,-43.5,-11.928571428571429,-67.0952380952381,-60.588235294117645,-23.80952380952381,15.181818181818182
2021-06-28,-33.94444444444444,-12.705882352941176,-63.75,-47.0625,-12.047619047619047,9.789473684210526
2021-06-29,-31.42105263157895,-6.842105263157895,-60.38095238095238,-44.142857142857146,-11.666666666666666,9.157894736842104
2021-06-30,-15.277777777777779,14.666666666666666,-46.333333333333336,-30.823529411764707,-6.9523809523809526,6.631578947368421
2021-07-01,-14.277777777777779,16.166666666666668,-38.19047619047619,-29.533333333333335,-7.190476190476191,6.0
2021-07-02,-7.388888888888889,25.176470588235293,-36.55,-27.058823529411764,-4.523809523809524,5.368421052631579
2021-07-03,-14.722222222222221,19.058823529411764,-39.285714285714285,-33.8,-7.0,6.588235294117647
2021-07-04,-19.38888888888889,9.23076923076923,-38.0,-42.0625,-17.15,10.0
2021-07-05,-2.3333333333333335,22.41176470588235,-32.421052631578945,-23.333333333333332,-4.666666666666667,4.368421052631579
2021-07-06,-7.833333333333333,20.705882352941178,-31.428571428571427,-26.307692307692307,-4.9523809523809526,4.526315789473684
2021-07-07,-2.8333333333333335,25.352941176470587,-35.65,-23.8,-5.428571428571429,4.2105263157894735
2021-07-08,-2.9444444444444446,25.666666666666668,-19.714285714285715,-19.6,-6.238095238095238,3.263157894736842
2021-07-09,-1.1111111111111112,26.235294117647058,-21.0,-21.875,-5.0476190476190474,3.3157894736842106
2021-07-10,-6.833333333333333,29.294117647058822,-34.333333333333336,-28.533333333333335,-5.0,4.529411764705882
2021-07-11,-15.411764705882353,14.0,-34.76190476190476,-36.5625,-9.9,6.7272727272727275
2021-07-12,-12.88888888888889,13.117647058823529,-46.31578947368421,-26.8,4.333333333333333,4.2631578947368425
2021-07-13,-19.444444444444443,6.944444444444445,-46.904761904761905,-31.46153846153846,4.285714285714286,4.842105263157895
2021-07-14,-23.94736842105263,3.5789473684210527,-58.285714285714285,-32.64705882352941,0.47619047619047616,7.578947368421052
2021-07-15,-14.0,15.777777777777779,-44.38095238095238,-26.266666666666666,5.333333333333333,4.0
2021-07-16,-11.666666666666666,16.0,-41.15,-26.9375,8.0,3.6315789473684212
2021-07-17,-17.833333333333332,15.555555555555555,-45.285714285714285,-35.75,-4.571428571428571,7.411764705882353
2021-07-18,-44.470588235294116,-17.214285714285715,-65.0,-59.375,-26.25,15.636363636363637
2021-07-19,-11.5,12.117647058823529,-42.15,-24.466666666666665,9.095238095238095,2.8947368421052633
2021-07-20,-12.61111111111111,14.166666666666666,-37.523809523809526,-23.642857142857142,9.904761904761905,2.1052631578947367
2021-07-21,-9.277777777777779,16.77777777777778,-35.95,-22.933333333333334,11.285714285714286,1.631578947368421
2021-07-22,-12.722222222222221,12.833333333333334,-34.61904761904762,-23.6,9.619047619047619,1.5789473684210527
2021-07-23,-7.055555555555555,14.833333333333334,-26.35,-21.4375,11.80952380952381,1.0
2021-07-24,-11.055555555555555,15.666666666666666,-27.095238095238095,-31.3125,-2.8095238095238093,4.555555555555555
2021-07-25,-27.058823529411764,-3.1538461538461537,-41.523809523809526,-48.5625,-17.3,11.454545454545455
2021-07-26,-16.27777777777778,6.0,-44.8,-27.266666666666666,11.333333333333334,3.6315789473684212
2021-07-27,-21.666666666666668,4.105263157894737,-47.76190476190476,-29.285714285714285,13.619047619047619,3.6842105263157894
2021-07-28,-22.055555555555557,2.3157894736842106,-53.23809523809524,-33.625,11.904761904761905,5.2631578947368425
2021-07-29,-18.105263157894736,4.888888888888889,-43.666666666666664,-27.933333333333334,13.714285714285714,3.473684210526316
2021-07-30,-11.0,17.0,-36.8,-26.0625,16.476190476190474,2.263157894736842
2021-07-31,-9.88888888888889,22.666666666666668,-30.857142857142858,-32.0,-2.142857142857143,5.0588235294117645
2021-08-01,-16.470588235294116,7.538461538461538,-30.047619047619047,-40.0625,-15.25,8.727272727272727
2021-08-02,-8.055555555555555,15.470588235294118,-36.95,-22.0,18.571428571428573,1.4736842105263157
2021-08-03,-5.833333333333333,26.470588235294116,-31.65,-17.285714285714285,19.666666666666668,0.25
2021-08-04,-4.888888888888889,23.58823529411765,-37.476190476190474,-20.066666666666666,21.428571428571427,0.5789473684210527
2021-08-05,-6.222222222222222,25.166666666666668,-32.523809523809526,-19.733333333333334,11.619047619047619,1.8421052631578947
2021-08-06,1.5555555555555556,27.058823529411764,-25.9,-15.25,22.19047619047619,-0.75
2021-08-07,4.055555555555555,28.176470588235293,-10.619047619047619,-22.266666666666666,0.7142857142857143,1.1666666666666667
2021-08-08,-22.352941176470587,4.615384615384615,-41.142857142857146,-44.25,-17.05,10.090909090909092
2021-08-09,-24.11111111111111,5.052631578947368,-59.0,-30.733333333333334,11.80952380952381,6.631578947368421
2021-08-10,-9.833333333333334,19.647058823529413,-43.61904761904762,-18.785714285714285,23.523809523809526,1.65
2021-08-11,-3.1666666666666665,24.941176470588236,-36.523809523809526,-17.733333333333334,24.904761904761905,0.47368421052631576
2021-08-12,-7.777777777777778,19.555555555555557,-37.04761904761905,-17.6,22.857142857142858,0.5263157894736842
2021-08-13,-3.0,25.666666666666668,-35.75,-17.125,24.428571428571427,0.2631578947368421
2021-08-14,-2.2777777777777777,26.11764705882353,-30.666666666666668,-26.25,-0.5238095238095238,3.9444444444444446
2021-08-15,-11.588235294117647,11.76923076923077,-26.761904761904763,-32.0,-13.65,7.909090909090909
2021-08-16,-6.666666666666667,15.0,-36.10526315789474,-18.266666666666666,25.476190476190474,0.3684210526315789
2021-08-17,-10.166666666666666,14.166666666666666,-33.19047619047619,-17.714285714285715,25.285714285714285,0.2
2021-08-18,-5.722222222222222,15.777777777777779,-29.05,-21.4,20.095238095238095,1.2105263157894737
2021-08-19,-18.842105263157894,3.2222222222222223,-45.333333333333336,-28.533333333333335,20.19047619047619,3.1052631578947367
2021-08-20,-8.555555555555555,16.055555555555557,-33.6,-20.3125,25.38095238095238,0.631578947368421
2021-08-21,-14.88888888888889,13.333333333333334,-41.857142857142854,-31.375,-3.7142857142857144,6.0
2021-08-22,-18.38888888888889,4.384615384615385,-29.952380952380953,-39.75,-16.2,10.0
2021-08-23,-8.277777777777779,14.11111111111111,-40.55,-20.2,26.571428571428573,0.9473684210526315
2021-08-24,2.3333333333333335,29.11111111111111,-28.9,-14.142857142857142,24.952380952380953,-2.9
2021-08-25,-44.4,-18.9,-19.7,-53.588235294117645,-62.0,12.842105263157896
2021-08-26,-11.38888888888889,12.277777777777779,-32.19047619047619,-17.866666666666667,25.19047619047619,0.3
2021-08-27,-9.61111111111111,15.95,-32.85,-21.5,26.095238095238095,0.7894736842105263
2021-08-28,-12.61111111111111,14.444444444444445,-30.428571428571427,-32.9375,-2.8095238095238093,5.0
2021-08-29,-11.705882352941176,4.461538461538462,-11.80952380952381,-36.3125,-15.35,6.636363636363637
2021-08-30,-6.611111111111111,11.176470588235293,-30.789473684210527,-18.866666666666667,30.095238095238095,-0.47368421052631576
2021-08-31,-9.222222222222221,14.555555555555555,-23.2,-18.785714285714285,29.857142857142858,-0.8
2021-09-01,-9.61111111111111,15.294117647058824,-41.3,-22.933333333333334,28.523809523809526,0.65
2021-09-02,-17.31578947368421,16.72222222222222,-51.38095238095238,-27.266666666666666,19.333333333333332,3.526315789473684
2021-09-03,-1.1666666666666667,30.833333333333332,-35.9,-16.0,28.904761904761905,-0.15789473684210525
2021-09-04,-6.0,25.72222222222222,-38.285714285714285,-31.0,-0.8095238095238095,4.666666666666667
2021-09-05,-16.88235294117647,8.0,-34.0,-40.6875,-15.85,8.818181818181818
2021-09-06,-0.16666666666666666,25.470588235294116,-35.1578947368421,-15.133333333333333,30.904761904761905,-0.7368421052631579
2021-09-07,-22.789473684210527,4.111111111111111,-54.333333333333336,-26.857142857142858,18.61904761904762,4.947368421052632
2021-09-08,-17.833333333333332,8.833333333333334,-53.523809523809526,-31.0,19.428571428571427,4.473684210526316
2021-09-09,-14.105263157894736,16.444444444444443,-49.904761904761905,-25.0,18.333333333333332,3.0
2021-09-10,-4.444444444444445,20.823529411764707,-39.85,-18.625,26.476190476190474,0.8947368421052632
2021-09-11,-4.444444444444445,19.058823529411764,-30.19047619047619,-25.6875,-1.8571428571428572,3.823529411764706
2021-09-12,-8.823529411764707,9.538461538461538,-21.714285714285715,-35.0625,-15.65,6.818181818181818
2021-09-13,-12.333333333333334,9.941176470588236,-43.9,-22.4,22.61904761904762,2.526315789473684
2021-09-14,-8.61111111111111,18.666666666666668,-35.3,-21.53846153846154,28.857142857142858,0.2
2021-09-15,-2.2777777777777777,19.647058823529413,-26.8,-24.866666666666667,14.476190476190476,1.5789473684210527
2021-09-16,-4.555555555555555,17.333333333333332,-22.285714285714285,-14.6,26.238095238095237,-1.55
2021-09-17,0.16666666666666666,21.166666666666668,-23.105263157894736,-11.75,21.095238095238095,-1.4736842105263157
2021-09-18,-0.3888888888888889,20.88888888888889,-14.3,-20.866666666666667,-3.238095238095238,0.8888888888888888
2021-09-19,-8.9375,5.923076923076923,-23.1,-31.6,-18.45,5.7272727272727275
2021-09-20,-11.555555555555555,6.526315789473684,-43.6,-26.066666666666666,-5.761904761904762,4.947368421052632
2021-09-21,-5.277777777777778,12.058823529411764,-26.1,-19.214285714285715,-0.047619047619047616,2.0526315789473686
2021-09-22,-3.0,15.333333333333334,-33.65,-18.266666666666666,1.1428571428571428,1.5789473684210527
2021-09-23,-8.473684210526315,12.38888888888889,-31.428571428571427,-18.6,22.523809523809526,0.25
2021-09-24,-5.555555555555555,16.75,-26.55,-19.6875,22.285714285714285,-0.15789473684210525
2021-09-25,-6.5,14.61111111111111,-18.428571428571427,-27.0,-3.1904761904761907,2.5
2021-09-26,-6.125,5.3076923076923075,-6.095238095238095,-27.4375,-15.65,3.909090909090909
2021-09-27,-9.11111111111111,6.333333333333333,-32.473684210526315,-17.4,31.952380952380953,-0.6842105263157895
2021-09-28,-17.94736842105263,4.0,-42.80952380952381,-22.714285714285715,27.761904761904763,1.631578947368421
2021-09-29,-1.5,16.166666666666668,-27.428571428571427,-16.5625,31.095238095238095,-1.8421052631578947
2021-09-30,-20.05263157894737,4.947368421052632,-47.23809523809524,-23.866666666666667,25.952380952380953,1.6842105263157894
2021-10-01,4.166666666666667,27.823529411764707,-25.1,-12.0625,31.285714285714285,-2.15
2021-10-02,1.3888888888888888,24.41176470588235,-24.80952380952381,-22.333333333333332,0.19047619047619047,1.6666666666666667
2021-10-03,-6.25,15.615384615384615,-25.047619047619047,-31.1875,-15.4,5.7272727272727275
2021-10-04,2.7222222222222223,26.0,-28.842105263157894,-9.466666666666667,33.38095238095238,-2.25
2021-10-05,1.5,26.352941176470587,-23.05,-10.538461538461538,32.285714285714285,-2.15
2021-10-06,2.611111111111111,27.294117647058822,-33.4,-12.533333333333333,32.04761904761905,-1.5
2021-10-07,-0.6111111111111112,27.666666666666668,-29.285714285714285,-12.666666666666666,29.61904761904762,-1.5
2021-10-08,3.888888888888889,25.823529411764707,-28.8,-8.4375,29.38095238095238,-2.25
2021-10-09,6.333333333333333,27.647058823529413,-18.047619047619047,-15.933333333333334,-1.9047619047619047,0.6666666666666666
2021-10-10,-10.125,10.846153846153847,-35.714285714285715,-35.6875,-17.35,6.090909090909091
2021-10-11,-12.666666666666666,7.0,-38.6,-32.266666666666666,-24.476190476190474,8.052631578947368
2021-10-12,-2.111111111111111,18.666666666666668,-26.0,-12.461538461538462,28.333333333333332,-1.1
2021-10-13,-5.611111111111111,19.61111111111111,-38.55,-14.533333333333333,29.666666666666668,-0.4
2021-10-14,-4.333333333333333,21.666666666666668,-27.61904761904762,-12.666666666666666,30.523809523809526,-1.35
2021-10-15,-2.9444444444444446,20.27777777777778,-33.45,-12.9375,28.333333333333332,-1.0
2021-10-16,0.0,23.055555555555557,-18.523809523809526,-19.1875,-1.619047619047619,1.8888888888888888
2021-10-17,-4.1875,9.153846153846153,-6.0476190476190474,-23.8,-16.55,4.181818181818182
2021-10-18,-1.1111111111111112,15.058823529411764,-27.526315789473685,-12.0,28.19047619047619,-0.47368421052631576
2021-10-19,-6.388888888888889,14.555555555555555,-23.5,-13.071428571428571,30.904761904761905,-1.25
2021-10-20,-1.1666666666666667,18.555555555555557,-24.2,-15.8,30.38095238095238,-1.3
2021-10-21,-5.611111111111111,13.166666666666666,-21.19047619047619,-14.933333333333334,28.952380952380953,-1.2
2021-10-22,-4.0,19.31578947368421,-26.0,-15.9375,29.61904761904762,-1.25
2021-10-23,-11.444444444444445,11.166666666666666,-39.76190476190476,-31.0625,-4.095238095238095,5.705882352941177
2021-10-24,-3.7058823529411766,6.846153846153846,-10.142857142857142,-30.375,-15.9,4.909090909090909
2021-10-25,-4.166666666666667,10.944444444444445,-26.842105263157894,-14.133333333333333,31.714285714285715,-1.05
2021-10-26,-6.777777777777778,11.777777777777779,-17.5,-14.571428571428571,31.19047619047619,-1.3
2021-10-27,-1.9444444444444444,15.666666666666666,-17.6,-13.4,30.38095238095238,-1.65
2021-10-28,-7.555555555555555,10.944444444444445,-17.80952380952381,-16.066666666666666,23.333333333333332,-0.8
2021-10-29,-0.3888888888888889,21.05263157894737,-19.25,-12.4375,28.666666666666668,-2.05
2021-10-30,4.388888888888889,22.647058823529413,-12.142857142857142,-16.6,-1.7619047619047619,-0.16666666666666666
2021-10-31,-4.9411764705882355,14.23076923076923,-21.333333333333332,-30.8,-15.25,5.090909090909091
2021-11-01,4.0,20.470588235294116,-24.263157894736842,-14.6,16.571428571428573,-0.3684210526315789
2021-11-02,-25.31578947368421,-0.2222222222222222,-31.55,-37.07142857142857,-38.333333333333336,10.052631578947368
2021-11-03,0.7647058823529411,28.11764705882353,-29.761904761904763,-8.428571428571429,28.714285714285715,-1.105263157894737
2021-11-04,2.7777777777777777,26.055555555555557,-18.523809523809526,-9.071428571428571,29.714285714285715,-2.4
2021-11-05,1.5555555555555556,27.11111111111111,-34.05,-9.0,27.666666666666668,-1.05
2021-11-06,4.944444444444445,24.352941176470587,-17.523809523809526,-16.6,0.42857142857142855,1.2222222222222223
2021-11-07,2.0,13.384615384615385,-9.523809523809524,-23.4,-13.35,3.6363636363636362
2021-11-08,5.888888888888889,23.235294117647058,-22.105263157894736,-5.666666666666667,32.523809523809526,-2.45
2021-11-09,0.7777777777777778,20.294117647058822,-21.2,-9.76923076923077,31.476190476190474,-1.9
2021-11-10,3.6470588235294117,24.647058823529413,-23.35,-7.666666666666667,30.761904761904763,-2.25
2021-11-11,0.2777777777777778,19.666666666666668,-23.4,-10.0,28.857142857142858,-2.15
2021-11-12,0.3333333333333333,22.166666666666668,-27.68421052631579,-9.5,27.238095238095237,-2.3
2021-11-13,2.3333333333333335,21.27777777777778,-14.7,-18.4,-1.8095238095238095,0.5
2021-11-14,-4.176470588235294,7.153846153846154,-15.0,-26.066666666666666,-16.65,5.181818181818182
2021-11-15,1.2222222222222223,16.11111111111111,-21.526315789473685,-8.133333333333333,30.523809523809526,-1.9473684210526316
2021-11-16,-12.666666666666666,9.789473684210526,-40.142857142857146,-17.642857142857142,26.952380952380953,1.2
2021-11-17,4.166666666666667,21.470588235294116,-25.7,-9.8,31.0,-1.9
2021-11-18,-0.4444444444444444,18.27777777777778,-19.571428571428573,-8.733333333333333,25.285714285714285,-1.55
2021-11-19,4.444444444444445,22.88888888888889,-16.2,-7.375,28.857142857142858,-2.85
2021-11-20,1.6666666666666667,20.333333333333332,-11.952380952380953,-17.066666666666666,-1.2380952380952381,0.5
2021-11-21,-2.823529411764706,7.846153846153846,-8.666666666666666,-24.866666666666667,-16.35,2.5454545454545454
2021-11-22,-3.6666666666666665,13.352941176470589,-27.57894736842105,-10.466666666666667,28.476190476190474,-1.263157894736842
2021-11-23,-3.5,15.352941176470589,-22.15,-12.142857142857142,18.38095238095238,0.0
2021-11-24,2.1666666666666665,18.352941176470587,-17.8,-10.466666666666667,24.761904761904763,-1.5789473684210527
2021-11-25,-12.61111111111111,7.055555555555555,-41.23809523809524,-18.928571428571427,22.142857142857142,1.894736842105263
2021-11-26,4.444444444444445,17.647058823529413,-21.263157894736842,-11.533333333333333,26.333333333333332,-2.0
2021-11-27,0.5555555555555556,18.555555555555557,-20.19047619047619,-21.6,-0.3333333333333333,1.5555555555555556
2021-11-28,-1.4705882352941178,19.923076923076923,-37.666666666666664,-18.5625,-15.55,5.0
2021-11-29,-7.944444444444445,7.117647058823529,-39.45,-18.733333333333334,21.095238095238095,2.4210526315789473
2021-11-30,-2.7222222222222223,15.470588235294118,-26.05263157894737,-14.384615384615385,27.761904761904763,-1.05
2021-12-01,3.764705882352941,26.58823529411765,-23.65,-9.933333333333334,26.761904761904763,-2.0
2021-12-02,7.333333333333333,29.294117647058822,-16.85,-5.733333333333333,24.238095238095237,-2.35
2021-12-03,10.666666666666666,29.941176470588236,-15.4,-3.5625,25.095238095238095,-3.15
2021-12-04,6.666666666666667,25.058823529411764,-16.714285714285715,-12.466666666666667,1.1428571428571428,-0.1111111111111111
2021-12-05,1.5294117647058822,16.307692307692307,-17.952380952380953,-25.0,-14.1,4.0
2021-12-06,7.444444444444445,26.529411764705884,-20.94736842105263,-6.466666666666667,23.142857142857142,-1.6
2021-12-07,6.388888888888889,26.58823529411765,-17.55,-7.6923076923076925,24.904761904761905,-1.85
2021-12-08,12.117647058823529,32.94117647058823,-12.2,-3.8666666666666667,26.047619047619047,-2.45
2021-12-09,8.11111111111111,27.72222222222222,-15.3,-8.066666666666666,23.857142857142858,-2.25
2021-12-10,14.0,29.705882352941178,-12.85,-5.8125,23.333333333333332,-3.25
2021-12-11,10.944444444444445,28.0,-2.9523809523809526,-11.5,3.380952380952381,-1.3888888888888888
2021-12-12,5.470588235294118,13.846153846153847,-3.5714285714285716,-22.066666666666666,-10.8,2.1666666666666665
2021-12-13,4.833333333333333,23.470588235294116,-29.36842105263158,-9.266666666666667,19.666666666666668,-0.5263157894736842
2021-12-14,4.833333333333333,22.941176470588236,-21.55,-7.357142857142857,20.714285714285715,-1.0
2021-12-15,10.647058823529411,27.529411764705884,-17.19047619047619,-7.0,20.904761904761905,-1.8
2021-12-16,12.166666666666666,25.944444444444443,-11.1,-5.2,19.19047619047619,-2.55
2021-12-17,18.055555555555557,30.176470588235293,-9.75,-5.5,20.428571428571427,-3.7
2021-12-18,16.77777777777778,29.235294117647058,-3.5238095238095237,-9.8,5.809523809523809,-2.4444444444444446
2021-12-19,11.625,18.692307692307693,-3.238095238095238,-19.666666666666668,-7.8,1.0
2021-12-20,18.444444444444443,31.88235294117647,-13.736842105263158,-5.733333333333333,18.095238095238095,-2.85
2021-12-21,18.166666666666668,38.76470588235294,-12.05,-5.0,16.952380952380953,-2.35
2021-12-22,26.941176470588236,49.8235294117647,-4.2,4.866666666666666,17.952380952380953,-4.25
2021-12-23,36.833333333333336,68.17647058823529,-4.190476190476191,6.214285714285714,11.761904761904763,-4.85
2021-12-24,11.277777777777779,62.76470588235294,-29.05,-21.25,-19.047619047619047,1.5263157894736843
2021-12-25,-48.36842105263158,-50.36842105263158,-9.380952380952381,-55.75,-52.333333333333336,4.411764705882353
2021-12-26,-8.235294117647058,6.538461538461538,-4.904761904761905,-22.733333333333334,-15.857142857142858,3.8181818181818183
2021-12-27,7.277777777777778,20.647058823529413,-9.578947368421053,-8.333333333333334,4.714285714285714,0.631578947368421
2021-12-28,3.611111111111111,21.0,-2.85,-10.571428571428571,3.5238095238095237,0.7
2021-12-29,9.411764705882353,32.529411764705884,-3.55,-6.733333333333333,0.2857142857142857,-0.10526315789473684
2021-12-30,15.61111111111111,50.294117647058826,-0.3333333333333333,-1.1428571428571428,-4.095238095238095,-1.15
2021-12-31,-5.166666666666667,52.470588235294116,-23.35,-22.6875,-26.904761904761905,2.789473684210526
2022-01-01,-51.3,-50.73684210526316,-20.61904761904762,-57.06666666666667,-57.142857142857146,6.9411764705882355
2022-01-02,-10.058823529411764,14.153846153846153,-0.19047619047619047,-17.8,-20.38095238095238,3.090909090909091
2022-01-03,3.0555555555555554,25.5,2.1578947368421053,-8.866666666666667,-14.80952380952381,2.263157894736842
2022-01-04,1.6666666666666667,34.11764705882353,-13.714285714285714,-11.642857142857142,-14.619047619047619,3.473684210526316
2022-01-05,26.0,61.11764705882353,5.45,4.466666666666667,-12.380952380952381,0.47368421052631576
2022-01-06,-9.157894736842104,24.11111111111111,4.95,-18.066666666666666,-35.76190476190476,6.578947368421052
2022-01-07,1.8888888888888888,31.41176470588235,-3.473684210526316,-11.6875,-16.19047619047619,3.6315789473684212
2022-01-08,-7.055555555555555,23.944444444444443,-4.428571428571429,-16.6,-11.285714285714286,3.4705882352941178
2022-01-09,-10.176470588235293,16.076923076923077,-2.9047619047619047,-19.4,-17.333333333333332,4.363636363636363
2022-01-10,2.2222222222222223,28.647058823529413,-2.473684210526316,-5.266666666666667,-13.523809523809524,2.263157894736842
2022-01-11,-7.222222222222222,21.473684210526315,-2.8947368421052633,-12.928571428571429,-13.904761904761905,3.526315789473684
2022-01-12,-4.277777777777778,23.77777777777778,-6.9,-14.666666666666666,-12.142857142857142,3.8421052631578947
2022-01-13,-10.789473684210526,16.055555555555557,-4.761904761904762,-17.2,-14.19047619047619,4.578947368421052
2022-01-14,-12.421052631578947,14.65,-11.052631578947368,-21.4375,-13.142857142857142,5.052631578947368
2022-01-15,-23.526315789473685,6.111111111111111,-31.047619047619047,-30.5,-13.285714285714286,7.411764705882353
2022-01-16,-19.72222222222222,5.615384615384615,-28.666666666666668,-35.6,-19.571428571428573,9.636363636363637
2022-01-17,-15.11111111111111,10.166666666666666,-36.05,-27.066666666666666,-16.714285714285715,8.421052631578947
2022-01-18,-19.105263157894736,10.166666666666666,-39.38095238095238,-28.0,-14.238095238095237,8.578947368421053
2022-01-19,-6.166666666666667,20.333333333333332,-25.65,-22.11764705882353,-12.380952380952381,6.684210526315789
2022-01-20,-14.631578947368421,12.105263157894736,-28.761904761904763,-24.75,-13.80952380952381,7.315789473684211
2022-01-21,-14.947368421052632,10.95,-32.8421052631579,-29.58823529411765,-12.0,7.947368421052632
2022-01-22,-25.57894736842105,1.6111111111111112,-38.333333333333336,-37.94117647058823,-13.571428571428571,9.470588235294118
2022-01-23,-18.5,4.6923076923076925,-30.61904761904762,-38.0,-18.857142857142858,10.272727272727273
2022-01-24,-9.38888888888889,10.333333333333334,-20.95,-23.666666666666668,-10.0,5.7368421052631575
2022-01-25,-15.789473684210526,8.842105263157896,-28.857142857142858,-25.857142857142858,-11.0,7.0
2022-01-26,-16.45,9.368421052631579,-42.76190476190476,-28.941176470588236,-13.80952380952381,8.842105263157896
2022-01-27,-13.0,11.277777777777779,-29.238095238095237,-25.6875,-10.80952380952381,6.2105263157894735
2022-01-28,-9.5,15.3,-18.7,-26.941176470588236,-8.095238095238095,5.947368421052632
2022-01-29,-12.944444444444445,12.38888888888889,-18.571428571428573,-29.3125,-7.476190476190476,5.9411764705882355
2022-01-30,-12.777777777777779,6.230769230769231,-15.238095238095237,-30.533333333333335,-14.05,6.181818181818182
2022-01-31,-5.666666666666667,13.176470588235293,-26.0,-22.533333333333335,-4.380952380952381,4.421052631578948
2022-02-01,-6.444444444444445,21.055555555555557,-22.75,-17.714285714285715,0.47619047619047616,4.105263157894737
2022-02-02,5.833333333333333,31.705882352941178,-11.65,-10.4,1.2857142857142858,2.5789473684210527
2022-02-03,-8.0,20.5,-28.61904761904762,-18.266666666666666,-1.2380952380952381,4.526315789473684
2022-02-04,0.7777777777777778,28.833333333333332,-22.263157894736842,-16.5625,2.0,3.6842105263157894
2022-02-05,-7.222222222222222,24.0,-27.095238095238095,-26.1875,-4.9523809523809526,6.352941176470588
2022-02-06,-9.0,15.384615384615385,-26.333333333333332,-30.866666666666667,-14.1,8.454545454545455
2022-02-07,7.277777777777778,30.294117647058822,-22.57894736842105,-9.8,3.1904761904761907,2.6315789473684212
2022-02-08,2.4444444444444446,24.941176470588236,-16.15,-8.857142857142858,3.238095238095238,2.789473684210526
2022-02-09,6.111111111111111,26.352941176470587,-13.45,-9.466666666666667,3.0,2.5789473684210527
2022-02-10,2.2222222222222223,22.5,-11.380952380952381,-9.0,1.0,2.1052631578947367
2022-02-11,-0.8333333333333334,21.055555555555557,-23.05263157894737,-15.125,2.4285714285714284,2.3157894736842106
2022-02-12,-12.666666666666666,14.444444444444445,-40.0,-30.625,-7.380952380952381,7.882352941176471
2022-02-13,1.5294117647058822,15.384615384615385,-14.476190476190476,-23.733333333333334,-11.0,6.0
2022-02-14,11.61111111111111,25.941176470588236,-11.5,-8.2,4.380952380952381,1.263157894736842
2022-02-15,-1.8333333333333333,18.57894736842105,-9.3,-9.142857142857142,4.571428571428571,1.95
2022-02-16,3.388888888888889,23.0,-8.05,-8.75,4.571428571428571,1.631578947368421
2022-02-17,-4.166666666666667,18.944444444444443,-18.285714285714285,-13.0,2.619047619047619,2.6315789473684212
2022-02-18,0.0,21.72222222222222,-16.0,-14.5625,5.285714285714286,1.75
2022-02-19,-1.8888888888888888,18.11111111111111,-10.428571428571429,-14.625,-0.5714285714285714,2.6666666666666665
2022-02-20,-13.294117647058824,6.384615384615385,-26.857142857142858,-28.266666666666666,-10.95,6.909090909090909
2022-02-21,0.16666666666666666,19.11111111111111,-21.105263157894736,-14.066666666666666,6.333333333333333,2.0526315789473686
2022-02-22,-3.2777777777777777,18.36842105263158,-15.31578947368421,-11.357142857142858,8.0,1.85
2022-02-23,1.8888888888888888,19.352941176470587,-13.95,-9.1875,8.238095238095237,1.2105263157894737
2022-02-24,-13.833333333333334,8.944444444444445,-31.857142857142858,-20.133333333333333,4.523809523809524,4.2105263157894735
2022-02-25,2.4444444444444446,19.88235294117647,-13.777777777777779,-7.875,9.0,0.42105263157894735
2022-02-26,-0.8333333333333334,20.176470588235293,-15.476190476190476,-18.133333333333333,0.2857142857142857,2.611111111111111
2022-02-27,-17.294117647058822,6.571428571428571,-41.19047619047619,-39.25,-12.5,8.818181818181818
2022-02-28,-3.611111111111111,14.944444444444445,3.2777777777777777,-17.75,-26.904761904761905,6.157894736842105
2022-03-01,-9.157894736842104,12.368421052631579,5.157894736842105,-14.071428571428571,-23.61904761904762,3.789473684210526
2022-03-02,5.222222222222222,28.058823529411764,-6.631578947368421,-5.933333333333334,9.19047619047619,-0.47368421052631576
2022-03-03,4.277777777777778,33.94444444444444,-5.75,-5.266666666666667,9.619047619047619,-0.1
2022-03-04,6.0,30.235294117647058,-13.61111111111111,-8.1875,12.571428571428571,0.15
2022-03-05,-5.944444444444445,23.833333333333332,-33.57142857142857,-24.533333333333335,3.0952380952380953,5.9411764705882355
2022-03-06,-0.058823529411764705,24.23076923076923,-18.428571428571427,-24.375,-2.55,6.545454545454546
2022-03-07,2.111111111111111,28.58823529411765,-25.94736842105263,-9.6,13.714285714285714,2.3157894736842106
2022-03-08,4.166666666666667,28.58823529411765,-3.05,-13.846153846153847,11.047619047619047,1.75
2022-03-09,-6.944444444444445,20.833333333333332,-32.1,-13.466666666666667,17.476190476190474,2.1578947368421053
2022-03-10,-3.7222222222222223,22.833333333333332,-18.35,-8.8,18.904761904761905,1.5
2022-03-11,0.8888888888888888,25.5,-11.157894736842104,-9.5,21.857142857142858,-0.05263157894736842
2022-03-12,-0.5,25.833333333333332,-1.8095238095238095,-17.9375,9.761904761904763,3.7222222222222223
2022-03-13,-2.0,15.307692307692308,-0.2857142857142857,-21.666666666666668,-0.45,5.636363636363637
2022-03-14,-0.3888888888888889,18.58823529411765,-16.68421052631579,-6.133333333333334,22.38095238095238,0.5789473684210527
2022-03-15,-7.0,16.61111111111111,-15.75,-10.642857142857142,23.285714285714285,0.95
2022-03-16,-2.1666666666666665,18.61111111111111,-14.789473684210526,-10.066666666666666,24.285714285714285,0.5263157894736842
2022-03-17,-7.722222222222222,11.222222222222221,-15.65,-13.866666666666667,23.61904761904762,0.5789473684210527
2022-03-18,-14.055555555555555,11.55,-36.0,-22.125,23.047619047619047,3.473684210526316
2022-03-19,-4.333333333333333,19.333333333333332,-17.952380952380953,-25.25,8.095238095238095,5.555555555555555
2022-03-20,-8.470588235294118,9.615384615384615,-16.952380952380953,-30.3125,-3.5,7.2727272727272725
2022-03-21,-5.888888888888889,15.235294117647058,-23.666666666666668,-11.266666666666667,30.761904761904763,1.0526315789473684
2022-03-22,-14.88888888888889,9.277777777777779,-28.7,-16.214285714285715,27.285714285714285,3.8
2022-03-23,-8.277777777777779,14.833333333333334,-23.95,-14.3125,31.333333333333332,2.210526315789474
2022-03-24,-14.421052631578947,11.444444444444445,-31.19047619047619,-18.266666666666666,30.0,2.1578947368421053
2022-03-25,-14.5,10.789473684210526,-35.8,-18.3125,31.523809523809526,3.1052631578947367
2022-03-26,-9.88888888888889,20.5,-28.666666666666668,-27.4,8.428571428571429,7.588235294117647
2022-03-27,16.333333333333332,31.5,11.25,-5.4375,5.9,1.7272727272727273
2022-03-28,-8.11111111111111,11.176470588235293,-18.63157894736842,-8.933333333333334,33.42857142857143,1.5263157894736843
2022-03-29,-19.27777777777778,5.473684210526316,-29.4,-18.214285714285715,38.142857142857146,2.15
2022-03-30,-13.722222222222221,11.777777777777779,-33.05,-20.25,38.095238095238095,2.526315789473684
2022-03-31,-12.631578947368421,13.277777777777779,-24.666666666666668,-20.266666666666666,38.285714285714285,1.3157894736842106
2022-04-01,-5.222222222222222,20.666666666666668,-14.5,-18.625,40.476190476190474,0.21052631578947367
2022-04-02,-0.05555555555555555,26.444444444444443,-3.4761904761904763,-24.125,11.666666666666666,3.4444444444444446
2022-04-03,-16.41176470588235,7.538461538461538,-26.714285714285715,-36.529411764705884,-5.35,8.090909090909092
2022-04-04,-2.6666666666666665,23.647058823529413,-20.94736842105263,-10.066666666666666,43.904761904761905,0.15789473684210525
2022-04-05,-6.277777777777778,18.470588235294116,-17.1,-11.384615384615385,43.61904761904762,0.25
2022-04-06,-0.3333333333333333,21.823529411764707,-16.55,-8.666666666666666,42.857142857142854,-0.5263157894736842
2022-04-07,-3.388888888888889,21.555555555555557,-14.428571428571429,-8.4,40.523809523809526,-0.35
2022-04-08,5.333333333333333,30.5,-11.055555555555555,-4.25,40.42857142857143,-1.45
2022-04-09,6.777777777777778,25.176470588235293,1.75,-9.733333333333333,8.666666666666666,1.5555555555555556
2022-04-10,1.9375,17.46153846153846,8.6,-21.4,-5.85,4.2727272727272725
2022-04-11,-1.8888888888888888,19.470588235294116,-7.9411764705882355,-19.333333333333332,-12.19047619047619,6.2105263157894735
2022-04-12,-1.5555555555555556,18.529411764705884,8.444444444444445,-13.214285714285714,-11.857142857142858,4.5
2022-04-13,4.277777777777778,27.235294117647058,15.666666666666666,-11.2,-15.047619047619047,3.15
2022-04-14,-1.6666666666666667,23.235294117647058,20.352941176470587,-11.6,-32.904761904761905,4.55
2022-04-15,-19.42105263157895,0.10526315789473684,34.470588235294116,-34.8125,-51.0,10.31578947368421
2022-04-16,-9.777777777777779,15.5,11.05,-21.733333333333334,-21.761904761904763,5.055555555555555
2022-04-17,-5.529411764705882,12.538461538461538,-9.095238095238095,-19.6875,-6.9,4.181818181818182
2022-04-18,-11.5,6.0588235294117645,-22.11111111111111,-13.733333333333333,-9.285714285714286,7.421052631578948
2022-04-19,-8.833333333333334,15.777777777777779,-17.3,-9.307692307692308,43.04761904761905,0.8
2022-04-20,-5.5,17.88888888888889,-19.65,-12.333333333333334,42.42857142857143,0.8947368421052632
2022-04-21,-9.263157894736842,9.777777777777779,-20.285714285714285,-13.2,40.04761904761905,1.263157894736842
2022-04-22,-14.421052631578947,8.0,-39.35,-21.125,37.285714285714285,4.157894736842105
2022-04-23,-4.444444444444445,17.555555555555557,-21.38095238095238,-23.125,11.714285714285714,5.833333333333333
2022-04-24,-7.875,9.846153846153847,-11.571428571428571,-28.0625,-2.35,7.0
2022-04-25,-25.0,-3.0526315789473686,-43.6,-21.6,28.333333333333332,7.578947368421052
2022-04-26,-14.61111111111111,9.722222222222221,-28.9,-14.5,44.76190476190476,2.9
2022-04-27,-17.88888888888889,2.6315789473684212,-34.80952380952381,-23.058823529411764,31.333333333333332,5.105263157894737
2022-04-28,-12.736842105263158,7.944444444444445,-27.7,-21.933333333333334,24.095238095238095,4.473684210526316
2022-04-29,-7.5,19.333333333333332,-27.7,-18.6875,42.666666666666664,1.5263157894736843
2022-04-30,-5.166666666666667,33.35294117647059,-28.80952380952381,-25.5,9.0,5.722222222222222
2022-05-01,-31.941176470588236,-29.714285714285715,-22.952380952380953,-55.6875,-20.45,10.636363636363637
2022-05-02,-6.444444444444445,19.058823529411764,-31.210526315789473,-7.933333333333334,45.19047619047619,1.631578947368421
2022-05-03,-5.833333333333333,24.941176470588236,-23.3,-9.785714285714286,45.095238095238095,1.15
2022-05-04,-3.0588235294117645,25.88235294117647,-23.25,-11.533333333333333,44.19047619047619,0.5789473684210527
2022-05-05,-3.5555555555555554,23.166666666666668,-20.4,-8.466666666666667,42.476190476190474,0.5789473684210527
2022-05-06,1.4444444444444444,26.72222222222222,-19.65,-9.25,43.523809523809526,-0.10526315789473684
2022-05-07,4.5,30.0,-15.904761904761905,-16.125,11.523809523809524,3.2777777777777777
2022-05-08,0.23529411764705882,15.384615384615385,-11.714285714285714,-23.125,-3.15,5.909090909090909
2022-05-09,-1.6666666666666667,20.058823529411764,-24.526315789473685,-7.2,45.714285714285715,0.631578947368421
2022-05-10,-8.555555555555555,17.352941176470587,-27.75,-10.285714285714286,44.714285714285715,1.4736842105263157
2022-05-11,-3.6666666666666665,19.058823529411764,-28.3,-11.933333333333334,44.38095238095238,0.8947368421052632
2022-05-12,-6.444444444444445,18.38888888888889,-24.0,-10.933333333333334,41.857142857142854,0.95
2022-05-13,-1.1666666666666667,24.11111111111111,-24.3,-7.8125,41.904761904761905,0.5263157894736842
