date,retail_and_recreation_percent_change_from_baseline_Venezuela,grocery_and_pharmacy_percent_change_from_baseline_Venezuela,parks_percent_change_from_baseline_Venezuela,transit_stations_percent_change_from_baseline_Venezuela,workplaces_percent_change_from_baseline_Venezuela,residential_percent_change_from_baseline_Venezuela
2020-02-15,8.0,2.0,3.0,2.0,5.0,-1.0
2020-02-16,5.0,2.0,1.0,1.0,3.0,0.0
2020-02-17,6.0,3.0,4.0,3.0,10.0,-1.0
2020-02-18,3.0,0.0,0.0,1.0,6.0,-1.0
2020-02-19,5.0,0.0,4.0,4.0,5.0,-3.0
2020-02-20,6.0,3.0,8.0,7.0,7.0,-2.0
2020-02-21,8.0,7.0,8.0,5.0,-6.0,1.0
2020-02-22,8.0,7.0,12.0,10.0,6.0,-1.0
2020-02-23,17.0,13.0,35.0,9.0,6.0,-3.0
2020-02-24,-17.0,-11.0,36.0,-25.0,-54.0,6.0
2020-02-25,-31.0,-24.0,3.0,-32.0,-59.0,9.0
2020-02-26,-2.0,-3.0,0.0,-1.0,2.0,0.0
2020-02-27,1.0,3.0,3.0,2.0,6.0,1.0
2020-02-28,7.0,6.0,3.0,3.0,12.0,-1.0
2020-02-29,10.0,8.0,5.0,7.0,11.0,1.0
2020-03-01,8.0,9.0,1.0,4.0,7.0,1.0
2020-03-02,7.0,6.0,5.0,5.0,12.0,-1.0
2020-03-03,6.0,5.0,3.0,3.0,9.0,-1.0
2020-03-04,7.0,5.0,5.0,6.0,9.0,0.0
2020-03-05,4.0,2.0,4.0,3.0,7.0,-1.0
2020-03-06,7.0,2.0,3.0,4.0,13.0,-2.0
2020-03-07,8.0,4.0,1.0,5.0,9.0,-1.0
2020-03-08,9.0,4.0,3.0,2.0,7.0,0.0
2020-03-09,5.0,3.0,4.0,3.0,11.0,-2.0
2020-03-10,-1.0,2.0,1.0,-5.0,3.0,2.0
2020-03-11,7.0,4.0,9.0,8.0,11.0,0.0
2020-03-12,5.0,7.0,5.0,4.0,10.0,0.0
2020-03-13,4.0,20.0,0.0,3.0,13.0,-1.0
2020-03-14,-6.0,16.0,-11.0,-2.0,6.0,3.0
2020-03-15,-21.0,4.0,-23.0,-16.0,0.0,4.0
2020-03-16,-35.0,-5.0,-30.0,-39.0,-33.0,12.0
2020-03-17,-51.0,-21.0,-43.0,-54.0,-50.0,18.0
2020-03-18,-57.0,-28.0,-46.0,-60.0,-54.0,20.0
2020-03-19,-62.0,-36.0,-51.0,-63.0,-56.0,22.0
2020-03-20,-63.0,-37.0,-53.0,-64.0,-54.0,23.0
2020-03-21,-63.0,-40.0,-57.0,-62.0,-38.0,19.0
2020-03-22,-64.0,-45.0,-58.0,-64.0,-30.0,15.0
2020-03-23,-63.0,-40.0,-53.0,-65.0,-57.0,22.0
2020-03-24,-65.0,-42.0,-55.0,-67.0,-60.0,23.0
2020-03-25,-64.0,-40.0,-53.0,-65.0,-59.0,24.0
2020-03-26,-64.0,-40.0,-53.0,-64.0,-59.0,23.0
2020-03-27,-64.0,-38.0,-55.0,-64.0,-55.0,24.0
2020-03-28,-61.0,-38.0,-55.0,-60.0,-35.0,19.0
2020-03-29,-62.0,-44.0,-57.0,-62.0,-25.0,16.0
2020-03-30,-62.0,-41.0,-52.0,-64.0,-55.0,21.0
2020-03-31,-62.0,-39.0,-53.0,-64.0,-57.0,22.0
2020-04-01,-63.0,-40.0,-52.0,-64.0,-57.0,23.0
2020-04-02,-64.0,-40.0,-54.0,-64.0,-58.0,23.0
2020-04-03,-65.0,-41.0,-55.0,-66.0,-56.0,23.0
2020-04-04,-63.0,-41.0,-58.0,-63.0,-37.0,19.0
2020-04-05,-65.0,-48.0,-58.0,-65.0,-29.0,15.0
2020-04-06,-62.0,-41.0,-51.0,-64.0,-55.0,20.0
2020-04-07,-62.0,-37.0,-53.0,-64.0,-58.0,20.0
2020-04-08,-59.0,-32.0,-49.0,-61.0,-58.0,21.0
2020-04-09,-68.0,-44.0,-56.0,-67.0,-67.0,25.0
2020-04-10,-75.0,-59.0,-62.0,-73.0,-69.0,28.0
2020-04-11,-66.0,-46.0,-60.0,-65.0,-40.0,20.0
2020-04-12,-65.0,-51.0,-59.0,-65.0,-29.0,14.0
2020-04-13,-60.0,-39.0,-49.0,-62.0,-52.0,20.0
2020-04-14,-59.0,-35.0,-50.0,-61.0,-54.0,21.0
2020-04-15,-59.0,-35.0,-49.0,-61.0,-53.0,22.0
2020-04-16,-59.0,-34.0,-50.0,-60.0,-53.0,22.0
2020-04-17,-60.0,-36.0,-52.0,-61.0,-50.0,24.0
2020-04-18,-60.0,-39.0,-56.0,-59.0,-31.0,17.0
2020-04-19,-63.0,-47.0,-58.0,-64.0,-24.0,14.0
2020-04-20,-60.0,-42.0,-50.0,-61.0,-49.0,20.0
2020-04-21,-60.0,-40.0,-52.0,-61.0,-53.0,21.0
2020-04-22,-59.0,-38.0,-50.0,-61.0,-52.0,21.0
2020-04-23,-60.0,-38.0,-51.0,-60.0,-52.0,21.0
2020-04-24,-60.0,-38.0,-53.0,-61.0,-48.0,22.0
2020-04-25,-58.0,-36.0,-54.0,-57.0,-28.0,17.0
2020-04-26,-59.0,-43.0,-55.0,-60.0,-21.0,14.0
2020-04-27,-57.0,-38.0,-49.0,-58.0,-46.0,20.0
2020-04-28,-56.0,-34.0,-48.0,-57.0,-49.0,17.0
2020-04-29,-56.0,-35.0,-46.0,-57.0,-48.0,21.0
2020-04-30,-55.0,-31.0,-46.0,-54.0,-47.0,20.0
2020-05-01,-62.0,-42.0,-53.0,-62.0,-55.0,23.0
2020-05-02,-56.0,-35.0,-51.0,-54.0,-25.0,16.0
2020-05-03,-59.0,-45.0,-54.0,-60.0,-18.0,12.0
2020-05-04,-54.0,-37.0,-45.0,-56.0,-43.0,17.0
2020-05-05,-54.0,-34.0,-46.0,-55.0,-45.0,18.0
2020-05-06,-52.0,-32.0,-43.0,-54.0,-45.0,19.0
2020-05-07,-52.0,-31.0,-43.0,-53.0,-44.0,19.0
2020-05-08,-51.0,-29.0,-45.0,-53.0,-40.0,18.0
2020-05-09,-44.0,-19.0,-42.0,-44.0,-16.0,13.0
2020-05-10,-42.0,-23.0,-41.0,-45.0,5.0,6.0
2020-05-11,-54.0,-40.0,-45.0,-55.0,-42.0,17.0
2020-05-12,-51.0,-32.0,-44.0,-52.0,-42.0,17.0
2020-05-13,-52.0,-34.0,-44.0,-53.0,-42.0,18.0
2020-05-14,-52.0,-33.0,-45.0,-52.0,-42.0,16.0
2020-05-15,-51.0,-29.0,-44.0,-52.0,-37.0,19.0
2020-05-16,-47.0,-24.0,-44.0,-46.0,-14.0,14.0
2020-05-17,-54.0,-37.0,-50.0,-54.0,-9.0,11.0
2020-05-18,-49.0,-32.0,-40.0,-50.0,-36.0,16.0
2020-05-19,-49.0,-31.0,-42.0,-51.0,-39.0,17.0
2020-05-20,-49.0,-32.0,-42.0,-50.0,-40.0,19.0
2020-05-21,-51.0,-33.0,-43.0,-51.0,-40.0,20.0
2020-05-22,-51.0,-32.0,-45.0,-51.0,-36.0,19.0
2020-05-23,-49.0,-27.0,-45.0,-47.0,-12.0,14.0
2020-05-24,-55.0,-38.0,-50.0,-54.0,-8.0,11.0
2020-05-25,-50.0,-35.0,-42.0,-50.0,-38.0,18.0
2020-05-26,-51.0,-34.0,-44.0,-52.0,-39.0,17.0
2020-05-27,-51.0,-35.0,-45.0,-52.0,-40.0,18.0
2020-05-28,-50.0,-32.0,-43.0,-49.0,-39.0,19.0
2020-05-29,-48.0,-28.0,-42.0,-48.0,-33.0,19.0
2020-05-30,-46.0,-24.0,-45.0,-45.0,-9.0,13.0
2020-05-31,-54.0,-35.0,-51.0,-53.0,-6.0,11.0
2020-06-01,-41.0,-27.0,-35.0,-44.0,-30.0,14.0
2020-06-02,-39.0,-24.0,-35.0,-41.0,-33.0,15.0
2020-06-03,-37.0,-23.0,-32.0,-39.0,-32.0,15.0
2020-06-04,-39.0,-23.0,-33.0,-39.0,-33.0,15.0
2020-06-05,-39.0,-21.0,-36.0,-40.0,-28.0,15.0
2020-06-06,-37.0,-17.0,-37.0,-38.0,-4.0,11.0
2020-06-07,-41.0,-23.0,-41.0,-42.0,1.0,9.0
2020-06-08,-41.0,-25.0,-37.0,-45.0,-30.0,15.0
2020-06-09,-41.0,-23.0,-38.0,-46.0,-34.0,15.0
2020-06-10,-40.0,-23.0,-36.0,-45.0,-34.0,16.0
2020-06-11,-39.0,-21.0,-35.0,-44.0,-33.0,16.0
2020-06-12,-38.0,-18.0,-35.0,-44.0,-27.0,16.0
2020-06-13,-36.0,-13.0,-36.0,-39.0,-2.0,12.0
2020-06-14,-41.0,-22.0,-39.0,-45.0,3.0,10.0
2020-06-15,-28.0,-16.0,-27.0,-38.0,-25.0,12.0
2020-06-16,-26.0,-14.0,-29.0,-38.0,-28.0,13.0
2020-06-17,-24.0,-12.0,-26.0,-34.0,-27.0,13.0
2020-06-18,-28.0,-14.0,-29.0,-37.0,-28.0,14.0
2020-06-19,-25.0,-9.0,-27.0,-34.0,-22.0,12.0
2020-06-20,-20.0,1.0,-26.0,-28.0,3.0,9.0
2020-06-21,-24.0,-4.0,-29.0,-30.0,20.0,5.0
2020-06-22,-53.0,-39.0,-45.0,-61.0,-41.0,20.0
2020-06-23,-46.0,-27.0,-41.0,-56.0,-38.0,19.0
2020-06-24,-53.0,-33.0,-44.0,-60.0,-49.0,22.0
2020-06-25,-46.0,-26.0,-41.0,-54.0,-36.0,19.0
2020-06-26,-45.0,-24.0,-42.0,-53.0,-32.0,20.0
2020-06-27,-42.0,-19.0,-42.0,-49.0,-8.0,15.0
2020-06-28,-46.0,-25.0,-45.0,-51.0,-2.0,12.0
2020-06-29,-34.0,-19.0,-30.0,-45.0,-29.0,16.0
2020-06-30,-32.0,-14.0,-30.0,-42.0,-30.0,15.0
2020-07-01,-32.0,-14.0,-29.0,-41.0,-30.0,16.0
2020-07-02,-33.0,-14.0,-30.0,-41.0,-30.0,17.0
2020-07-03,-33.0,-13.0,-32.0,-42.0,-26.0,16.0
2020-07-04,-30.0,-9.0,-32.0,-38.0,-2.0,11.0
2020-07-05,-37.0,-17.0,-38.0,-45.0,1.0,10.0
2020-07-06,-46.0,-28.0,-39.0,-53.0,-35.0,18.0
2020-07-07,-47.0,-29.0,-43.0,-55.0,-39.0,20.0
2020-07-08,-43.0,-23.0,-37.0,-49.0,-35.0,19.0
2020-07-09,-44.0,-23.0,-38.0,-50.0,-35.0,19.0
2020-07-10,-45.0,-23.0,-41.0,-50.0,-31.0,20.0
2020-07-11,-42.0,-19.0,-42.0,-46.0,-9.0,15.0
2020-07-12,-46.0,-25.0,-45.0,-51.0,-5.0,13.0
2020-07-13,-29.0,-15.0,-27.0,-41.0,-26.0,15.0
2020-07-14,-28.0,-13.0,-29.0,-39.0,-30.0,16.0
2020-07-15,-31.0,-13.0,-31.0,-43.0,-30.0,16.0
2020-07-16,-32.0,-14.0,-31.0,-42.0,-31.0,16.0
2020-07-17,-31.0,-12.0,-32.0,-42.0,-26.0,16.0
2020-07-18,-26.0,-5.0,-31.0,-36.0,-1.0,12.0
2020-07-19,-28.0,-9.0,-34.0,-42.0,6.0,9.0
2020-07-20,-45.0,-29.0,-40.0,-52.0,-34.0,18.0
2020-07-21,-43.0,-24.0,-40.0,-51.0,-36.0,19.0
2020-07-22,-40.0,-20.0,-36.0,-47.0,-34.0,18.0
2020-07-23,-41.0,-20.0,-37.0,-47.0,-34.0,18.0
2020-07-24,-48.0,-25.0,-44.0,-55.0,-43.0,23.0
2020-07-25,-44.0,-22.0,-43.0,-47.0,-11.0,16.0
2020-07-26,-48.0,-27.0,-46.0,-53.0,-7.0,13.0
2020-07-27,-33.0,-19.0,-30.0,-45.0,-29.0,16.0
2020-07-28,-32.0,-16.0,-30.0,-44.0,-32.0,16.0
2020-07-29,-33.0,-17.0,-30.0,-44.0,-32.0,17.0
2020-07-30,-37.0,-19.0,-34.0,-45.0,-34.0,18.0
2020-07-31,-34.0,-15.0,-32.0,-43.0,-28.0,17.0
2020-08-01,-33.0,-12.0,-35.0,-41.0,-5.0,13.0
2020-08-02,-40.0,-19.0,-41.0,-48.0,-4.0,11.0
2020-08-03,-47.0,-30.0,-39.0,-52.0,-36.0,19.0
2020-08-04,-43.0,-24.0,-38.0,-49.0,-37.0,19.0
2020-08-05,-43.0,-23.0,-37.0,-49.0,-37.0,20.0
2020-08-06,-44.0,-25.0,-38.0,-49.0,-37.0,20.0
2020-08-07,-45.0,-25.0,-39.0,-50.0,-32.0,19.0
2020-08-08,-44.0,-23.0,-42.0,-46.0,-11.0,15.0
2020-08-09,-46.0,-27.0,-44.0,-49.0,-6.0,13.0
2020-08-10,-30.0,-17.0,-27.0,-41.0,-28.0,15.0
2020-08-11,-29.0,-14.0,-28.0,-39.0,-31.0,16.0
2020-08-12,-29.0,-15.0,-27.0,-39.0,-30.0,15.0
2020-08-13,-31.0,-15.0,-29.0,-39.0,-30.0,15.0
2020-08-14,-31.0,-12.0,-30.0,-37.0,-26.0,16.0
2020-08-15,-28.0,-9.0,-31.0,-34.0,-2.0,12.0
2020-08-16,-36.0,-17.0,-38.0,-42.0,-2.0,11.0
2020-08-17,-46.0,-27.0,-39.0,-51.0,-35.0,18.0
2020-08-18,-45.0,-24.0,-41.0,-50.0,-37.0,18.0
2020-08-19,-42.0,-20.0,-37.0,-47.0,-35.0,18.0
2020-08-20,-44.0,-23.0,-39.0,-48.0,-35.0,18.0
2020-08-21,-46.0,-24.0,-40.0,-50.0,-32.0,19.0
2020-08-22,-42.0,-19.0,-41.0,-45.0,-9.0,15.0
2020-08-23,-47.0,-27.0,-45.0,-49.0,-7.0,13.0
2020-08-24,-30.0,-16.0,-28.0,-39.0,-26.0,15.0
2020-08-25,-30.0,-14.0,-29.0,-39.0,-30.0,15.0
2020-08-26,-29.0,-13.0,-27.0,-37.0,-28.0,15.0
2020-08-27,-32.0,-15.0,-29.0,-37.0,-29.0,15.0
2020-08-28,-32.0,-13.0,-30.0,-36.0,-24.0,15.0
2020-08-29,-29.0,-9.0,-31.0,-32.0,-1.0,12.0
2020-08-30,-37.0,-18.0,-38.0,-41.0,-2.0,11.0
2020-08-31,-45.0,-26.0,-37.0,-50.0,-33.0,18.0
2020-09-01,-41.0,-20.0,-35.0,-46.0,-35.0,18.0
2020-09-02,-43.0,-23.0,-38.0,-48.0,-36.0,19.0
2020-09-03,-42.0,-21.0,-38.0,-47.0,-35.0,19.0
2020-09-04,-42.0,-20.0,-38.0,-46.0,-30.0,19.0
2020-09-05,-41.0,-18.0,-40.0,-43.0,-10.0,15.0
2020-09-06,-45.0,-24.0,-41.0,-46.0,-7.0,12.0
2020-09-07,-29.0,-15.0,-26.0,-35.0,-27.0,14.0
2020-09-08,-29.0,-13.0,-27.0,-34.0,-31.0,15.0
2020-09-09,-31.0,-16.0,-28.0,-34.0,-29.0,16.0
2020-09-10,-31.0,-15.0,-27.0,-32.0,-30.0,17.0
2020-09-11,-33.0,-16.0,-29.0,-33.0,-25.0,16.0
2020-09-12,-31.0,-12.0,-31.0,-29.0,-4.0,13.0
2020-09-13,-36.0,-19.0,-35.0,-34.0,-2.0,12.0
2020-09-14,-45.0,-28.0,-35.0,-45.0,-33.0,19.0
2020-09-15,-41.0,-21.0,-34.0,-44.0,-33.0,19.0
2020-09-16,-40.0,-20.0,-32.0,-42.0,-33.0,21.0
2020-09-17,-42.0,-21.0,-35.0,-42.0,-33.0,21.0
2020-09-18,-42.0,-21.0,-37.0,-43.0,-28.0,21.0
2020-09-19,-41.0,-18.0,-40.0,-40.0,-9.0,17.0
2020-09-20,-47.0,-29.0,-43.0,-45.0,-10.0,16.0
2020-09-21,-30.0,-14.0,-25.0,-29.0,-25.0,16.0
2020-09-22,-32.0,-12.0,-28.0,-27.0,-29.0,16.0
2020-09-23,-34.0,-12.0,-28.0,-24.0,-28.0,16.0
2020-09-24,-37.0,-16.0,-33.0,-27.0,-29.0,18.0
2020-09-25,-37.0,-14.0,-32.0,-26.0,-25.0,17.0
2020-09-26,-35.0,-12.0,-34.0,-22.0,-6.0,14.0
2020-09-27,-42.0,-20.0,-36.0,-30.0,-7.0,14.0
2020-09-28,-48.0,-26.0,-39.0,-42.0,-32.0,20.0
2020-09-29,-46.0,-21.0,-39.0,-42.0,-36.0,20.0
2020-09-30,-44.0,-18.0,-36.0,-41.0,-36.0,16.0
2020-10-01,-46.0,-19.0,-38.0,-42.0,-36.0,15.0
2020-10-02,-47.0,-19.0,-41.0,-44.0,-32.0,16.0
2020-10-03,-41.0,-9.0,-38.0,-36.0,-13.0,11.0
2020-10-04,-46.0,-17.0,-40.0,-41.0,-15.0,10.0
2020-10-05,-32.0,-11.0,-26.0,-27.0,-27.0,10.0
2020-10-06,-30.0,-7.0,-26.0,-25.0,-29.0,10.0
2020-10-07,-28.0,-7.0,-24.0,-23.0,-26.0,12.0
2020-10-08,-29.0,-7.0,-26.0,-25.0,-25.0,13.0
2020-10-09,-31.0,-9.0,-29.0,-28.0,-22.0,13.0
2020-10-10,-26.0,-3.0,-29.0,-24.0,0.0,11.0
2020-10-11,-31.0,-10.0,-27.0,-30.0,-1.0,9.0
2020-10-12,-49.0,-25.0,-38.0,-51.0,-46.0,20.0
2020-10-13,-40.0,-16.0,-36.0,-40.0,-31.0,16.0
2020-10-14,-38.0,-11.0,-34.0,-36.0,-29.0,17.0
2020-10-15,-39.0,-8.0,-36.0,-35.0,-29.0,17.0
2020-10-16,-39.0,-6.0,-36.0,-35.0,-25.0,17.0
2020-10-17,-36.0,-1.0,-38.0,-31.0,-5.0,13.0
2020-10-18,-40.0,-8.0,-35.0,-33.0,-5.0,12.0
2020-10-19,-26.0,0.0,-24.0,-21.0,-21.0,12.0
2020-10-20,-26.0,0.0,-25.0,-24.0,-24.0,14.0
2020-10-21,-22.0,4.0,-18.0,-19.0,-21.0,13.0
2020-10-22,-23.0,3.0,-18.0,-20.0,-22.0,12.0
2020-10-23,-24.0,3.0,-18.0,-21.0,-17.0,12.0
2020-10-24,-22.0,5.0,-18.0,-17.0,2.0,10.0
2020-10-25,-25.0,1.0,-15.0,-20.0,3.0,8.0
2020-10-26,-37.0,-9.0,-28.0,-36.0,-25.0,15.0
2020-10-27,-34.0,-6.0,-28.0,-34.0,-27.0,15.0
2020-10-28,-34.0,-8.0,-28.0,-31.0,-26.0,16.0
2020-10-29,-35.0,-8.0,-30.0,-31.0,-26.0,16.0
2020-10-30,-35.0,-5.0,-31.0,-29.0,-21.0,15.0
2020-10-31,-30.0,1.0,-31.0,-25.0,-1.0,13.0
2020-11-01,-38.0,-11.0,-34.0,-31.0,-6.0,12.0
2020-11-02,-22.0,1.0,-20.0,-16.0,-18.0,13.0
2020-11-03,-21.0,3.0,-20.0,-16.0,-21.0,13.0
2020-11-04,-23.0,0.0,-22.0,-19.0,-21.0,13.0
2020-11-05,-22.0,1.0,-22.0,-16.0,-20.0,13.0
2020-11-06,-23.0,1.0,-22.0,-17.0,-15.0,12.0
2020-11-07,-17.0,8.0,-19.0,-9.0,4.0,9.0
2020-11-08,-23.0,-2.0,-21.0,-17.0,0.0,9.0
2020-11-09,-35.0,-9.0,-31.0,-33.0,-23.0,15.0
2020-11-10,-32.0,-5.0,-31.0,-31.0,-25.0,16.0
2020-11-11,-31.0,-3.0,-28.0,-28.0,-24.0,16.0
2020-11-12,-32.0,-4.0,-30.0,-28.0,-24.0,16.0
2020-11-13,-32.0,-4.0,-32.0,-28.0,-19.0,16.0
2020-11-14,-27.0,2.0,-32.0,-23.0,2.0,12.0
2020-11-15,-31.0,-3.0,-31.0,-25.0,2.0,11.0
2020-11-16,-20.0,2.0,-20.0,-14.0,-16.0,12.0
2020-11-17,-21.0,1.0,-23.0,-15.0,-20.0,13.0
2020-11-18,-20.0,4.0,-17.0,-13.0,-19.0,13.0
2020-11-19,-18.0,6.0,-19.0,-8.0,-17.0,12.0
2020-11-20,-15.0,9.0,-18.0,-8.0,-12.0,11.0
2020-11-21,-12.0,10.0,-18.0,-2.0,7.0,8.0
2020-11-22,-16.0,4.0,-19.0,-9.0,5.0,7.0
2020-11-23,-33.0,-7.0,-29.0,-28.0,-21.0,15.0
2020-11-24,-30.0,-3.0,-29.0,-26.0,-23.0,15.0
2020-11-25,-28.0,1.0,-25.0,-23.0,-20.0,15.0
2020-11-26,-29.0,0.0,-28.0,-24.0,-21.0,15.0
2020-11-27,-28.0,0.0,-28.0,-24.0,-15.0,15.0
2020-11-28,-23.0,4.0,-29.0,-18.0,4.0,12.0
2020-11-29,-24.0,2.0,-27.0,-18.0,6.0,10.0
2020-11-30,-17.0,8.0,-15.0,-6.0,-12.0,11.0
2020-12-01,-14.0,10.0,-14.0,-7.0,-15.0,11.0
2020-12-02,-14.0,11.0,-13.0,-4.0,-13.0,11.0
2020-12-03,-15.0,10.0,-14.0,-3.0,-14.0,12.0
2020-12-04,-17.0,7.0,-16.0,-7.0,-9.0,11.0
2020-12-05,-14.0,9.0,-18.0,-3.0,11.0,9.0
2020-12-06,-22.0,1.0,-20.0,-14.0,14.0,8.0
2020-12-07,-21.0,2.0,-21.0,-15.0,-15.0,12.0
2020-12-08,-16.0,9.0,-15.0,-7.0,-13.0,11.0
2020-12-09,-15.0,8.0,-11.0,-4.0,-12.0,12.0
2020-12-10,-15.0,11.0,-10.0,-1.0,-13.0,12.0
2020-12-11,-15.0,10.0,-8.0,-2.0,-8.0,12.0
2020-12-12,-8.0,14.0,-6.0,7.0,13.0,9.0
2020-12-13,-11.0,8.0,-5.0,7.0,13.0,9.0
2020-12-14,-17.0,7.0,-10.0,-5.0,-13.0,12.0
2020-12-15,-13.0,12.0,-10.0,-2.0,-15.0,12.0
2020-12-16,-11.0,16.0,-5.0,1.0,-13.0,12.0
2020-12-17,-11.0,16.0,-7.0,2.0,-14.0,12.0
2020-12-18,-12.0,14.0,-7.0,3.0,-9.0,11.0
2020-12-19,-6.0,19.0,-8.0,14.0,14.0,8.0
2020-12-20,-1.0,20.0,0.0,21.0,22.0,7.0
2020-12-21,-4.0,27.0,2.0,10.0,-15.0,10.0
2020-12-22,-2.0,29.0,-1.0,9.0,-20.0,10.0
2020-12-23,6.0,44.0,9.0,19.0,-20.0,9.0
2020-12-24,-8.0,35.0,4.0,1.0,-39.0,11.0
2020-12-25,-71.0,-59.0,-38.0,-65.0,-71.0,26.0
2020-12-26,-30.0,-9.0,-21.0,-16.0,-5.0,13.0
2020-12-27,-21.0,-3.0,-8.0,0.0,12.0,10.0
2020-12-28,-16.0,15.0,-5.0,-3.0,-22.0,13.0
2020-12-29,-11.0,24.0,-3.0,0.0,-26.0,13.0
2020-12-30,-1.0,43.0,7.0,11.0,-25.0,11.0
2020-12-31,-13.0,36.0,2.0,-4.0,-41.0,12.0
2021-01-01,-73.0,-62.0,-39.0,-68.0,-72.0,24.0
2021-01-02,-49.0,-25.0,-30.0,-36.0,-32.0,17.0
2021-01-03,-34.0,-11.0,-11.0,-11.0,-9.0,11.0
2021-01-04,-50.0,-17.0,-33.0,-43.0,-42.0,23.0
2021-01-05,-45.0,-8.0,-33.0,-42.0,-41.0,23.0
2021-01-06,-42.0,-6.0,-30.0,-38.0,-38.0,23.0
2021-01-07,-43.0,-8.0,-34.0,-39.0,-37.0,23.0
2021-01-08,-44.0,-9.0,-35.0,-41.0,-32.0,22.0
2021-01-09,-39.0,-2.0,-34.0,-33.0,-9.0,16.0
2021-01-10,-41.0,-9.0,-33.0,-34.0,-5.0,13.0
2021-01-11,-23.0,8.0,-15.0,-11.0,-18.0,13.0
2021-01-12,-24.0,5.0,-17.0,-14.0,-21.0,13.0
2021-01-13,-27.0,0.0,-20.0,-19.0,-23.0,11.0
2021-01-14,-33.0,-8.0,-28.0,-29.0,-30.0,12.0
2021-01-15,-33.0,-8.0,-30.0,-46.0,-28.0,11.0
2021-01-16,-32.0,-6.0,-29.0,-40.0,-12.0,9.0
2021-01-17,-33.0,-9.0,-24.0,-37.0,-12.0,8.0
2021-01-18,-46.0,-20.0,-37.0,-57.0,-34.0,16.0
2021-01-19,-43.0,-16.0,-38.0,-57.0,-35.0,16.0
2021-01-20,-40.0,-13.0,-32.0,-55.0,-33.0,17.0
2021-01-21,-40.0,-12.0,-34.0,-55.0,-33.0,17.0
2021-01-22,-40.0,-12.0,-34.0,-55.0,-27.0,16.0
2021-01-23,-37.0,-7.0,-37.0,-51.0,-11.0,13.0
2021-01-24,-40.0,-12.0,-34.0,-48.0,-12.0,11.0
2021-01-25,-26.0,0.0,-17.0,-37.0,-21.0,10.0
2021-01-26,-26.0,0.0,-19.0,-39.0,-25.0,11.0
2021-01-27,-25.0,0.0,-17.0,-39.0,-23.0,11.0
2021-01-28,-26.0,-1.0,-18.0,-38.0,-23.0,11.0
2021-01-29,-23.0,3.0,-16.0,-36.0,-18.0,8.0
2021-01-30,-19.0,6.0,-15.0,-30.0,-3.0,6.0
2021-01-31,-25.0,0.0,-16.0,-29.0,-6.0,6.0
2021-02-01,-37.0,-8.0,-27.0,-52.0,-28.0,12.0
2021-02-02,-33.0,-4.0,-26.0,-51.0,-30.0,12.0
2021-02-03,-34.0,-7.0,-26.0,-50.0,-29.0,13.0
2021-02-04,-35.0,-8.0,-29.0,-51.0,-29.0,13.0
2021-02-05,-35.0,-8.0,-29.0,-50.0,-24.0,12.0
2021-02-06,-31.0,-3.0,-29.0,-45.0,-6.0,10.0
2021-02-07,-36.0,-10.0,-26.0,-45.0,-10.0,9.0
2021-02-08,-21.0,2.0,-15.0,-34.0,-20.0,7.0
2021-02-09,-20.0,4.0,-15.0,-35.0,-22.0,7.0
2021-02-10,-19.0,5.0,-13.0,-33.0,-20.0,8.0
2021-02-11,-19.0,6.0,-14.0,-33.0,-21.0,7.0
2021-02-12,-17.0,9.0,-13.0,-32.0,-16.0,5.0
2021-02-13,-12.0,17.0,-11.0,-25.0,-2.0,3.0
2021-02-14,2.0,20.0,8.0,-22.0,6.0,1.0
2021-02-15,-39.0,-12.0,-10.0,-53.0,-57.0,12.0
2021-02-16,-42.0,-18.0,-19.0,-55.0,-61.0,14.0
2021-02-17,-28.0,-1.0,-20.0,-42.0,-28.0,9.0
2021-02-18,-24.0,5.0,-21.0,-43.0,-23.0,10.0
2021-02-19,-21.0,8.0,-17.0,-41.0,-17.0,8.0
2021-02-20,-17.0,11.0,-16.0,-34.0,0.0,5.0
2021-02-21,-21.0,5.0,-12.0,-32.0,-3.0,5.0
2021-02-22,-31.0,0.0,-24.0,-49.0,-24.0,10.0
2021-02-23,-28.0,2.0,-24.0,-49.0,-26.0,10.0
2021-02-24,-27.0,2.0,-23.0,-47.0,-24.0,11.0
2021-02-25,-28.0,2.0,-25.0,-48.0,-24.0,11.0
2021-02-26,-25.0,7.0,-22.0,-46.0,-18.0,10.0
2021-02-27,-20.0,14.0,-22.0,-40.0,-1.0,7.0
2021-02-28,-24.0,7.0,-20.0,-40.0,-4.0,7.0
2021-03-01,-13.0,16.0,-8.0,-30.0,-15.0,5.0
2021-03-02,-13.0,17.0,-9.0,-33.0,-18.0,6.0
2021-03-03,-12.0,18.0,-6.0,-30.0,-17.0,6.0
2021-03-04,-14.0,15.0,-9.0,-31.0,-18.0,7.0
2021-03-05,-14.0,15.0,-9.0,-31.0,-13.0,6.0
2021-03-06,-12.0,16.0,-11.0,-27.0,1.0,5.0
2021-03-07,-15.0,13.0,-8.0,-23.0,-1.0,4.0
2021-03-08,-35.0,-2.0,-29.0,-51.0,-26.0,12.0
2021-03-09,-32.0,2.0,-27.0,-51.0,-28.0,12.0
2021-03-10,-30.0,4.0,-24.0,-49.0,-26.0,13.0
2021-03-11,-30.0,3.0,-26.0,-49.0,-26.0,13.0
2021-03-12,-29.0,6.0,-25.0,-48.0,-20.0,12.0
2021-03-13,-24.0,13.0,-26.0,-43.0,-4.0,9.0
2021-03-14,-31.0,4.0,-26.0,-45.0,-8.0,9.0
2021-03-15,-19.0,15.0,-14.0,-37.0,-17.0,8.0
2021-03-16,-17.0,17.0,-14.0,-38.0,-21.0,9.0
2021-03-17,-16.0,18.0,-11.0,-36.0,-19.0,9.0
2021-03-18,-16.0,17.0,-12.0,-36.0,-19.0,9.0
2021-03-19,-18.0,16.0,-13.0,-35.0,-15.0,9.0
2021-03-20,-15.0,18.0,-15.0,-32.0,3.0,7.0
2021-03-21,-20.0,11.0,-15.0,-33.0,-1.0,6.0
2021-03-22,-36.0,0.0,-28.0,-51.0,-27.0,13.0
2021-03-23,-35.0,4.0,-30.0,-52.0,-30.0,14.0
2021-03-24,-34.0,2.0,-29.0,-52.0,-30.0,15.0
2021-03-25,-35.0,3.0,-30.0,-51.0,-29.0,15.0
2021-03-26,-33.0,7.0,-29.0,-50.0,-24.0,15.0
2021-03-27,-31.0,11.0,-32.0,-48.0,-6.0,12.0
2021-03-28,-39.0,-1.0,-35.0,-50.0,-12.0,12.0
2021-03-29,-37.0,4.0,-30.0,-54.0,-33.0,15.0
2021-03-30,-34.0,10.0,-29.0,-53.0,-35.0,15.0
2021-03-31,-30.0,19.0,-24.0,-49.0,-38.0,15.0
2021-04-01,-51.0,-5.0,-40.0,-62.0,-61.0,22.0
2021-04-02,-62.0,-30.0,-48.0,-70.0,-66.0,26.0
2021-04-03,-44.0,-7.0,-41.0,-57.0,-23.0,16.0
2021-04-04,-44.0,-11.0,-36.0,-54.0,-15.0,12.0
2021-04-05,-33.0,5.0,-27.0,-50.0,-27.0,14.0
2021-04-06,-32.0,8.0,-27.0,-52.0,-31.0,15.0
2021-04-07,-32.0,8.0,-26.0,-50.0,-30.0,15.0
2021-04-08,-33.0,7.0,-29.0,-51.0,-29.0,15.0
2021-04-09,-34.0,6.0,-30.0,-52.0,-24.0,16.0
2021-04-10,-30.0,11.0,-32.0,-47.0,-5.0,13.0
2021-04-11,-36.0,3.0,-31.0,-48.0,-9.0,12.0
2021-04-12,-18.0,15.0,-15.0,-37.0,-17.0,9.0
2021-04-13,-16.0,17.0,-13.0,-36.0,-21.0,9.0
2021-04-14,-16.0,17.0,-13.0,-34.0,-21.0,10.0
2021-04-15,-14.0,21.0,-13.0,-33.0,-19.0,9.0
2021-04-16,-15.0,20.0,-13.0,-32.0,-14.0,9.0
2021-04-17,-10.0,26.0,-14.0,-28.0,5.0,7.0
2021-04-18,-15.0,18.0,-12.0,-28.0,2.0,7.0
2021-04-19,-39.0,0.0,-30.0,-55.0,-44.0,18.0
2021-04-20,-27.0,12.0,-23.0,-47.0,-24.0,13.0
2021-04-21,-26.0,12.0,-22.0,-45.0,-24.0,13.0
2021-04-22,-27.0,12.0,-24.0,-45.0,-22.0,14.0
2021-04-23,-27.0,12.0,-23.0,-46.0,-17.0,13.0
2021-04-24,-23.0,17.0,-25.0,-41.0,2.0,11.0
2021-04-25,-29.0,9.0,-25.0,-43.0,-3.0,10.0
2021-04-26,-13.0,20.0,-9.0,-33.0,-13.0,8.0
2021-04-27,-14.0,18.0,-12.0,-34.0,-17.0,10.0
2021-04-28,-16.0,14.0,-15.0,-33.0,-18.0,10.0
2021-04-29,-20.0,11.0,-22.0,-38.0,-20.0,12.0
2021-04-30,-10.0,27.0,-8.0,-27.0,-9.0,9.0
2021-05-01,-8.0,27.0,-12.0,-25.0,4.0,8.0
2021-05-02,-13.0,19.0,-11.0,-25.0,2.0,7.0
2021-05-03,-27.0,11.0,-22.0,-45.0,-21.0,13.0
2021-05-04,-23.0,15.0,-21.0,-45.0,-22.0,13.0
2021-05-05,-22.0,15.0,-19.0,-43.0,-21.0,13.0
2021-05-06,-22.0,17.0,-19.0,-42.0,-20.0,13.0
2021-05-07,-20.0,19.0,-19.0,-41.0,-13.0,12.0
2021-05-08,-8.0,36.0,-15.0,-32.0,8.0,8.0
2021-05-09,-3.0,27.0,-11.0,-28.0,18.0,5.0
2021-05-10,-14.0,18.0,-9.0,-32.0,-14.0,8.0
2021-05-11,-9.0,25.0,-5.0,-30.0,-14.0,9.0
2021-05-12,-6.0,28.0,-3.0,-25.0,-14.0,9.0
2021-05-13,-7.0,29.0,-4.0,-26.0,-13.0,9.0
2021-05-14,-6.0,32.0,-2.0,-22.0,-8.0,8.0
2021-05-15,-1.0,37.0,-2.0,-18.0,9.0,6.0
2021-05-16,-6.0,28.0,-1.0,-18.0,7.0,6.0
2021-05-17,-22.0,18.0,-14.0,-41.0,-17.0,12.0
2021-05-18,-21.0,19.0,-17.0,-42.0,-19.0,13.0
2021-05-19,-17.0,22.0,-10.0,-40.0,-17.0,13.0
2021-05-20,-19.0,22.0,-11.0,-41.0,-16.0,13.0
2021-05-21,-17.0,26.0,-8.0,-38.0,-9.0,12.0
2021-05-22,-13.0,29.0,-12.0,-33.0,10.0,10.0
2021-05-23,-21.0,20.0,-13.0,-37.0,4.0,10.0
2021-05-24,-9.0,29.0,2.0,-26.0,-10.0,9.0
2021-05-25,-5.0,32.0,7.0,-25.0,-11.0,9.0
2021-05-26,-2.0,34.0,10.0,-22.0,-11.0,9.0
2021-05-27,-4.0,35.0,6.0,-24.0,-11.0,9.0
2021-05-28,-1.0,39.0,10.0,-20.0,-5.0,7.0
2021-05-29,5.0,45.0,10.0,-12.0,14.0,6.0
2021-05-30,1.0,36.0,15.0,-12.0,9.0,6.0
2021-05-31,-16.0,28.0,-2.0,-35.0,-13.0,11.0
2021-06-01,-14.0,30.0,-3.0,-36.0,-17.0,12.0
2021-06-02,-11.0,32.0,2.0,-34.0,-15.0,13.0
2021-06-03,-13.0,31.0,-1.0,-35.0,-14.0,13.0
2021-06-04,-13.0,31.0,-1.0,-35.0,-7.0,12.0
2021-06-05,-10.0,33.0,-8.0,-30.0,10.0,10.0
2021-06-06,-14.0,27.0,-6.0,-31.0,4.0,9.0
2021-06-07,0.0,40.0,16.0,-19.0,-6.0,8.0
2021-06-08,-2.0,37.0,9.0,-23.0,-10.0,9.0
2021-06-09,3.0,40.0,17.0,-18.0,-9.0,8.0
2021-06-10,-4.0,31.0,4.0,-24.0,-10.0,10.0
2021-06-11,1.0,41.0,15.0,-18.0,-3.0,7.0
2021-06-12,4.0,40.0,8.0,-12.0,13.0,6.0
2021-06-13,0.0,32.0,13.0,-14.0,8.0,5.0
2021-06-14,-17.0,23.0,-2.0,-38.0,-15.0,10.0
2021-06-15,-13.0,29.0,-1.0,-37.0,-15.0,11.0
2021-06-16,-11.0,29.0,-1.0,-36.0,-16.0,11.0
2021-06-17,-15.0,24.0,-8.0,-37.0,-17.0,11.0
2021-06-18,-12.0,29.0,-3.0,-35.0,-10.0,10.0
2021-06-19,-2.0,41.0,-4.0,-26.0,9.0,7.0
2021-06-20,-3.0,33.0,0.0,-25.0,9.0,5.0
2021-06-21,-10.0,24.0,3.0,-29.0,-14.0,7.0
2021-06-22,-7.0,29.0,5.0,-26.0,-14.0,8.0
2021-06-23,-2.0,31.0,9.0,-24.0,-14.0,8.0
2021-06-24,-21.0,14.0,-9.0,-39.0,-40.0,15.0
2021-06-25,-5.0,31.0,6.0,-24.0,-9.0,7.0
2021-06-26,-2.0,32.0,2.0,-19.0,9.0,7.0
2021-06-27,-4.0,26.0,4.0,-17.0,6.0,6.0
2021-06-28,-17.0,23.0,-6.0,-39.0,-16.0,9.0
2021-06-29,-14.0,24.0,-4.0,-39.0,-18.0,10.0
2021-06-30,-9.0,31.0,0.0,-35.0,-15.0,11.0
2021-07-01,-10.0,32.0,-3.0,-37.0,-15.0,11.0
2021-07-02,-11.0,31.0,-5.0,-37.0,-9.0,11.0
2021-07-03,0.0,44.0,-3.0,-27.0,12.0,8.0
2021-07-04,-6.0,35.0,-2.0,-31.0,3.0,8.0
2021-07-05,-15.0,25.0,3.0,-36.0,-39.0,14.0
2021-07-06,4.0,42.0,13.0,-21.0,-8.0,7.0
2021-07-07,6.0,43.0,16.0,-20.0,-9.0,7.0
2021-07-08,-1.0,36.0,6.0,-23.0,-11.0,8.0
2021-07-09,-4.0,33.0,1.0,-26.0,-7.0,9.0
2021-07-10,7.0,43.0,6.0,-16.0,13.0,6.0
2021-07-11,3.0,34.0,10.0,-15.0,8.0,6.0
2021-07-12,-10.0,32.0,1.0,-36.0,-12.0,9.0
2021-07-13,-6.0,36.0,2.0,-36.0,-14.0,9.0
2021-07-14,-3.0,38.0,5.0,-33.0,-12.0,10.0
2021-07-15,-2.0,41.0,5.0,-33.0,-10.0,9.0
2021-07-16,-2.0,40.0,3.0,-33.0,-4.0,9.0
2021-07-17,9.0,52.0,4.0,-21.0,15.0,5.0
2021-07-18,24.0,54.0,22.0,-18.0,15.0,5.0
2021-07-19,-2.0,34.0,5.0,-24.0,-8.0,7.0
2021-07-20,7.0,47.0,16.0,-20.0,-8.0,6.0
2021-07-21,8.0,45.0,18.0,-18.0,-7.0,6.0
2021-07-22,4.0,42.0,11.0,-21.0,-7.0,7.0
2021-07-23,5.0,44.0,14.0,-20.0,-1.0,6.0
2021-07-24,8.0,45.0,11.0,-14.0,13.0,5.0
2021-07-25,4.0,34.0,11.0,-14.0,7.0,6.0
2021-07-26,-6.0,36.0,4.0,-33.0,-9.0,9.0
2021-07-27,-2.0,39.0,5.0,-34.0,-10.0,9.0
2021-07-28,-5.0,31.0,0.0,-35.0,-11.0,10.0
2021-07-29,-1.0,41.0,5.0,-32.0,-9.0,9.0
2021-07-30,0.0,42.0,6.0,-31.0,-2.0,8.0
2021-07-31,7.0,49.0,3.0,-24.0,17.0,6.0
2021-08-01,0.0,40.0,4.0,-27.0,8.0,7.0
2021-08-02,4.0,45.0,13.0,-19.0,-5.0,7.0
2021-08-03,5.0,46.0,12.0,-22.0,-9.0,7.0
2021-08-04,9.0,47.0,17.0,-19.0,-7.0,7.0
2021-08-05,7.0,47.0,15.0,-20.0,-6.0,7.0
2021-08-06,7.0,46.0,17.0,-18.0,0.0,6.0
2021-08-07,14.0,50.0,15.0,-10.0,19.0,4.0
2021-08-08,14.0,47.0,25.0,-6.0,17.0,3.0
2021-08-09,-5.0,38.0,4.0,-33.0,-9.0,9.0
2021-08-10,-1.0,40.0,5.0,-33.0,-11.0,9.0
2021-08-11,1.0,41.0,9.0,-30.0,-10.0,9.0
2021-08-12,-2.0,39.0,4.0,-32.0,-9.0,9.0
2021-08-13,0.0,42.0,4.0,-30.0,-2.0,9.0
2021-08-14,5.0,47.0,0.0,-24.0,16.0,7.0
2021-08-15,6.0,47.0,9.0,-23.0,11.0,6.0
2021-08-16,8.0,50.0,18.0,-15.0,-4.0,6.0
2021-08-17,9.0,50.0,17.0,-18.0,-8.0,7.0
2021-08-18,10.0,47.0,17.0,-16.0,-5.0,7.0
2021-08-19,8.0,47.0,16.0,-18.0,-4.0,7.0
2021-08-20,8.0,46.0,16.0,-16.0,1.0,6.0
2021-08-21,14.0,49.0,16.0,-9.0,18.0,4.0
2021-08-22,11.0,42.0,20.0,-7.0,12.0,4.0
2021-08-23,-4.0,37.0,4.0,-32.0,-7.0,9.0
2021-08-24,-3.0,36.0,2.0,-34.0,-10.0,9.0
2021-08-25,3.0,44.0,10.0,-30.0,-8.0,9.0
2021-08-26,0.0,42.0,6.0,-31.0,-8.0,10.0
2021-08-27,3.0,44.0,8.0,-29.0,0.0,9.0
2021-08-28,7.0,46.0,2.0,-24.0,18.0,7.0
2021-08-29,4.0,41.0,6.0,-26.0,10.0,7.0
2021-08-30,2.0,39.0,7.0,-22.0,-5.0,7.0
2021-08-31,11.0,53.0,17.0,-18.0,-5.0,7.0
2021-09-01,13.0,51.0,19.0,-17.0,-5.0,7.0
2021-09-02,10.0,48.0,15.0,-19.0,-5.0,7.0
2021-09-03,11.0,50.0,17.0,-16.0,3.0,6.0
2021-09-04,16.0,53.0,13.0,-10.0,19.0,5.0
2021-09-05,12.0,45.0,15.0,-8.0,12.0,5.0
2021-09-06,1.0,45.0,9.0,-31.0,-5.0,8.0
2021-09-07,2.0,42.0,6.0,-32.0,-8.0,9.0
2021-09-08,4.0,43.0,12.0,-32.0,-8.0,9.0
2021-09-09,3.0,43.0,8.0,-32.0,-6.0,8.0
2021-09-10,4.0,45.0,8.0,-30.0,2.0,8.0
2021-09-11,11.0,51.0,6.0,-24.0,21.0,6.0
2021-09-12,7.0,45.0,10.0,-25.0,12.0,6.0
2021-09-13,10.0,51.0,19.0,-17.0,-2.0,5.0
2021-09-14,10.0,51.0,18.0,-19.0,-7.0,6.0
2021-09-15,14.0,53.0,20.0,-15.0,-5.0,6.0
2021-09-16,9.0,46.0,14.0,-18.0,-6.0,6.0
2021-09-17,11.0,48.0,16.0,-15.0,0.0,6.0
2021-09-18,16.0,51.0,15.0,-8.0,18.0,4.0
2021-09-19,13.0,45.0,20.0,-6.0,11.0,4.0
2021-09-20,0.0,42.0,7.0,-31.0,-6.0,8.0
2021-09-21,4.0,47.0,7.0,-30.0,-7.0,9.0
2021-09-22,6.0,47.0,11.0,-28.0,-4.0,9.0
2021-09-23,6.0,49.0,7.0,-28.0,-3.0,8.0
2021-09-24,6.0,49.0,9.0,-27.0,3.0,7.0
2021-09-25,14.0,54.0,7.0,-21.0,22.0,5.0
2021-09-26,10.0,49.0,11.0,-21.0,14.0,6.0
2021-09-27,11.0,53.0,16.0,-14.0,1.0,5.0
2021-09-28,14.0,59.0,18.0,-14.0,-2.0,5.0
2021-09-29,16.0,63.0,19.0,-11.0,-2.0,6.0
2021-09-30,9.0,46.0,12.0,-17.0,-2.0,7.0
2021-10-01,2.0,33.0,7.0,-21.0,3.0,8.0
2021-10-02,16.0,50.0,13.0,-12.0,21.0,5.0
2021-10-03,15.0,48.0,19.0,-8.0,14.0,5.0
2021-10-04,1.0,43.0,7.0,-30.0,-2.0,7.0
2021-10-05,6.0,51.0,9.0,-29.0,-5.0,8.0
2021-10-06,8.0,51.0,10.0,-27.0,-3.0,8.0
2021-10-07,6.0,47.0,7.0,-29.0,-3.0,9.0
2021-10-08,6.0,47.0,7.0,-27.0,4.0,8.0
2021-10-09,16.0,57.0,7.0,-20.0,24.0,6.0
2021-10-10,14.0,52.0,12.0,-20.0,17.0,7.0
2021-10-11,14.0,54.0,19.0,-13.0,3.0,5.0
2021-10-12,1.0,42.0,9.0,-25.0,-28.0,12.0
2021-10-13,16.0,51.0,18.0,-13.0,1.0,5.0
2021-10-14,14.0,53.0,17.0,-15.0,1.0,5.0
2021-10-15,17.0,56.0,19.0,-13.0,8.0,5.0
2021-10-16,23.0,60.0,15.0,-6.0,23.0,4.0
2021-10-17,23.0,58.0,24.0,-3.0,17.0,4.0
2021-10-18,7.0,51.0,10.0,-26.0,-2.0,7.0
2021-10-19,10.0,54.0,11.0,-27.0,-4.0,7.0
2021-10-20,11.0,51.0,11.0,-25.0,-2.0,8.0
2021-10-21,8.0,49.0,6.0,-27.0,-2.0,9.0
2021-10-22,14.0,56.0,13.0,-24.0,6.0,7.0
2021-10-23,26.0,66.0,14.0,-17.0,26.0,5.0
2021-10-24,21.0,61.0,16.0,-19.0,18.0,6.0
2021-10-25,21.0,65.0,24.0,-10.0,5.0,4.0
2021-10-26,20.0,61.0,20.0,-14.0,1.0,5.0
2021-10-27,15.0,52.0,12.0,-16.0,0.0,7.0
2021-10-28,20.0,61.0,21.0,-13.0,3.0,5.0
2021-10-29,21.0,59.0,22.0,-13.0,10.0,5.0
2021-10-30,30.0,65.0,18.0,-5.0,27.0,4.0
2021-10-31,33.0,68.0,29.0,-2.0,22.0,4.0
2021-11-01,19.0,63.0,24.0,-15.0,4.0,5.0
2021-11-02,20.0,62.0,22.0,-16.0,3.0,5.0
2021-11-03,22.0,62.0,24.0,-14.0,4.0,6.0
2021-11-04,20.0,60.0,20.0,-16.0,5.0,6.0
2021-11-05,21.0,60.0,22.0,-15.0,12.0,5.0
2021-11-06,31.0,66.0,22.0,-8.0,30.0,4.0
2021-11-07,31.0,64.0,28.0,-7.0,24.0,5.0
2021-11-08,21.0,64.0,24.0,-12.0,8.0,4.0
2021-11-09,20.0,63.0,22.0,-15.0,4.0,4.0
2021-11-10,24.0,64.0,25.0,-11.0,6.0,6.0
2021-11-11,21.0,61.0,22.0,-14.0,6.0,6.0
2021-11-12,22.0,62.0,26.0,-13.0,13.0,5.0
2021-11-13,32.0,68.0,25.0,-7.0,31.0,4.0
2021-11-14,34.0,68.0,32.0,-4.0,27.0,5.0
2021-11-15,23.0,68.0,26.0,-13.0,8.0,6.0
2021-11-16,26.0,71.0,26.0,-13.0,5.0,6.0
2021-11-17,31.0,73.0,32.0,-8.0,5.0,6.0
2021-11-18,26.0,66.0,30.0,-12.0,2.0,7.0
2021-11-19,24.0,65.0,24.0,-14.0,12.0,7.0
2021-11-20,32.0,70.0,20.0,-8.0,33.0,6.0
2021-11-21,35.0,78.0,38.0,-5.0,36.0,4.0
2021-11-22,19.0,61.0,20.0,-17.0,2.0,9.0
2021-11-23,24.0,65.0,22.0,-13.0,7.0,7.0
2021-11-24,22.0,58.0,20.0,-12.0,6.0,8.0
2021-11-25,27.0,66.0,26.0,-11.0,9.0,6.0
2021-11-26,33.0,67.0,29.0,-8.0,15.0,5.0
2021-11-27,40.0,73.0,28.0,-2.0,33.0,4.0
2021-11-28,41.0,72.0,34.0,1.0,29.0,5.0
2021-11-29,26.0,70.0,27.0,-10.0,13.0,5.0
2021-11-30,29.0,72.0,29.0,-11.0,10.0,5.0
2021-12-01,30.0,68.0,29.0,-9.0,10.0,6.0
2021-12-02,28.0,68.0,27.0,-11.0,10.0,6.0
2021-12-03,29.0,68.0,30.0,-8.0,18.0,5.0
2021-12-04,39.0,75.0,30.0,-1.0,35.0,4.0
2021-12-05,41.0,73.0,36.0,1.0,33.0,4.0
2021-12-06,27.0,70.0,29.0,-9.0,14.0,5.0
2021-12-07,30.0,71.0,30.0,-9.0,12.0,5.0
2021-12-08,32.0,70.0,31.0,-6.0,14.0,6.0
2021-12-09,29.0,67.0,27.0,-9.0,15.0,5.0
2021-12-10,30.0,69.0,32.0,-7.0,23.0,4.0
2021-12-11,43.0,76.0,33.0,2.0,43.0,3.0
2021-12-12,47.0,78.0,41.0,7.0,44.0,3.0
2021-12-13,27.0,70.0,26.0,-8.0,14.0,6.0
2021-12-14,29.0,69.0,24.0,-9.0,11.0,6.0
2021-12-15,38.0,78.0,35.0,-3.0,13.0,5.0
2021-12-16,39.0,78.0,38.0,-5.0,11.0,4.0
2021-12-17,34.0,70.0,36.0,-7.0,16.0,0.0
2021-12-18,49.0,81.0,36.0,7.0,43.0,2.0
2021-12-19,63.0,90.0,51.0,19.0,51.0,1.0
2021-12-20,45.0,90.0,44.0,4.0,5.0,4.0
2021-12-21,48.0,94.0,47.0,4.0,0.0,4.0
2021-12-22,53.0,99.0,52.0,11.0,-1.0,4.0
2021-12-23,61.0,123.0,60.0,14.0,-6.0,2.0
2021-12-24,36.0,107.0,51.0,-5.0,-29.0,6.0
2021-12-25,-40.0,-21.0,-8.0,-55.0,-45.0,14.0
2021-12-26,29.0,58.0,39.0,-1.0,26.0,5.0
2021-12-27,28.0,73.0,36.0,-5.0,-7.0,8.0
2021-12-28,33.0,81.0,40.0,-5.0,-10.0,8.0
2021-12-29,41.0,91.0,49.0,2.0,-10.0,7.0
2021-12-30,46.0,110.0,52.0,5.0,-14.0,5.0
2021-12-31,24.0,97.0,45.0,-11.0,-34.0,8.0
2022-01-01,-42.0,-26.0,-3.0,-56.0,-48.0,12.0
2022-01-02,8.0,41.0,38.0,-15.0,-1.0,6.0
2022-01-03,-4.0,45.0,18.0,-25.0,-32.0,14.0
2022-01-04,1.0,52.0,20.0,-24.0,-27.0,14.0
2022-01-05,7.0,56.0,25.0,-21.0,-22.0,14.0
2022-01-06,6.0,54.0,27.0,-22.0,-21.0,13.0
2022-01-07,3.0,51.0,21.0,-20.0,-13.0,13.0
2022-01-08,11.0,53.0,21.0,-11.0,16.0,10.0
2022-01-09,15.0,53.0,26.0,-6.0,23.0,8.0
2022-01-10,15.0,65.0,23.0,-13.0,3.0,9.0
2022-01-11,14.0,62.0,20.0,-15.0,3.0,10.0
2022-01-12,15.0,61.0,21.0,-13.0,5.0,11.0
2022-01-13,14.0,61.0,20.0,-16.0,5.0,11.0
2022-01-14,14.0,63.0,21.0,-15.0,10.0,11.0
2022-01-15,22.0,66.0,21.0,-9.0,34.0,9.0
2022-01-16,20.0,62.0,26.0,-5.0,29.0,8.0
2022-01-17,17.0,66.0,23.0,-12.0,10.0,10.0
2022-01-18,16.0,63.0,20.0,-18.0,7.0,9.0
2022-01-19,19.0,63.0,21.0,-15.0,8.0,11.0
2022-01-20,16.0,60.0,18.0,-17.0,8.0,12.0
2022-01-21,16.0,60.0,16.0,-17.0,15.0,11.0
2022-01-22,22.0,63.0,15.0,-14.0,35.0,10.0
2022-01-23,20.0,61.0,22.0,-12.0,29.0,9.0
2022-01-24,19.0,66.0,22.0,-16.0,13.0,10.0
2022-01-25,19.0,66.0,20.0,-17.0,9.0,11.0
2022-01-26,23.0,68.0,24.0,-14.0,10.0,11.0
2022-01-27,19.0,62.0,17.0,-17.0,11.0,12.0
2022-01-28,20.0,63.0,18.0,-15.0,18.0,11.0
2022-01-29,30.0,73.0,23.0,-9.0,40.0,9.0
2022-01-30,26.0,65.0,27.0,-9.0,32.0,8.0
2022-01-31,24.0,71.0,26.0,-13.0,18.0,9.0
2022-02-01,24.0,70.0,25.0,-14.0,14.0,10.0
2022-02-02,26.0,69.0,27.0,-12.0,15.0,11.0
2022-02-03,24.0,66.0,23.0,-14.0,16.0,10.0
2022-02-04,24.0,66.0,25.0,-11.0,24.0,10.0
2022-02-05,32.0,71.0,23.0,-8.0,43.0,8.0
2022-02-06,28.0,66.0,28.0,-8.0,35.0,8.0
2022-02-07,25.0,70.0,27.0,-12.0,22.0,9.0
2022-02-08,26.0,67.0,23.0,-13.0,17.0,9.0
2022-02-09,29.0,68.0,28.0,-11.0,18.0,10.0
2022-02-10,28.0,67.0,26.0,-11.0,19.0,9.0
2022-02-11,29.0,68.0,28.0,-10.0,28.0,8.0
2022-02-12,39.0,76.0,30.0,-4.0,46.0,7.0
2022-02-13,40.0,78.0,36.0,-1.0,44.0,7.0
2022-02-14,57.0,92.0,50.0,-4.0,28.0,5.0
2022-02-15,28.0,71.0,27.0,-13.0,20.0,9.0
2022-02-16,31.0,72.0,30.0,-9.0,22.0,9.0
2022-02-17,29.0,69.0,28.0,-11.0,23.0,9.0
2022-02-18,31.0,70.0,30.0,-8.0,32.0,7.0
2022-02-19,39.0,75.0,29.0,-3.0,49.0,6.0
2022-02-20,36.0,71.0,36.0,-1.0,40.0,7.0
2022-02-21,29.0,72.0,31.0,-9.0,28.0,7.0
2022-02-22,30.0,71.0,33.0,-8.0,24.0,8.0
2022-02-23,32.0,69.0,36.0,-6.0,24.0,8.0
2022-02-24,31.0,69.0,34.0,-7.0,25.0,8.0
2022-02-25,34.0,72.0,38.0,-2.0,32.0,7.0
2022-02-26,38.0,75.0,35.0,3.0,47.0,5.0
2022-02-27,46.0,83.0,66.0,6.0,44.0,4.0
2022-02-28,9.0,48.0,56.0,-28.0,-38.0,14.0
2022-03-01,-4.0,32.0,37.0,-34.0,-46.0,16.0
2022-03-02,22.0,59.0,31.0,-11.0,20.0,9.0
2022-03-03,25.0,63.0,30.0,-12.0,24.0,10.0
2022-03-04,28.0,66.0,31.0,-11.0,34.0,10.0
2022-03-05,38.0,71.0,29.0,-5.0,53.0,9.0
2022-03-06,35.0,69.0,37.0,-2.0,45.0,9.0
2022-03-07,30.0,68.0,37.0,-8.0,31.0,9.0
2022-03-08,30.0,63.0,36.0,-9.0,27.0,11.0
2022-03-09,29.0,61.0,36.0,-8.0,28.0,12.0
2022-03-10,26.0,58.0,32.0,-11.0,29.0,13.0
2022-03-11,28.0,62.0,33.0,-11.0,38.0,12.0
2022-03-12,39.0,71.0,35.0,-3.0,56.0,11.0
2022-03-13,39.0,72.0,47.0,1.0,50.0,11.0
2022-03-14,30.0,66.0,42.0,-6.0,35.0,12.0
2022-03-15,32.0,70.0,41.0,-6.0,31.0,12.0
2022-03-16,33.0,66.0,42.0,-6.0,31.0,12.0
2022-03-17,30.0,65.0,38.0,-8.0,31.0,12.0
2022-03-18,32.0,67.0,38.0,-7.0,39.0,11.0
2022-03-19,40.0,72.0,37.0,-2.0,54.0,10.0
2022-03-20,39.0,71.0,47.0,3.0,48.0,10.0
2022-03-21,32.0,73.0,46.0,-5.0,35.0,11.0
2022-03-22,34.0,73.0,43.0,-7.0,32.0,11.0
2022-03-23,33.0,68.0,43.0,-6.0,33.0,12.0
2022-03-24,29.0,62.0,37.0,-9.0,33.0,12.0
2022-03-25,31.0,64.0,37.0,-8.0,41.0,11.0
2022-03-26,43.0,76.0,38.0,0.0,56.0,9.0
2022-03-27,43.0,77.0,49.0,5.0,50.0,9.0
2022-03-28,30.0,67.0,43.0,-6.0,37.0,11.0
2022-03-29,32.0,67.0,40.0,-7.0,33.0,12.0
2022-03-30,36.0,71.0,44.0,-5.0,34.0,11.0
2022-03-31,36.0,78.0,42.0,-6.0,34.0,11.0
2022-04-01,38.0,82.0,44.0,-5.0,44.0,9.0
2022-04-02,48.0,82.0,43.0,4.0,57.0,8.0
2022-04-03,48.0,81.0,53.0,8.0,51.0,9.0
2022-04-04,33.0,71.0,46.0,-3.0,39.0,10.0
2022-04-05,33.0,68.0,43.0,-6.0,33.0,11.0
2022-04-06,36.0,67.0,45.0,-4.0,34.0,11.0
2022-04-07,36.0,70.0,44.0,-4.0,35.0,11.0
2022-04-08,39.0,74.0,46.0,0.0,42.0,9.0
2022-04-09,50.0,84.0,47.0,9.0,58.0,8.0
2022-04-10,53.0,86.0,65.0,12.0,54.0,8.0
2022-04-11,37.0,78.0,54.0,-2.0,22.0,11.0
2022-04-12,39.0,80.0,53.0,-3.0,16.0,11.0
2022-04-13,47.0,93.0,74.0,5.0,8.0,10.0
2022-04-14,7.0,58.0,53.0,-23.0,-45.0,18.0
2022-04-15,-12.0,24.0,47.0,-38.0,-52.0,22.0
2022-04-16,16.0,44.0,40.0,-16.0,11.0,13.0
2022-04-17,24.0,51.0,40.0,0.0,33.0,10.0
2022-04-18,32.0,70.0,45.0,-3.0,25.0,11.0
2022-04-19,12.0,50.0,30.0,-21.0,-18.0,20.0
2022-04-20,35.0,71.0,43.0,-3.0,34.0,12.0
2022-04-21,33.0,70.0,41.0,-5.0,35.0,12.0
2022-04-22,35.0,70.0,40.0,-5.0,44.0,11.0
2022-04-23,46.0,77.0,38.0,1.0,59.0,11.0
2022-04-24,47.0,80.0,50.0,8.0,55.0,10.0
2022-04-25,36.0,72.0,47.0,-1.0,42.0,11.0
2022-04-26,32.0,67.0,37.0,-5.0,35.0,12.0
2022-04-27,35.0,67.0,41.0,-4.0,35.0,12.0
2022-04-28,31.0,63.0,34.0,-8.0,36.0,12.0
2022-04-29,40.0,75.0,41.0,-3.0,46.0,9.0
2022-04-30,53.0,87.0,38.0,4.0,58.0,9.0
2022-05-01,58.0,94.0,57.0,10.0,56.0,9.0
2022-05-02,41.0,82.0,50.0,1.0,41.0,10.0
2022-05-03,41.0,79.0,46.0,-2.0,37.0,10.0
2022-05-04,43.0,75.0,45.0,-2.0,37.0,10.0
2022-05-05,41.0,73.0,39.0,-4.0,38.0,10.0
2022-05-06,37.0,68.0,33.0,-6.0,43.0,11.0
2022-05-07,64.0,98.0,44.0,13.0,61.0,8.0
2022-05-08,83.0,104.0,57.0,18.0,70.0,6.0
2022-05-09,31.0,67.0,37.0,-5.0,37.0,11.0
2022-05-10,34.0,71.0,36.0,-6.0,37.0,12.0
2022-05-11,37.0,72.0,41.0,-3.0,37.0,12.0
2022-05-12,36.0,70.0,41.0,-5.0,39.0,11.0
2022-05-13,38.0,74.0,41.0,-3.0,48.0,10.0
