Department_Code,202010,202011,202012,202013,202014,202015,202016,202017,202018,202019,202020,202021,202022,202023,202024,202025,202026,202027,202028,202029,202030,202031,202032,202033,202034,202035,202036,202037,202038,202039,202040,202041,202042,202043,202044,202045,202046,202047,202048,202049,202050,202051,202052,202053,202101,202102,202103,202104,202105,202106,202107,202108,202109,202110,202111,202112,202113,202114,202115,202116,202117,202118,202119,202120,202121,202122,202123,202124,202125,202126,202127,202128,202129,202130,202131,202132,202133,202134,202135,202136,202137,202138,202139,202140,202141,202142,202143,202144,202145,202146,202147,202148,202149,202150,202151,202152,202201,202202,202203,202204,202205,202206,202207,202208,202209,202210,202211,202212,202213,202214,202215,202216,202217,202218
5,0.0,0.0,0.0,0.0,1.0,0.0,0.0,1.0,1.0,0.0,0.0,0.0,1.0,2.0,2.0,4.0,16.0,28.0,61.0,125.0,182.0,246.0,255.0,231.0,226.0,222.0,169.0,165.0,140.0,130.0,169.0,152.0,171.0,184.0,206.0,212.0,185.0,178.0,187.0,145.0,165.0,181.0,184.0,214.0,225.0,254.0,275.0,247.0,205.0,150.0,123.0,139.0,120.0,80.0,100.0,156.0,230.0,428.0,668.0,776.0,643.0,568.0,513.0,422.0,441.0,368.0,402.0,395.0,395.0,396.0,330.0,327.0,275.0,236.0,184.0,131.0,108.0,98.0,77.0,68.0,72.0,72.0,69.0,72.0,87.0,59.0,71.0,68.0,81.0,80.0,87.0,113.0,111.0,108.0,105.0,75.0,96.0,157.0,236.0,275.0,250.0,170.0,99.0,77.0,51.0,39.0,42.0,34.0,31.0,33.0,29.0,24.0,18.0,6.0
8,0.0,0.0,0.0,1.0,3.0,2.0,0.0,3.0,11.0,21.0,17.0,36.0,69.0,171.0,244.0,369.0,405.0,338.0,297.0,220.0,160.0,121.0,93.0,68.0,64.0,53.0,42.0,22.0,24.0,37.0,26.0,20.0,20.0,19.0,27.0,26.0,16.0,35.0,27.0,31.0,57.0,72.0,75.0,71.0,106.0,104.0,98.0,75.0,73.0,55.0,55.0,40.0,42.0,58.0,126.0,190.0,324.0,497.0,661.0,671.0,594.0,498.0,362.0,281.0,182.0,150.0,118.0,85.0,88.0,77.0,80.0,55.0,49.0,63.0,50.0,48.0,27.0,29.0,32.0,28.0,24.0,35.0,35.0,34.0,35.0,35.0,40.0,52.0,30.0,42.0,38.0,40.0,41.0,27.0,33.0,23.0,21.0,29.0,71.0,95.0,101.0,76.0,54.0,40.0,20.0,28.0,17.0,12.0,17.0,9.0,13.0,6.0,10.0,5.0
11,0.0,0.0,0.0,3.0,14.0,24.0,19.0,21.0,32.0,24.0,26.0,39.0,42.0,62.0,70.0,104.0,151.0,222.0,321.0,478.0,595.0,685.0,671.0,544.0,520.0,444.0,365.0,339.0,285.0,271.0,212.0,213.0,241.0,214.0,211.0,248.0,231.0,212.0,244.0,236.0,244.0,270.0,364.0,486.0,543.0,711.0,703.0,628.0,428.0,337.0,292.0,241.0,191.0,155.0,158.0,165.0,198.0,248.0,298.0,452.0,498.0,629.0,722.0,758.0,796.0,908.0,1036.0,1109.0,1033.0,918.0,785.0,663.0,455.0,336.0,265.0,179.0,155.0,118.0,77.0,93.0,78.0,77.0,63.0,83.0,74.0,64.0,61.0,58.0,51.0,75.0,46.0,70.0,67.0,59.0,58.0,64.0,74.0,120.0,200.0,280.0,352.0,342.0,259.0,175.0,138.0,114.0,88.0,65.0,71.0,53.0,52.0,43.0,36.0,15.0
13,0.0,0.0,1.0,1.0,3.0,4.0,6.0,6.0,9.0,24.0,30.0,37.0,39.0,37.0,35.0,59.0,66.0,53.0,44.0,40.0,45.0,41.0,32.0,30.0,29.0,21.0,21.0,14.0,13.0,6.0,16.0,18.0,16.0,12.0,18.0,18.0,14.0,17.0,24.0,33.0,34.0,34.0,38.0,80.0,42.0,35.0,38.0,45.0,34.0,25.0,17.0,10.0,13.0,14.0,14.0,18.0,16.0,20.0,39.0,58.0,69.0,90.0,97.0,100.0,135.0,121.0,116.0,115.0,110.0,107.0,95.0,80.0,51.0,40.0,32.0,22.0,17.0,19.0,15.0,15.0,11.0,9.0,8.0,10.0,19.0,11.0,7.0,7.0,19.0,22.0,18.0,17.0,12.0,19.0,5.0,8.0,22.0,37.0,60.0,51.0,41.0,31.0,13.0,13.0,6.0,7.0,4.0,11.0,7.0,8.0,9.0,5.0,3.0,1.0
15,0.0,0.0,0.0,0.0,0.0,0.0,0.0,1.0,2.0,0.0,0.0,4.0,2.0,1.0,1.0,2.0,0.0,4.0,3.0,6.0,5.0,6.0,8.0,14.0,11.0,17.0,14.0,18.0,18.0,16.0,23.0,28.0,24.0,34.0,44.0,38.0,34.0,33.0,42.0,34.0,32.0,28.0,32.0,55.0,50.0,54.0,78.0,66.0,68.0,45.0,51.0,33.0,29.0,24.0,21.0,17.0,13.0,24.0,21.0,37.0,41.0,55.0,64.0,95.0,96.0,105.0,105.0,108.0,138.0,97.0,99.0,76.0,49.0,53.0,36.0,24.0,17.0,17.0,11.0,7.0,11.0,14.0,6.0,8.0,7.0,11.0,10.0,8.0,8.0,10.0,5.0,6.0,9.0,5.0,9.0,6.0,8.0,12.0,34.0,34.0,45.0,35.0,31.0,27.0,16.0,15.0,9.0,13.0,4.0,4.0,4.0,5.0,6.0,3.0
17,0.0,0.0,1.0,0.0,1.0,0.0,0.0,0.0,0.0,2.0,0.0,0.0,1.0,1.0,0.0,0.0,0.0,2.0,1.0,2.0,5.0,7.0,4.0,11.0,12.0,17.0,19.0,15.0,21.0,19.0,12.0,32.0,39.0,39.0,42.0,51.0,44.0,53.0,51.0,40.0,35.0,41.0,48.0,42.0,44.0,56.0,62.0,49.0,48.0,31.0,15.0,18.0,14.0,14.0,16.0,15.0,15.0,35.0,56.0,49.0,63.0,80.0,56.0,57.0,70.0,68.0,79.0,82.0,95.0,84.0,86.0,83.0,46.0,27.0,26.0,21.0,15.0,19.0,15.0,8.0,11.0,8.0,9.0,6.0,13.0,14.0,7.0,10.0,5.0,11.0,11.0,8.0,8.0,4.0,10.0,7.0,9.0,26.0,37.0,46.0,57.0,32.0,31.0,18.0,16.0,9.0,12.0,6.0,2.0,4.0,3.0,6.0,5.0,3.0
18,0.0,0.0,0.0,0.0,0.0,0.0,1.0,0.0,0.0,0.0,0.0,0.0,0.0,1.0,0.0,0.0,0.0,0.0,3.0,3.0,8.0,25.0,25.0,58.0,52.0,22.0,21.0,29.0,22.0,19.0,16.0,23.0,25.0,18.0,13.0,21.0,15.0,20.0,25.0,17.0,15.0,15.0,15.0,13.0,18.0,20.0,15.0,16.0,11.0,9.0,11.0,8.0,6.0,4.0,6.0,3.0,3.0,1.0,3.0,5.0,4.0,4.0,8.0,6.0,11.0,10.0,14.0,18.0,41.0,25.0,33.0,23.0,26.0,16.0,11.0,12.0,6.0,6.0,7.0,1.0,4.0,5.0,2.0,2.0,3.0,1.0,1.0,5.0,1.0,1.0,0.0,4.0,0.0,5.0,1.0,3.0,1.0,8.0,8.0,12.0,11.0,11.0,7.0,10.0,3.0,7.0,6.0,2.0,2.0,3.0,1.0,1.0,0.0,1.0
19,0.0,0.0,0.0,1.0,1.0,1.0,0.0,1.0,0.0,0.0,0.0,0.0,0.0,2.0,3.0,4.0,4.0,4.0,9.0,7.0,17.0,21.0,26.0,24.0,23.0,18.0,22.0,25.0,22.0,23.0,22.0,20.0,32.0,36.0,19.0,23.0,15.0,16.0,13.0,16.0,15.0,14.0,12.0,21.0,26.0,35.0,51.0,64.0,40.0,26.0,17.0,15.0,7.0,9.0,9.0,9.0,5.0,13.0,6.0,16.0,20.0,33.0,22.0,38.0,35.0,41.0,39.0,51.0,63.0,51.0,58.0,62.0,46.0,53.0,37.0,31.0,30.0,24.0,18.0,6.0,11.0,7.0,5.0,5.0,7.0,5.0,8.0,5.0,2.0,1.0,5.0,3.0,5.0,8.0,8.0,8.0,7.0,17.0,40.0,48.0,46.0,42.0,24.0,12.0,7.0,5.0,4.0,6.0,5.0,2.0,5.0,4.0,3.0,2.0
20,0.0,0.0,0.0,0.0,0.0,0.0,1.0,5.0,1.0,4.0,1.0,0.0,0.0,2.0,7.0,3.0,5.0,7.0,4.0,9.0,13.0,16.0,31.0,49.0,67.0,67.0,67.0,69.0,67.0,60.0,70.0,36.0,42.0,38.0,34.0,25.0,23.0,28.0,26.0,19.0,25.0,23.0,24.0,18.0,21.0,31.0,26.0,25.0,35.0,24.0,26.0,15.0,12.0,15.0,16.0,30.0,21.0,34.0,54.0,54.0,72.0,100.0,91.0,93.0,88.0,93.0,66.0,53.0,86.0,52.0,78.0,45.0,49.0,26.0,21.0,20.0,14.0,14.0,8.0,8.0,8.0,14.0,14.0,4.0,9.0,8.0,4.0,6.0,5.0,15.0,12.0,10.0,10.0,12.0,18.0,11.0,10.0,17.0,19.0,29.0,28.0,27.0,18.0,9.0,12.0,10.0,6.0,6.0,3.0,5.0,3.0,2.0,4.0,1.0
23,0.0,0.0,0.0,0.0,2.0,0.0,0.0,1.0,0.0,1.0,1.0,1.0,2.0,5.0,5.0,8.0,25.0,69.0,149.0,206.0,231.0,217.0,148.0,110.0,87.0,56.0,40.0,31.0,36.0,37.0,25.0,21.0,18.0,14.0,12.0,18.0,15.0,9.0,10.0,12.0,13.0,10.0,14.0,14.0,7.0,16.0,23.0,20.0,42.0,31.0,27.0,42.0,35.0,31.0,37.0,61.0,60.0,49.0,47.0,61.0,57.0,64.0,71.0,73.0,83.0,90.0,126.0,95.0,120.0,122.0,129.0,111.0,96.0,89.0,47.0,45.0,29.0,24.0,19.0,10.0,15.0,17.0,8.0,10.0,14.0,5.0,6.0,4.0,3.0,6.0,4.0,5.0,6.0,6.0,7.0,6.0,16.0,20.0,35.0,49.0,54.0,49.0,29.0,28.0,10.0,10.0,9.0,8.0,5.0,6.0,6.0,7.0,4.0,1.0
25,0.0,0.0,0.0,0.0,4.0,1.0,2.0,3.0,1.0,1.0,2.0,4.0,5.0,15.0,9.0,5.0,10.0,19.0,22.0,50.0,61.0,81.0,78.0,85.0,73.0,87.0,90.0,82.0,73.0,60.0,53.0,50.0,54.0,56.0,61.0,55.0,53.0,52.0,52.0,66.0,58.0,78.0,90.0,103.0,117.0,187.0,227.0,178.0,141.0,107.0,82.0,68.0,61.0,43.0,31.0,53.0,40.0,44.0,64.0,108.0,167.0,193.0,240.0,280.0,294.0,300.0,291.0,300.0,291.0,239.0,208.0,180.0,118.0,95.0,93.0,44.0,37.0,36.0,28.0,22.0,17.0,14.0,9.0,19.0,16.0,19.0,22.0,17.0,12.0,16.0,7.0,14.0,16.0,11.0,13.0,13.0,25.0,25.0,51.0,84.0,77.0,105.0,68.0,50.0,39.0,30.0,25.0,25.0,10.0,16.0,9.0,14.0,10.0,4.0
27,0.0,0.0,0.0,0.0,0.0,0.0,0.0,0.0,1.0,0.0,0.0,1.0,8.0,10.0,9.0,19.0,12.0,13.0,15.0,7.0,7.0,13.0,6.0,3.0,9.0,4.0,4.0,3.0,1.0,3.0,2.0,1.0,1.0,2.0,3.0,5.0,2.0,1.0,1.0,1.0,3.0,3.0,2.0,2.0,0.0,5.0,8.0,7.0,11.0,3.0,4.0,3.0,1.0,0.0,2.0,1.0,3.0,4.0,6.0,5.0,9.0,12.0,22.0,15.0,20.0,12.0,9.0,13.0,7.0,14.0,11.0,7.0,4.0,2.0,3.0,4.0,4.0,2.0,1.0,2.0,1.0,0.0,3.0,2.0,1.0,4.0,4.0,2.0,1.0,3.0,1.0,2.0,3.0,2.0,0.0,3.0,4.0,7.0,10.0,5.0,8.0,7.0,2.0,3.0,1.0,2.0,4.0,0.0,0.0,0.0,0.0,0.0,0.0,0.0
41,0.0,0.0,0.0,1.0,0.0,2.0,2.0,0.0,2.0,1.0,1.0,1.0,0.0,0.0,0.0,0.0,1.0,1.0,2.0,2.0,6.0,10.0,17.0,24.0,25.0,42.0,46.0,44.0,57.0,40.0,61.0,46.0,50.0,65.0,81.0,68.0,82.0,70.0,55.0,32.0,44.0,37.0,44.0,49.0,54.0,66.0,97.0,84.0,63.0,68.0,41.0,29.0,16.0,25.0,20.0,13.0,18.0,15.0,27.0,35.0,17.0,42.0,45.0,46.0,51.0,64.0,63.0,69.0,92.0,102.0,136.0,111.0,104.0,80.0,55.0,53.0,29.0,13.0,17.0,14.0,12.0,5.0,8.0,8.0,8.0,4.0,5.0,3.0,10.0,10.0,9.0,8.0,12.0,20.0,18.0,6.0,16.0,25.0,40.0,55.0,46.0,46.0,34.0,29.0,20.0,20.0,16.0,5.0,8.0,9.0,3.0,1.0,5.0,0.0
44,0.0,0.0,0.0,0.0,0.0,0.0,0.0,1.0,0.0,3.0,1.0,0.0,0.0,0.0,4.0,3.0,11.0,23.0,23.0,25.0,32.0,14.0,23.0,25.0,24.0,13.0,23.0,10.0,11.0,13.0,22.0,23.0,18.0,23.0,16.0,16.0,14.0,14.0,14.0,15.0,19.0,11.0,11.0,10.0,12.0,11.0,18.0,11.0,8.0,7.0,5.0,5.0,7.0,8.0,3.0,10.0,17.0,44.0,72.0,73.0,70.0,65.0,49.0,29.0,30.0,19.0,26.0,21.0,21.0,16.0,12.0,8.0,5.0,16.0,9.0,5.0,10.0,4.0,3.0,4.0,5.0,4.0,5.0,6.0,5.0,8.0,6.0,9.0,12.0,12.0,13.0,8.0,6.0,7.0,9.0,10.0,4.0,7.0,9.0,12.0,19.0,18.0,8.0,9.0,5.0,9.0,6.0,3.0,0.0,1.0,1.0,0.0,0.0,1.0
47,0.0,0.0,0.0,1.0,0.0,5.0,3.0,2.0,5.0,9.0,4.0,6.0,5.0,8.0,16.0,35.0,50.0,68.0,72.0,65.0,53.0,69.0,49.0,59.0,54.0,56.0,36.0,25.0,32.0,24.0,18.0,16.0,18.0,16.0,13.0,13.0,14.0,18.0,13.0,23.0,16.0,20.0,31.0,34.0,23.0,24.0,25.0,26.0,23.0,22.0,27.0,37.0,49.0,59.0,88.0,104.0,91.0,150.0,145.0,158.0,128.0,114.0,89.0,86.0,65.0,67.0,67.0,46.0,50.0,56.0,33.0,57.0,47.0,34.0,25.0,23.0,25.0,18.0,9.0,11.0,9.0,9.0,19.0,11.0,9.0,9.0,23.0,9.0,23.0,14.0,16.0,20.0,16.0,18.0,7.0,15.0,8.0,11.0,20.0,33.0,22.0,30.0,20.0,15.0,12.0,8.0,5.0,5.0,6.0,4.0,3.0,3.0,3.0,0.0
50,0.0,0.0,0.0,0.0,0.0,3.0,1.0,0.0,3.0,0.0,2.0,0.0,1.0,1.0,1.0,3.0,2.0,2.0,3.0,6.0,11.0,17.0,17.0,37.0,47.0,51.0,54.0,50.0,36.0,33.0,36.0,34.0,21.0,19.0,37.0,20.0,34.0,23.0,22.0,18.0,29.0,30.0,28.0,37.0,30.0,47.0,39.0,26.0,27.0,30.0,17.0,7.0,6.0,15.0,8.0,8.0,14.0,19.0,14.0,25.0,26.0,33.0,32.0,29.0,46.0,59.0,105.0,127.0,150.0,125.0,118.0,94.0,64.0,52.0,41.0,18.0,18.0,9.0,8.0,8.0,10.0,6.0,2.0,5.0,3.0,2.0,6.0,1.0,5.0,4.0,6.0,7.0,6.0,8.0,11.0,11.0,11.0,13.0,24.0,40.0,44.0,44.0,28.0,18.0,20.0,8.0,6.0,7.0,4.0,3.0,3.0,1.0,4.0,0.0
52,0.0,0.0,0.0,1.0,0.0,2.0,2.0,0.0,3.0,10.0,10.0,16.0,17.0,19.0,6.0,16.0,14.0,11.0,26.0,37.0,44.0,57.0,62.0,72.0,40.0,47.0,48.0,35.0,41.0,22.0,19.0,18.0,18.0,18.0,19.0,21.0,18.0,26.0,21.0,19.0,32.0,29.0,51.0,55.0,70.0,82.0,111.0,109.0,87.0,59.0,47.0,32.0,17.0,11.0,17.0,11.0,17.0,16.0,21.0,24.0,35.0,33.0,72.0,89.0,123.0,110.0,97.0,110.0,92.0,84.0,64.0,55.0,57.0,39.0,27.0,27.0,20.0,19.0,17.0,9.0,11.0,8.0,7.0,4.0,6.0,8.0,4.0,9.0,3.0,3.0,10.0,3.0,5.0,2.0,2.0,4.0,10.0,13.0,36.0,61.0,63.0,41.0,35.0,22.0,14.0,10.0,6.0,16.0,0.0,8.0,5.0,2.0,1.0,1.0
54,0.0,0.0,0.0,1.0,0.0,2.0,0.0,1.0,3.0,2.0,2.0,1.0,2.0,0.0,2.0,3.0,5.0,2.0,6.0,21.0,52.0,87.0,120.0,108.0,96.0,87.0,57.0,59.0,39.0,42.0,39.0,47.0,43.0,44.0,60.0,60.0,47.0,62.0,93.0,107.0,107.0,149.0,148.0,147.0,140.0,122.0,98.0,79.0,69.0,42.0,34.0,14.0,30.0,17.0,18.0,12.0,16.0,11.0,24.0,19.0,36.0,37.0,40.0,63.0,68.0,78.0,113.0,82.0,113.0,91.0,111.0,122.0,87.0,86.0,41.0,36.0,45.0,23.0,21.0,19.0,17.0,18.0,16.0,13.0,18.0,26.0,26.0,32.0,35.0,40.0,43.0,45.0,49.0,44.0,46.0,36.0,37.0,20.0,39.0,54.0,64.0,57.0,51.0,43.0,24.0,24.0,18.0,12.0,14.0,8.0,6.0,9.0,8.0,3.0
63,0.0,0.0,0.0,0.0,1.0,0.0,0.0,0.0,0.0,0.0,1.0,0.0,1.0,0.0,1.0,1.0,0.0,0.0,1.0,1.0,0.0,3.0,4.0,7.0,8.0,10.0,7.0,10.0,14.0,15.0,19.0,19.0,43.0,38.0,37.0,33.0,48.0,41.0,43.0,38.0,47.0,48.0,49.0,42.0,51.0,45.0,40.0,38.0,32.0,26.0,24.0,24.0,21.0,19.0,19.0,21.0,24.0,45.0,33.0,35.0,22.0,31.0,41.0,32.0,27.0,28.0,34.0,32.0,39.0,35.0,47.0,41.0,45.0,31.0,17.0,16.0,7.0,13.0,7.0,6.0,5.0,13.0,10.0,14.0,7.0,9.0,14.0,9.0,12.0,11.0,18.0,18.0,9.0,11.0,10.0,17.0,16.0,21.0,50.0,37.0,35.0,28.0,28.0,11.0,9.0,5.0,6.0,4.0,3.0,1.0,2.0,5.0,1.0,3.0
66,0.0,0.0,0.0,0.0,2.0,0.0,2.0,1.0,1.0,0.0,0.0,0.0,0.0,1.0,1.0,2.0,2.0,1.0,4.0,1.0,5.0,11.0,18.0,8.0,21.0,30.0,26.0,36.0,25.0,38.0,37.0,23.0,30.0,32.0,43.0,31.0,33.0,40.0,32.0,37.0,35.0,45.0,51.0,57.0,71.0,68.0,47.0,48.0,36.0,43.0,30.0,23.0,12.0,18.0,19.0,22.0,26.0,24.0,33.0,67.0,77.0,64.0,43.0,34.0,33.0,49.0,53.0,63.0,84.0,84.0,82.0,70.0,51.0,37.0,33.0,21.0,18.0,15.0,9.0,11.0,5.0,5.0,6.0,5.0,5.0,4.0,5.0,4.0,10.0,5.0,12.0,10.0,10.0,9.0,14.0,16.0,9.0,19.0,45.0,54.0,55.0,34.0,28.0,14.0,17.0,10.0,10.0,8.0,2.0,4.0,8.0,3.0,4.0,0.0
68,0.0,0.0,0.0,0.0,0.0,1.0,1.0,0.0,0.0,1.0,1.0,0.0,0.0,1.0,4.0,2.0,2.0,6.0,10.0,20.0,33.0,79.0,119.0,145.0,165.0,144.0,136.0,125.0,111.0,84.0,87.0,80.0,80.0,72.0,82.0,71.0,65.0,67.0,79.0,68.0,69.0,90.0,102.0,113.0,117.0,144.0,137.0,122.0,112.0,97.0,85.0,48.0,64.0,44.0,25.0,35.0,40.0,36.0,36.0,66.0,95.0,144.0,176.0,224.0,239.0,294.0,279.0,327.0,308.0,309.0,265.0,177.0,149.0,106.0,77.0,45.0,41.0,26.0,18.0,19.0,23.0,14.0,16.0,15.0,10.0,11.0,18.0,15.0,30.0,24.0,41.0,39.0,48.0,38.0,33.0,19.0,35.0,48.0,64.0,124.0,130.0,107.0,78.0,44.0,33.0,21.0,22.0,19.0,20.0,13.0,13.0,8.0,12.0,2.0
70,0.0,0.0,0.0,0.0,0.0,0.0,0.0,0.0,0.0,0.0,0.0,0.0,1.0,1.0,9.0,17.0,48.0,49.0,78.0,61.0,60.0,44.0,30.0,32.0,30.0,25.0,20.0,13.0,16.0,7.0,11.0,16.0,4.0,9.0,6.0,4.0,10.0,6.0,10.0,7.0,12.0,11.0,8.0,10.0,6.0,8.0,14.0,19.0,15.0,18.0,17.0,12.0,8.0,13.0,20.0,22.0,21.0,29.0,33.0,28.0,39.0,40.0,44.0,39.0,42.0,42.0,42.0,45.0,52.0,63.0,45.0,40.0,35.0,28.0,20.0,14.0,12.0,9.0,6.0,8.0,10.0,6.0,5.0,4.0,3.0,5.0,7.0,5.0,6.0,4.0,1.0,2.0,4.0,4.0,8.0,4.0,4.0,2.0,9.0,20.0,18.0,21.0,18.0,7.0,4.0,3.0,1.0,4.0,2.0,1.0,1.0,1.0,1.0,0.0
73,0.0,0.0,0.0,0.0,0.0,0.0,1.0,0.0,2.0,1.0,0.0,2.0,1.0,1.0,6.0,1.0,6.0,3.0,4.0,8.0,10.0,22.0,23.0,29.0,45.0,38.0,30.0,30.0,38.0,38.0,43.0,46.0,58.0,67.0,73.0,63.0,47.0,66.0,62.0,71.0,67.0,69.0,93.0,96.0,124.0,133.0,157.0,113.0,86.0,52.0,52.0,38.0,18.0,15.0,17.0,19.0,15.0,20.0,23.0,24.0,46.0,42.0,52.0,62.0,61.0,90.0,84.0,98.0,118.0,142.0,123.0,125.0,87.0,79.0,60.0,37.0,27.0,23.0,18.0,18.0,9.0,7.0,10.0,7.0,8.0,4.0,8.0,7.0,8.0,12.0,10.0,7.0,7.0,5.0,7.0,7.0,8.0,26.0,38.0,51.0,57.0,48.0,36.0,27.0,24.0,10.0,5.0,10.0,7.0,5.0,8.0,1.0,5.0,2.0
76,0.0,0.0,0.0,3.0,4.0,5.0,22.0,12.0,12.0,12.0,19.0,35.0,50.0,46.0,47.0,58.0,62.0,85.0,99.0,138.0,186.0,179.0,166.0,167.0,133.0,137.0,129.0,114.0,97.0,118.0,139.0,104.0,128.0,126.0,130.0,149.0,124.0,173.0,178.0,156.0,164.0,190.0,198.0,195.0,251.0,262.0,319.0,297.0,226.0,195.0,144.0,124.0,85.0,99.0,101.0,99.0,102.0,121.0,180.0,262.0,253.0,251.0,268.0,291.0,296.0,307.0,352.0,417.0,436.0,447.0,473.0,462.0,350.0,258.0,195.0,174.0,119.0,84.0,88.0,54.0,57.0,55.0,52.0,45.0,46.0,46.0,43.0,41.0,45.0,42.0,58.0,50.0,62.0,53.0,52.0,69.0,112.0,231.0,386.0,391.0,316.0,199.0,145.0,72.0,66.0,47.0,39.0,43.0,36.0,26.0,32.0,32.0,27.0,9.0
81,0.0,0.0,0.0,0.0,0.0,0.0,0.0,0.0,0.0,0.0,0.0,0.0,0.0,0.0,0.0,0.0,0.0,0.0,0.0,0.0,4.0,2.0,3.0,2.0,4.0,6.0,4.0,8.0,7.0,7.0,10.0,9.0,10.0,14.0,8.0,8.0,5.0,5.0,1.0,4.0,4.0,5.0,4.0,3.0,3.0,6.0,7.0,6.0,4.0,7.0,4.0,2.0,0.0,2.0,1.0,0.0,1.0,7.0,4.0,2.0,4.0,6.0,8.0,9.0,10.0,14.0,11.0,20.0,19.0,20.0,29.0,25.0,12.0,17.0,11.0,7.0,5.0,4.0,5.0,3.0,1.0,5.0,0.0,3.0,2.0,2.0,1.0,1.0,0.0,3.0,4.0,7.0,0.0,2.0,3.0,1.0,5.0,3.0,6.0,4.0,5.0,9.0,3.0,12.0,4.0,5.0,3.0,4.0,0.0,1.0,4.0,2.0,1.0,0.0
85,0.0,0.0,0.0,0.0,0.0,1.0,0.0,0.0,0.0,0.0,0.0,0.0,0.0,0.0,0.0,0.0,0.0,0.0,1.0,2.0,4.0,4.0,4.0,3.0,4.0,5.0,4.0,3.0,6.0,9.0,11.0,8.0,9.0,14.0,15.0,19.0,18.0,12.0,6.0,3.0,8.0,5.0,11.0,5.0,12.0,11.0,11.0,17.0,11.0,18.0,14.0,7.0,8.0,5.0,8.0,2.0,6.0,6.0,6.0,16.0,17.0,24.0,34.0,34.0,23.0,48.0,56.0,55.0,48.0,41.0,26.0,26.0,32.0,22.0,20.0,9.0,9.0,8.0,4.0,3.0,2.0,3.0,4.0,3.0,2.0,3.0,0.0,2.0,4.0,0.0,3.0,0.0,1.0,4.0,7.0,3.0,4.0,4.0,5.0,12.0,14.0,14.0,12.0,11.0,9.0,2.0,4.0,3.0,5.0,3.0,0.0,2.0,0.0,1.0
86,0.0,0.0,0.0,0.0,0.0,0.0,0.0,0.0,0.0,0.0,0.0,0.0,2.0,0.0,1.0,1.0,2.0,2.0,3.0,9.0,18.0,19.0,18.0,28.0,15.0,9.0,7.0,6.0,3.0,8.0,9.0,9.0,8.0,5.0,5.0,3.0,6.0,6.0,4.0,5.0,3.0,3.0,5.0,4.0,7.0,8.0,15.0,12.0,10.0,5.0,3.0,1.0,4.0,1.0,2.0,2.0,5.0,2.0,4.0,8.0,13.0,34.0,25.0,31.0,17.0,30.0,20.0,16.0,12.0,10.0,14.0,13.0,12.0,12.0,13.0,8.0,2.0,6.0,3.0,3.0,1.0,1.0,3.0,2.0,2.0,0.0,2.0,5.0,2.0,3.0,2.0,9.0,8.0,13.0,4.0,6.0,5.0,9.0,6.0,14.0,11.0,7.0,8.0,4.0,4.0,5.0,3.0,2.0,3.0,4.0,1.0,0.0,0.0,0.0
88,0.0,0.0,0.0,0.0,0.0,0.0,0.0,0.0,0.0,0.0,0.0,0.0,0.0,0.0,1.0,0.0,0.0,0.0,0.0,0.0,0.0,0.0,0.0,0.0,1.0,1.0,3.0,2.0,4.0,5.0,3.0,3.0,5.0,1.0,1.0,0.0,0.0,0.0,2.0,1.0,2.0,0.0,1.0,1.0,2.0,0.0,0.0,1.0,1.0,4.0,1.0,0.0,0.0,0.0,0.0,0.0,1.0,3.0,2.0,2.0,1.0,8.0,7.0,7.0,13.0,14.0,6.0,8.0,3.0,3.0,3.0,5.0,0.0,0.0,1.0,0.0,0.0,0.0,0.0,2.0,0.0,0.0,0.0,1.0,0.0,1.0,0.0,3.0,5.0,1.0,6.0,3.0,1.0,0.0,1.0,0.0,2.0,0.0,1.0,2.0,0.0,1.0,1.0,0.0,0.0,0.0,0.0,1.0,0.0,0.0,0.0,0.0,0.0,0.0
91,0.0,0.0,0.0,0.0,0.0,0.0,0.0,4.0,13.0,19.0,12.0,12.0,11.0,13.0,4.0,2.0,1.0,2.0,5.0,0.0,2.0,1.0,2.0,2.0,0.0,1.0,5.0,1.0,0.0,0.0,0.0,2.0,0.0,0.0,1.0,1.0,1.0,1.0,1.0,0.0,1.0,2.0,1.0,1.0,3.0,2.0,5.0,5.0,6.0,7.0,9.0,17.0,11.0,11.0,7.0,7.0,7.0,5.0,5.0,6.0,1.0,1.0,1.0,4.0,1.0,2.0,1.0,1.0,3.0,2.0,0.0,0.0,1.0,1.0,3.0,1.0,0.0,2.0,0.0,0.0,1.0,1.0,2.0,0.0,0.0,2.0,0.0,0.0,0.0,1.0,1.0,2.0,1.0,0.0,0.0,2.0,2.0,0.0,1.0,2.0,2.0,4.0,0.0,0.0,1.0,0.0,0.0,0.0,1.0,0.0,0.0,0.0,0.0,0.0
94,0.0,0.0,0.0,0.0,0.0,0.0,0.0,0.0,0.0,0.0,0.0,0.0,0.0,0.0,1.0,0.0,0.0,0.0,0.0,0.0,0.0,0.0,0.0,1.0,0.0,3.0,3.0,4.0,2.0,3.0,1.0,2.0,0.0,0.0,1.0,1.0,0.0,0.0,0.0,0.0,0.0,2.0,0.0,0.0,0.0,0.0,0.0,1.0,0.0,0.0,0.0,1.0,0.0,0.0,0.0,0.0,0.0,1.0,0.0,0.0,0.0,0.0,0.0,0.0,0.0,0.0,2.0,1.0,1.0,1.0,2.0,0.0,1.0,0.0,0.0,0.0,0.0,0.0,0.0,0.0,0.0,1.0,0.0,0.0,0.0,0.0,0.0,2.0,0.0,1.0,0.0,0.0,0.0,5.0,0.0,1.0,0.0,0.0,0.0,1.0,1.0,1.0,0.0,0.0,1.0,0.0,0.0,0.0,0.0,0.0,0.0,0.0,0.0,0.0
95,0.0,0.0,0.0,0.0,0.0,0.0,0.0,0.0,0.0,0.0,0.0,0.0,0.0,0.0,0.0,0.0,0.0,0.0,0.0,0.0,0.0,0.0,1.0,0.0,1.0,5.0,0.0,3.0,4.0,0.0,5.0,1.0,1.0,2.0,1.0,2.0,2.0,1.0,3.0,2.0,1.0,1.0,0.0,0.0,0.0,0.0,2.0,0.0,2.0,0.0,1.0,0.0,0.0,0.0,0.0,1.0,1.0,0.0,0.0,1.0,0.0,0.0,2.0,0.0,7.0,6.0,7.0,11.0,5.0,4.0,7.0,4.0,2.0,0.0,2.0,0.0,1.0,0.0,0.0,1.0,0.0,1.0,0.0,0.0,1.0,1.0,0.0,0.0,0.0,0.0,0.0,0.0,0.0,0.0,0.0,0.0,0.0,0.0,0.0,2.0,2.0,2.0,2.0,1.0,0.0,0.0,0.0,0.0,0.0,0.0,0.0,0.0,0.0,0.0
97,0.0,0.0,0.0,0.0,0.0,0.0,0.0,0.0,0.0,0.0,0.0,0.0,0.0,0.0,0.0,0.0,0.0,1.0,0.0,0.0,0.0,0.0,0.0,0.0,0.0,0.0,3.0,0.0,2.0,2.0,2.0,1.0,0.0,0.0,0.0,0.0,1.0,0.0,0.0,1.0,0.0,0.0,0.0,0.0,0.0,0.0,0.0,0.0,0.0,0.0,0.0,1.0,0.0,0.0,0.0,0.0,0.0,0.0,0.0,0.0,0.0,0.0,2.0,0.0,0.0,0.0,0.0,0.0,0.0,0.0,1.0,1.0,0.0,0.0,0.0,0.0,0.0,1.0,0.0,0.0,0.0,0.0,0.0,0.0,0.0,0.0,0.0,0.0,0.0,1.0,0.0,0.0,0.0,0.0,0.0,0.0,0.0,0.0,1.0,1.0,0.0,0.0,0.0,1.0,0.0,1.0,0.0,0.0,0.0,1.0,0.0,0.0,0.0,0.0
99,0.0,0.0,0.0,0.0,0.0,0.0,0.0,0.0,0.0,0.0,0.0,0.0,0.0,0.0,0.0,0.0,0.0,0.0,0.0,0.0,0.0,0.0,0.0,1.0,0.0,1.0,1.0,0.0,1.0,1.0,0.0,0.0,2.0,2.0,0.0,1.0,1.0,0.0,0.0,0.0,2.0,2.0,0.0,0.0,1.0,2.0,0.0,0.0,0.0,0.0,1.0,1.0,0.0,1.0,0.0,0.0,0.0,0.0,0.0,0.0,0.0,1.0,1.0,1.0,2.0,3.0,2.0,1.0,1.0,0.0,2.0,3.0,0.0,0.0,3.0,0.0,0.0,0.0,0.0,1.0,0.0,0.0,0.0,0.0,0.0,0.0,0.0,0.0,0.0,0.0,0.0,0.0,1.0,0.0,1.0,2.0,1.0,0.0,0.0,1.0,0.0,1.0,1.0,0.0,1.0,1.0,0.0,0.0,0.0,0.0,0.0,0.0,0.0,0.0
