location,2020-12-24,2020-12-25,2020-12-26,2020-12-27,2020-12-28,2020-12-29,2020-12-30,2020-12-31,2021-01-01,2021-01-02,2021-01-03,2021-01-04,2021-01-05,2021-01-06,2021-01-07,2021-01-08,2021-01-09,2021-01-10,2021-01-11,2021-01-12,2021-01-13,2021-01-14,2021-01-15,2021-01-16,2021-01-17,2021-01-18,2021-01-19,2021-01-20,2021-01-21,2021-01-22,2021-01-23,2021-01-24,2021-01-25,2021-01-26,2021-01-27,2021-01-28,2021-01-29,2021-01-30,2021-01-31,2021-02-01,2021-02-02,2021-02-03,2021-02-04,2021-02-05,2021-02-06,2021-02-07,2021-02-08,2021-02-09,2021-02-10,2021-02-11,2021-02-12,2021-02-13,2021-02-14,2021-02-15,2021-02-16,2021-02-17,2021-02-18,2021-02-19,2021-02-20,2021-02-21,2021-02-22,2021-02-23,2021-02-24,2021-02-25,2021-02-26,2021-02-27,2021-02-28,2021-03-01,2021-03-02,2021-03-03,2021-03-04,2021-03-05,2021-03-06,2021-03-07,2021-03-08,2021-03-09,2021-03-10,2021-03-11,2021-03-12,2021-03-13,2021-03-14,2021-03-15,2021-03-16,2021-03-17,2021-03-18,2021-03-19,2021-03-20,2021-03-21,2021-03-22,2021-03-23,2021-03-24,2021-03-25,2021-03-26,2021-03-27,2021-03-28,2021-03-29,2021-03-30,2021-03-31,2021-04-01,2021-04-02,2021-04-03,2021-04-04,2021-04-05,2021-04-06,2021-04-07,2021-04-08,2021-04-09,2021-04-10,2021-04-11,2021-04-12,2021-04-13,2021-04-14,2021-04-15,2021-04-16,2021-04-17,2021-04-18,2021-04-19,2021-04-20,2021-04-21,2021-04-22,2021-04-23,2021-04-24,2021-04-25,2021-04-26,2021-04-27,2021-04-28,2021-04-29,2021-04-30,2021-05-01,2021-05-02,2021-05-03,2021-05-04,2021-05-05,2021-05-06,2021-05-07,2021-05-08,2021-05-09,2021-05-10,2021-05-11,2021-05-12,2021-05-13,2021-05-14,2021-05-15,2021-05-16,2021-05-17,2021-05-18,2021-05-19,2021-05-20,2021-05-21,2021-05-22,2021-05-23,2021-05-24,2021-05-25,2021-05-26,2021-05-27,2021-05-28,2021-05-29,2021-05-30,2021-05-31,2021-06-01,2021-06-02,2021-06-03,2021-06-04,2021-06-05,2021-06-06,2021-06-07,2021-06-08,2021-06-09,2021-06-10,2021-06-11,2021-06-12,2021-06-13,2021-06-14,2021-06-15,2021-06-16,2021-06-17,2021-06-18,2021-06-19,2021-06-20,2021-06-21,2021-06-22,2021-06-23,2021-06-24,2021-06-25,2021-06-26,2021-06-27,2021-06-28,2021-06-29,2021-06-30,2021-07-01,2021-07-02,2021-07-03,2021-07-04,2021-07-05,2021-07-06,2021-07-07,2021-07-08,2021-07-09,2021-07-10,2021-07-11,2021-07-12,2021-07-13,2021-07-14,2021-07-15,2021-07-16,2021-07-17,2021-07-18,2021-07-19,2021-07-20,2021-07-21,2021-07-22,2021-07-23,2021-07-24,2021-07-25,2021-07-26,2021-07-27,2021-07-28,2021-07-29,2021-07-30,2021-07-31,2021-08-01,2021-08-02,2021-08-03,2021-08-04,2021-08-05,2021-08-06,2021-08-07,2021-08-08,2021-08-09,2021-08-10,2021-08-11,2021-08-12,2021-08-13,2021-08-14,2021-08-15,2021-08-16,2021-08-17,2021-08-18,2021-08-19,2021-08-20,2021-08-21,2021-08-22,2021-08-23,2021-08-24,2021-08-25,2021-08-26,2021-08-27,2021-08-28,2021-08-29,2021-08-30,2021-08-31,2021-09-01,2021-09-02,2021-09-03,2021-09-04,2021-09-05,2021-09-06,2021-09-07,2021-09-08,2021-09-09,2021-09-10,2021-09-11,2021-09-12,2021-09-13,2021-09-14,2021-09-15,2021-09-16,2021-09-17,2021-09-18,2021-09-19,2021-09-20,2021-09-21,2021-09-22,2021-09-23,2021-09-24,2021-09-25,2021-09-26,2021-09-27,2021-09-28,2021-09-29,2021-09-30,2021-10-01,2021-10-02,2021-10-03,2021-10-04,2021-10-05,2021-10-06,2021-10-07,2021-10-08,2021-10-09,2021-10-10,2021-10-11,2021-10-12,2021-10-13,2021-10-14,2021-10-15,2021-10-16,2021-10-17,2021-10-18,2021-10-19,2021-10-20,2021-10-21,2021-10-22,2021-10-23,2021-10-24,2021-10-25,2021-10-26,2021-10-27,2021-10-28,2021-10-29,2021-10-30,2021-10-31,2021-11-01,2021-11-02,2021-11-03,2021-11-04,2021-11-05,2021-11-06,2021-11-07,2021-11-08,2021-11-09,2021-11-10,2021-11-11,2021-11-12,2021-11-13,2021-11-14,2021-11-15,2021-11-16,2021-11-17,2021-11-18,2021-11-19,2021-11-20,2021-11-21,2021-11-22,2021-11-23,2021-11-24,2021-11-25,2021-11-26,2021-11-27,2021-11-28,2021-11-29,2021-11-30,2021-12-01,2021-12-02,2021-12-03,2021-12-04,2021-12-05,2021-12-06,2021-12-07,2021-12-08,2021-12-09,2021-12-10,2021-12-11,2021-12-12,2021-12-13,2021-12-14,2021-12-15,2021-12-16,2021-12-17,2021-12-18,2021-12-19,2021-12-20,2021-12-21,2021-12-22,2021-12-23,2021-12-24,2021-12-25,2021-12-26,2021-12-27,2021-12-28,2021-12-29,2021-12-30,2021-12-31,2022-01-01,2022-01-02,2022-01-03,2022-01-04,2022-01-05,2022-01-06,2022-01-07,2022-01-08,2022-01-09,2022-01-10,2022-01-11,2022-01-12,2022-01-13,2022-01-14,2022-01-15,2022-01-16,2022-01-17,2022-01-18,2022-01-19,2022-01-20,2022-01-21,2022-01-22,2022-01-23,2022-01-24,2022-01-25,2022-01-26,2022-01-27,2022-01-28,2022-01-29,2022-01-30,2022-01-31,2022-02-01,2022-02-02,2022-02-03,2022-02-04,2022-02-05,2022-02-06,2022-02-07,2022-02-08,2022-02-09,2022-02-10,2022-02-11,2022-02-12,2022-02-13,2022-02-14,2022-02-15,2022-02-16,2022-02-17,2022-02-18,2022-02-19,2022-02-20,2022-02-21,2022-02-22,2022-02-23,2022-02-24,2022-02-25,2022-02-26,2022-02-27,2022-02-28,2022-03-01,2022-03-02,2022-03-03,2022-03-04,2022-03-05,2022-03-06,2022-03-07,2022-03-08,2022-03-09,2022-03-10,2022-03-11,2022-03-12,2022-03-13,2022-03-14,2022-03-15,2022-03-16,2022-03-17,2022-03-18,2022-03-19,2022-03-20,2022-03-21,2022-03-22,2022-03-23,2022-03-24,2022-03-25,2022-03-26,2022-03-27,2022-03-28,2022-03-29,2022-03-30,2022-03-31,2022-04-01,2022-04-02,2022-04-03,2022-04-04,2022-04-05,2022-04-06,2022-04-07,2022-04-08,2022-04-09,2022-04-10,2022-04-11,2022-04-12,2022-04-13,2022-04-14,2022-04-15,2022-04-16,2022-04-17,2022-04-18,2022-04-19,2022-04-20,2022-04-21,2022-04-22,2022-04-23,2022-04-24,2022-04-25,2022-04-26,2022-04-27,2022-04-28,2022-04-29,2022-04-30,2022-05-01,2022-05-02,2022-05-03,2022-05-04,2022-05-05,2022-05-06,2022-05-07,2022-05-08,2022-05-09,2022-05-10,2022-05-11,2022-05-12,2022-05-13,2022-05-14,2022-05-15,2022-05-16,2022-05-17,2022-05-18,2022-05-19,2022-05-20,2022-05-21,2022-05-22,2022-05-23,2022-05-24,2022-05-25,2022-05-26
Antigua and Barbuda,0.0,0.0,0.0,0.0,0.0,0.0,0.0,0.0,0.0,0.0,0.0,0.0,0.0,0.0,0.0,0.0,0.0,0.0,0.0,0.0,0.0,0.0,0.0,0.0,0.0,0.0,0.0,0.0,0.0,0.0,0.0,0.0,0.0,0.0,0.0,0.0,0.0,0.0,0.0,0.0,0.0,0.0,0.0,0.0,0.0,0.0,0.0,0.0,0.0,0.0,0.0,0.0,0.0,0.0,0.0,0.0,0.0,0.0,0.0,0.0,0.0,0.0,0.0,0.0,0.0,0.0,0.0,0.0,0.0,0.0,0.0,0.0,0.0,0.0,0.0,0.0,0.0,0.0,0.0,0.0,0.0,24.48,0.0,0.0,0.0,26.01,0.0,0.0,0.0,0.0,0.0,26.76,0.0,0.0,0.0,0.0,0.0,27.18,0.0,0.0,27.38,0.0,0.0,0.0,0.0,0.0,0.0,0.0,0.0,0.0,0.0,27.95,0.0,28.78,29.01,0.0,0.0,0.0,0.0,30.14,0.0,0.0,0.0,0.0,0.0,0.0,0.0,0.0,0.0,0.0,0.0,0.0,0.0,0.0,31.49,0.0,0.0,0.0,31.66,0.0,0.0,0.0,0.0,0.0,32.27,0.0,0.0,0.0,32.89,0.0,0.0,0.0,33.18,33.3,33.45,0.0,33.64,0.0,33.89,0.0,0.0,34.07,0.0,0.0,34.52,34.81,0.0,35.09,0.0,0.0,35.33,0.0,0.0,35.71,0.0,36.07,0.0,0.0,36.23,0.0,0.0,0.0,0.0,0.0,0.0,0.0,0.0,36.9,0.0,37.05,0.0,0.0,37.16,0.0,37.22,0.0,37.3,37.38,0.0,0.0,0.0,37.52,0.0,37.57,0.0,0.0,37.8,0.0,37.93,37.98,38.04,0.0,0.0,38.33,0.0,0.0,38.56,38.64,0.0,0.0,0.0,38.86,0.0,38.96,0.0,0.0,39.1,0.0,0.0,39.1,0.0,0.0,0.0,39.54,0.0,39.69,0.0,0.0,39.74,0.0,0.0,39.97,0.0,40.32,0.0,0.0,0.0,40.83,0.0,41.32,41.59,0.0,0.0,0.0,0.0,0.0,0.0,43.49,0.0,0.0,44.24,0.0,0.0,44.52,0.0,0.0,0.0,45.68,0.0,0.0,0.0,0.0,0.0,0.0,49.21,0.0,0.0,0.0,51.81,0.0,0.0,0.0,53.86,0.0,54.43,0.0,54.65,0.0,0.0,55.14,0.0,0.0,0.0,55.46,0.0,0.0,55.81,0.0,0.0,56.25,0.0,0.0,0.0,56.42,0.0,0.0,56.66,0.0,0.0,0.0,56.99,0.0,0.0,0.0,0.0,0.0,57.79,0.0,0.0,59.25,0.0,0.0,0.0,0.0,0.0,0.0,0.0,61.57,0.0,0.0,0.0,0.0,61.88,0.0,62.06,0.0,0.0,62.21,0.0,0.0,0.0,0.0,0.0,0.0,0.0,0.0,62.21,0.0,0.0,0.0,0.0,62.72,0.0,0.0,0.0,0.0,0.0,0.0,0.0,0.0,62.95,0.0,0.0,0.0,0.0,0.0,63.09,0.0,0.0,0.0,63.09,0.0,0.0,0.0,0.0,0.0,0.0,0.0,63.16,0.0,0.0,0.0,0.0,0.0,0.0,63.55,0.0,0.0,0.0,0.0,0.0,0.0,0.0,0.0,0.0,0.0,0.0,0.0,64.01,0.0,0.0,0.0,0.0,0.0,0.0,0.0,0.0,0.0,64.06,0.0,0.0,0.0,0.0,0.0,0.0,0.0,0.0,0.0,0.0,0.0,64.31,0.0,0.0,0.0,0.0,0.0,0.0,0.0,0.0,0.0,0.0,64.4,64.52,0.0,0.0,0.0,0.0,0.0,0.0,0.0,0.0,0.0,0.0,0.0,0.0,64.66,0.0,0.0,0.0,0.0,0.0,0.0,0.0,0.0,0.0,0.0,0.0,0.0,0.0,0.0,0.0,0.0,64.74,0.0,0.0,0.0,0.0,0.0,0.0,0.0,0.0,0.0,0.0,0.0,0.0,0.0,0.0,0.0,0.0,0.0,0.0,0.0,0.0,0.0,0.0,0.0,0.0,0.0,0.0,0.0,0.0,0.0,0.0,0.0,0.0,0.0,0.0,0.0,0.0,0.0,0.0,0.0,0.0,0.0,0.0,0.0,0.0,0.0,0.0,0.0,0.0,0.0,0.0,0.0,0.0,0.0,0.0,0.0,0.0
Argentina,0.0,0.0,0.0,0.0,0.0,0.04,0.09,0.1,0.1,0.1,0.1,0.13,0.15,0.17,0.21,0.27,0.3,0.3,0.34,0.38,0.42,0.46,0.5,0.51,0.51,0.53,0.55,0.56,0.57,0.58,0.59,0.59,0.6,0.61,0.62,0.63,0.63,0.63,0.63,0.63,0.65,0.67,0.69,0.72,0.73,0.73,0.77,0.8,0.82,0.83,0.84,0.84,0.84,0.85,0.85,0.89,1.01,1.14,1.21,1.25,1.39,1.58,1.77,1.92,2.07,2.11,2.12,2.27,2.42,2.56,2.77,2.99,3.1,3.13,3.35,3.6,3.94,4.28,4.54,4.58,4.6,4.84,5.08,5.35,5.56,5.75,5.84,5.88,6.03,6.24,6.32,6.51,6.69,6.81,6.85,7.1,7.45,7.82,8.08,8.22,8.39,8.49,8.83,9.24,9.75,10.26,10.76,10.95,11.05,11.43,11.79,12.13,12.41,12.67,12.76,12.8,12.97,13.2,13.55,13.91,14.31,14.51,14.62,14.98,15.31,15.6,15.87,16.05,16.09,16.15,16.36,16.66,17.02,17.32,17.56,17.64,17.67,17.84,18.01,18.12,18.2,18.29,18.39,18.44,18.64,18.98,19.27,19.57,19.78,19.9,19.95,20.1,20.18,20.37,20.57,20.84,21.21,21.45,21.97,22.55,23.11,23.8,24.6,25.27,25.72,26.39,27.12,27.89,28.58,29.29,29.52,29.6,29.94,30.32,30.79,31.33,32.11,32.58,32.78,33.1,33.65,34.16,34.76,35.43,35.95,36.29,36.99,37.71,38.45,39.14,39.87,40.42,40.81,41.32,41.92,42.56,43.37,43.93,44.59,44.93,45.72,46.52,47.32,48.07,48.85,49.36,49.64,50.37,50.9,51.61,52.31,53.01,53.41,53.69,54.23,54.67,55.23,55.74,56.22,56.48,56.65,57.03,57.49,57.88,58.22,58.51,58.67,58.74,58.98,59.21,59.41,59.58,59.74,59.82,59.88,59.99,60.25,60.49,60.74,61.0,61.12,61.17,61.44,61.64,61.81,61.97,62.14,62.23,62.28,62.48,62.69,62.87,63.05,63.19,63.28,63.31,63.43,63.55,63.68,63.78,63.89,63.95,63.95,64.07,64.17,64.25,64.33,64.44,64.51,64.56,64.66,64.77,64.9,65.27,65.42,65.49,65.52,65.64,65.77,65.88,66.03,66.17,66.23,66.28,66.42,66.66,66.8,67.0,67.06,67.09,67.12,67.16,67.64,68.22,68.81,69.39,69.69,69.8,70.46,71.14,71.84,72.47,73.24,73.59,73.85,74.41,74.99,75.5,76.0,76.45,76.61,76.87,77.27,77.54,77.85,78.23,78.54,78.67,78.8,79.05,79.4,79.6,79.81,80.0,80.08,80.09,80.2,80.34,80.47,80.61,80.74,80.82,80.86,80.91,81.07,81.23,81.36,81.49,81.57,81.6,81.75,81.91,82.09,82.26,82.41,82.48,82.53,82.67,82.82,82.88,83.0,83.12,83.18,83.21,83.33,83.46,83.58,83.7,83.82,83.87,83.9,84.01,84.14,84.27,84.36,84.36,84.36,84.39,84.55,84.72,84.88,85.02,85.03,85.03,85.06,85.23,85.41,85.6,85.81,86.01,86.1,86.14,86.32,86.48,86.63,86.77,86.88,86.92,86.95,87.07,87.18,87.28,87.38,87.47,87.51,87.53,87.63,87.72,87.81,87.9,87.99,88.03,88.04,88.13,88.21,88.29,88.35,88.43,88.45,88.47,88.54,88.61,88.68,88.75,88.8,88.83,88.84,88.9,88.95,89.01,89.06,89.12,89.13,89.14,89.19,89.25,89.3,89.34,89.39,89.4,89.41,89.42,89.43,89.46,89.48,89.51,89.52,89.52,89.54,89.56,89.58,89.6,89.62,89.63,89.63,89.65,89.67,89.69,89.7,89.72,89.72,89.73,89.74,89.75,89.77,89.77,89.78,89.79,89.79,89.8,89.81,89.82,89.83,89.84,89.85,89.85,89.86,89.87,89.88,89.88,89.89,89.89,89.9,89.9,89.91,89.92,89.92,89.92,89.92,89.92,89.93,89.94,89.94,89.95,89.96,89.96,89.96,89.97,89.97,89.98,89.99,89.99,89.99,89.99,90.0,90.0,90.01,90.02,90.02,90.03,90.03,90.03,90.04,90.04,90.05,90.06,90.06,90.06,90.07,90.07,90.07,90.08,90.08,90.09,90.09,90.09,90.1,90.1,0.0
Bahamas,0.0,0.0,0.0,0.0,0.0,0.0,0.0,0.0,0.0,0.0,0.0,0.0,0.0,0.0,0.0,0.0,0.0,0.0,0.0,0.0,0.0,0.0,0.0,0.0,0.0,0.0,0.0,0.0,0.0,0.0,0.0,0.0,0.0,0.0,0.0,0.0,0.0,0.0,0.0,0.0,0.0,0.0,0.0,0.0,0.0,0.0,0.0,0.0,0.0,0.0,0.0,0.0,0.0,0.0,0.0,0.0,0.0,0.0,0.0,0.0,0.0,0.0,0.0,0.0,0.0,0.0,0.0,0.0,0.0,0.0,0.0,0.0,0.0,0.0,0.0,0.0,0.0,0.0,0.0,0.0,0.03,0.0,0.0,0.0,0.0,0.0,0.0,0.38,0.0,0.0,0.0,0.0,0.0,0.0,1.76,0.0,0.0,0.0,0.0,0.0,0.0,0.0,0.0,0.0,2.52,0.0,0.0,0.0,3.78,0.0,0.0,0.0,0.0,0.0,0.0,0.0,0.0,5.52,0.0,0.0,0.0,0.0,0.0,0.0,6.47,0.0,0.0,0.0,0.0,0.0,0.0,0.0,0.0,0.0,0.0,0.0,9.07,0.0,0.0,0.0,0.0,0.0,0.0,0.0,0.0,0.0,0.0,0.0,11.14,0.0,0.0,0.0,0.0,0.0,0.0,0.0,11.68,0.0,0.0,0.0,0.0,0.0,0.0,12.2,0.0,0.0,0.0,0.0,0.0,12.67,0.0,0.0,0.0,0.0,0.0,0.0,0.0,13.66,0.0,0.0,0.0,0.0,0.0,0.0,14.64,0.0,0.0,0.0,0.0,0.0,15.05,0.0,0.0,0.0,0.0,0.0,0.0,0.0,15.19,0.0,0.0,0.0,0.0,0.0,0.0,15.21,0.0,0.0,0.0,0.0,0.0,0.0,15.26,0.0,0.0,0.0,0.0,0.0,15.26,15.57,0.0,0.0,0.0,0.0,0.0,15.57,0.0,0.0,15.84,0.0,0.0,0.0,0.0,0.0,0.0,0.0,0.0,0.0,0.0,17.21,0.0,18.57,0.0,0.0,0.0,0.0,0.0,23.17,0.0,0.0,0.0,0.0,0.0,0.0,26.64,0.0,0.0,0.0,0.0,0.0,0.0,0.0,0.0,0.0,0.0,0.0,0.0,0.0,0.0,0.0,0.0,0.0,0.0,0.0,28.81,0.0,0.0,0.0,0.0,0.0,0.0,31.29,0.0,0.0,0.0,0.0,0.0,0.0,32.53,0.0,0.0,0.0,0.0,0.0,0.0,0.0,0.0,0.0,0.0,0.0,0.0,0.0,0.0,0.0,0.0,0.0,0.0,0.0,0.0,33.32,0.0,0.0,0.0,0.0,0.0,0.0,36.21,0.0,0.0,0.0,0.0,0.0,0.0,0.0,0.0,0.0,0.0,0.0,0.0,0.0,37.6,0.0,0.0,0.0,0.0,0.0,0.0,0.0,0.0,0.0,38.22,0.0,0.0,0.0,0.0,0.0,0.0,0.0,0.0,0.0,0.0,38.83,0.0,0.0,0.0,0.0,0.0,0.0,0.0,0.0,0.0,0.0,0.0,39.23,39.57,0.0,0.0,0.0,0.0,0.0,0.0,0.0,0.0,0.0,0.0,0.0,0.0,39.84,0.0,0.0,0.0,0.0,0.0,0.0,40.05,0.0,0.0,0.0,0.0,0.0,0.0,0.0,0.0,0.0,0.0,0.0,0.0,0.0,40.44,0.0,0.0,0.0,0.0,0.0,0.0,0.0,0.0,0.0,0.0,0.0,0.0,0.0,40.73,0.0,0.0,0.0,0.0,0.0,0.0,40.97,0.0,0.0,0.0,0.0,0.0,0.0,41.08,0.0,0.0,0.0,0.0,0.0,0.0,0.0,0.0,0.0,0.0,0.0,0.0,0.0,41.34,0.0,0.0,0.0,0.0,0.0,0.0,41.45,0.0,0.0,0.0,0.0,0.0,0.0,0.0,0.0,41.56,0.0,0.0,0.0,0.0,41.67,0.0,0.0,0.0,0.0,0.0,0.0,0.0,0.0,0.0,0.0,0.0,0.0,0.0,0.0,0.0,0.0,0.0,0.0,0.0,0.0,0.0,0.0,41.88,0.0,0.0,0.0,0.0,0.0,0.0,41.94,0.0,0.0,0.0,0.0,0.0,0.0,0.0,0.0,0.0,0.0,0.0,0.0,0.0,0.0,0.0,0.0,0.0,0.0,0.0,0.0,0.0,0.0,0.0,0.0,0.0,0.0,0.0
Barbados,0.0,0.0,0.0,0.0,0.0,0.0,0.0,0.0,0.0,0.0,0.0,0.0,0.0,0.0,0.0,0.0,0.0,0.0,0.0,0.0,0.0,0.0,0.0,0.0,0.0,0.0,0.0,0.0,0.0,0.0,0.0,0.0,0.0,0.0,0.0,0.0,0.0,0.0,0.0,0.0,0.0,0.0,0.0,0.0,0.0,0.0,0.0,0.0,0.0,0.0,0.0,0.0,0.0,1.56,2.32,3.17,4.0,5.01,5.5,5.75,6.63,7.66,8.89,10.18,11.69,12.77,13.42,14.29,15.03,15.59,16.14,16.85,16.99,17.14,17.17,17.29,17.47,17.62,17.72,17.93,18.17,18.47,18.99,19.47,20.23,20.93,21.24,21.46,21.47,21.82,0.0,21.83,22.14,0.0,0.0,22.14,22.15,22.15,22.15,22.15,0.0,0.0,0.0,0.0,22.16,22.47,22.89,22.9,0.0,0.0,0.0,22.96,23.25,23.8,24.15,24.59,24.64,24.72,24.8,24.9,24.98,25.28,25.58,25.61,25.65,25.7,25.73,25.8,25.93,26.03,26.07,26.12,26.17,26.19,26.23,26.23,26.24,26.25,26.29,26.32,26.34,26.39,26.39,26.4,26.42,26.43,26.46,26.51,26.53,26.54,26.56,26.56,26.6,26.79,26.93,27.05,27.09,27.2,27.33,27.63,27.94,0.0,28.61,28.66,28.81,28.98,29.3,29.6,30.03,30.28,30.37,30.6,30.72,31.0,31.25,31.54,31.8,31.9,32.0,32.08,32.28,32.43,32.65,32.85,32.89,33.03,33.06,33.11,33.15,0.0,33.2,0.0,0.0,0.0,33.26,33.31,33.36,33.43,33.43,33.44,33.47,33.6,33.71,33.8,33.96,34.02,34.13,34.16,34.22,34.27,0.0,34.38,34.38,34.42,34.46,34.51,34.51,34.6,34.65,34.65,34.73,34.73,34.76,34.79,34.85,34.89,34.9,34.94,34.96,35.0,35.02,35.08,35.11,35.12,35.14,35.16,35.18,35.23,35.36,35.45,35.68,35.87,36.09,36.38,36.73,36.9,37.23,37.48,37.78,38.2,0.0,39.01,39.42,39.79,39.99,40.18,40.51,40.76,0.0,41.3,41.61,41.8,42.01,42.28,42.58,42.84,43.08,0.0,43.77,44.01,44.3,44.55,44.83,45.2,45.55,45.97,46.12,46.38,46.62,46.94,47.28,47.67,47.99,48.2,48.36,48.54,48.72,48.87,49.11,49.29,49.42,49.57,49.76,49.93,0.0,50.25,50.39,50.52,50.62,50.71,50.78,0.0,0.0,51.05,51.13,51.25,51.34,51.43,51.52,51.6,51.7,51.8,51.85,51.91,51.97,52.07,52.14,52.23,52.29,52.36,52.45,52.51,52.6,52.67,52.7,52.76,52.79,52.86,52.9,52.96,53.04,53.09,53.15,53.18,0.0,53.27,53.31,53.34,53.38,53.38,53.38,53.38,53.41,53.46,53.49,53.52,53.54,53.55,53.59,53.61,53.64,53.68,53.69,53.71,53.72,53.77,53.83,53.87,53.92,53.94,53.96,53.98,54.01,54.03,54.04,54.05,54.05,54.05,54.05,54.09,54.13,54.19,54.2,0.0,54.22,54.23,54.24,54.26,54.27,54.44,54.46,54.49,54.52,0.0,54.58,54.66,54.72,54.74,54.79,54.82,54.84,54.85,54.85,54.87,54.91,54.94,54.96,55.0,55.04,55.08,0.0,0.0,0.0,0.0,0.0,0.0,55.24,55.26,55.27,55.29,55.31,55.33,55.36,55.38,55.41,55.43,55.44,55.46,55.48,55.5,55.52,55.54,55.55,55.56,55.57,55.58,55.6,55.61,55.62,55.63,55.64,55.65,55.68,55.71,55.73,55.77,0.0,55.78,55.79,55.79,55.8,55.81,55.81,55.83,0.0,55.85,55.86,55.87,55.88,55.88,55.89,55.89,55.89,55.9,55.91,55.92,55.93,55.98,55.98,55.99,55.99,56.0,0.0,0.0,56.03,56.03,56.04,56.04,56.05,0.0,0.0,56.08,56.09,56.09,56.11,56.12,0.0,0.0,56.14,56.14,56.14,56.15,56.16,56.17,56.18,56.18,56.19,56.19,56.2,56.2,56.21,56.21,56.22,56.22,56.22,56.23,56.25,0.0,56.26,56.27,0.0,56.27,56.28,56.3,56.31,56.32,56.32,56.33,56.33,56.35,56.37,56.38,0.0,56.39,0.0,56.4,56.41,56.42,0.0
Belize,0.0,0.0,0.0,0.0,0.0,0.0,0.0,0.0,0.0,0.0,0.0,0.0,0.0,0.0,0.0,0.0,0.0,0.0,0.0,0.0,0.0,0.0,0.0,0.0,0.0,0.0,0.0,0.0,0.0,0.0,0.0,0.0,0.0,0.0,0.0,0.0,0.0,0.0,0.0,0.0,0.0,0.0,0.0,0.0,0.0,0.0,0.0,0.0,0.0,0.0,0.0,0.0,0.0,0.0,0.0,0.0,0.0,0.0,0.0,0.0,0.0,0.0,0.0,0.0,0.0,0.0,0.0,0.0,0.1,0.17,0.2,0.25,0.0,0.0,0.0,0.36,0.61,1.22,1.84,0.0,0.0,2.37,2.71,2.95,3.25,3.71,0.0,0.0,4.0,4.27,4.49,0.0,5.04,0.0,0.0,0.0,0.0,5.45,0.0,0.0,0.0,0.0,0.0,0.0,5.92,0.0,6.76,0.0,0.0,6.96,7.39,0.0,8.19,8.46,0.0,0.0,0.0,8.89,9.16,9.43,9.71,0.0,0.0,0.0,10.13,10.4,0.0,0.0,0.0,0.0,11.0,0.0,11.38,11.52,11.77,0.0,0.0,0.0,12.19,12.42,0.0,13.03,0.0,0.0,13.21,13.56,14.01,0.0,14.85,0.0,0.0,0.0,15.13,0.0,15.57,15.82,0.0,0.0,0.0,16.12,16.26,16.45,16.76,0.0,0.0,0.0,0.0,0.0,0.0,17.89,0.0,0.0,0.0,18.34,18.55,18.81,0.0,0.0,0.0,0.0,0.0,19.76,0.0,0.0,0.0,0.0,0.0,0.0,0.0,21.61,22.44,0.0,0.0,23.16,23.85,24.6,25.2,0.0,0.0,0.0,0.0,26.58,0.0,27.54,28.05,0.0,0.0,28.45,28.75,0.0,29.56,30.0,0.0,0.0,30.85,31.29,31.29,31.8,32.69,0.0,0.0,0.0,33.24,33.63,34.05,34.43,0.0,0.0,34.99,35.32,35.64,36.0,36.51,0.0,0.0,36.9,37.09,37.26,0.0,37.66,0.0,0.0,0.0,0.0,0.0,0.0,0.0,0.0,0.0,41.39,0.0,0.0,0.0,42.49,0.0,0.0,42.74,42.89,0.0,43.21,0.0,0.0,0.0,43.53,43.83,0.0,44.5,0.0,0.0,0.0,45.59,0.0,45.88,46.25,46.69,0.0,0.0,0.0,47.5,47.85,0.0,48.63,0.0,0.0,49.04,0.0,49.38,0.0,0.0,0.0,0.0,0.0,0.0,0.0,0.0,0.0,0.0,0.0,0.0,0.0,0.0,0.0,0.0,0.0,0.0,0.0,0.0,0.0,0.0,55.27,0.0,0.0,0.0,0.0,0.0,0.0,55.59,0.0,0.0,0.0,0.0,0.0,0.0,55.83,0.0,0.0,0.0,0.0,0.0,0.0,56.13,0.0,0.0,0.0,0.0,0.0,0.0,0.0,0.0,0.0,56.29,0.0,0.0,0.0,56.44,0.0,0.0,0.0,0.0,0.0,0.0,56.58,0.0,0.0,0.0,0.0,0.0,0.0,56.73,0.0,0.0,0.0,0.0,0.0,56.83,0.0,0.0,0.0,0.0,0.0,0.0,0.0,0.0,0.0,0.0,0.0,0.0,0.0,0.0,57.0,0.0,0.0,0.0,0.0,0.0,0.0,57.18,0.0,0.0,0.0,0.0,0.0,0.0,57.3,0.0,0.0,0.0,0.0,0.0,0.0,57.42,0.0,0.0,0.0,0.0,0.0,0.0,57.55,0.0,0.0,0.0,0.0,0.0,0.0,57.68,0.0,0.0,0.0,0.0,0.0,0.0,57.78,0.0,0.0,0.0,0.0,0.0,0.0,57.88,0.0,0.0,0.0,0.0,0.0,0.0,57.99,0.0,0.0,0.0,0.0,0.0,0.0,58.08,0.0,0.0,0.0,0.0,0.0,0.0,58.19,0.0,0.0,0.0,0.0,0.0,0.0,58.29,0.0,0.0,0.0,0.0,0.0,0.0,58.36,0.0,0.0,0.0,0.0,0.0,0.0,0.0,0.0,0.0,0.0,0.0,0.0,0.0,58.48,0.0,0.0,0.0,0.0,0.0,0.0,58.5,0.0,0.0,0.0,0.0,0.0,0.0,58.55,0.0,0.0,0.0,0.0,0.0,0.0,58.58,0.0,0.0,0.0,0.0,0.0,0.0,58.62,0.0,0.0,0.0,0.0,0.0,0.0,58.65,0.0,0.0,0.0,0.0,0.0,0.0
Bolivia,0.0,0.0,0.0,0.0,0.0,0.0,0.0,0.0,0.0,0.0,0.0,0.0,0.0,0.0,0.0,0.0,0.0,0.0,0.0,0.0,0.0,0.0,0.0,0.0,0.0,0.0,0.0,0.0,0.0,0.0,0.0,0.0,0.0,0.0,0.0,0.0,0.0,0.0,0.0,0.0,0.01,0.03,0.04,0.06,0.06,0.07,0.08,0.08,0.09,0.0,0.0,0.0,0.0,0.0,0.0,0.0,0.0,0.0,0.09,0.0,0.09,0.09,0.09,0.1,0.0,0.19,0.0,0.0,0.39,0.0,0.0,0.0,0.81,0.82,0.86,0.92,0.99,1.03,1.07,1.08,1.08,1.11,1.15,1.19,1.22,1.27,1.27,1.27,1.3,1.32,1.36,1.41,1.46,1.48,1.48,1.53,1.58,1.65,1.72,1.72,1.73,1.74,1.82,1.94,2.08,2.23,2.39,2.43,2.45,2.56,2.68,2.82,2.95,3.09,3.13,3.15,3.26,3.38,3.5,3.64,3.86,3.94,3.97,4.15,4.37,4.63,4.87,5.16,5.19,5.21,5.39,5.6,5.83,6.0,6.15,6.2,6.2,6.27,6.33,6.38,6.57,6.85,6.92,6.94,7.25,7.63,8.04,8.49,8.94,9.06,9.09,9.4,9.68,10.02,10.35,10.74,10.85,10.89,11.25,11.64,11.94,12.01,12.2,12.26,12.29,12.43,12.6,12.73,12.81,13.0,13.04,13.05,13.16,13.29,13.48,13.65,13.81,13.86,13.89,13.9,14.02,14.23,14.56,14.93,15.03,15.11,15.41,15.7,15.93,16.29,16.8,16.93,17.11,17.43,18.07,18.63,19.01,19.35,19.47,19.62,20.06,20.53,20.97,21.37,21.71,21.87,22.12,22.53,22.95,23.39,23.79,24.15,24.29,24.51,24.85,25.23,25.57,25.87,26.15,26.25,26.4,26.71,26.96,27.2,27.43,27.46,27.52,27.61,27.86,28.08,28.27,28.51,28.79,28.9,29.01,29.27,29.51,29.75,29.97,30.19,30.25,30.32,30.51,30.88,31.25,31.85,32.33,32.61,32.88,33.52,33.77,33.91,34.02,34.13,34.23,34.31,34.41,34.53,34.64,34.76,34.85,34.87,34.88,34.97,35.07,35.16,35.23,35.29,35.36,35.44,35.52,35.66,35.79,0.0,35.88,35.91,35.94,36.06,36.17,36.28,36.34,36.4,36.41,36.43,36.6,36.68,36.76,36.82,36.89,36.91,36.93,37.01,37.08,37.15,37.22,37.29,37.3,37.32,37.42,37.5,37.57,37.65,37.73,37.76,37.78,37.93,38.04,38.18,38.27,38.41,38.53,38.55,38.65,38.66,38.73,38.84,38.97,39.02,39.04,39.14,39.27,39.39,39.62,39.86,39.97,40.03,40.19,40.44,40.7,41.01,41.28,41.43,41.45,41.57,41.85,42.06,42.25,42.43,42.5,42.53,42.72,42.88,43.04,43.18,43.32,43.36,43.38,43.51,43.64,43.77,43.89,44.07,44.13,44.15,44.35,44.58,44.8,45.03,45.22,45.28,45.36,45.55,45.75,45.92,46.06,46.18,46.18,46.2,46.42,46.79,47.04,47.44,47.62,47.81,47.85,48.62,49.43,50.19,51.0,51.45,51.9,51.98,52.49,52.92,53.26,53.71,54.05,54.18,54.22,54.84,55.15,55.42,55.59,55.78,55.82,55.84,55.96,56.18,56.32,56.45,56.57,56.63,56.65,56.85,56.93,57.01,57.07,57.18,57.22,57.23,57.31,57.38,57.45,57.52,57.61,57.66,57.67,57.75,57.83,57.91,57.99,58.08,58.13,58.14,58.21,58.28,58.37,58.47,58.54,58.56,58.57,58.57,58.57,58.63,58.66,58.81,58.84,58.85,58.9,58.94,58.98,59.04,59.1,59.12,59.12,59.24,59.31,59.39,59.44,59.5,59.52,59.52,59.56,59.6,59.65,59.68,59.73,59.74,59.75,59.78,59.81,59.84,59.87,59.9,59.92,59.92,59.95,59.97,59.98,59.99,60.03,60.04,60.04,60.05,60.07,60.08,60.1,60.11,60.11,60.11,60.4,60.41,60.42,60.44,60.47,60.48,60.48,60.49,60.51,60.52,60.54,60.56,60.57,60.57,60.57,60.58,60.6,60.61,60.64,60.65,60.65,60.66,60.67,60.68,60.73,60.73,60.73,60.73,60.75,60.76,60.77,60.78,60.8,60.81,60.81,60.82,0.0,0.0,0.0
Brazil,0.0,0.0,0.0,0.0,0.0,0.0,0.0,0.0,0.0,0.0,0.0,0.0,0.0,0.0,0.0,0.0,0.0,0.0,0.0,0.0,0.0,0.0,0.0,0.0,0.0,0.0,0.01,0.05,0.09,0.22,0.27,0.29,0.37,0.49,0.62,0.73,0.9,0.96,0.97,1.07,1.18,1.31,1.44,1.59,1.65,1.67,1.77,1.9,2.02,2.14,2.31,2.36,2.37,2.49,2.49,2.56,2.64,2.69,2.72,2.74,2.81,2.86,2.9,2.97,3.01,3.05,3.06,3.18,3.32,3.47,3.6,3.72,3.8,3.84,3.97,4.1,4.21,4.35,4.46,4.52,4.54,4.71,4.86,5.01,5.17,5.38,5.49,5.52,5.75,5.99,6.28,6.59,6.98,7.14,7.25,7.63,7.94,8.29,8.71,8.83,8.98,9.12,9.37,9.74,10.07,10.4,10.6,10.79,10.89,11.17,11.44,11.68,11.91,12.06,12.19,12.25,12.48,12.7,12.86,13.03,13.45,13.54,13.57,13.83,14.15,14.37,14.6,14.81,14.87,14.9,15.12,15.37,15.65,16.02,16.36,16.47,16.5,16.79,17.07,17.4,17.65,17.91,18.02,18.11,18.36,18.64,18.9,19.2,19.47,19.57,19.85,20.1,20.34,20.58,20.81,21.16,21.31,21.35,21.65,21.93,22.36,22.58,22.88,23.13,23.22,23.54,24.07,24.57,25.04,25.55,25.84,25.99,26.48,27.06,27.6,28.59,29.34,29.75,29.95,30.57,31.16,31.73,32.3,32.88,33.22,33.33,33.8,34.55,35.09,35.65,36.26,36.55,36.69,37.31,37.92,38.62,39.23,39.8,40.15,40.32,40.78,41.3,41.8,42.4,42.87,43.19,43.29,43.83,44.44,45.0,45.53,46.13,46.45,46.55,46.97,47.44,47.92,48.3,48.82,49.11,49.2,49.5,50.07,50.78,51.28,51.8,52.03,52.14,52.56,53.22,53.86,54.57,55.22,55.67,55.85,56.4,57.26,57.8,58.49,59.06,59.43,59.63,60.22,60.87,61.45,61.65,62.12,62.44,62.59,62.98,63.61,64.05,64.44,64.79,64.97,65.05,65.42,65.52,65.81,66.15,66.54,66.73,66.82,67.03,67.34,67.65,67.87,68.23,68.4,68.48,68.66,68.91,69.15,69.4,69.63,69.81,69.89,70.04,70.27,70.51,70.76,70.98,71.11,71.16,71.27,71.46,71.64,71.82,71.97,72.05,72.1,72.24,72.29,72.34,72.68,72.91,73.05,73.1,73.16,73.32,73.52,73.59,73.68,73.75,73.83,73.97,74.12,74.25,74.38,74.49,74.54,74.58,74.6,74.61,74.67,74.79,74.92,74.97,75.1,75.22,75.32,75.43,75.56,75.58,75.62,75.66,75.69,75.72,75.82,75.89,75.96,76.03,76.08,76.15,76.22,76.27,76.33,76.43,76.45,76.49,76.5,76.6,76.71,76.77,76.85,76.89,76.91,76.92,76.97,77.01,77.07,0.0,0.0,0.0,0.0,77.07,77.17,77.24,77.29,77.3,77.3,77.33,77.36,77.5,77.52,0.0,0.0,0.0,77.55,77.6,77.64,77.66,77.66,77.67,77.67,77.72,77.77,77.79,0.0,0.0,0.0,77.86,77.91,77.93,77.93,77.96,77.98,78.0,78.08,78.19,78.22,78.3,78.39,78.45,78.51,78.55,78.67,78.76,78.94,79.1,79.26,79.36,79.38,79.59,79.72,79.87,80.01,80.28,80.43,80.46,80.68,80.79,80.84,81.03,81.26,81.37,81.41,81.51,81.62,81.75,81.88,82.21,82.31,82.35,82.44,82.54,82.68,82.79,82.92,82.97,82.98,83.06,83.1,0.0,83.17,83.23,83.28,83.29,83.35,83.41,83.49,83.78,83.84,83.98,84.0,84.05,84.07,84.12,84.16,84.24,84.27,84.28,84.33,84.36,84.39,84.42,84.45,84.47,84.49,84.53,84.62,84.66,84.69,0.0,0.0,84.74,84.76,84.79,84.84,84.86,84.89,84.9,84.91,84.93,84.96,84.98,85.0,0.0,0.0,85.04,85.05,85.18,85.2,85.22,0.0,85.23,85.23,85.25,85.26,85.29,85.31,85.33,0.0,85.34,85.36,85.38,85.41,85.42,85.45,85.45,85.46,85.47,85.48,85.54,85.57,85.58,85.58,85.58,85.58,0.0,85.61,85.63,85.63,85.64,0.0,0.0,0.0,0.0,85.84
Chile,0.0,0.03,0.04,0.05,0.0,0.0,0.0,0.0,0.0,0.0,0.0,0.05,0.05,0.06,0.0,0.06,0.0,0.06,0.0,0.0,0.06,0.07,0.07,0.07,0.0,0.13,0.23,0.28,0.29,0.3,0.0,0.0,0.3,0.3,0.3,0.0,0.3,0.3,0.3,0.3,0.37,1.25,2.16,3.04,3.18,3.23,4.38,5.64,7.06,8.37,9.56,9.72,9.74,11.12,12.27,13.25,14.06,14.8,14.85,14.85,15.42,15.91,16.35,16.8,17.21,17.26,17.26,17.98,18.81,19.63,20.38,21.09,21.14,21.15,21.86,22.58,23.29,24.18,24.97,25.09,25.11,25.93,26.8,27.59,28.36,29.09,29.21,29.22,29.99,30.77,31.57,32.39,33.26,33.33,33.33,34.12,34.82,35.48,36.18,36.19,36.2,36.21,36.62,37.11,37.6,38.0,38.37,38.43,38.44,38.84,39.23,39.65,39.97,40.28,40.32,40.32,40.55,40.75,40.92,41.21,41.42,41.45,41.45,41.67,41.88,42.1,42.27,42.53,42.54,42.54,42.94,43.36,43.78,44.21,44.65,44.74,44.74,45.28,45.84,46.39,46.89,47.43,47.43,47.43,48.08,48.79,49.45,50.12,50.16,50.3,50.32,51.23,52.22,53.16,54.03,54.79,55.01,55.05,55.87,56.65,57.34,57.83,58.23,58.36,58.38,58.81,59.22,59.71,60.28,60.72,60.84,60.85,61.42,61.88,62.45,62.84,63.17,63.26,63.27,63.3,63.84,64.3,64.88,65.34,65.45,65.47,65.48,65.85,66.22,66.75,67.15,67.25,67.26,67.56,67.83,68.24,68.56,68.85,68.96,68.97,69.25,69.68,69.98,70.38,70.39,70.45,70.45,70.72,70.93,71.12,71.31,71.62,71.75,71.76,71.84,71.9,71.94,71.98,72.03,72.04,72.04,72.56,73.15,73.18,73.2,73.21,73.21,73.21,73.62,73.97,73.99,74.0,74.01,74.01,74.01,74.22,74.41,74.43,74.44,74.46,74.47,74.47,74.63,74.77,74.86,74.88,74.89,74.9,74.9,75.02,75.13,75.14,75.16,75.17,75.17,75.17,75.26,75.35,75.36,75.37,75.38,75.38,75.38,75.73,76.01,76.3,76.44,76.44,76.44,76.44,76.79,77.11,77.5,77.77,78.15,78.15,78.15,78.67,79.31,79.95,80.55,81.11,81.14,81.14,81.58,81.98,82.35,82.68,82.96,82.98,82.98,82.98,83.28,83.58,83.84,84.05,84.06,84.06,84.27,84.51,84.72,84.9,85.06,85.07,85.07,85.25,85.42,85.59,85.74,85.87,85.88,85.88,85.89,86.02,86.16,86.3,86.42,86.44,86.44,86.56,86.68,86.78,86.88,86.97,86.99,86.99,87.09,87.19,87.27,87.34,87.41,87.42,87.42,87.49,87.55,87.61,87.67,87.72,87.73,87.73,87.79,87.85,87.91,87.96,88.01,88.02,88.02,88.1,88.18,88.18,88.39,88.58,88.6,88.6,88.77,88.93,89.08,89.21,89.32,89.33,89.34,89.44,89.53,89.61,89.66,89.67,89.67,89.67,89.77,89.87,89.97,90.06,90.08,90.08,90.08,90.18,90.29,90.39,90.48,90.57,90.58,90.58,90.69,90.78,90.86,90.93,91.0,91.01,91.01,91.09,91.16,91.24,91.3,91.36,91.37,91.37,91.44,91.5,91.56,91.61,91.66,91.66,91.66,91.73,91.78,91.83,91.87,91.91,91.92,91.92,91.97,92.02,92.06,92.1,92.14,92.14,92.14,92.18,92.21,92.25,92.29,92.32,92.32,92.32,92.38,92.43,92.47,92.52,92.57,92.57,92.57,92.63,92.68,92.71,92.74,92.77,92.78,92.78,92.8,92.82,92.84,92.85,92.87,92.87,92.87,92.89,92.91,92.92,92.93,92.95,92.95,92.95,92.96,92.98,92.99,93.0,93.02,93.02,93.02,93.03,93.04,93.06,93.07,93.08,93.08,93.08,93.09,93.1,93.11,93.12,93.13,93.14,93.14,93.15,93.16,93.16,93.17,93.17,93.17,93.17,93.18,93.19,93.2,93.21,93.21,93.22,93.22,93.22,93.23,93.24,93.25,93.26,93.26,93.26,93.27,93.27,93.28,93.29,93.3,93.3,93.3,93.31,93.32,93.33,93.34,93.35,93.35,93.35,93.36,93.37,93.38,93.4,93.41,93.41,93.41,93.42,93.44,93.45,93.46
Colombia,0.0,0.0,0.0,0.0,0.0,0.0,0.0,0.0,0.0,0.0,0.0,0.0,0.0,0.0,0.0,0.0,0.0,0.0,0.0,0.0,0.0,0.0,0.0,0.0,0.0,0.0,0.0,0.0,0.0,0.0,0.0,0.0,0.0,0.0,0.0,0.0,0.0,0.0,0.0,0.0,0.0,0.0,0.0,0.0,0.0,0.0,0.0,0.0,0.0,0.0,0.0,0.0,0.0,0.0,0.0,0.0,0.0,0.0,0.0,0.0,0.0,0.0,0.0,0.0,0.0,0.0,0.0,0.0,0.0,0.0,0.0,0.0,0.0,0.0,0.0,0.0,0.0,0.0,0.0,1.46,1.57,1.7,1.81,1.89,1.99,2.1,2.2,2.26,2.3,2.41,2.56,2.65,2.82,3.03,3.17,3.39,3.63,3.82,3.83,3.85,3.88,3.91,4.01,0.0,4.19,4.24,4.3,4.35,0.0,4.41,4.57,4.7,0.0,4.87,5.02,5.1,5.23,5.36,5.56,5.67,5.78,5.87,5.93,0.0,6.14,6.26,6.39,6.55,6.66,6.74,0.0,0.0,0.0,0.0,7.53,0.0,0.0,7.88,8.08,8.27,8.49,0.0,8.88,8.98,9.07,9.28,9.48,9.67,0.0,10.0,10.1,10.3,10.61,11.01,0.0,0.0,12.48,12.78,13.26,13.79,14.35,14.85,15.3,15.71,15.93,16.12,16.47,16.8,0.0,17.51,17.79,17.93,18.12,0.0,0.0,18.99,0.0,19.65,19.84,20.13,20.47,20.79,21.07,21.33,21.61,21.71,21.82,22.19,22.47,22.71,22.94,23.22,23.37,23.57,0.0,24.48,0.0,0.0,25.05,26.47,26.87,0.0,27.94,28.41,0.0,29.19,29.42,29.69,29.93,0.0,30.57,30.97,0.0,31.69,32.1,0.0,32.76,33.22,0.0,34.72,35.04,35.61,36.22,36.73,37.24,0.0,38.3,38.49,38.84,39.17,39.52,39.82,40.02,40.32,40.46,0.0,40.92,41.31,41.69,42.03,42.43,42.65,43.1,43.5,43.95,0.0,44.82,45.26,45.43,45.73,46.03,0.0,46.35,46.82,47.03,0.0,0.0,0.0,0.0,47.32,47.66,0.0,47.79,48.01,48.25,48.46,0.0,48.85,48.99,49.09,49.29,0.0,49.78,50.06,0.0,50.5,50.81,51.1,0.0,51.37,0.0,52.4,0.0,0.0,52.96,0.0,53.52,53.81,54.08,54.29,54.39,54.65,54.94,55.2,55.46,55.88,0.0,55.98,56.04,0.0,0.0,0.0,57.02,57.21,57.32,57.56,57.81,58.07,58.32,0.0,58.69,58.85,0.0,0.0,0.0,0.0,0.0,0.0,0.0,0.0,0.0,0.0,0.0,0.0,0.0,0.0,0.0,0.0,0.0,0.0,0.0,0.0,0.0,0.0,0.0,0.0,0.0,0.0,0.0,0.0,0.0,0.0,0.0,0.0,0.0,0.0,0.0,0.0,0.0,0.0,0.0,0.0,0.0,0.0,0.0,0.0,0.0,0.0,0.0,73.8,73.86,0.0,0.0,74.26,0.0,74.37,0.0,74.4,74.5,0.0,74.7,74.79,74.81,0.0,74.83,74.94,75.08,75.22,75.39,0.0,75.66,75.72,75.77,75.92,76.09,76.26,76.41,76.52,0.0,76.96,0.0,77.03,0.0,77.39,0.0,77.58,77.76,77.93,0.0,78.23,78.36,78.54,78.58,78.7,78.81,79.0,0.0,79.11,79.18,79.32,79.4,79.48,79.56,79.65,79.74,79.79,79.82,79.9,79.98,80.05,80.13,0.0,80.21,80.28,80.34,80.4,80.47,0.0,0.0,0.0,0.0,0.0,0.0,0.0,0.0,80.77,0.0,0.0,0.0,0.0,80.99,0.0,81.07,0.0,0.0,0.0,0.0,81.25,0.0,81.32,0.0,0.0,0.0,0.0,81.71,0.0,0.0,81.8,81.81,81.83,81.86,81.9,0.0,0.0,81.98,81.99,82.02,82.04,82.07,82.1,82.12,0.0,0.0,0.0,0.0,0.0,0.0,0.0,0.0,0.0,0.0,0.0,0.0,0.0,0.0,0.0,0.0,0.0,0.0,0.0,0.0,82.12,0.0,0.0,0.0,0.0,0.0,0.0,82.19,0.0,0.0,0.0,0.0,0.0,0.0,82.35,0.0,0.0,0.0,0.0,0.0,0.0,0.0,0.0,0.0,0.0,0.0,0.0,0.0
Costa Rica,0.0,0.0,0.0,0.0,0.0,0.0,0.0,0.0,0.0,0.0,0.05,0.0,0.0,0.0,0.0,0.19,0.0,0.0,0.0,0.0,0.0,0.0,0.48,0.0,0.0,0.57,0.0,0.0,0.0,0.0,0.0,0.0,0.89,0.0,0.0,0.0,0.0,0.0,0.0,0.89,0.0,0.0,0.0,0.0,0.0,0.0,0.91,0.0,0.0,0.0,0.0,0.0,0.0,1.06,0.0,0.0,0.0,0.0,0.0,0.0,1.11,0.0,0.0,0.0,0.0,0.0,0.0,2.02,0.0,0.0,0.0,2.76,0.0,0.0,2.95,0.0,0.0,0.0,3.65,0.0,0.0,3.7,0.0,0.0,0.0,0.0,0.0,0.0,4.01,0.0,4.15,0.0,0.0,0.0,0.0,4.36,0.0,0.0,0.0,0.0,0.0,0.0,0.0,5.67,0.0,0.0,0.0,0.0,0.0,6.89,0.0,0.0,0.0,0.0,0.0,0.0,8.77,0.0,0.0,0.0,0.0,0.0,0.0,10.48,0.0,0.0,0.0,0.0,0.0,0.0,11.77,0.0,0.0,0.0,0.0,0.0,0.0,12.79,0.0,0.0,0.0,0.0,0.0,0.0,14.05,0.0,0.0,0.0,0.0,0.0,0.0,16.88,0.0,0.0,0.0,0.0,0.0,0.0,0.0,19.7,0.0,0.0,0.0,0.0,0.0,23.73,0.0,0.0,0.0,0.0,0.0,0.0,27.43,0.0,0.0,0.0,0.0,0.0,0.0,0.0,29.89,0.0,0.0,0.0,0.0,0.0,31.7,0.0,0.0,0.0,0.0,0.0,0.0,33.17,0.0,0.0,0.0,0.0,0.0,0.0,0.0,34.71,0.0,0.0,0.0,0.0,0.0,38.58,0.0,0.0,0.0,0.0,0.0,0.0,50.07,0.0,0.0,0.0,0.0,0.0,0.0,0.0,0.0,0.0,0.0,0.0,0.0,0.0,54.11,0.0,0.0,0.0,0.0,0.0,0.0,57.38,0.0,0.0,0.0,0.0,0.0,0.0,58.95,0.0,0.0,0.0,0.0,0.0,0.0,59.53,0.0,0.0,0.0,0.0,0.0,0.0,0.0,0.0,59.77,0.0,0.0,0.0,0.0,61.19,0.0,0.0,0.0,0.0,0.0,0.0,63.72,0.0,0.0,0.0,0.0,0.0,0.0,66.3,0.0,0.0,0.0,0.0,0.0,0.0,67.52,0.0,0.0,0.0,0.0,0.0,0.0,68.6,0.0,0.0,0.0,0.0,0.0,0.0,70.0,0.0,0.0,0.0,0.0,0.0,0.0,0.0,0.0,0.0,0.0,0.0,0.0,0.0,72.99,0.0,0.0,0.0,0.0,0.0,0.0,73.76,0.0,0.0,0.0,0.0,0.0,0.0,74.37,0.0,0.0,0.0,0.0,0.0,0.0,75.12,0.0,0.0,0.0,0.0,0.0,0.0,75.65,0.0,0.0,0.0,0.0,0.0,0.0,75.98,0.0,0.0,0.0,0.0,0.0,0.0,76.32,0.0,0.0,0.0,0.0,0.0,0.0,0.0,76.57,0.0,0.0,0.0,0.0,0.0,76.76,0.0,0.0,0.0,0.0,0.0,0.0,76.93,0.0,0.0,0.0,0.0,0.0,0.0,77.17,0.0,0.0,0.0,0.0,0.0,0.0,77.79,0.0,0.0,0.0,0.0,0.0,0.0,0.0,78.39,0.0,0.0,0.0,0.0,0.0,79.0,0.0,0.0,0.0,0.0,0.0,0.0,79.58,0.0,0.0,0.0,0.0,0.0,0.0,80.16,0.0,0.0,0.0,0.0,0.0,0.0,80.81,0.0,0.0,0.0,0.0,0.0,0.0,81.65,0.0,0.0,0.0,0.0,0.0,0.0,82.41,0.0,0.0,0.0,0.0,0.0,0.0,83.16,0.0,0.0,0.0,0.0,0.0,0.0,0.0,83.93,0.0,0.0,0.0,0.0,0.0,84.38,0.0,0.0,0.0,0.0,0.0,0.0,84.82,0.0,0.0,0.0,0.0,0.0,0.0,85.22,0.0,0.0,0.0,0.0,0.0,0.0,85.35,0.0,0.0,0.0,0.0,0.0,0.0,85.64,0.0,0.0,0.0,0.0,0.0,0.0,85.89,0.0,0.0,0.0,0.0,0.0,0.0,0.0,86.08,0.0,0.0,0.0,0.0,0.0,0.0,86.23,0.0,0.0,0.0,0.0,0.0,86.35,0.0,0.0,0.0
Cuba,0.0,0.0,0.0,0.0,0.0,0.0,0.0,0.0,0.0,0.0,0.0,0.0,0.0,0.0,0.0,0.0,0.0,0.0,0.0,0.0,0.0,0.0,0.0,0.0,0.0,0.0,0.0,0.0,0.0,0.0,0.0,0.0,0.0,0.0,0.0,0.0,0.0,0.0,0.0,0.0,0.0,0.0,0.0,0.0,0.0,0.0,0.0,0.0,0.0,0.0,0.0,0.0,0.0,0.0,0.0,0.0,0.0,0.0,0.0,0.0,0.0,0.0,0.0,0.0,0.0,0.0,0.0,0.0,0.0,0.0,0.0,0.0,0.0,0.0,0.0,0.0,0.0,0.0,0.0,0.0,0.0,0.0,0.0,0.0,0.0,0.0,0.0,0.0,0.0,0.0,0.0,0.0,0.0,0.0,0.0,0.0,0.0,0.0,0.0,0.0,0.0,0.0,0.0,0.0,0.0,0.0,0.0,0.0,0.0,0.0,0.0,0.0,0.0,0.0,0.0,0.0,0.0,0.0,0.0,0.0,0.0,0.0,0.0,0.0,0.0,0.0,0.0,0.0,0.0,0.0,0.0,0.0,0.0,0.0,0.0,0.0,0.0,0.0,0.0,0.62,0.0,0.0,0.0,4.03,4.77,5.41,0.0,6.34,0.0,6.84,6.92,7.01,7.06,7.1,7.15,7.19,0.0,0.0,10.47,11.53,12.65,13.77,14.74,15.42,15.66,16.0,16.2,16.3,16.65,17.06,17.41,17.72,18.12,18.5,18.96,19.32,19.65,19.83,19.83,20.13,20.96,21.8,22.56,23.28,23.76,23.82,24.23,24.38,24.51,24.72,25.03,25.35,25.6,25.86,26.21,26.53,26.72,26.85,26.91,26.92,27.16,27.86,28.46,29.01,29.44,29.68,29.75,29.92,30.12,30.34,30.51,30.69,30.79,30.85,30.9,30.93,30.97,0.0,33.87,35.53,36.72,38.26,39.38,40.11,40.62,41.01,41.23,41.31,41.46,41.66,41.76,41.99,42.31,42.58,42.73,42.89,43.07,43.2,43.3,43.39,43.75,44.31,45.05,46.0,46.73,47.39,47.86,48.15,48.33,48.63,49.07,50.12,0.0,51.22,51.58,0.0,0.0,53.94,55.64,57.43,59.95,61.55,62.13,63.11,64.36,65.93,68.11,69.84,72.46,74.02,75.44,76.3,77.2,77.89,78.46,79.29,79.95,80.88,81.85,82.45,83.37,83.74,83.89,83.94,84.16,84.38,84.58,84.77,84.94,85.03,85.08,85.15,85.31,85.46,85.61,85.74,85.83,85.88,86.01,86.15,86.28,86.42,86.55,86.62,86.64,86.77,86.88,86.97,87.07,87.37,87.67,87.83,88.04,88.22,88.38,88.51,88.65,0.0,0.0,88.68,88.79,88.88,88.98,89.07,89.11,89.12,89.19,89.26,89.34,89.41,89.47,89.5,89.5,89.56,89.62,0.0,0.0,89.78,89.8,89.81,89.86,89.91,89.96,90.02,90.05,90.06,90.06,90.11,90.15,90.19,90.23,90.28,90.29,90.29,90.33,90.37,90.44,90.72,91.01,91.13,91.16,91.3,91.42,91.55,91.69,91.84,91.87,91.88,92.04,92.15,0.0,92.32,92.33,92.33,92.33,92.33,92.39,92.46,92.54,92.62,92.66,92.67,92.74,92.81,92.87,92.93,92.99,93.01,93.01,93.05,93.09,93.13,93.17,93.21,93.22,93.22,93.26,93.29,93.32,93.35,93.38,93.39,93.39,93.41,93.43,0.0,0.0,93.49,93.49,93.49,93.51,93.53,93.55,93.56,93.58,93.59,93.59,93.6,93.61,93.62,93.64,93.65,93.66,93.66,93.67,93.69,93.7,93.71,93.73,93.73,93.73,93.74,93.75,93.76,0.0,93.78,93.78,93.78,93.79,93.8,93.81,93.82,93.83,93.84,93.84,93.84,93.85,93.86,93.87,93.88,93.88,93.88,0.0,0.0,93.91,93.92,93.93,93.93,93.93,93.94,93.95,0.0,0.0,93.99,0.0,0.0,94.0,94.0,94.01,94.02,94.03,94.03,94.04,94.04,94.05,0.0,0.0,94.08,94.08,94.08,94.08,94.09,0.0,94.11,94.12,94.13,94.13,94.13,94.15,94.15,94.16,94.17,0.0,0.0,94.17,94.18,94.18,94.19,94.19,0.0,94.2,94.2,94.21,94.21,94.22,94.23,94.23,94.23,94.23,94.24,94.24,94.24,94.25,94.25,94.25,94.26,94.26,0.0,0.0
Dominica,0.0,0.0,0.0,0.0,0.0,0.0,0.0,0.0,0.0,0.0,0.0,0.0,0.0,0.0,0.0,0.0,0.0,0.0,0.0,0.0,0.0,0.0,0.0,0.0,0.0,0.0,0.0,0.0,0.0,0.0,0.0,0.0,0.0,0.0,0.0,0.0,0.0,0.0,0.0,0.0,0.0,0.0,0.0,0.0,0.0,0.0,0.0,0.0,0.0,0.0,0.0,0.0,0.0,0.0,0.0,0.0,0.0,0.0,0.0,0.0,0.0,3.42,0.0,6.67,8.21,0.0,0.0,9.98,11.41,13.11,14.52,15.75,0.0,0.0,17.01,0.0,18.2,18.8,0.0,0.0,0.0,0.0,0.0,0.0,0.0,0.0,0.0,0.0,21.2,0.0,0.0,22.25,0.0,0.0,0.0,0.0,0.0,24.49,24.63,0.0,0.0,0.0,0.0,0.0,0.0,0.0,0.0,0.0,0.0,24.87,0.0,0.0,0.0,0.0,0.0,0.0,0.0,25.18,0.0,25.27,0.0,0.0,0.0,0.0,0.0,25.63,0.0,0.0,0.0,0.0,0.0,0.0,0.0,0.0,26.14,0.0,0.0,0.0,0.0,26.46,0.0,0.0,0.0,0.0,26.7,26.82,0.0,0.0,0.0,0.0,0.0,0.0,0.0,27.2,0.0,27.34,0.0,0.0,27.45,0.0,27.48,0.0,0.0,27.67,0.0,0.0,0.0,27.78,0.0,0.0,0.0,0.0,27.9,0.0,0.0,27.97,0.0,0.0,0.0,0.0,0.0,0.0,0.0,28.13,0.0,0.0,0.0,0.0,0.0,0.0,28.25,0.0,0.0,0.0,0.0,0.0,0.0,28.34,0.0,0.0,0.0,0.0,0.0,0.0,0.0,0.0,0.0,0.0,0.0,0.0,0.0,28.8,0.0,0.0,0.0,0.0,0.0,0.0,28.95,0.0,0.0,0.0,0.0,0.0,0.0,0.0,0.0,0.0,0.0,0.0,0.0,0.0,0.0,0.0,0.0,0.0,0.0,0.0,0.0,29.86,0.0,0.0,0.0,0.0,0.0,0.0,30.96,0.0,0.0,0.0,0.0,0.0,0.0,31.26,0.0,0.0,0.0,0.0,0.0,0.0,31.77,0.0,0.0,0.0,0.0,0.0,0.0,32.28,0.0,0.0,0.0,0.0,0.0,0.0,32.72,0.0,0.0,0.0,0.0,0.0,0.0,34.82,0.0,0.0,0.0,0.0,0.0,0.0,36.43,0.0,0.0,0.0,0.0,0.0,0.0,37.14,0.0,0.0,0.0,0.0,0.0,0.0,37.98,0.0,0.0,0.0,0.0,0.0,0.0,38.51,0.0,0.0,0.0,0.0,0.0,0.0,38.79,0.0,0.0,0.0,0.0,0.0,0.0,39.08,0.0,0.0,0.0,0.0,0.0,0.0,39.61,0.0,0.0,0.0,0.0,0.0,0.0,0.0,0.0,0.0,39.85,0.0,0.0,0.0,0.0,0.0,0.0,0.0,0.0,40.04,0.0,40.27,0.0,0.0,0.0,0.0,40.44,0.0,40.46,0.0,0.0,0.0,0.0,40.77,0.0,0.0,0.0,0.0,0.0,0.0,0.0,0.0,0.0,0.0,0.0,0.0,0.0,42.58,0.0,42.68,0.0,0.0,0.0,0.0,42.84,0.0,42.89,0.0,0.0,0.0,0.0,43.01,0.0,43.13,0.0,0.0,0.0,0.0,43.22,0.0,43.33,0.0,0.0,0.0,0.0,44.1,0.0,44.13,0.0,0.0,0.0,0.0,44.18,0.0,44.24,0.0,0.0,0.0,0.0,44.33,0.0,44.38,0.0,0.0,0.0,0.0,44.43,0.0,44.5,0.0,0.0,0.0,0.0,44.52,0.0,44.55,0.0,0.0,0.0,0.0,44.58,0.0,44.69,0.0,0.0,0.0,0.0,44.69,0.0,44.73,0.0,0.0,0.0,0.0,44.89,0.0,44.9,0.0,0.0,0.0,0.0,44.9,0.0,45.0,0.0,0.0,0.0,0.0,0.0,0.0,45.02,0.0,0.0,0.0,0.0,0.0,0.0,45.11,0.0,0.0,0.0,0.0,0.0,0.0,45.13,0.0,0.0,0.0,0.0,0.0,0.0,45.17,0.0,0.0,0.0,0.0,0.0,0.0,45.19,0.0,0.0,0.0,0.0,0.0,0.0,45.21,0.0,0.0,0.0,0.0,0.0,0.0,45.25,0.0,0.0,0.0,0.0,0.0,0.0
Dominican Republic,0.0,0.0,0.0,0.0,0.0,0.0,0.0,0.0,0.0,0.0,0.0,0.0,0.0,0.0,0.0,0.0,0.0,0.0,0.0,0.0,0.0,0.0,0.0,0.0,0.0,0.0,0.0,0.0,0.0,0.0,0.0,0.0,0.0,0.0,0.0,0.0,0.0,0.0,0.0,0.0,0.0,0.0,0.0,0.0,0.0,0.0,0.0,0.0,0.0,0.0,0.0,0.0,0.0,0.0,0.0,0.01,0.05,0.09,0.12,0.13,0.0,0.0,0.24,0.0,0.0,0.0,0.0,0.55,0.96,1.48,2.08,2.77,3.43,0.0,3.65,4.38,4.99,5.53,0.0,0.0,0.0,6.16,0.0,0.0,0.0,0.0,0.0,0.0,0.0,7.3,0.0,0.0,0.0,0.0,0.0,0.0,7.82,0.0,0.0,0.0,0.0,0.0,0.0,0.0,0.0,0.0,0.0,0.0,0.0,0.0,0.0,8.31,0.0,0.0,0.0,0.0,0.0,0.0,0.0,0.0,0.0,0.0,9.07,9.4,9.75,10.1,10.44,10.72,10.82,10.89,11.43,12.05,12.69,13.3,13.83,14.01,14.09,15.26,16.67,18.12,19.38,20.55,20.86,20.99,0.0,23.24,24.27,25.09,25.77,25.98,26.07,26.78,27.42,27.98,28.44,28.81,28.93,28.95,29.43,30.25,31.26,32.23,33.66,34.55,35.14,36.26,37.36,38.46,38.56,38.6,38.72,38.88,39.01,39.13,39.27,39.66,40.37,41.0,41.46,42.23,42.83,43.33,43.73,44.07,44.21,44.29,44.58,44.9,45.19,0.0,0.0,45.82,45.92,46.21,46.54,46.85,47.16,47.46,47.63,47.72,47.9,48.12,48.34,48.53,48.72,48.81,48.84,49.02,49.21,49.41,49.59,49.76,49.83,49.84,49.97,50.14,50.29,50.44,50.56,50.61,50.62,50.75,50.87,51.0,51.13,51.24,51.28,51.3,51.41,51.54,51.61,51.65,51.74,51.78,51.79,51.79,51.89,52.01,52.13,52.22,52.25,52.27,52.38,52.51,52.63,52.73,52.83,52.87,52.88,52.98,53.09,53.2,53.3,53.4,53.43,53.44,53.54,53.65,53.76,53.86,53.94,53.97,53.98,54.08,54.18,54.28,54.39,54.51,54.55,54.56,54.69,54.8,54.91,55.0,55.03,55.05,55.07,55.16,55.25,55.33,55.41,55.48,55.52,55.53,55.59,55.67,55.75,55.83,55.91,55.97,56.0,56.19,56.4,56.63,56.92,57.24,57.43,57.55,58.18,58.88,59.48,59.95,60.3,60.42,60.46,60.73,60.95,61.12,61.26,61.37,61.41,61.42,61.53,61.63,61.72,61.8,61.87,61.88,61.89,61.97,62.05,62.11,62.17,62.23,62.25,62.26,62.32,62.37,62.43,0.0,62.47,62.48,62.49,62.54,62.57,62.61,62.64,62.67,62.68,62.69,62.73,62.77,62.81,62.82,62.9,62.91,62.91,62.94,62.98,63.01,0.0,63.08,63.09,63.09,63.1,63.13,63.15,63.17,63.2,63.21,63.21,63.23,0.0,63.28,63.29,63.29,0.0,0.0,63.3,63.32,63.33,63.34,63.34,63.35,63.35,63.37,63.41,63.43,63.45,63.47,63.48,63.48,63.49,63.52,63.55,63.57,63.6,63.61,63.61,63.64,63.66,0.0,63.71,63.72,63.72,63.73,63.73,63.77,63.8,63.82,63.85,63.86,63.87,63.9,0.0,63.96,63.98,64.0,64.01,64.01,64.03,64.05,64.07,64.09,64.11,64.11,64.11,64.21,64.31,64.42,64.53,64.6,64.61,64.61,64.68,64.77,64.85,64.91,64.95,64.95,64.95,65.0,0.0,0.0,65.14,0.0,0.0,0.0,65.18,65.21,65.24,65.3,0.0,65.32,65.33,65.36,0.0,65.38,65.41,65.44,65.47,65.47,65.48,65.49,65.53,0.0,65.55,65.57,0.0,65.58,65.59,65.62,0.0,0.0,0.0,65.65,65.65,65.67,0.0,65.68,65.69,65.7,65.71,65.72,0.0,65.74,65.74,0.0,0.0,0.0,65.74,65.75,65.76,0.0,65.77,65.77,65.77,65.78,65.78,65.79,65.79,65.8,65.8,65.8,65.8,65.8,65.81,65.81,65.82,65.82,65.82,65.82,65.83,65.83,65.84,65.84,65.84,65.85,65.85,65.85,65.86,65.87,65.87,65.88,65.88,65.89,65.89,65.9,0.0
Ecuador,0.0,0.0,0.0,0.0,0.0,0.0,0.0,0.0,0.0,0.0,0.0,0.0,0.0,0.0,0.0,0.0,0.0,0.0,0.0,0.0,0.0,0.0,0.0,0.0,0.0,0.0,0.0,0.0,0.02,0.02,0.02,0.0,0.03,0.03,0.04,0.04,0.04,0.0,0.04,0.05,0.05,0.07,0.07,0.07,0.07,0.0,0.07,0.0,0.07,0.07,0.07,0.07,0.0,0.07,0.0,0.07,0.19,0.22,0.22,0.23,0.24,0.24,0.24,0.34,0.39,0.39,0.39,0.39,0.39,0.39,0.56,0.67,0.69,0.69,0.72,0.73,0.73,0.9,1.14,1.23,1.24,1.3,1.34,1.37,1.39,1.41,1.44,1.45,1.68,1.81,1.87,1.93,1.99,2.02,2.02,2.12,2.17,2.24,2.37,2.4,2.44,2.45,2.64,2.82,3.04,3.1,3.13,3.14,3.14,3.15,3.37,3.54,3.7,3.86,4.09,4.1,4.31,4.55,4.85,5.11,5.39,5.49,5.54,5.74,6.03,6.29,6.67,6.99,7.27,7.49,7.75,7.93,8.17,8.43,8.66,8.74,8.77,8.93,9.07,9.18,9.31,9.54,9.64,9.73,9.88,9.99,10.11,10.36,10.61,10.82,11.29,11.29,11.32,11.35,11.37,11.44,11.53,11.61,11.75,11.89,12.06,12.34,12.66,12.82,12.93,13.16,13.4,13.61,13.82,14.05,14.2,14.32,14.54,14.82,15.16,15.49,15.85,16.09,16.16,16.46,16.77,17.09,17.41,17.71,17.92,18.0,18.26,18.53,18.83,19.13,19.46,19.82,20.03,20.66,21.44,22.35,23.43,24.73,26.04,27.03,28.44,30.24,32.31,34.58,36.72,38.34,39.68,41.37,43.01,44.47,45.76,47.01,48.0,48.72,49.5,50.64,51.91,53.35,54.85,55.98,56.63,57.16,57.68,58.12,58.49,58.79,59.05,59.28,59.29,59.3,59.32,59.33,59.34,59.35,59.35,59.36,59.39,59.44,59.48,59.52,59.56,59.59,59.65,59.75,59.85,59.96,60.07,60.15,60.22,60.34,60.47,0.0,0.0,0.0,0.0,0.0,0.0,0.0,60.5,60.59,60.68,60.7,60.71,60.89,61.13,61.42,0.0,0.0,0.0,0.0,61.49,61.76,61.77,61.93,62.07,62.09,62.1,62.31,62.86,63.19,63.45,63.83,63.86,63.86,64.03,64.23,64.44,64.64,64.66,64.66,64.67,64.84,65.04,65.25,65.45,65.64,65.68,65.7,65.82,65.97,66.9,67.52,68.07,68.13,68.15,68.61,69.12,69.63,70.15,70.58,70.6,70.61,70.61,70.62,70.63,70.92,71.28,71.3,71.31,71.61,71.93,72.26,72.56,72.83,72.98,73.06,73.34,73.67,73.98,74.25,74.55,74.7,74.8,75.34,75.63,75.92,76.21,76.45,76.54,76.59,76.77,76.96,77.12,77.31,77.44,77.48,77.5,77.6,77.7,77.79,77.91,78.04,78.11,78.15,78.25,78.36,78.53,78.64,78.73,78.76,78.79,78.86,78.94,79.01,79.08,79.09,79.1,79.11,79.2,79.32,79.43,79.51,79.52,79.52,79.53,79.62,79.73,79.86,79.99,80.1,80.14,80.18,80.34,80.51,80.69,80.84,80.98,81.02,81.06,81.2,81.31,81.39,81.48,81.55,81.57,81.58,81.65,81.71,81.76,81.81,81.85,81.86,81.87,81.91,81.96,81.99,82.03,82.06,82.08,82.09,82.12,82.16,82.2,82.23,82.25,82.26,82.27,82.29,82.32,82.34,82.36,82.39,82.4,82.4,82.43,82.48,82.52,82.56,82.58,82.59,82.59,82.59,82.59,82.61,82.63,82.66,82.66,82.67,82.69,82.71,82.73,82.77,82.79,82.79,82.79,82.81,82.83,82.84,82.86,82.88,82.88,82.88,82.89,82.9,82.91,82.92,82.93,82.94,82.94,82.95,82.96,82.98,82.99,0.0,0.0,0.0,84.17,84.19,84.21,84.22,84.24,84.25,84.25,84.26,84.28,84.3,84.32,84.32,84.32,84.32,84.34,84.36,84.38,84.4,84.42,84.42,84.42,84.45,84.48,84.5,84.53,84.56,84.56,84.56,84.56,84.58,84.61,84.62,84.64,84.64,84.64,84.65,84.66,84.67,84.68,0.0,0.0,0.0,0.0,0.0,0.0,0.0,0.0,0.0,0.0,0.0,0.0,0.0,0.0
El Salvador,0.0,0.0,0.0,0.0,0.0,0.0,0.0,0.0,0.0,0.0,0.0,0.0,0.0,0.0,0.0,0.0,0.0,0.0,0.0,0.0,0.0,0.0,0.0,0.0,0.0,0.0,0.0,0.0,0.0,0.0,0.0,0.0,0.0,0.0,0.0,0.0,0.0,0.0,0.0,0.0,0.0,0.0,0.0,0.0,0.0,0.0,0.0,0.0,0.0,0.0,0.0,0.0,0.0,0.0,0.0,0.0,0.0,0.0,0.0,0.0,0.09,0.0,0.0,0.25,0.0,0.0,0.0,0.0,0.0,0.0,0.0,0.0,0.0,0.0,0.0,0.0,0.0,0.0,0.0,0.0,0.38,0.0,0.0,0.55,0.64,0.0,0.0,0.75,0.0,0.0,0.0,0.0,0.0,0.0,1.07,0.0,0.0,1.53,1.85,2.05,0.0,0.0,0.0,0.0,2.45,0.0,2.76,0.0,3.07,0.0,4.73,5.46,6.15,6.83,7.42,0.0,0.0,0.0,0.0,9.7,10.35,0.0,0.0,11.02,11.47,11.9,12.38,12.88,0.0,0.0,0.0,13.66,14.07,14.44,14.71,0.0,0.0,0.0,14.88,0.0,15.28,15.53,15.72,0.0,15.9,16.13,16.36,16.57,16.63,16.84,0.0,16.89,17.02,17.11,17.17,0.0,0.0,0.0,17.5,17.69,17.94,0.0,0.0,0.0,0.0,19.11,0.0,19.95,0.0,20.64,0.0,0.0,0.0,21.24,21.6,0.0,21.88,0.0,0.0,22.17,22.63,23.14,0.0,24.32,0.0,0.0,0.0,0.0,0.0,26.14,26.51,0.0,0.0,0.0,27.23,0.0,29.01,29.94,0.0,0.0,30.86,31.67,32.5,0.0,34.36,0.0,0.0,35.29,36.12,37.0,37.87,38.78,0.0,0.0,39.78,40.7,41.59,42.4,43.29,0.0,0.0,44.44,45.0,45.5,46.55,0.0,0.0,0.0,46.98,47.46,48.07,48.64,49.3,0.0,0.0,49.74,50.22,50.72,51.0,51.27,0.0,0.0,51.58,51.91,52.32,0.0,53.37,0.0,0.0,53.72,54.31,0.0,55.14,56.06,0.0,0.0,56.72,57.25,0.0,58.15,58.58,0.0,0.0,59.02,59.23,0.0,59.45,0.0,0.0,59.95,0.0,60.34,60.79,61.47,0.0,0.0,61.92,62.22,0.0,62.71,63.01,0.0,0.0,63.24,63.45,63.62,63.83,64.03,0.0,0.0,64.26,64.42,64.57,64.71,64.86,0.0,0.0,65.03,65.15,0.0,0.0,0.0,0.0,0.0,0.0,65.78,0.0,0.0,66.19,0.0,0.0,0.0,0.0,0.0,66.52,66.61,0.0,0.0,0.0,66.83,66.92,67.01,67.11,0.0,0.0,67.2,0.0,67.36,0.0,0.0,0.0,0.0,67.48,67.55,67.62,67.75,0.0,0.0,0.0,67.81,0.0,67.94,0.0,0.0,0.0,0.0,68.1,68.14,68.19,68.24,0.0,0.0,0.0,68.33,68.38,0.0,0.0,68.5,0.0,0.0,0.0,68.56,68.61,68.68,0.0,0.0,0.0,0.0,0.0,0.0,0.0,68.78,0.0,0.0,0.0,0.0,68.83,0.0,0.0,0.0,0.0,0.0,0.0,0.0,0.0,0.0,0.0,0.0,0.0,0.0,0.0,0.0,69.33,0.0,0.0,0.0,69.4,69.44,0.0,69.52,0.0,0.0,69.55,0.0,0.0,0.0,0.0,0.0,0.0,0.0,0.0,0.0,0.0,69.8,0.0,0.0,69.83,0.0,69.87,0.0,0.0,0.0,0.0,0.0,0.0,0.0,0.0,0.0,0.0,0.0,70.04,70.09,0.0,0.0,0.0,0.0,0.0,0.0,0.0,0.0,0.0,0.0,0.0,0.0,0.0,70.19,0.0,0.0,70.23,70.23,0.0,0.0,0.0,0.0,70.27,70.3,0.0,0.0,0.0,0.0,0.0,0.0,0.0,70.36,0.0,0.0,70.38,0.0,0.0,0.0,0.0,0.0,0.0,0.0,0.0,0.0,0.0,0.0,0.0,0.0,70.45,0.0,0.0,0.0,0.0,0.0,0.0,0.0,70.5,0.0,0.0,0.0,0.0,0.0,0.0,0.0,0.0,0.0,0.0,0.0,0.0,0.0,0.0,0.0,0.0,0.0,0.0,0.0,0.0,0.0,0.0,0.0,70.61,0.0,0.0,0.0,0.0,0.0,0.0
Grenada,0.0,0.0,0.0,0.0,0.0,0.0,0.0,0.0,0.0,0.0,0.0,0.0,0.0,0.0,0.0,0.0,0.0,0.0,0.0,0.0,0.0,0.0,0.0,0.0,0.0,0.0,0.0,0.0,0.0,0.0,0.0,0.0,0.0,0.0,0.0,0.0,0.0,0.0,0.0,0.0,0.0,0.0,0.0,0.0,0.0,0.0,0.0,0.0,0.0,0.0,0.0,0.0,0.0,0.0,0.13,0.0,0.0,0.0,0.0,0.0,0.0,1.06,0.0,0.0,2.65,0.0,0.0,0.0,0.0,0.0,0.0,0.0,0.0,0.0,0.0,0.0,0.0,0.0,0.0,0.0,7.45,7.61,0.0,0.0,0.0,0.0,0.0,0.0,0.0,0.0,8.69,0.0,0.0,0.0,0.0,8.92,0.0,0.0,0.0,0.0,9.18,0.0,0.0,0.0,0.0,9.48,9.61,0.0,9.64,0.0,0.0,0.0,0.0,10.08,0.0,0.0,10.21,0.0,0.0,10.42,10.73,0.0,0.0,0.0,11.01,0.0,11.21,0.0,0.0,0.0,0.0,0.0,0.0,11.5,0.0,0.0,0.0,0.0,12.16,0.0,0.0,0.0,0.0,0.0,0.0,0.0,0.0,0.0,14.45,0.0,0.0,0.0,0.0,0.0,0.0,15.35,0.0,0.0,0.0,0.0,0.0,0.0,15.9,0.0,0.0,0.0,0.0,0.0,0.0,16.29,0.0,0.0,0.0,0.0,0.0,0.0,16.83,0.0,0.0,0.0,0.0,0.0,0.0,17.27,0.0,0.0,0.0,0.0,0.0,0.0,17.72,0.0,0.0,0.0,0.0,0.0,0.0,17.96,0.0,0.0,0.0,0.0,0.0,0.0,18.25,0.0,0.0,0.0,0.0,0.0,0.0,18.59,0.0,0.0,0.0,0.0,0.0,0.0,18.98,0.0,0.0,0.0,0.0,0.0,0.0,19.13,0.0,0.0,19.34,0.0,0.0,0.0,19.43,0.0,0.0,0.0,0.0,0.0,0.0,19.74,0.0,0.0,0.0,0.0,0.0,0.0,21.21,0.0,0.0,0.0,0.0,0.0,0.0,23.08,0.0,0.0,0.0,0.0,0.0,0.0,25.23,0.0,0.0,0.0,0.0,0.0,0.0,27.24,0.0,0.0,0.0,0.0,0.0,0.0,29.32,0.0,0.0,0.0,0.0,0.0,0.0,30.56,0.0,0.0,0.0,0.0,0.0,0.0,31.64,0.0,0.0,0.0,0.0,0.0,0.0,32.52,0.0,0.0,0.0,0.0,0.0,0.0,33.34,0.0,0.0,0.0,0.0,0.0,0.0,33.81,0.0,0.0,0.0,0.0,0.0,0.0,34.25,0.0,0.0,0.0,0.0,0.0,0.0,34.73,0.0,0.0,0.0,0.0,0.0,0.0,35.14,0.0,0.0,0.0,0.0,0.0,0.0,0.0,0.0,0.0,35.71,0.0,0.0,0.0,35.89,0.0,0.0,0.0,0.0,0.0,0.0,36.22,0.0,0.0,0.0,0.0,0.0,0.0,36.33,0.0,0.0,0.0,0.0,0.0,36.53,0.0,0.0,0.0,0.0,0.0,0.0,0.0,0.0,0.0,0.0,0.0,0.0,0.0,0.0,36.96,0.0,0.0,0.0,0.0,0.0,0.0,37.21,0.0,0.0,0.0,0.0,0.0,0.0,37.43,0.0,0.0,0.0,0.0,0.0,0.0,37.58,0.0,0.0,0.0,0.0,0.0,0.0,37.7,0.0,0.0,0.0,0.0,0.0,0.0,37.82,0.0,0.0,0.0,0.0,37.88,0.0,37.92,0.0,0.0,0.0,0.0,37.99,0.0,38.02,0.0,0.0,0.0,0.0,38.05,0.0,0.0,0.0,0.0,0.0,0.0,0.0,0.0,0.0,0.0,0.0,0.0,0.0,0.0,0.0,38.26,0.0,0.0,0.0,0.0,38.3,0.0,38.31,0.0,0.0,0.0,0.0,38.32,0.0,38.33,0.0,0.0,0.0,0.0,0.0,0.0,38.33,0.0,0.0,0.0,0.0,0.0,0.0,38.37,0.0,0.0,0.0,0.0,0.0,0.0,38.39,0.0,0.0,0.0,0.0,0.0,0.0,38.42,0.0,0.0,0.0,0.0,0.0,0.0,38.46,0.0,0.0,0.0,0.0,0.0,0.0,38.49,0.0,0.0,0.0,0.0,0.0,0.0,38.54,0.0,0.0,0.0,0.0,0.0,0.0
Guatemala,0.0,0.0,0.0,0.0,0.0,0.0,0.0,0.0,0.0,0.0,0.0,0.0,0.0,0.0,0.0,0.0,0.0,0.0,0.0,0.0,0.0,0.0,0.0,0.0,0.0,0.0,0.0,0.0,0.0,0.0,0.0,0.0,0.0,0.0,0.0,0.0,0.0,0.0,0.0,0.0,0.0,0.0,0.0,0.0,0.0,0.0,0.0,0.0,0.0,0.0,0.0,0.0,0.0,0.0,0.0,0.0,0.0,0.0,0.0,0.0,0.0,0.0,0.0,0.0,0.0,0.01,0.0,0.01,0.0,0.0,0.0,0.0,0.0,0.0,0.0,0.0,0.0,0.11,0.16,0.17,0.19,0.23,0.26,0.3,0.33,0.36,0.38,0.38,0.4,0.43,0.46,0.49,0.5,0.51,0.51,0.54,0.57,0.59,0.6,0.61,0.62,0.63,0.65,0.67,0.69,0.72,0.75,0.75,0.76,0.78,0.8,0.82,0.84,0.85,0.85,0.85,0.86,0.87,0.88,0.89,0.9,0.0,0.0,0.9,0.91,0.91,0.92,0.93,0.93,0.93,0.93,0.95,0.99,1.03,1.11,1.12,0.0,1.18,1.26,1.33,1.41,1.49,1.5,1.52,1.6,1.68,1.76,1.83,1.91,1.92,1.92,1.98,2.05,2.11,2.18,2.27,2.29,2.3,2.39,2.48,2.55,2.61,2.66,2.66,2.67,2.7,2.74,2.78,2.84,2.89,2.91,2.92,3.0,3.14,3.31,3.46,3.61,3.62,3.65,3.76,3.88,3.99,4.08,4.17,4.18,4.19,4.2,4.27,4.32,4.36,0.0,4.41,4.42,4.46,4.5,4.53,4.57,4.6,0.0,4.63,4.67,4.82,5.03,5.26,5.5,5.58,5.64,0.0,6.13,6.45,6.79,7.47,7.66,7.8,8.16,8.56,8.92,9.33,9.72,10.0,10.25,10.63,11.1,11.61,12.03,12.39,12.6,12.73,13.09,13.49,0.0,14.23,14.59,14.77,14.87,15.06,15.39,15.67,15.93,16.18,16.31,16.43,16.66,16.96,17.22,17.47,17.71,17.85,17.94,18.14,18.37,18.58,18.76,18.91,19.01,19.1,0.0,0.0,0.0,20.03,20.34,20.57,20.85,21.19,21.54,21.72,22.01,22.32,22.46,22.56,22.83,23.1,23.35,23.58,23.83,23.94,24.02,24.21,24.41,24.6,24.78,24.97,25.07,25.16,25.38,25.62,25.88,26.1,26.33,26.45,26.54,26.76,27.0,27.22,27.39,27.59,27.66,27.71,27.87,28.02,28.1,28.24,28.38,28.44,28.47,28.6,28.73,28.86,28.98,29.13,29.18,29.21,29.23,29.33,29.45,29.56,29.68,29.72,29.74,29.87,29.99,30.12,30.25,30.39,30.46,30.51,30.64,30.75,30.89,31.0,31.14,31.27,31.39,31.57,31.77,31.99,32.2,32.32,32.4,32.46,32.65,32.84,33.01,33.17,33.32,33.37,33.41,33.57,33.73,33.87,34.02,34.16,34.2,34.24,34.36,34.48,34.62,34.77,34.91,34.96,35.0,35.15,35.3,35.43,35.47,35.48,35.48,35.5,35.59,35.7,35.77,35.8,35.81,35.81,35.82,35.89,35.97,36.04,36.13,36.22,36.26,36.32,36.41,36.49,36.59,36.67,36.76,36.8,36.85,36.95,37.07,37.18,37.28,37.38,37.41,37.44,37.52,37.59,37.67,37.73,37.79,37.82,37.86,37.95,38.05,38.13,38.2,38.27,38.29,38.31,38.38,38.46,38.6,38.67,38.73,38.75,38.77,38.82,38.88,0.0,0.0,38.95,0.0,0.0,0.0,0.0,39.2,0.0,39.37,0.0,0.0,0.0,0.0,39.64,0.0,39.86,0.0,0.0,0.0,0.0,40.01,0.0,40.18,0.0,0.0,0.0,0.0,40.36,0.0,40.61,0.0,0.0,0.0,0.0,41.13,0.0,41.78,0.0,0.0,0.0,0.0,42.58,0.0,43.0,0.0,0.0,0.0,0.0,0.0,0.0,43.76,0.0,0.0,0.0,0.0,0.0,0.0,44.1,0.0,0.0,0.0,0.0,0.0,0.0,44.16,0.0,0.0,0.0,0.0,0.0,0.0,44.5,0.0,0.0,0.0,0.0,0.0,0.0,44.65,0.0,0.0,0.0,0.0,0.0,0.0,44.79,0.0,0.0,0.0,0.0,0.0,0.0,44.93,0.0,0.0,0.0,0.0,0.0,0.0
Guyana,0.0,0.0,0.0,0.0,0.0,0.0,0.0,0.0,0.0,0.0,0.0,0.0,0.0,0.0,0.0,0.0,0.0,0.0,0.0,0.0,0.0,0.0,0.0,0.0,0.0,0.0,0.0,0.0,0.0,0.0,0.0,0.0,0.0,0.0,0.0,0.0,0.0,0.0,0.0,0.0,0.0,0.0,0.0,0.0,0.0,0.0,0.0,0.0,0.0,0.0,0.0,0.0,0.0,0.08,0.0,0.0,0.0,0.0,0.0,0.0,0.23,0.0,0.0,0.0,0.0,0.0,0.0,0.0,0.0,0.0,0.0,0.0,0.0,0.0,0.0,0.0,0.0,0.0,0.0,0.0,0.0,0.0,0.0,0.0,0.0,1.96,0.0,0.0,0.0,0.0,0.0,0.0,0.0,0.0,0.0,0.0,0.0,4.14,0.0,0.0,5.12,0.0,0.0,0.0,0.0,0.0,0.0,0.0,7.61,0.0,0.0,0.0,9.24,0.0,0.0,0.0,0.0,0.0,0.0,0.0,14.15,0.0,0.0,15.69,0.0,0.0,0.0,0.0,0.0,0.0,0.0,0.0,0.0,19.07,0.0,0.0,0.0,0.0,0.0,0.0,0.0,0.0,0.0,0.0,0.0,0.0,0.0,0.0,0.0,0.0,0.0,0.0,23.69,0.0,0.0,0.0,0.0,0.0,0.0,0.0,25.79,0.0,0.0,26.55,0.0,0.0,0.0,27.11,0.0,27.44,0.0,0.0,0.0,0.0,28.3,0.0,0.0,0.0,0.0,28.81,0.0,0.0,0.0,29.16,0.0,0.0,0.0,29.43,29.5,29.58,29.64,0.0,0.0,0.0,29.84,0.0,30.0,0.0,0.0,0.0,0.0,0.0,30.42,0.0,0.0,0.0,0.0,30.75,0.0,0.0,30.92,31.01,0.0,0.0,31.22,0.0,31.5,31.72,31.72,0.0,0.0,0.0,32.01,32.25,0.0,0.0,0.0,0.0,0.0,34.3,0.0,35.36,35.76,0.0,0.0,36.42,0.0,0.0,0.0,0.0,0.0,0.0,38.13,0.0,38.59,38.83,39.07,0.0,0.0,39.42,39.66,0.0,0.0,40.31,0.0,0.0,0.0,40.82,41.13,41.74,0.0,0.0,0.0,0.0,42.64,0.0,43.22,0.0,0.0,0.0,43.85,0.0,0.0,44.54,0.0,0.0,0.0,44.88,0.0,45.2,0.0,0.0,0.0,0.0,0.0,45.92,46.08,46.22,46.33,0.0,0.0,0.0,46.67,46.8,0.0,0.0,0.0,0.0,0.0,0.0,47.39,47.53,0.0,0.0,0.0,47.78,0.0,0.0,48.11,0.0,0.0,0.0,48.36,48.46,48.58,0.0,48.71,0.0,0.0,0.0,49.03,49.15,49.26,49.36,0.0,0.0,49.54,49.66,49.77,49.86,49.95,0.0,0.0,0.0,0.0,50.21,0.0,50.48,0.0,0.0,50.59,50.68,50.79,50.88,0.0,0.0,0.0,51.06,51.13,0.0,0.0,0.0,0.0,0.0,0.0,51.38,0.0,0.0,0.0,51.66,0.0,0.0,0.0,0.0,0.0,0.0,0.0,0.0,0.0,0.0,51.94,0.0,0.0,52.01,0.0,0.0,0.0,0.0,0.0,0.0,0.0,0.0,0.0,0.0,0.0,0.0,52.76,0.0,0.0,0.0,0.0,0.0,0.0,53.08,0.0,0.0,0.0,0.0,0.0,0.0,53.49,0.0,0.0,53.58,0.0,53.74,0.0,0.0,0.0,0.0,0.0,0.0,54.07,0.0,54.11,0.0,0.0,0.0,0.0,54.28,0.0,0.0,54.41,0.0,0.0,0.0,54.52,0.0,54.57,54.61,0.0,0.0,54.71,0.0,0.0,54.85,0.0,0.0,54.98,0.0,0.0,55.02,59.31,0.0,0.0,0.0,0.0,59.54,0.0,59.6,0.0,0.0,0.0,0.0,59.69,0.0,59.7,0.0,0.0,0.0,0.0,59.74,0.0,59.78,0.0,0.0,0.0,0.0,0.0,0.0,59.85,0.0,0.0,0.0,0.0,0.0,0.0,59.9,0.0,0.0,0.0,0.0,0.0,0.0,59.97,0.0,0.0,0.0,0.0,0.0,0.0,60.02,0.0,0.0,0.0,0.0,0.0,0.0,60.12,0.0,0.0,0.0,0.0,0.0,0.0,60.17,0.0,0.0,0.0,0.0,0.0,0.0,60.23,0.0,0.0,0.0,0.0,0.0,0.0
Haiti,0.0,0.0,0.0,0.0,0.0,0.0,0.0,0.0,0.0,0.0,0.0,0.0,0.0,0.0,0.0,0.0,0.0,0.0,0.0,0.0,0.0,0.0,0.0,0.0,0.0,0.0,0.0,0.0,0.0,0.0,0.0,0.0,0.0,0.0,0.0,0.0,0.0,0.0,0.0,0.0,0.0,0.0,0.0,0.0,0.0,0.0,0.0,0.0,0.0,0.0,0.0,0.0,0.0,0.0,0.0,0.0,0.0,0.0,0.0,0.0,0.0,0.0,0.0,0.0,0.0,0.0,0.0,0.0,0.0,0.0,0.0,0.0,0.0,0.0,0.0,0.0,0.0,0.0,0.0,0.0,0.0,0.0,0.0,0.0,0.0,0.0,0.0,0.0,0.0,0.0,0.0,0.0,0.0,0.0,0.0,0.0,0.0,0.0,0.0,0.0,0.0,0.0,0.0,0.0,0.0,0.0,0.0,0.0,0.0,0.0,0.0,0.0,0.0,0.0,0.0,0.0,0.0,0.0,0.0,0.0,0.0,0.0,0.0,0.0,0.0,0.0,0.0,0.0,0.0,0.0,0.0,0.0,0.0,0.0,0.0,0.0,0.0,0.0,0.0,0.0,0.0,0.0,0.0,0.0,0.0,0.0,0.0,0.0,0.0,0.0,0.0,0.0,0.0,0.0,0.0,0.0,0.0,0.0,0.0,0.0,0.0,0.0,0.0,0.0,0.0,0.0,0.0,0.0,0.0,0.0,0.0,0.0,0.0,0.0,0.0,0.0,0.0,0.0,0.0,0.0,0.0,0.0,0.0,0.0,0.0,0.0,0.0,0.0,0.0,0.0,0.0,0.0,0.0,0.0,0.0,0.0,0.0,0.0,0.0,0.0,0.0,0.0,0.0,0.0,0.0,0.0,0.0,0.0,0.0,0.02,0.02,0.0,0.0,0.0,0.03,0.04,0.04,0.05,0.06,0.0,0.0,0.07,0.08,0.1,0.11,0.12,0.0,0.0,0.13,0.15,0.17,0.0,0.18,0.0,0.0,0.18,0.0,0.2,0.0,0.0,0.21,0.0,0.22,0.0,0.23,0.23,0.24,0.0,0.0,0.0,0.25,0.0,0.0,0.28,0.0,0.0,0.0,0.3,0.0,0.32,0.32,0.0,0.0,0.0,0.0,0.0,0.0,0.37,0.0,0.0,0.0,0.37,0.0,0.0,0.0,0.0,0.41,0.0,0.0,0.0,0.0,0.43,0.46,0.0,0.0,0.0,0.0,0.55,0.0,0.0,0.6,0.0,0.0,0.0,0.0,0.64,0.0,0.0,0.69,0.0,0.0,0.0,0.0,0.0,0.0,0.0,0.0,0.0,0.0,0.76,0.0,0.83,0.0,0.0,0.0,0.0,0.84,0.0,0.0,0.0,0.0,0.0,0.85,0.91,0.0,0.0,0.93,0.0,0.0,0.0,1.02,0.0,0.0,0.0,0.0,0.0,0.0,0.0,0.0,0.0,0.0,0.0,0.0,0.0,0.0,0.0,0.0,0.0,0.0,0.0,0.0,0.0,0.0,0.0,0.0,0.0,0.0,1.04,1.06,0.0,0.0,0.0,0.0,0.0,0.0,0.0,0.0,0.0,0.0,0.0,1.07,0.0,0.0,1.08,0.0,0.0,0.0,0.0,0.0,0.0,0.0,0.0,0.0,0.0,0.0,0.0,0.0,0.0,0.0,0.0,0.0,0.0,0.0,1.12,0.0,0.0,0.0,0.0,0.0,0.0,0.0,0.0,1.25,0.0,0.0,0.0,0.0,0.0,0.0,0.0,0.0,0.0,0.0,0.0,0.0,0.0,0.0,0.0,0.0,1.3,0.0,0.0,0.0,0.0,0.0,0.0,0.0,0.0,1.32,0.0,0.0,0.0,0.0,0.0,0.0,1.35,0.0,0.0,0.0,0.0,1.37,0.0,0.0,0.0,0.0,0.0,0.0,1.38,0.0,0.0,0.0,0.0,0.0,0.0,1.42,0.0,0.0,0.0,0.0,0.0,0.0,1.44,0.0,1.45,0.0,0.0,0.0,0.0,0.0,0.0,1.45,0.0,0.0,0.0,0.0,0.0,0.0,1.51,0.0,0.0,0.0,0.0,0.0,0.0,1.52,0.0,0.0,0.0,0.0,0.0,0.0,1.56,0.0,0.0,0.0,0.0,0.0,0.0,1.57,0.0,0.0,0.0,0.0,0.0,0.0,1.59,0.0,0.0,0.0,0.0,0.0,0.0,1.6,0.0,0.0,0.0,0.0,0.0,0.0
Honduras,0.0,0.0,0.0,0.0,0.0,0.0,0.0,0.0,0.0,0.0,0.0,0.0,0.0,0.0,0.0,0.0,0.0,0.0,0.0,0.0,0.0,0.0,0.0,0.0,0.0,0.0,0.0,0.0,0.0,0.0,0.0,0.0,0.0,0.0,0.0,0.0,0.0,0.0,0.0,0.0,0.0,0.0,0.0,0.0,0.0,0.0,0.0,0.0,0.0,0.0,0.0,0.0,0.0,0.0,0.0,0.0,0.0,0.0,0.0,0.0,0.0,0.0,0.0,0.0,0.0,0.0,0.03,0.0,0.0,0.0,0.0,0.0,0.0,0.0,0.0,0.0,0.0,0.0,0.0,0.0,0.0,0.0,0.07,0.28,0.0,0.37,0.0,0.43,0.0,0.0,0.0,0.0,0.0,0.0,0.0,0.0,0.0,0.0,0.0,0.0,0.52,0.0,0.0,0.0,0.0,0.0,0.55,0.0,0.0,0.0,0.0,0.0,0.0,0.0,0.0,0.0,0.0,0.0,0.0,0.0,0.0,0.0,0.0,0.0,0.0,0.0,0.0,0.0,0.0,0.0,0.0,0.0,0.0,0.0,0.0,0.0,0.0,0.0,0.0,0.0,0.0,0.0,1.08,0.0,0.0,0.0,0.0,0.0,1.36,0.0,0.0,0.0,0.0,0.0,0.0,2.08,0.0,0.0,0.0,0.0,3.19,0.0,0.0,0.0,3.67,0.0,0.0,0.0,3.88,4.0,0.0,4.19,0.0,0.0,4.28,4.37,4.81,0.0,0.0,0.0,5.31,0.0,6.22,0.0,0.0,0.0,0.0,0.0,0.0,0.0,7.57,8.4,0.0,0.0,0.0,9.07,0.0,10.14,0.0,0.0,10.86,0.0,0.0,0.0,11.31,0.0,0.0,13.47,0.0,0.0,0.0,13.97,0.0,0.0,15.03,0.0,0.0,0.0,0.0,0.0,0.0,0.0,18.02,0.0,0.0,0.0,0.0,0.0,0.0,0.0,0.0,0.0,0.0,0.0,0.0,0.0,0.0,0.0,0.0,0.0,0.0,0.0,0.0,0.0,26.78,0.0,0.0,0.0,27.52,0.0,0.0,0.0,0.0,0.0,0.0,0.0,28.79,0.0,0.0,29.29,0.0,0.0,0.0,0.0,0.0,0.0,0.0,0.0,0.0,0.0,0.0,0.0,0.0,0.0,31.87,0.0,0.0,0.0,0.0,0.0,0.0,33.1,0.0,0.0,0.0,0.0,0.0,0.0,33.16,0.0,0.0,0.0,0.0,0.0,0.0,34.99,0.0,0.0,0.0,0.0,0.0,0.0,38.17,0.0,0.0,0.0,0.0,0.0,0.0,0.0,0.0,0.0,0.0,0.0,0.0,0.0,38.23,0.0,0.0,0.0,0.0,0.0,0.0,39.33,0.0,0.0,0.0,0.0,0.0,0.0,39.63,0.0,0.0,0.0,0.0,0.0,0.0,0.0,0.0,0.0,43.68,0.0,0.0,0.0,0.0,0.0,0.0,0.0,0.0,0.0,0.0,0.0,0.0,0.0,0.0,0.0,0.0,0.0,0.0,0.0,0.0,0.0,0.0,0.0,0.0,0.0,0.0,0.0,0.0,0.0,48.85,0.0,0.0,0.0,0.0,0.0,0.0,0.0,0.0,49.85,0.0,0.0,0.0,0.0,0.0,0.0,50.03,0.0,0.0,0.0,0.0,0.0,0.0,50.04,0.0,0.0,0.0,0.0,0.0,0.0,0.0,0.0,0.0,0.0,0.0,0.0,0.0,51.15,0.0,0.0,0.0,0.0,0.0,0.0,51.58,0.0,0.0,0.0,0.0,0.0,0.0,0.0,0.0,0.0,0.0,0.0,0.0,0.0,0.0,0.0,0.0,0.0,0.0,0.0,0.0,0.0,0.0,0.0,0.0,0.0,0.0,0.0,0.0,0.0,0.0,0.0,0.0,0.0,0.0,0.0,0.0,0.0,0.0,0.0,0.0,0.0,0.0,0.0,0.0,0.0,0.0,0.0,0.0,0.0,0.0,0.0,0.0,0.0,0.0,0.0,0.0,0.0,0.0,0.0,0.0,0.0,0.0,52.04,0.0,0.0,0.0,0.0,0.0,0.0,52.4,0.0,0.0,0.0,0.0,0.0,0.0,52.59,0.0,0.0,0.0,0.0,0.0,0.0,59.23,0.0,0.0,0.0,0.0,0.0,0.0,59.33,0.0,0.0,0.0,0.0,0.0,0.0,59.94,0.0,0.0,0.0,0.0,0.0,0.0
Jamaica,0.0,0.0,0.0,0.0,0.0,0.0,0.0,0.0,0.0,0.0,0.0,0.0,0.0,0.0,0.0,0.0,0.0,0.0,0.0,0.0,0.0,0.0,0.0,0.0,0.0,0.0,0.0,0.0,0.0,0.0,0.0,0.0,0.0,0.0,0.0,0.0,0.0,0.0,0.0,0.0,0.0,0.0,0.0,0.0,0.0,0.0,0.0,0.0,0.0,0.0,0.0,0.0,0.0,0.0,0.0,0.0,0.0,0.0,0.0,0.0,0.0,0.0,0.0,0.0,0.0,0.0,0.0,0.0,0.0,0.0,0.0,0.0,0.0,0.0,0.0,0.0,0.0,0.0,0.0,0.0,0.41,0.0,0.54,0.0,0.0,0.0,0.0,0.0,0.0,0.0,0.0,1.11,0.0,0.0,0.0,0.0,0.0,0.0,1.41,0.0,0.0,0.0,0.0,1.48,1.61,0.0,0.0,0.0,0.0,0.0,4.56,0.0,0.0,0.0,0.0,0.0,0.0,0.0,0.0,0.0,0.0,0.0,0.0,0.0,0.0,0.0,0.0,0.0,0.0,0.0,0.0,0.0,0.0,0.0,0.0,0.0,0.0,0.0,0.0,0.0,0.0,4.92,0.0,0.0,0.0,0.0,0.0,0.0,5.05,0.0,0.0,0.0,0.0,0.0,0.0,5.24,0.0,0.0,0.0,0.0,0.0,0.0,5.24,0.0,0.0,0.0,0.0,0.0,0.0,5.49,0.0,0.0,0.0,0.0,0.0,0.0,0.0,0.0,0.0,0.0,0.0,0.0,0.0,5.82,0.0,0.0,0.0,0.0,0.0,0.0,0.0,0.0,0.0,0.0,0.0,0.0,0.0,5.95,0.0,0.0,0.0,5.95,0.0,0.0,5.98,0.0,0.0,0.0,0.0,0.0,0.0,6.01,0.0,0.0,0.0,0.0,0.0,0.0,0.0,0.0,0.0,0.0,0.0,0.0,0.0,8.02,0.0,0.0,0.0,0.0,0.0,0.0,8.64,0.0,0.0,0.0,0.0,0.0,0.0,9.54,0.0,0.0,0.0,11.08,12.04,0.0,12.19,12.37,12.54,0.0,13.54,13.77,0.0,14.13,0.0,0.0,14.65,0.0,15.43,15.63,15.89,0.0,0.0,16.34,0.0,16.77,17.04,0.0,0.0,0.0,0.0,17.33,0.0,0.0,17.45,0.0,0.0,17.68,17.79,0.0,0.0,0.0,18.08,0.0,0.0,0.0,18.22,18.29,18.37,0.0,18.56,0.0,18.61,18.68,18.76,18.87,0.0,0.0,0.0,19.22,0.0,19.28,19.35,19.41,19.46,19.52,19.56,19.62,19.69,19.75,19.83,19.9,19.98,20.03,20.19,0.0,20.27,20.35,20.43,20.51,20.57,20.69,20.78,20.89,21.0,0.0,21.23,21.3,21.4,21.5,21.58,21.67,21.83,0.0,21.89,21.99,22.08,22.15,22.25,0.0,22.39,22.44,22.57,22.66,22.76,22.88,22.97,23.02,23.07,23.15,23.23,23.36,0.0,23.4,23.49,0.0,23.55,23.59,23.66,23.69,23.72,23.78,0.0,23.83,23.83,23.86,23.86,23.87,0.0,23.87,0.0,23.96,0.0,23.96,0.0,0.0,24.03,24.07,0.0,24.22,24.29,0.0,24.31,24.35,24.45,0.0,24.51,24.55,24.57,24.59,24.65,24.68,24.73,24.81,0.0,24.83,0.0,24.92,0.0,24.96,25.0,0.0,25.05,25.06,25.1,25.12,25.17,25.2,25.23,25.25,0.0,25.28,25.32,25.35,25.39,25.43,25.44,25.45,25.48,25.51,25.55,25.58,0.0,25.62,25.62,25.66,25.69,25.72,25.75,25.78,25.79,25.8,0.0,25.85,25.85,25.88,25.91,25.92,25.92,25.94,25.96,26.01,0.0,26.03,26.04,26.05,26.06,26.09,26.1,26.12,0.0,0.0,26.15,26.16,26.18,26.19,26.21,26.23,0.0,26.23,26.24,26.26,26.27,0.0,0.0,26.29,26.31,26.32,26.34,26.35,0.0,0.0,26.37,26.39,26.4,26.41,26.43,0.0,0.0,26.44,26.44,26.45,26.46,26.48,26.49,0.0,0.0,26.51,26.52,26.54,26.55,26.56,0.0,0.0,26.59,26.6,0.0,26.64,0.0,0.0,26.66,26.67,0.0,26.71,0.0,26.74,0.0,0.0,26.77,26.78,26.79,26.81,26.83,0.0,26.85,0.0,26.85,26.86,0.0
Mexico,0.0,0.0,0.0,0.01,0.01,0.01,0.02,0.0,0.0,0.0,0.0,0.03,0.04,0.04,0.04,0.05,0.06,0.06,0.07,0.07,0.15,0.25,0.32,0.35,0.36,0.37,0.38,0.38,0.41,0.46,0.46,0.46,0.47,0.48,0.48,0.48,0.48,0.48,0.48,0.48,0.49,0.49,0.49,0.49,0.49,0.49,0.49,0.0,0.49,0.49,0.49,0.49,0.0,0.51,0.64,0.74,0.0,0.89,0.93,0.95,0.98,1.03,1.09,1.2,1.31,1.4,1.45,1.5,1.55,1.57,0.0,1.63,1.66,0.0,1.72,1.92,2.21,0.0,2.61,2.77,2.86,2.91,0.0,3.16,3.3,0.0,3.66,3.76,3.87,0.0,4.11,4.19,4.36,4.53,0.0,4.73,0.0,5.3,0.0,5.82,6.07,6.08,6.23,6.43,6.62,7.09,7.24,7.33,7.43,7.58,7.92,8.12,8.32,8.5,8.6,8.64,8.67,8.79,8.92,9.06,9.18,9.24,9.25,9.29,0.0,9.39,9.48,9.58,9.65,9.69,9.78,9.97,10.23,10.53,10.76,10.86,10.88,0.0,11.03,11.26,11.51,0.0,0.0,11.86,11.93,0.0,12.42,12.91,13.35,13.71,13.95,14.08,14.29,14.84,0.0,15.91,16.32,16.61,16.73,16.92,17.38,17.81,18.22,18.5,0.0,18.6,18.86,19.43,19.55,19.85,20.02,20.15,20.28,20.47,20.64,20.92,21.14,21.31,21.42,21.65,21.95,22.34,22.66,22.91,23.04,23.09,23.33,23.72,24.19,24.54,24.87,0.0,25.01,25.34,25.86,26.22,26.58,26.92,27.09,27.16,27.43,27.81,28.24,28.64,28.99,29.19,29.34,0.0,29.56,29.97,30.5,31.19,31.89,32.38,32.57,33.08,33.92,34.6,35.28,35.98,36.44,36.61,36.92,37.32,37.85,38.38,0.0,38.82,39.03,39.2,39.46,39.85,40.4,40.92,41.33,41.69,41.86,42.46,42.72,42.94,43.12,43.2,43.3,43.43,43.56,43.7,43.88,44.02,44.1,44.18,44.37,44.53,44.71,0.0,45.1,45.22,45.34,45.55,0.0,45.77,46.2,46.42,46.64,46.77,46.96,47.14,47.27,47.3,47.51,47.66,47.79,47.95,48.13,48.3,48.46,48.61,48.67,48.73,48.79,48.92,49.07,0.0,49.17,0.0,49.38,0.0,50.43,50.57,50.7,50.84,50.92,51.19,51.36,0.0,51.7,0.0,0.0,52.17,53.05,53.2,53.34,53.44,53.53,53.65,53.72,53.78,54.5,0.0,0.0,54.79,57.24,57.28,57.3,0.0,57.3,57.34,0.0,0.0,57.53,57.54,0.0,57.71,57.78,0.0,0.0,57.91,57.93,57.93,57.96,58.02,0.0,58.18,58.24,58.26,0.0,58.38,58.47,0.0,58.71,58.81,58.87,58.99,59.12,59.39,0.0,0.0,60.09,0.0,0.0,60.51,60.8,0.0,61.56,61.71,61.8,0.0,62.77,62.79,0.0,0.0,62.8,62.88,0.0,0.0,0.0,62.88,0.0,0.0,0.0,62.89,0.0,62.89,0.0,62.89,62.89,62.89,63.02,63.04,63.07,0.0,63.22,63.26,63.28,63.32,0.0,63.43,63.51,63.58,63.64,0.0,63.68,63.72,63.76,63.84,0.0,63.97,63.97,63.99,64.01,64.11,0.0,0.0,64.19,64.19,64.22,64.24,64.28,64.34,0.0,64.4,64.41,64.42,64.44,64.46,64.5,64.53,64.56,64.57,65.07,65.09,65.19,65.22,0.0,65.28,65.29,0.0,65.32,65.34,0.0,0.0,65.39,65.4,65.44,65.45,65.48,65.5,0.0,65.51,0.0,65.52,65.53,65.54,0.0,65.57,0.0,65.59,65.6,65.61,65.62,65.64,0.0,65.66,65.66,65.66,65.67,0.0,65.68,65.69,65.69,65.7,65.7,0.0,0.0,0.0,0.0,0.0,0.0,0.0,0.0,0.0,0.0,0.0,0.0,0.0,0.0,65.78,0.0,0.0,0.0,65.8,0.0,0.0,65.81,65.83,65.84,0.0,65.86,65.87,0.0,0.0,0.0,0.0,0.0,0.0,0.0,0.0,0.0,0.0,65.95,0.0,0.0,0.0,0.0,0.0,0.0,65.96,0.0,0.0,66.68,0.0,0.0,0.0,66.68,0.0,0.0,0.0,0.0,0.0,0.0
Nicaragua,0.0,0.0,0.0,0.0,0.0,0.0,0.0,0.0,0.0,0.0,0.0,0.0,0.0,0.0,0.0,0.0,0.0,0.0,0.0,0.0,0.0,0.0,0.0,0.0,0.0,0.0,0.0,0.0,0.0,0.0,0.0,0.0,0.0,0.0,0.0,0.0,0.0,0.0,0.0,0.0,0.0,0.0,0.0,0.0,0.0,0.0,0.0,0.0,0.0,0.0,0.0,0.0,0.0,0.0,0.0,0.0,0.0,0.0,0.0,0.0,0.0,0.0,0.0,0.0,0.0,0.0,0.0,0.0,0.0,0.0,0.0,0.0,0.0,0.0,0.0,0.0,0.0,0.0,0.0,0.0,0.0,0.0,0.0,0.0,0.0,0.0,0.0,0.0,0.0,0.0,0.0,0.0,0.0,0.0,0.0,0.0,0.0,0.0,0.0,0.0,0.0,0.0,0.0,0.0,0.0,0.0,0.0,0.0,0.0,0.0,0.0,0.92,0.0,0.0,0.0,0.0,0.0,0.0,0.0,0.0,0.0,2.02,0.0,0.0,0.0,0.0,0.0,0.0,0.0,0.0,0.0,0.0,0.0,0.0,2.48,0.0,0.0,0.0,0.0,0.0,0.0,0.0,0.0,0.0,0.0,0.0,0.0,0.0,2.5,0.0,0.0,0.0,0.0,0.0,0.0,0.0,0.0,0.0,0.0,0.0,0.0,0.0,0.0,0.0,0.0,0.0,0.0,0.0,0.0,0.0,0.0,0.0,0.0,0.0,0.0,0.0,0.0,0.0,0.0,0.0,0.0,0.0,0.0,0.0,0.0,0.0,0.0,0.0,0.0,0.0,0.0,0.0,0.0,0.0,0.0,0.0,0.0,0.0,0.0,0.0,0.0,0.0,0.0,0.0,3.77,0.0,0.0,0.0,0.0,0.0,0.0,0.0,0.0,0.0,0.0,0.0,0.0,0.0,0.0,0.0,0.0,0.0,0.0,0.0,0.0,0.0,0.0,0.0,0.0,0.0,0.0,0.0,0.0,0.0,0.0,0.0,5.71,0.0,0.0,6.15,0.0,0.0,0.0,0.0,0.0,0.0,6.61,0.0,0.0,0.0,0.0,0.0,0.0,6.92,0.0,0.0,0.0,0.0,0.0,0.0,7.11,0.0,0.0,0.0,0.0,0.0,0.0,7.32,0.0,0.0,0.0,0.0,0.0,0.0,0.0,7.49,0.0,0.0,0.0,0.0,0.0,8.3,0.0,0.0,0.0,0.0,0.0,0.0,10.02,0.0,0.0,0.0,0.0,0.0,0.0,0.0,0.0,0.0,0.0,0.0,0.0,0.0,14.09,0.0,0.0,0.0,0.0,0.0,0.0,0.0,0.0,0.0,0.0,0.0,0.0,0.0,18.64,0.0,0.0,0.0,0.0,0.0,0.0,0.0,0.0,0.0,0.0,0.0,0.0,0.0,57.33,0.0,0.0,0.0,0.0,0.0,0.0,0.0,0.0,0.0,0.0,0.0,60.48,0.0,0.0,0.0,0.0,0.0,0.0,64.73,0.0,65.68,0.0,0.0,0.0,0.0,69.06,0.0,0.0,0.0,0.0,0.0,0.0,0.0,0.0,0.0,0.0,0.0,0.0,0.0,72.8,0.0,0.0,0.0,0.0,0.0,0.0,0.0,0.0,73.73,0.0,0.0,0.0,0.0,74.54,0.0,0.0,0.0,0.0,0.0,0.0,75.98,0.0,0.0,0.0,0.0,0.0,0.0,77.59,0.0,0.0,0.0,0.0,0.0,0.0,78.77,0.0,0.0,0.0,0.0,0.0,0.0,0.0,0.0,79.6,0.0,0.0,0.0,0.0,80.14,0.0,80.14,0.0,0.0,0.0,0.0,80.91,0.0,80.91,0.0,0.0,0.0,0.0,81.46,0.0,0.0,0.0,0.0,0.0,0.0,82.04,0.0,82.04,0.0,0.0,0.0,0.0,0.0,0.0,0.0,0.0,0.0,0.0,0.0,0.0,0.0,0.0,0.0,0.0,0.0,0.0,0.0,0.0,83.62,0.0,0.0,0.0,0.0,0.0,0.0,0.0,0.0,0.0,0.0,0.0,0.0,0.0,0.0,0.0,0.0,0.0,0.0,0.0,0.0,0.0,0.0,0.0,0.0,0.0,0.0,0.0,85.14,0.0,0.0,0.0,0.0,0.0,0.0,85.26,0.0,0.0,0.0,0.0,0.0,0.0,85.49,0.0,0.0,0.0,0.0,0.0,0.0,85.57,0.0,0.0,0.0,0.0,0.0,0.0
Panama,0.0,0.0,0.0,0.0,0.0,0.0,0.0,0.0,0.0,0.0,0.0,0.0,0.0,0.0,0.0,0.0,0.0,0.0,0.0,0.0,0.0,0.0,0.0,0.0,0.0,0.0,0.0,0.01,0.06,0.12,0.13,0.15,0.15,0.17,0.2,0.2,0.2,0.0,0.0,0.24,0.27,0.28,0.28,0.28,0.0,0.0,0.0,0.29,0.0,0.0,0.0,0.0,0.0,0.0,0.0,0.0,0.65,0.87,0.98,1.03,1.32,1.39,1.71,1.91,2.3,2.48,2.59,2.65,2.89,2.98,3.3,3.68,4.36,4.62,4.7,4.76,5.0,5.19,0.0,0.0,0.0,0.0,0.0,0.0,5.38,0.0,0.0,0.0,0.0,0.0,0.0,5.44,5.57,0.0,0.0,0.0,0.0,0.0,0.0,0.0,0.0,5.64,0.0,0.0,0.0,0.0,0.0,0.0,6.23,0.0,0.0,0.0,0.0,0.0,0.0,7.69,0.0,0.0,0.0,0.0,0.0,0.0,8.4,0.0,0.0,0.0,0.0,0.0,0.0,9.83,0.0,0.0,0.0,0.0,0.0,0.0,10.67,0.0,0.0,0.0,0.0,0.0,0.0,10.98,0.0,0.0,0.0,0.0,0.0,0.0,12.45,0.0,0.0,0.0,0.0,0.0,0.0,13.95,0.0,0.0,0.0,0.0,0.0,0.0,15.25,0.0,0.0,0.0,0.0,0.0,0.0,17.53,0.0,0.0,0.0,0.0,0.0,0.0,19.4,0.0,0.0,0.0,0.0,0.0,0.0,21.1,0.0,0.0,0.0,0.0,0.0,0.0,22.41,0.0,0.0,0.0,0.0,0.0,0.0,23.98,0.0,0.0,0.0,0.0,0.0,0.0,25.03,0.0,0.0,0.0,0.0,0.0,0.0,29.8,0.0,0.0,0.0,0.0,0.0,0.0,35.23,0.0,0.0,0.0,0.0,0.0,0.0,45.9,0.0,0.0,0.0,0.0,0.0,0.0,53.81,0.0,0.0,0.0,0.0,0.0,0.0,60.17,0.0,0.0,0.0,0.0,0.0,0.0,62.38,0.0,0.0,0.0,0.0,0.0,0.0,63.59,0.0,0.0,0.0,0.0,0.0,0.0,65.5,0.0,0.0,0.0,0.0,0.0,0.0,66.35,0.0,0.0,0.0,0.0,0.0,0.0,67.1,0.0,0.0,0.0,0.0,0.0,0.0,67.91,0.0,0.0,0.0,0.0,0.0,0.0,68.58,0.0,0.0,0.0,0.0,0.0,0.0,68.82,0.0,0.0,0.0,0.0,0.0,0.0,69.15,0.0,0.0,0.0,0.0,0.0,0.0,69.33,0.0,0.0,0.0,0.0,0.0,0.0,0.0,0.0,0.0,0.0,0.0,0.0,0.0,69.51,0.0,0.0,0.0,0.0,0.0,0.0,70.03,0.0,0.0,0.0,0.0,0.0,0.0,70.46,0.0,0.0,0.0,0.0,0.0,0.0,70.69,0.0,0.0,0.0,0.0,0.0,0.0,70.82,0.0,0.0,0.0,0.0,0.0,0.0,71.09,0.0,0.0,0.0,0.0,0.0,0.0,71.23,0.0,0.0,0.0,0.0,0.0,0.0,71.28,0.0,0.0,0.0,0.0,0.0,0.0,71.43,0.0,0.0,0.0,0.0,0.0,0.0,71.66,0.0,0.0,0.0,0.0,0.0,0.0,72.65,0.0,0.0,0.0,0.0,0.0,0.0,73.2,0.0,0.0,0.0,0.0,0.0,0.0,74.09,0.0,0.0,0.0,0.0,0.0,0.0,74.62,0.0,0.0,0.0,0.0,0.0,0.0,75.54,0.0,0.0,0.0,0.0,0.0,0.0,76.03,0.0,0.0,0.0,0.0,0.0,0.0,76.63,0.0,0.0,0.0,77.25,77.28,0.0,0.0,0.0,0.0,77.49,0.0,77.64,0.0,0.0,0.0,0.0,78.27,0.0,78.39,0.0,0.0,0.0,0.0,78.65,0.0,78.73,0.0,0.0,0.0,0.0,0.0,0.0,78.82,0.0,0.0,0.0,0.0,0.0,0.0,78.87,0.0,0.0,0.0,0.0,0.0,0.0,0.0,0.0,0.0,0.0,0.0,0.0,0.0,79.06,0.0,0.0,0.0,0.0,0.0,0.0,79.11,0.0,0.0,0.0,0.0,0.0,0.0,79.22,0.0,0.0,0.0,0.0,0.0,0.0,79.27,0.0,0.0,0.0,0.0,0.0,0.0
Paraguay,0.0,0.0,0.0,0.0,0.0,0.0,0.0,0.0,0.0,0.0,0.0,0.0,0.0,0.0,0.0,0.0,0.0,0.0,0.0,0.0,0.0,0.0,0.0,0.0,0.0,0.0,0.0,0.0,0.0,0.0,0.0,0.0,0.0,0.0,0.0,0.0,0.0,0.0,0.0,0.0,0.0,0.0,0.0,0.0,0.0,0.0,0.0,0.0,0.0,0.0,0.0,0.0,0.0,0.0,0.0,0.0,0.0,0.0,0.0,0.0,0.0,0.01,0.01,0.02,0.02,0.0,0.02,0.02,0.02,0.02,0.02,0.02,0.02,0.0,0.03,0.03,0.04,0.07,0.11,0.14,0.16,0.17,0.17,0.18,0.18,0.19,0.19,0.19,0.19,0.24,0.32,0.4,0.47,0.51,0.52,0.57,0.6,0.62,0.62,0.0,0.62,0.62,0.63,0.64,0.65,0.65,0.66,0.67,0.69,0.73,0.84,0.94,1.03,1.1,1.12,1.13,1.16,1.19,1.21,1.23,1.25,1.26,1.26,1.27,1.34,1.44,1.58,1.69,1.7,1.71,1.81,1.91,2.01,2.1,2.17,2.18,2.19,2.33,2.47,2.63,2.8,2.91,2.93,2.95,3.03,3.24,3.44,3.65,3.82,3.93,3.93,3.98,4.07,4.24,4.44,4.57,4.6,4.61,4.8,4.99,5.17,5.35,5.52,5.59,5.61,5.77,5.91,6.05,6.2,6.35,6.68,7.04,7.37,7.68,7.94,8.31,8.55,8.62,8.63,8.96,9.29,9.65,9.69,9.7,9.79,9.83,10.14,10.4,10.66,10.67,10.68,11.13,11.71,12.27,12.97,13.75,13.78,13.79,13.8,13.8,15.18,16.67,18.28,19.52,20.6,20.68,20.75,22.07,22.76,24.59,26.52,27.22,27.37,27.53,29.17,30.47,31.45,31.51,31.54,31.55,31.55,31.56,31.57,31.57,31.57,31.58,31.58,31.58,31.59,31.6,31.61,31.61,31.61,31.61,31.61,31.61,31.61,31.61,31.61,31.61,31.61,31.61,31.61,31.62,31.62,31.62,31.65,31.65,31.65,31.66,31.66,31.66,31.66,31.66,31.67,31.67,0.0,0.0,0.0,0.0,33.78,0.0,0.0,0.0,0.0,0.0,0.0,35.33,0.0,0.0,0.0,0.0,0.0,0.0,36.23,36.32,0.0,0.0,0.0,0.0,0.0,38.32,0.0,0.0,0.0,0.0,0.0,0.0,39.32,0.0,0.0,0.0,0.0,0.0,0.0,39.73,0.0,0.0,0.0,0.0,0.0,0.0,0.0,0.0,0.0,0.0,0.0,0.0,0.0,40.43,0.0,0.0,0.0,0.0,0.0,0.0,40.55,0.0,0.0,0.0,0.0,0.0,0.0,44.05,0.0,0.0,0.0,0.0,0.0,0.0,45.42,0.0,0.0,0.0,0.0,0.0,0.0,0.0,0.0,0.0,46.33,0.0,0.0,0.0,47.03,0.0,0.0,0.0,0.0,0.0,0.0,47.3,0.0,0.0,0.0,0.0,0.0,0.0,47.71,0.0,0.0,0.0,0.0,0.0,47.88,0.0,0.0,0.0,0.0,0.0,48.06,0.0,0.0,0.0,0.0,0.0,0.0,0.0,0.0,48.33,0.0,0.0,0.0,0.0,0.0,0.0,48.62,0.0,0.0,0.0,0.0,0.0,0.0,48.86,0.0,0.0,0.0,0.0,0.0,0.0,49.04,0.0,0.0,0.0,0.0,0.0,0.0,50.38,0.0,0.0,0.0,0.0,0.0,0.0,51.5,0.0,0.0,0.0,0.0,0.0,0.0,52.1,0.0,0.0,0.0,0.0,0.0,0.0,52.45,0.0,0.0,0.0,0.0,52.58,0.0,52.93,0.0,0.0,0.0,0.0,0.0,0.0,53.02,0.0,0.0,0.0,0.0,53.25,0.0,53.45,0.0,0.0,0.0,0.0,0.0,0.0,53.58,0.0,0.0,0.0,0.0,0.0,0.0,53.68,0.0,0.0,0.0,0.0,0.0,0.0,0.0,0.0,0.0,0.0,0.0,0.0,0.0,53.76,0.0,0.0,0.0,0.0,0.0,0.0,0.0,0.0,0.0,0.0,0.0,0.0,0.0,0.0,0.0,0.0,0.0,0.0,0.0,0.0,0.0,0.0,0.0,0.0,0.0,0.0,0.0,54.01,0.0,0.0,0.0,0.0,0.0,0.0,0.0,0.0,0.0,0.0,0.0,0.0,0.0
Peru,0.0,0.0,0.0,0.0,0.0,0.0,0.0,0.0,0.0,0.0,0.0,0.0,0.0,0.0,0.0,0.0,0.0,0.0,0.0,0.0,0.0,0.0,0.0,0.0,0.0,0.0,0.0,0.0,0.0,0.0,0.0,0.0,0.0,0.0,0.0,0.0,0.0,0.0,0.0,0.0,0.0,0.0,0.0,0.0,0.0,0.0,0.0,0.01,0.06,0.16,0.26,0.32,0.33,0.37,0.39,0.4,0.42,0.52,0.59,0.61,0.7,0.78,0.85,0.9,0.94,0.96,0.97,0.99,1.02,1.03,1.05,1.06,1.07,1.07,1.12,1.18,1.22,1.25,1.27,1.29,1.29,1.35,1.42,1.48,1.56,1.64,1.69,1.7,1.72,1.77,1.81,1.85,1.9,1.93,1.94,1.96,1.97,1.99,2.0,2.0,2.01,2.01,2.03,2.07,2.11,2.16,2.21,2.22,2.22,2.22,2.23,2.24,2.24,2.3,2.39,2.48,2.5,2.53,2.56,2.58,2.66,2.75,2.79,2.84,2.9,3.02,3.15,3.39,3.58,3.73,3.91,3.97,4.04,4.15,4.25,4.44,4.54,4.68,4.81,4.98,5.2,5.46,5.62,5.69,5.85,6.03,6.21,6.42,6.75,6.98,7.12,7.33,7.56,7.81,8.08,8.46,8.68,8.79,8.99,9.22,9.45,9.57,9.62,9.64,9.65,9.67,9.98,10.32,10.7,10.97,11.19,11.31,11.41,11.54,11.66,11.78,11.89,11.95,11.97,12.1,12.25,12.37,12.5,12.78,12.99,13.13,13.26,13.35,13.61,13.91,14.26,14.63,14.93,15.39,15.9,16.32,16.67,17.03,17.76,18.27,18.53,18.79,19.15,19.57,19.97,20.66,21.05,21.23,21.44,21.7,22.03,22.48,23.3,23.93,24.08,24.21,24.25,24.3,24.41,24.59,24.74,24.87,24.98,25.13,25.28,25.75,26.62,27.29,27.45,27.63,27.76,27.87,27.98,28.1,28.16,28.26,28.37,28.48,28.61,28.85,29.41,29.87,29.98,30.09,30.25,30.46,30.63,31.32,31.86,31.88,32.1,32.34,32.73,33.17,34.04,34.75,35.08,35.61,36.51,37.41,38.42,39.87,40.98,41.49,42.27,42.87,43.66,44.42,45.42,45.98,46.24,46.6,46.91,47.2,47.5,47.98,48.35,48.65,48.97,49.28,49.57,49.84,50.38,50.84,51.06,51.28,51.51,51.72,51.9,52.18,52.38,52.57,52.92,53.25,53.57,53.9,54.43,54.9,55.18,55.41,55.58,55.76,55.9,56.22,56.45,56.57,56.68,56.8,56.93,57.07,57.7,58.23,58.46,58.74,59.07,59.58,60.28,61.28,61.94,62.32,62.67,63.02,63.31,63.59,63.95,64.26,64.54,64.88,65.21,65.54,65.89,66.31,66.66,66.92,67.19,67.44,67.67,67.9,68.17,68.39,68.57,68.74,68.92,69.13,69.33,69.57,69.77,69.95,70.13,70.26,70.47,70.81,71.23,71.54,71.88,72.22,72.53,72.76,72.99,73.19,73.33,73.5,73.64,73.77,73.87,73.9,73.91,73.96,74.07,74.17,74.28,74.37,74.4,74.42,74.45,74.53,74.62,74.71,74.8,74.89,74.97,75.02,75.1,75.18,75.25,75.32,75.38,75.44,75.47,75.53,75.58,75.63,75.68,75.72,75.76,75.79,75.95,76.12,76.35,76.61,76.9,77.35,77.69,78.04,78.37,78.66,78.98,79.31,79.64,79.83,80.11,80.38,80.63,80.87,81.14,81.36,81.49,81.64,81.81,81.99,82.16,82.32,82.49,82.61,82.76,82.92,83.06,83.19,83.33,83.45,83.54,83.68,83.8,83.93,84.05,84.18,84.32,84.41,84.52,84.62,84.73,84.85,84.99,85.14,85.22,85.31,85.39,85.46,85.52,85.61,85.7,85.76,85.82,85.88,85.93,85.98,86.05,86.13,86.19,86.23,86.28,86.32,86.36,86.4,86.46,86.51,86.54,86.56,86.6,86.64,86.69,86.74,86.78,86.81,86.85,86.89,86.92,86.93,86.96,86.99,87.02,87.05,87.09,87.12,87.17,87.22,87.27,87.31,87.35,87.4,87.44,87.49,87.53,87.54,87.55,87.57,87.58,87.6,87.62,87.63,87.63,87.64,87.66,87.67,87.69,87.71,87.73,87.74,87.75,87.77,87.78,87.8,87.81,87.82,87.83,0.0,0.0,0.0,0.0
Saint Lucia,0.0,0.0,0.0,0.0,0.0,0.0,0.0,0.0,0.0,0.0,0.0,0.0,0.0,0.0,0.0,0.0,0.0,0.0,0.0,0.0,0.0,0.0,0.0,0.0,0.0,0.0,0.0,0.0,0.0,0.0,0.0,0.0,0.0,0.0,0.0,0.0,0.0,0.0,0.0,0.0,0.0,0.0,0.0,0.0,0.0,0.0,0.0,0.0,0.0,0.0,0.0,0.0,0.0,0.0,0.0,0.0,0.0,0.0,0.0,0.0,0.0,0.0,0.0,0.0,0.0,0.0,0.0,0.0,0.0,0.0,1.14,0.0,0.0,0.0,0.0,0.0,0.0,0.0,9.43,0.0,0.0,0.0,0.0,0.0,0.0,10.98,0.0,0.0,0.0,0.0,0.0,0.0,0.0,0.0,0.0,0.0,0.0,0.0,0.0,0.0,0.0,0.0,0.0,0.0,0.0,0.0,0.0,0.0,0.0,0.0,0.0,0.0,0.0,0.0,0.0,0.0,0.0,0.0,0.0,0.0,0.0,0.0,0.0,0.0,0.0,0.0,0.0,0.0,0.0,0.0,0.0,0.0,0.0,0.0,0.0,0.0,0.0,0.0,0.0,0.0,0.0,0.0,0.0,0.0,0.0,0.0,14.59,14.63,14.73,14.86,0.0,0.0,14.92,14.96,15.03,0.0,15.18,15.25,0.0,15.33,15.44,15.5,0.0,0.0,0.0,15.58,15.68,15.74,15.81,15.93,16.04,0.0,16.08,0.0,16.16,16.2,16.28,16.3,0.0,0.0,16.34,16.42,0.0,16.52,0.0,16.61,0.0,16.67,16.71,16.76,0.0,0.0,0.0,16.81,16.83,16.86,16.88,16.94,0.0,0.0,16.97,17.0,17.03,17.06,17.13,0.0,17.17,0.0,17.2,17.34,0.0,0.0,17.35,0.0,0.0,17.37,17.39,17.43,17.48,17.51,0.0,0.0,0.0,0.0,17.6,17.67,17.78,0.0,17.79,17.84,17.96,18.03,18.15,0.0,0.0,0.0,18.28,0.0,18.54,18.69,18.76,18.77,0.0,18.92,0.0,19.36,19.63,19.86,0.0,19.93,0.0,0.0,0.0,0.0,0.0,0.0,0.0,0.0,0.0,0.0,0.0,0.0,0.0,0.0,0.0,22.86,23.1,0.0,23.46,23.55,0.0,23.63,23.83,24.02,24.14,24.33,0.0,24.44,0.0,24.7,24.93,0.0,25.28,25.34,0.0,0.0,25.48,25.62,25.68,25.87,0.0,0.0,26.06,26.15,0.0,26.62,0.0,0.0,26.7,26.8,0.0,0.0,0.0,0.0,0.0,0.0,0.0,0.0,0.0,0.0,0.0,0.0,0.0,0.0,28.05,0.0,28.13,0.0,0.0,0.0,28.38,28.41,28.44,28.5,0.0,28.66,0.0,28.71,0.0,28.92,0.0,29.09,29.13,0.0,29.19,0.0,0.0,29.37,0.0,29.45,0.0,29.48,29.53,29.58,29.62,0.0,29.72,0.0,29.74,29.79,0.0,29.86,0.0,0.0,0.0,0.0,29.94,29.98,0.0,0.0,30.01,30.04,30.06,0.0,30.1,30.11,0.0,0.0,0.0,30.15,0.0,30.17,30.2,0.0,30.24,0.0,0.0,30.29,0.0,30.35,0.0,30.4,0.0,30.46,0.0,30.53,30.55,0.0,30.64,0.0,0.0,30.71,30.74,30.75,30.8,30.8,0.0,0.0,0.0,0.0,30.87,0.0,0.0,30.92,0.0,0.0,0.0,31.02,0.0,0.0,31.04,31.06,31.09,0.0,31.11,31.14,31.14,0.0,0.0,31.19,31.21,0.0,0.0,0.0,31.24,0.0,31.25,0.0,31.25,0.0,0.0,0.0,0.0,31.25,0.0,0.0,0.0,0.0,0.0,0.0,31.33,0.0,31.39,0.0,0.0,0.0,0.0,31.45,0.0,31.45,0.0,0.0,0.0,0.0,31.5,0.0,31.52,0.0,0.0,0.0,0.0,31.55,0.0,31.55,0.0,0.0,0.0,0.0,0.0,0.0,31.58,0.0,0.0,0.0,0.0,0.0,0.0,31.86,0.0,0.0,0.0,0.0,0.0,0.0,31.88,0.0,0.0,0.0,0.0,0.0,0.0,31.91,0.0,0.0,0.0,0.0,0.0,0.0,31.95,0.0,0.0,0.0,0.0,0.0,0.0,32.01,0.0,0.0,0.0,0.0,0.0,0.0,32.08,0.0,0.0,0.0,0.0,0.0,0.0
Saint Vincent and the Grenadines,0.0,0.0,0.0,0.0,0.0,0.0,0.0,0.0,0.0,0.0,0.0,0.0,0.0,0.0,0.0,0.0,0.0,0.0,0.0,0.0,0.0,0.0,0.0,0.0,0.0,0.0,0.0,0.0,0.0,0.0,0.0,0.0,0.0,0.0,0.0,0.0,0.0,0.0,0.0,0.0,0.0,0.0,0.0,0.0,0.0,0.0,0.0,0.0,0.0,0.0,0.0,0.0,0.0,0.0,0.0,0.0,0.0,0.0,0.0,0.0,0.0,0.0,0.0,0.0,0.0,0.0,0.0,0.0,0.0,0.0,0.0,0.0,0.0,0.0,0.0,0.0,0.0,0.0,0.0,0.0,0.0,0.0,0.0,8.05,0.0,8.43,0.0,0.0,0.0,0.0,0.0,0.0,9.45,0.0,0.0,0.0,0.0,0.0,0.0,0.0,0.0,0.0,0.0,0.0,0.0,0.0,0.0,10.9,0.0,0.0,0.0,0.0,0.0,0.0,11.47,0.0,0.0,0.0,0.0,0.0,0.0,12.45,0.0,12.46,12.58,12.71,0.0,13.04,13.05,0.0,0.0,0.0,0.0,0.0,0.0,0.0,0.0,0.0,0.0,0.0,0.0,0.0,0.0,0.0,0.0,0.0,0.0,0.0,0.0,0.0,0.0,0.0,0.0,0.0,0.0,0.0,0.0,0.0,0.0,0.0,0.0,0.0,0.0,0.0,0.0,0.0,0.0,0.0,0.0,0.0,0.0,0.0,0.0,0.0,0.0,0.0,0.0,0.0,0.0,0.0,0.0,0.0,0.0,0.0,0.0,0.0,0.0,0.0,0.0,0.0,0.0,0.0,0.0,0.0,0.0,0.0,0.0,0.0,0.0,0.0,0.0,0.0,0.0,0.0,0.0,0.0,0.0,0.0,14.12,0.0,0.0,14.12,0.0,0.0,0.0,0.0,0.0,0.0,14.13,0.0,0.0,14.15,0.0,14.17,0.0,0.0,14.18,0.0,0.0,14.18,0.0,14.2,0.0,0.0,0.0,0.0,0.0,0.0,14.75,17.13,0.0,0.0,0.0,0.0,0.0,0.0,0.0,0.0,0.0,0.0,0.0,0.0,0.0,0.0,17.14,17.43,0.0,0.0,0.0,0.0,0.0,0.0,17.54,17.72,0.0,0.0,0.0,0.0,0.0,0.0,0.0,0.0,17.96,0.0,0.0,0.0,0.0,18.35,0.0,18.53,18.57,0.0,18.72,0.0,0.0,0.0,19.18,0.0,0.0,0.0,0.0,0.0,0.0,0.0,20.5,0.0,0.0,20.78,0.0,0.0,0.0,0.0,20.84,21.34,0.0,21.79,22.88,23.55,0.0,0.0,0.0,0.0,0.0,23.94,0.0,0.0,0.0,0.0,0.0,24.7,25.01,0.0,25.39,25.41,0.0,0.0,26.02,0.0,26.29,0.0,0.0,0.0,0.0,27.07,0.0,27.07,27.61,27.64,0.0,27.91,0.0,0.0,28.18,28.38,0.0,0.0,28.49,0.0,28.75,0.0,0.0,28.85,0.0,0.0,0.0,0.0,0.0,29.83,29.94,0.0,0.0,0.0,0.0,0.0,0.0,0.0,0.0,0.0,0.0,30.1,0.0,0.0,0.0,0.0,0.0,0.0,0.0,0.0,0.0,0.0,0.0,0.0,0.0,0.0,0.0,0.0,0.0,0.0,0.0,0.0,0.0,0.0,0.0,0.0,0.0,0.0,0.0,0.0,0.0,30.68,0.0,0.0,0.0,30.86,0.0,30.98,30.99,0.0,0.0,0.0,0.0,31.3,31.34,31.38,0.0,31.39,0.0,31.4,0.0,0.0,0.0,0.0,31.57,0.0,0.0,31.62,31.63,31.64,0.0,31.65,0.0,31.66,31.66,0.0,0.0,0.0,0.0,0.0,31.83,31.85,32.11,32.23,32.24,0.0,0.0,32.24,0.0,32.26,32.31,0.0,0.0,0.0,32.34,32.37,32.37,32.38,0.0,0.0,0.0,32.4,0.0,0.0,32.44,0.0,0.0,32.45,32.45,0.0,32.46,32.47,0.0,0.0,0.0,0.0,32.48,0.0,32.49,0.0,0.0,0.0,0.0,32.5,0.0,0.0,0.0,0.0,32.5,0.0,0.0,0.0,0.0,32.58,0.0,0.0,0.0,0.0,0.0,0.0,32.59,0.0,0.0,0.0,0.0,0.0,0.0,32.6,0.0,0.0,0.0,0.0,0.0,0.0,32.81,0.0,0.0,0.0,0.0,0.0,0.0
Suriname,0.0,0.0,0.0,0.0,0.0,0.0,0.0,0.0,0.0,0.0,0.0,0.0,0.0,0.0,0.0,0.0,0.0,0.0,0.0,0.0,0.0,0.0,0.0,0.0,0.0,0.0,0.0,0.0,0.0,0.0,0.0,0.0,0.0,0.0,0.0,0.0,0.0,0.0,0.0,0.0,0.0,0.0,0.0,0.0,0.0,0.0,0.0,0.0,0.0,0.0,0.0,0.0,0.0,0.0,0.0,0.0,0.0,0.0,0.0,0.0,0.0,0.0,0.0,0.0,0.0,0.0,0.0,0.0,0.0,0.0,0.0,0.0,0.0,0.0,0.0,0.0,0.0,0.0,0.0,0.0,0.0,0.0,0.0,0.0,0.0,1.55,2.01,0.0,2.32,2.49,2.7,0.0,3.38,3.78,3.94,0.0,4.14,4.4,0.0,4.69,0.0,0.0,0.0,0.0,5.08,0.0,5.51,0.0,0.0,5.58,5.68,0.0,0.0,5.85,0.0,0.0,0.0,0.0,5.99,6.05,0.0,6.17,0.0,0.0,6.28,6.48,0.0,0.0,6.75,0.0,0.0,6.96,0.0,0.0,7.37,7.59,0.0,0.0,8.02,0.0,8.26,0.0,8.44,0.0,8.81,0.0,9.27,10.19,10.62,0.0,10.96,0.0,11.1,11.26,0.0,11.4,11.56,0.0,0.0,11.7,11.89,12.06,0.0,12.68,13.66,14.64,14.99,15.21,0.0,0.0,17.2,18.74,19.96,20.27,21.52,0.0,22.87,0.0,24.44,24.64,0.0,25.3,25.55,25.87,0.0,26.61,26.7,0.0,27.08,27.29,27.46,0.0,27.78,27.86,27.96,28.06,0.0,28.31,0.0,28.48,29.4,0.0,29.79,29.93,30.13,30.34,30.51,30.52,30.65,30.73,30.81,30.91,31.01,31.06,31.1,31.27,31.37,31.43,31.48,0.0,31.61,31.67,31.75,31.8,31.87,31.88,31.98,32.11,32.17,32.27,32.33,32.38,32.48,32.61,32.65,32.7,32.79,32.84,32.91,33.01,33.12,33.23,33.36,33.46,33.52,33.58,33.64,33.71,34.0,34.09,34.21,34.33,34.45,34.62,34.8,34.88,35.0,35.13,35.36,35.52,35.7,35.74,35.88,36.01,36.17,36.31,36.59,36.65,0.0,36.8,36.82,37.21,37.39,37.58,37.83,37.96,0.0,38.11,38.31,38.43,38.7,38.88,38.9,0.0,39.13,39.34,39.51,39.71,39.85,39.93,40.17,0.0,40.28,40.43,40.49,40.69,0.0,0.0,40.88,41.12,41.21,41.37,41.57,41.65,41.73,41.75,41.86,41.93,42.03,0.0,42.14,42.23,42.3,42.36,42.41,42.45,0.0,42.56,42.59,42.62,42.67,42.73,42.8,42.86,42.87,0.0,42.98,0.0,43.05,43.08,43.17,43.19,43.27,43.28,43.33,0.0,43.38,0.0,0.0,43.46,43.5,0.0,43.54,43.65,0.0,0.0,43.68,43.72,43.74,43.8,43.82,43.83,43.89,0.0,43.92,0.0,0.0,43.99,0.0,0.0,0.0,44.06,0.0,44.08,44.1,0.0,0.0,0.0,44.12,0.0,0.0,44.19,0.0,0.0,0.0,44.22,0.0,44.27,44.32,0.0,44.37,0.0,0.0,0.0,44.45,44.48,0.0,0.0,0.0,0.0,44.55,0.0,0.0,0.0,0.0,0.0,44.64,0.0,0.0,44.65,44.72,0.0,0.0,0.0,44.77,0.0,0.0,0.0,0.0,0.0,0.0,0.0,0.0,0.0,0.0,44.86,44.87,0.0,0.0,0.0,0.0,0.0,0.0,44.92,0.0,0.0,0.0,0.0,0.0,0.0,45.01,0.0,0.0,0.0,0.0,0.0,0.0,45.06,0.0,0.0,0.0,0.0,0.0,0.0,45.1,45.1,0.0,0.0,0.0,45.1,45.13,0.0,0.0,0.0,0.0,0.0,0.0,0.0,45.17,0.0,0.0,0.0,0.0,0.0,0.0,45.2,0.0,0.0,0.0,0.0,0.0,0.0,0.0,0.0,0.0,0.0,0.0,0.0,0.0,45.22,0.0,0.0,0.0,0.0,0.0,0.0,0.0,0.0,0.0,0.0,0.0,0.0,0.0,0.0,0.0,0.0,0.0,0.0,0.0,0.0,0.0,0.0,0.0,0.0,0.0,0.0,0.0,0.0,0.0,0.0,0.0,0.0,0.0,0.0,0.0,45.26,0.0,0.0,0.0
Trinidad and Tobago,0.0,0.0,0.0,0.0,0.0,0.0,0.0,0.0,0.0,0.0,0.0,0.0,0.0,0.0,0.0,0.0,0.0,0.0,0.0,0.0,0.0,0.0,0.0,0.0,0.0,0.0,0.0,0.0,0.0,0.0,0.0,0.0,0.0,0.0,0.0,0.0,0.0,0.0,0.0,0.0,0.0,0.0,0.0,0.0,0.0,0.0,0.0,0.0,0.0,0.0,0.0,0.0,0.0,0.0,0.0,0.0,0.0,0.0,0.0,0.0,0.03,0.0,0.0,0.0,0.0,0.07,0.0,0.0,0.0,0.0,0.0,0.0,0.0,0.0,0.0,0.0,0.0,0.0,0.0,0.0,0.0,0.0,0.0,0.0,0.0,0.0,0.0,0.0,0.0,0.0,0.0,0.0,0.0,0.0,0.0,0.0,0.0,0.0,0.0,0.0,0.0,0.0,0.0,0.0,0.0,0.34,0.0,0.0,0.0,0.0,0.0,0.0,0.93,1.1,1.17,1.17,1.26,1.39,1.51,1.72,1.97,2.2,2.45,2.96,2.97,3.0,3.0,3.03,0.0,0.0,3.19,3.65,3.94,4.11,4.2,4.26,4.29,4.29,4.31,4.32,4.32,4.32,4.32,0.0,0.0,4.4,0.0,0.0,4.44,4.61,4.72,4.8,5.14,5.39,5.58,6.05,6.47,6.65,6.75,7.02,7.4,7.6,7.85,8.13,8.45,8.77,9.22,9.73,10.3,10.7,10.97,11.3,11.73,11.9,12.01,12.2,12.39,12.6,0.0,12.72,12.8,13.1,13.38,13.84,14.16,14.55,15.06,15.16,15.22,15.29,15.44,15.67,15.67,15.67,15.73,15.79,16.05,16.05,16.07,0.0,0.0,16.17,16.19,16.33,16.7,17.67,17.83,17.99,18.74,19.9,21.09,21.99,23.25,23.89,24.87,25.46,26.05,26.81,27.23,27.71,27.98,28.2,28.39,28.73,29.04,29.35,29.63,29.72,29.84,30.31,30.84,31.23,31.66,32.0,32.25,32.36,32.64,32.89,33.28,33.7,34.18,34.44,34.66,34.99,35.25,35.51,35.71,35.93,36.09,36.21,36.43,36.55,36.79,37.01,37.24,37.56,37.67,38.06,38.43,38.76,39.02,39.34,39.49,39.58,39.84,40.05,40.25,40.43,40.63,40.72,40.74,40.91,41.08,41.23,41.38,0.0,41.5,41.55,41.81,42.07,42.28,42.52,42.74,42.87,42.96,43.22,43.47,43.69,43.9,44.17,44.34,44.45,44.73,44.97,45.17,45.35,45.53,45.64,45.71,45.89,46.02,46.15,46.24,46.33,46.38,46.42,46.52,46.6,46.68,46.76,46.85,46.89,46.91,47.0,47.09,47.17,0.0,47.27,47.31,47.33,47.41,47.52,47.6,47.68,47.77,47.81,47.84,47.95,48.05,48.12,48.2,48.28,48.34,48.37,48.47,48.57,48.65,48.73,48.82,48.89,48.94,49.05,49.14,49.22,49.29,49.37,49.42,49.45,49.53,49.6,49.66,49.71,49.77,49.8,49.81,49.88,49.93,49.99,50.03,50.08,50.1,50.11,50.21,50.28,50.35,50.4,50.41,0.0,0.0,0.0,50.53,50.65,50.75,50.79,0.0,0.0,50.91,51.03,51.11,51.23,51.34,51.39,0.0,51.5,51.59,51.66,51.74,51.81,51.84,51.84,51.89,51.93,51.97,52.01,52.04,52.06,52.06,52.1,52.14,52.17,52.2,52.24,52.26,0.0,52.3,52.34,52.38,52.41,52.43,52.45,0.0,52.48,52.51,52.53,52.55,52.58,52.59,52.59,52.61,52.64,52.66,52.68,52.7,52.71,0.0,52.74,52.76,52.78,52.8,52.82,52.83,0.0,52.85,52.86,52.87,52.89,52.9,52.91,52.91,52.93,52.95,52.96,52.97,52.99,53.0,0.0,53.01,53.03,53.04,53.06,53.08,53.08,53.08,53.1,53.11,53.13,0.0,0.0,0.0,0.0,0.0,0.0,0.0,0.0,0.0,0.0,0.0,0.0,0.0,0.0,0.0,0.0,0.0,0.0,0.0,0.0,0.0,0.0,0.0,0.0,0.0,53.23,53.23,53.24,53.24,53.25,53.25,0.0,53.25,53.26,53.26,53.26,53.27,53.27,0.0,0.0,53.27,53.28,53.28,53.28,53.29,0.0,53.29,53.29,0.0,0.0,53.31,53.31,0.0,53.31,53.32,53.32,53.32,53.33,53.33,0.0,53.34,53.34,53.36
Uruguay,0.0,0.0,0.0,0.0,0.0,0.0,0.0,0.0,0.0,0.0,0.0,0.0,0.0,0.0,0.0,0.0,0.0,0.0,0.0,0.0,0.0,0.0,0.0,0.0,0.0,0.0,0.0,0.0,0.0,0.0,0.0,0.0,0.0,0.0,0.0,0.0,0.0,0.0,0.0,0.0,0.0,0.0,0.0,0.0,0.0,0.0,0.0,0.0,0.0,0.0,0.0,0.0,0.0,0.0,0.0,0.0,0.0,0.0,0.0,0.0,0.0,0.0,0.0,0.0,0.0,0.01,0.01,0.53,0.95,1.56,1.82,2.09,2.09,2.09,2.9,3.52,4.25,4.89,5.54,5.84,5.84,6.17,6.36,6.59,7.63,8.68,9.04,9.04,10.15,11.19,12.21,13.46,14.64,15.02,15.02,16.08,17.18,18.26,19.39,20.56,20.91,20.91,21.22,21.88,22.5,23.29,23.63,24.15,24.16,25.47,26.83,28.2,29.09,29.94,30.68,31.14,31.37,31.66,31.93,32.19,32.54,32.81,32.83,33.08,33.31,33.53,33.75,33.98,33.98,33.99,34.37,34.72,35.02,35.31,35.58,35.69,35.69,35.91,36.1,36.31,37.39,38.58,39.11,39.12,40.51,41.79,42.87,44.06,45.29,45.64,45.67,46.74,47.75,48.76,49.78,50.71,51.05,51.09,52.11,53.13,54.11,55.09,56.06,56.41,56.44,57.46,58.44,59.66,60.05,60.23,60.34,60.35,60.74,61.17,61.6,61.7,62.08,62.17,62.17,62.52,62.8,63.04,63.32,63.62,63.65,63.65,64.19,64.74,65.3,65.74,66.09,66.18,66.18,66.54,66.89,67.16,67.51,67.77,67.83,67.83,68.66,69.35,70.02,70.55,70.94,71.0,71.0,71.26,71.55,71.9,72.3,72.98,73.05,73.07,73.38,73.56,73.61,73.71,73.87,73.93,73.93,74.09,74.28,74.44,74.62,74.84,74.86,74.86,74.89,74.92,74.95,74.98,75.0,75.01,75.01,75.3,75.4,75.49,75.57,75.65,75.66,75.66,75.68,75.71,75.71,75.72,75.74,75.74,75.74,75.82,75.86,75.91,75.96,76.02,76.03,76.03,76.32,76.46,76.57,76.69,76.79,76.79,76.79,76.89,76.92,76.94,76.97,77.03,77.03,77.03,77.1,77.15,77.19,77.21,77.27,77.27,77.27,77.37,77.4,77.43,77.45,77.49,77.49,77.49,77.54,77.55,77.59,77.63,77.68,77.68,77.68,77.71,77.78,77.81,77.86,77.92,77.93,77.93,77.97,78.0,78.0,78.02,78.06,78.06,78.06,78.11,78.13,78.14,78.16,78.19,78.19,78.19,78.24,78.24,78.27,78.29,78.35,78.35,78.35,78.36,78.38,78.41,78.44,78.51,78.51,78.51,78.52,78.54,78.55,78.57,78.64,78.64,78.64,78.66,78.68,78.69,78.7,78.71,78.71,78.71,78.72,78.75,78.75,78.76,78.77,78.77,78.77,78.8,78.83,78.83,78.84,78.85,78.85,78.85,78.91,78.92,78.94,78.97,79.03,79.03,79.03,79.07,79.08,79.09,79.1,79.1,79.1,79.1,79.12,79.14,79.15,79.15,79.15,79.15,79.15,79.17,79.19,79.21,79.21,79.22,79.22,79.22,79.37,79.4,79.77,80.12,80.26,80.27,80.27,80.48,80.74,81.03,81.34,81.47,81.47,81.47,81.73,81.97,82.28,82.58,82.72,82.72,82.72,82.97,83.12,83.3,83.54,83.71,83.71,83.71,83.93,84.01,84.1,84.23,84.32,84.32,84.32,84.4,84.43,84.45,84.52,84.59,84.59,84.59,84.65,84.71,84.74,84.78,84.8,84.8,84.8,84.82,84.83,84.89,84.91,84.95,84.95,84.95,84.98,85.01,85.05,85.07,85.09,85.09,85.09,85.13,85.14,85.16,85.19,85.21,85.21,85.21,85.24,85.26,85.27,85.29,85.3,85.3,85.3,85.32,85.34,85.35,85.37,85.39,85.39,85.39,85.4,85.41,85.42,85.43,85.45,85.45,85.45,85.46,85.46,85.46,85.46,0.0,0.0,0.0,85.46,85.47,85.51,85.52,85.55,85.55,0.0,85.56,85.57,85.59,85.61,85.63,85.63,0.0,85.65,85.66,85.66,85.68,85.69,85.69,0.0,85.7,85.71,85.71,85.72,85.73,85.73,0.0,85.73,85.74,85.74,85.75,85.76,85.76,85.76,85.78,85.78,85.79,85.8
Venezuela,0.0,0.0,0.0,0.0,0.0,0.0,0.0,0.0,0.0,0.0,0.0,0.0,0.0,0.0,0.0,0.0,0.0,0.0,0.0,0.0,0.0,0.0,0.0,0.0,0.0,0.0,0.0,0.0,0.0,0.0,0.0,0.0,0.0,0.0,0.0,0.0,0.0,0.0,0.0,0.0,0.0,0.0,0.0,0.0,0.0,0.0,0.0,0.0,0.0,0.0,0.0,0.0,0.0,0.0,0.0,0.0,0.0,0.0,0.0,0.0,0.0,0.0,0.0,0.0,0.0,0.0,0.0,0.0,0.0,0.0,0.04,0.0,0.0,0.0,0.0,0.0,0.0,0.0,0.0,0.0,0.0,0.0,0.0,0.0,0.0,0.0,0.0,0.0,0.0,0.0,0.0,0.0,0.05,0.0,0.0,0.0,0.0,0.0,0.0,0.34,0.0,0.0,0.0,0.0,0.0,0.0,0.0,0.0,0.0,0.87,0.0,0.0,0.0,0.0,0.0,0.0,0.0,0.0,0.0,0.0,0.0,0.0,0.0,0.0,0.0,0.0,0.0,0.0,0.0,0.0,0.0,0.0,0.0,0.0,0.0,0.0,0.0,0.0,0.0,0.0,0.0,0.0,0.0,0.0,0.0,0.0,1.1,0.0,0.0,0.0,0.0,0.0,0.0,0.0,0.0,0.0,0.0,0.0,0.0,0.0,0.0,0.0,0.0,0.0,0.0,0.0,0.0,0.0,0.0,2.05,0.0,0.0,0.0,0.0,0.0,0.0,3.76,0.0,0.0,0.0,0.0,0.0,0.0,4.26,0.0,0.0,0.0,0.0,0.0,0.0,0.0,0.0,0.0,7.96,0.0,0.0,0.0,0.0,0.0,0.0,10.1,0.0,0.0,0.0,0.0,0.0,0.0,0.0,0.0,0.0,0.0,0.0,0.0,0.0,0.0,0.0,0.0,0.0,0.0,0.0,0.0,0.0,0.0,0.0,0.0,0.0,0.0,0.0,0.0,0.0,0.0,0.0,0.0,0.0,0.0,0.0,0.0,0.0,0.0,0.0,0.0,0.0,0.0,0.0,0.0,0.0,20.92,0.0,0.0,0.0,0.0,0.0,0.0,0.0,0.0,0.0,0.0,0.0,0.0,0.0,23.77,0.0,0.0,0.0,0.0,0.0,0.0,0.0,0.0,0.0,0.0,30.66,0.0,0.0,0.0,0.0,0.0,33.9,0.0,0.0,0.0,0.0,0.0,0.0,0.0,0.0,0.0,0.0,34.58,0.0,0.0,0.0,0.0,0.0,0.0,0.0,0.0,0.0,0.0,0.0,0.0,0.0,0.0,0.0,0.0,0.0,0.0,0.0,0.0,0.0,0.0,0.0,0.0,0.0,0.0,0.0,48.28,0.0,0.0,0.0,0.0,0.0,0.0,0.0,0.0,0.0,0.0,0.0,0.0,0.0,0.0,0.0,0.0,0.0,0.0,0.0,0.0,0.0,0.0,0.0,57.19,0.0,0.0,0.0,0.0,0.0,0.0,0.0,0.0,0.0,0.0,0.0,0.0,0.0,0.0,0.0,0.0,0.0,64.08,0.0,0.0,0.0,0.0,0.0,0.0,0.0,0.0,0.0,0.0,0.0,0.0,0.0,0.0,0.0,0.0,0.0,0.0,0.0,0.0,0.0,0.0,0.0,0.0,0.0,0.0,0.0,0.0,0.0,0.0,0.0,0.0,0.0,0.0,0.0,0.0,0.0,0.0,0.0,0.0,0.0,72.59,0.0,0.0,0.0,0.0,0.0,0.0,75.73,0.0,0.0,0.0,0.0,0.0,0.0,77.19,0.0,0.0,0.0,0.0,0.0,0.0,0.0,0.0,0.0,0.0,0.0,0.0,0.0,0.0,0.0,0.0,0.0,0.0,0.0,0.0,0.0,0.0,0.0,0.0,0.0,0.0,0.0,0.0,0.0,0.0,0.0,0.0,0.0,0.0,0.0,0.0,0.0,0.0,0.0,0.0,0.0,77.19,0.0,0.0,0.0,0.0,0.0,0.0,0.0,0.0,0.0,0.0,0.0,0.0,0.0,0.0,0.0,0.0,0.0,0.0,0.0,0.0,0.0,0.0,0.0,0.0,0.0,0.0,0.0,0.0,0.0,0.0,0.0,0.0,0.0,0.0,0.0,0.0,0.0,0.0,0.0,0.0,0.0,0.0,0.0,0.0,0.0,0.0,0.0,0.0,0.0,0.0,0.0,0.0,0.0,0.0,0.0,0.0,0.0,0.0,0.0,0.0,0.0,0.0
