location,202010,202011,202012,202013,202014,202015,202016,202017,202018,202019,202020,202021,202022,202023,202024,202025,202026,202027,202028,202029,202030,202031,202032,202033,202034,202035,202036,202037,202038,202039,202040,202041,202042,202043,202044,202045,202046,202047,202048,202049,202050,202051,202052,202053,202101,202102,202103,202104,202105,202106,202107,202108,202109,202110,202111,202112,202113,202114,202115,202116,202117,202118,202119,202120,202121,202122,202123,202124,202125,202126,202127,202128,202129,202130,202131,202132,202133,202134,202135,202136,202137,202138,202139,202140,202141,202142,202143,202144,202145,202146,202147,202148,202149,202150,202151,202152,202201,202202,202203,202204,202205,202206,202207,202208,202209,202210,202211,202212,202213,202214,202215,202216,202217,202218,202219,202220,202221
Antigua and Barbuda,0.0,0.0,0.0,0.0,0.0,20.258,10.129,0.0,0.0,0.0,0.0,0.0,0.0,0.0,0.0,0.0,0.0,0.0,0.0,0.0,0.0,0.0,0.0,0.0,0.0,0.0,0.0,0.0,0.0,0.0,0.0,0.0,0.0,0.0,0.0,0.0,0.0,0.0,0.0,0.0,0.0,10.129,0.0,0.0,0.0,10.129,0.0,0.0,0.0,20.258,10.129,30.387,70.902,40.516,0.0,0.0,0.0,20.258,10.129,0.0,10.129,0.0,0.0,91.16,0.0,0.0,0.0,0.0,0.0,0.0,0.0,0.0,0.0,0.0,0.0,0.0,0.0,0.0,10.129,10.129,70.902,81.031,172.191,70.90299999999999,20.258,20.258,30.387,20.258,10.129,10.129,91.16,0.0,0.0,0.0,10.129,10.129,0.0,10.129,20.258,50.644,0.0,70.902,10.129,0.0,0.0,0.0,0.0,0.0,0.0,0.0,0.0,0.0,10.129,10.129,0.0,10.129,0.0
Argentina,0.0,0.044,0.022,0.19799999999999998,0.46099999999999997,0.854,0.8759999999999999,1.0310000000000001,0.876,1.2269999999999999,1.228,1.534,1.6440000000000001,2.2800000000000002,3.005,3.595,4.211,5.043,6.424,8.068000000000001,12.870999999999999,14.253,17.87,22.014,23.965000000000003,31.202999999999996,27.846,30.895,30.545,52.82299999999999,110.861,53.283,46.967999999999996,48.918,47.778,46.793,37.212,32.517,28.811,26.092999999999996,21.355999999999998,22.015,14.450000000000001,17.936000000000003,19.69,17.761000000000003,28.067,22.76,23.110999999999997,20.151000000000003,17.804,16.773,18.375999999999998,15.523000000000001,18.198999999999998,15.744,14.362,27.276999999999997,31.508000000000003,44.117000000000004,52.429,60.870999999999995,61.636,68.80699999999999,65.89099999999999,72.426,82.46799999999999,69.55199999999999,70.97800000000001,67.207,56.001000000000005,58.260000000000005,42.209,43.898,32.715,33.176,24.864000000000004,23.089,22.629,18.375,20.392,10.109,8.244,4.495,4.428999999999999,3.421,2.456,3.0909999999999997,2.872,2.896,2.873,2.6740000000000004,2.3030000000000004,2.895,2.3899999999999997,3.267,5.415,9.559999999999999,21.488,34.075,35.149,27.957,23.571,16.95,12.63,7.522000000000001,6.949999999999999,7.957999999999999,3.2460000000000004,2.9600000000000004,2.849,0.0,4.342,2.434,1.666,1.031,1.074
Bahamas,0.0,0.0,0.0,0.0,2.519,10.076,2.519,5.039,0.0,0.0,0.0,0.0,0.0,0.0,0.0,0.0,0.0,0.0,0.0,0.0,0.0,7.558,0.0,7.558,25.192999999999998,57.94800000000001,0.0,25.194000000000003,5.038,40.309999999999995,17.636,15.116999999999999,20.154,35.271,30.233999999999998,15.116,7.558,20.155,0.0,0.0,0.0,2.519,12.597,5.038,10.078,0.0,0.0,0.0,0.0,5.039,2.519,0.0,5.039,10.078,2.519,5.039,0.0,2.519,12.597,5.039,7.558,32.751,10.077,15.116,17.634999999999998,7.558,10.078,10.077,10.077,2.519,15.116,52.908,2.519,30.232999999999997,20.155,40.31,47.869,60.466,146.128,103.297,128.491,45.349999999999994,27.713,143.608,0.0,131.011,2.519,35.272,20.156,15.116999999999999,0.0,60.46600000000001,32.751999999999995,12.597,0.0,10.077,0.0,5.039,17.636,25.195,7.558,20.155,27.714,7.558,0.0,0.0,15.116999999999999,27.713,0.0,2.519,0.0,0.0,0.0,0.0,5.039,22.675,0.0
Barbados,0.0,0.0,0.0,0.0,0.0,13.904,3.476,3.476,3.476,0.0,0.0,0.0,0.0,0.0,0.0,0.0,0.0,0.0,0.0,0.0,0.0,0.0,0.0,0.0,0.0,0.0,0.0,0.0,0.0,0.0,0.0,0.0,0.0,0.0,0.0,0.0,0.0,0.0,0.0,0.0,0.0,0.0,0.0,0.0,0.0,0.0,6.951,10.428,17.378,10.427,24.330999999999996,6.952,13.902999999999999,0.0,6.952,6.952,3.476,3.476,0.0,0.0,0.0,3.476,3.476,3.476,0.0,0.0,0.0,0.0,0.0,0.0,3.476,0.0,0.0,0.0,0.0,0.0,0.0,0.0,10.428,0.0,17.378999999999998,24.330999999999996,48.660999999999994,31.281,66.039,41.709,79.94099999999999,62.562,66.038,52.137,59.087,38.233,52.135,17.378999999999998,13.902999999999999,0.0,10.428,10.427,17.378,10.428,27.807,17.378,41.708,13.902999999999999,10.427,13.902999999999999,6.952,10.427,156.409,6.952,6.951,17.378,10.427,31.281999999999996,93.845,10.428,24.33
Belize,0.0,0.0,0.0,0.0,0.0,4.94,0.0,0.0,0.0,0.0,0.0,0.0,0.0,0.0,0.0,0.0,0.0,0.0,0.0,0.0,0.0,0.0,0.0,2.47,4.94,14.819,4.939,9.879000000000001,2.47,7.41,9.879,17.288999999999998,19.757,7.41,24.697000000000003,19.756999999999998,41.983999999999995,46.922999999999995,71.621,64.211,32.106,51.863,37.044000000000004,49.393,54.333999999999996,24.697,22.227999999999998,27.166999999999998,12.349,17.288,2.47,2.47,2.47,2.47,0.0,2.47,0.0,2.47,0.0,7.409000000000001,4.94,0.0,0.0,0.0,2.47,2.47,0.0,7.41,2.47,2.47,0.0,4.94,0.0,12.349,4.94,12.349,17.288,12.348,17.288,24.697000000000003,39.515,32.105,39.515,22.226999999999997,83.96900000000001,29.636000000000003,44.454,44.455,61.742,59.272,29.635999999999996,22.227999999999998,24.697,7.409,7.409000000000001,24.697000000000003,7.409,7.409000000000001,19.758,22.226999999999997,9.879,4.94,24.697000000000003,22.227,2.47,2.47,4.939,0.0,4.939,9.879,29.636000000000003,9.879,0.0,0.0,0.0,2.47,0.0
Bolivia,0.0,0.0,0.0,0.0,0.7629999999999999,0.763,0.931,1.101,1.6910000000000003,2.959,4.2250000000000005,5.494,5.071999999999999,9.888,8.873999999999999,10.986,16.395,29.579,27.382,24.929000000000002,31.014999999999997,37.353,38.874,29.748,30.677000000000003,34.141999999999996,34.226,156.512,21.381,18.085,18.337000000000003,15.971,12.422,12.253000000000002,7.436999999999999,4.7330000000000005,3.8040000000000003,4.987,3.297,3.213,1.7760000000000002,1.606,4.059,6.93,12.0,18.593,23.238999999999997,29.749,30.171999999999997,29.916000000000004,19.858999999999998,16.224999999999998,13.607,10.395000000000001,8.198,7.7749999999999995,11.831999999999999,9.465,15.466,13.353,11.747,12.0,17.24,27.804000000000002,43.945,39.297,28.733,37.1,34.479,27.718,17.409,14.79,14.367,12.422,9.633999999999999,16.311,8.789,6.339,7.1,4.311,6.761000000000001,3.551,4.396,2.536,2.959,6.085,1.4370000000000003,2.958,3.7190000000000003,3.804,7.268000000000001,5.747000000000001,5.579000000000001,7.269,8.619,12.675,17.576999999999998,16.224999999999998,35.579,21.465000000000003,17.578,9.38,8.198,3.9720000000000004,2.8739999999999997,1.522,0.762,0.42400000000000004,34.480999999999995,0.254,0.169,0.34,0.255,1.269,0.085,0.0,0.085
Brazil,0.0,0.0,0.051,0.36,1.159,2.86,4.753,6.309,11.004000000000001,15.215,20.122,25.688000000000002,27.228999999999996,29.706999999999997,27.481,29.562,28.168,28.93,29.141000000000002,30.131000000000004,30.688,28.936,28.79,27.968999999999998,28.907999999999994,24.738999999999997,23.916,20.01,21.514,19.439,18.677,17.174,14.201999999999998,13.308,12.566000000000003,10.038,12.416,13.979999999999999,14.262,15.826999999999998,17.973,21.314000000000004,19.421,21.627000000000002,27.694,26.445,28.038999999999998,29.443999999999996,28.87,30.599,29.509999999999998,32.899,40.617999999999995,50.791,62.128,67.655,82.39099999999999,87.82100000000001,82.238,69.69800000000001,68.69500000000001,60.108999999999995,52.913999999999994,54.834,51.053,45.91700000000001,54.912000000000006,57.55800000000001,48.72,43.202,37.866,35.235,31.076000000000004,28.002,25.014000000000003,23.916,22.45,19.557,17.271,11.809,15.714,14.767,14.280999999999999,12.812999999999999,8.496,9.445,9.089,6.514,7.141,5.444,6.454,5.7090000000000005,5.291,4.014,3.0100000000000002,3.029,2.126,5.261000000000001,7.6739999999999995,13.921,20.537,25.104000000000003,23.338,20.099,10.926,12.276,8.711,6.85,5.697,4.701,3.174,2.883,3.7109999999999994,2.757,3.0420000000000003,2.8880000000000003,1.911
Chile,0.0,0.0,0.0,0.26,0.832,1.976,2.238,2.497,2.7569999999999997,2.4450000000000003,4.685,10.878,14.105,23.475,69.175,51.634,40.234,36.643,30.656999999999996,21.288,24.410999999999998,22.747,22.121,17.124,17.074,17.697000000000003,16.292,15.562000000000001,15.823,14.209999999999999,14.365,15.668,13.377,13.325,13.845000000000002,12.648,12.439,11.763000000000002,12.908,12.284,9.889000000000001,10.669,13.378,13.325,13.012,17.28,18.268,20.976,24.412,23.422,23.631,22.172,23.526,23.057000000000002,26.701999999999998,21.184,39.975,30.397,36.956,30.501000000000005,31.803,28.47,28.419,28.941000000000003,28.211,33.781,34.145,35.394,32.272000000000006,33.625,34.508,28.211000000000002,24.567,21.237000000000002,22.486,17.489,12.231,10.514,10.409,5.777,6.09,4.372,2.289,14.104,2.081,2.812,3.486,3.6950000000000003,4.945,6.661999999999999,7.86,8.171000000000001,7.026,8.639,7.494,5.309,4.788,5.413,5.101,6.401,11.139,22.902,31.386999999999997,37.632,38.465,36.643,28.836,17.438,17.645,13.844999999999999,10.825999999999999,6.244999999999999,6.9750000000000005,4.529,3.5389999999999997,3.539,0.988
Colombia,0.0,0.0,0.0,0.118,0.371,0.9380000000000001,1.036,1.1520000000000001,1.5819999999999999,2.029,1.97,2.341,2.888,4.973,6.632,8.837,13.362,16.347,19.175,22.803,28.459000000000003,35.812999999999995,37.451,38.076,34.291,35.071,35.598,26.567,18.161,20.756,21.476,18.317,18.647000000000002,19.488000000000003,22.14,21.281,20.950000000000003,21.456000000000003,21.651999999999997,20.794,20.21,22.490000000000002,27.738,30.274,32.496,40.652,45.449,44.903,34.19499999999999,29.318,21.185,16.249000000000002,12.485,10.494,14.142,14.396,19.254,26.353,38.153999999999996,49.059,55.281,56.079,56.393,57.32900000000001,58.108000000000004,61.309000000000005,62.283,69.326,77.75099999999999,72.349,66.654,59.20100000000001,45.976,36.945,26.604999999999997,18.415,13.011,10.28,8.094,5.833,4.563999999999999,4.057,4.565,3.511,4.116,3.2,3.764,3.863,4.545,4.818,5.637,5.676,5.423,5.637,5.598000000000001,4.156,5.15,8.642000000000001,18.805,29.982,28.284,24.306,17.867,9.850000000000001,7.529000000000001,4.253,2.5749999999999997,2.1470000000000002,1.522,1.034,0.547,0.39099999999999996,0.43000000000000005,0.234,0.234,0.234,0.0
Costa Rica,0.0,0.0,0.195,0.0,0.0,0.195,0.195,0.39,0.0,0.0,0.585,0.0,0.0,0.0,0.39,0.0,0.0,0.78,1.5570000000000002,3.697,6.421,10.119,12.453999999999999,10.312,9.535,11.48,9.924,20.430999999999997,18.68,20.626,19.848000000000003,20.432,17.902,15.956000000000001,17.318,13.232,14.204,12.064,15.955000000000004,16.151,23.741,19.653,17.512,19.264,23.349999999999998,21.599,19.848000000000003,16.735,13.232000000000001,8.173,9.534,7.199999999999999,6.420999999999999,5.643000000000001,6.616,6.811,5.059,11.870000000000001,10.312999999999999,12.647,17.124000000000002,26.075000000000003,35.414,42.421,38.332,37.165,32.885999999999996,29.383,25.101,16.346,16.93,19.654,13.038,17.317999999999998,18.291,16.928,19.653,23.156,26.658,36.193000000000005,37.945,46.702,43.588,38.722,35.998999999999995,28.994,16.151,20.433000000000003,12.259,10.508,7.004999999999999,4.865,3.892,1.557,0.584,1.946,3.6979999999999995,6.6160000000000005,8.756,15.956,21.016,25.492,23.740999999999996,20.433,16.15,15.178,12.843,7.784,8.173,3.697,5.838,5.059,4.281,3.113,4.476,5.448,4.476
Cuba,0.0,0.0,0.088,0.088,0.265,0.795,1.3250000000000002,1.5030000000000001,1.149,0.706,0.44099999999999995,0.176,0.088,0.0,0.088,0.088,0.0,0.0,0.0,0.0,0.0,0.0,0.088,0.088,0.088,0.265,0.53,0.53,0.265,0.44099999999999995,0.177,0.088,0.088,0.265,0.0,0.176,0.088,0.0,0.088,0.264,0.0,0.0,0.265,0.44099999999999995,0.176,1.238,1.9429999999999998,1.6780000000000002,1.414,2.12,2.298,2.0309999999999997,2.032,1.855,1.854,1.8549999999999998,1.3239999999999998,1.502,4.152,5.037000000000001,5.567,5.214,5.5680000000000005,4.683,6.1850000000000005,4.3309999999999995,5.478,5.036,6.275,8.04,10.072,26.595,31.808999999999997,37.287,44.267,43.03,41.704,44.443999999999996,41.618,46.211,40.38100000000001,32.782,28.54,21.472,18.201999999999998,10.251,4.9479999999999995,2.3850000000000002,1.589,0.9709999999999999,0.53,0.5289999999999999,0.353,0.0,0.264,0.176,0.176,0.5289999999999999,1.5890000000000002,2.651,3.271,2.561,1.502,0.706,0.353,0.352,0.088,0.176,0.088,0.44099999999999995,0.176,0.264,0.265,0.088,0.176,0.0,0.0
Dominica,0.0,0.0,0.0,0.0,0.0,0.0,0.0,0.0,0.0,0.0,0.0,0.0,0.0,0.0,0.0,0.0,0.0,0.0,0.0,0.0,0.0,0.0,0.0,0.0,0.0,0.0,0.0,0.0,0.0,0.0,0.0,0.0,0.0,0.0,0.0,0.0,0.0,0.0,0.0,0.0,0.0,0.0,0.0,0.0,0.0,0.0,0.0,0.0,0.0,0.0,0.0,0.0,0.0,0.0,0.0,0.0,0.0,0.0,0.0,0.0,0.0,0.0,0.0,0.0,0.0,0.0,0.0,0.0,0.0,0.0,0.0,0.0,0.0,0.0,0.0,0.0,0.0,13.856,0.0,27.712,27.712,69.28,110.847,69.28,27.712,27.712,27.712,0.0,27.712,13.856,27.712,27.712,41.567,0.0,27.712,41.568,0.0,13.856,13.856,27.712,0.0,27.712,55.424,0.0,55.423,13.856,0.0,13.856,0.0,0.0,0.0,0.0,0.0,0.0,0.0,0.0,0.0
Dominican Republic,0.0,0.0,0.182,1.643,3.652,5.295,5.934,4.565,3.651,4.929,3.561,2.556,2.739,2.464,2.9210000000000003,6.391,5.204000000000001,5.203000000000001,7.12,5.6610000000000005,5.9350000000000005,9.585,8.125,10.955,8.672,8.582,11.686,9.22,7.3950000000000005,3.9259999999999997,2.192,3.378,2.2830000000000004,1.552,1.4620000000000002,1.46,1.554,2.19,1.462,1.369,1.277,1.46,2.0090000000000003,1.095,0.73,0.73,5.843,10.316,11.594,10.591,8.399,4.931,5.205,4.657,4.473,2.648,2.9210000000000003,3.742,2.281,3.104,2.647,2.738,3.834,3.104,1.552,1.643,4.382000000000001,3.3790000000000004,3.195,4.564,2.465,1.917,1.461,1.734,0.913,0.182,1.186,1.642,0.182,0.182,1.1880000000000002,0.73,1.278,0.913,1.368,1.461,1.8270000000000002,1.735,1.369,1.551,1.46,0.7310000000000001,0.548,0.365,1.004,0.9119999999999999,0.45699999999999996,1.004,1.0030000000000001,1.189,1.6440000000000001,1.735,1.0050000000000001,0.7310000000000001,0.182,0.274,0.091,0.0,0.0,0.0,0.0,0.091,0.0,0.0,0.0,0.091,0.0
Ecuador,0.0,0.0,0.168,1.621,5.423,6.9879999999999995,5.926,6.708,27.223999999999997,18.615000000000002,49.025999999999996,20.572,13.305000000000001,11.18,12.297999999999998,15.764,13.975,15.430000000000001,9.503,12.241,10.398,10.901,9.0,6.372000000000001,10.231,12.69,7.658,14.533999999999999,10.063,8.498,12.41,32.312,9.447,8.552,5.032000000000001,5.086,9.056000000000001,5.478,12.242999999999999,18.168,5.702000000000001,3.801,2.013,3.41,5.926,5.366,13.752,11.514,7.324000000000001,12.074,11.459999999999999,11.181000000000001,12.186000000000002,9.671,11.013,11.011000000000001,12.913,12.801,14.143,23.534000000000002,26.441,18.839000000000002,21.076,23.198999999999998,12.745999999999999,15.093,12.521,12.075,8.33,7.715,7.995,4.7509999999999994,4.361000000000001,44.386,7.994000000000001,7.659,6.317,6.821,6.205,4.1930000000000005,10.622,4.306,2.628,1.9570000000000003,3.41,0.9510000000000001,1.6780000000000002,0.448,4.5280000000000005,1.9,3.3550000000000004,12.745000000000001,3.578,1.957,2.794,1.8449999999999998,1.119,27.951,3.8020000000000005,9.727,11.347000000000001,6.932,14.030999999999999,6.597,2.292,2.907,1.7890000000000001,3.9140000000000006,0.168,2.2359999999999998,2.907,1.678,0.391,0.0,0.504,0.336,0.224
El Salvador,0.0,0.0,0.0,0.0,0.306,0.45899999999999996,0.153,0.153,0.306,0.766,1.2269999999999999,1.074,1.38,1.073,2.302,2.148,6.136,9.052000000000001,5.981,8.438,8.439,8.898,9.358,9.052,6.596,7.364000000000001,5.523000000000001,3.835,3.375,2.7609999999999997,4.142,3.683,3.836,3.529,4.143,4.143,4.143,3.835,4.909,5.369000000000001,5.061,6.29,7.210000000000001,4.602,10.892000000000001,9.359,9.359,8.131,7.364,8.284,7.824000000000001,7.517000000000001,7.211,7.055000000000001,3.99,3.222,2.915,3.529,3.068,3.222,3.988,3.375,4.296,3.683,3.9899999999999998,2.915,3.376,4.448,4.449,4.908,5.521000000000001,5.828,8.285,10.126,9.512,10.125000000000002,6.596000000000001,7.517000000000001,8.284,8.131,9.972,11.353,10.894,14.574,12.119,12.886,9.052,7.364,6.136,3.835,1.994,1.841,1.6860000000000002,1.534,1.841,0.9199999999999999,0.306,0.766,2.301,3.989,6.596,7.517,6.596000000000001,4.603,3.221,1.379,1.8399999999999999,0.92,0.45899999999999996,0.306,0.613,0.306,0.153,0.0,0.153,0.153,0.153
Grenada,0.0,0.0,0.0,0.0,0.0,0.0,0.0,0.0,0.0,0.0,0.0,0.0,0.0,0.0,0.0,0.0,0.0,0.0,0.0,0.0,0.0,0.0,0.0,0.0,0.0,0.0,0.0,0.0,0.0,0.0,0.0,0.0,0.0,0.0,0.0,0.0,0.0,0.0,0.0,0.0,0.0,0.0,0.0,0.0,8.848,0.0,0.0,0.0,0.0,0.0,0.0,0.0,0.0,0.0,0.0,0.0,0.0,0.0,0.0,0.0,0.0,0.0,0.0,0.0,0.0,0.0,0.0,0.0,0.0,0.0,0.0,0.0,0.0,0.0,0.0,0.0,0.0,0.0,26.545,123.87700000000001,212.36100000000002,504.359,398.177,141.574,132.72500000000002,35.393,17.696,0.0,17.697,0.0,0.0,0.0,0.0,0.0,0.0,0.0,0.0,17.696,17.696,44.242000000000004,8.848,17.696,8.848,0.0,17.697,0.0,8.848,8.848,0.0,0.0,8.848,8.848,0.0,0.0,8.848,17.696,8.848
Guatemala,0.0,0.0,0.055,0.0,0.0,0.055,0.22,0.219,0.165,0.385,0.33,0.9860000000000001,1.9180000000000001,6.247,6.6290000000000004,6.356999999999999,8.658000000000001,9.534,11.999000000000002,14.849,12.055,12.328,11.452,7.891000000000001,9.699,7.068,5.316,4.604,6.9590000000000005,4.439,2.959,3.8899999999999997,6.191,4.329,5.7540000000000004,3.561,3.7800000000000002,8.055,3.672,3.452,7.508,10.082,7.286999999999999,3.1229999999999998,7.946,9.754000000000001,10.959999999999999,6.904,10.85,11.123,6.904,5.425000000000001,4.438000000000001,4.329,5.2059999999999995,4.932,4.439,5.095000000000001,8.712,10.083,7.068,8.329,7.014,5.7540000000000004,5.370000000000001,7.507,7.452,8.548,17.261000000000003,18.739,12.274000000000001,10.027000000000001,9.041,10.741,16.713,15.998999999999999,15.725999999999999,17.426,18.465,22.082,15.453,15.563,16.109,13.042000000000002,13.698,19.124,18.521,15.780000000000001,15.671,6.795,3.3419999999999996,3.0140000000000002,2.686,1.5880000000000003,1.534,0.6030000000000001,0.548,1.9740000000000002,3.8360000000000003,4.383,5.316000000000001,6.356,6.4110000000000005,8.713000000000001,4.603,3.6169999999999995,3.3970000000000002,2.3569999999999998,2.193,2.303,2.6860000000000004,3.7809999999999997,2.8500000000000005,5.425,5.151,5.808,2.685
Guyana,0.0,1.265,0.0,0.0,3.7960000000000003,2.53,0.0,1.265,2.53,1.265,0.0,0.0,1.265,0.0,0.0,0.0,0.0,2.53,2.53,2.53,1.265,0.0,2.53,0.0,10.123000000000001,5.061,11.388,7.590999999999999,10.124,11.389000000000001,13.92,18.980999999999998,6.326,10.123000000000001,8.857000000000001,11.389,5.061,6.326,7.5920000000000005,2.53,3.7960000000000003,6.326,3.7960000000000003,2.531,3.7960000000000003,3.7960000000000003,0.0,6.327,3.7960000000000003,7.5920000000000005,3.7960000000000003,7.5920000000000005,6.327,7.590999999999999,7.590999999999999,13.919,12.655000000000001,18.98,18.979999999999997,11.388,21.509999999999998,20.245,15.185000000000002,13.918,31.633000000000003,26.570999999999998,21.509999999999998,22.775,18.98,18.979,13.919,18.979,11.388,15.183,16.448,17.715,22.774,22.775,34.164,24.040000000000003,40.489999999999995,45.55,48.080999999999996,31.631999999999998,34.163,34.163,20.244999999999997,25.306999999999995,17.714,17.715,17.714,18.979,15.184,15.183000000000002,17.715,11.388,15.184000000000001,17.715,45.55,32.897999999999996,17.714,12.653,22.775,7.592,3.7960000000000003,1.265,2.53,0.0,0.0,0.0,2.53,0.0,0.0,0.0,0.0,3.7960000000000003,1.265
Haiti,0.0,0.0,0.0,0.0,0.0,0.174,0.087,0.087,0.174,0.347,0.52,0.174,0.7809999999999999,1.3,0.6930000000000001,1.56,0.694,0.9530000000000001,1.127,1.2990000000000002,0.78,0.43399999999999994,0.867,1.82,0.347,0.347,0.433,0.26,0.347,0.43399999999999994,0.173,0.087,0.087,0.0,0.087,0.0,0.0,0.0,0.0,0.087,0.0,0.087,0.087,0.087,0.0,0.087,0.173,0.087,0.0,0.087,0.087,0.0,0.0,0.0,0.087,0.0,0.174,0.0,0.087,0.0,0.261,0.78,0.52,0.433,1.387,1.645,2.166,1.3,3.379,3.118,3.033,1.386,3.118,1.9060000000000001,1.559,1.126,0.52,0.174,0.173,0.173,0.6930000000000001,0.952,0.347,1.9929999999999999,1.126,0.087,0.347,1.213,1.993,0.26,1.04,2.08,0.954,0.607,0.0,0.087,0.693,0.52,0.0,0.087,7.971,0.26,0.606,0.52,0.0,0.346,0.0,0.0,0.52,0.087,0.0,0.0,0.0,0.0,0.0,0.0,0.0
Honduras,0.0,0.0,0.0,0.099,1.3900000000000001,0.7949999999999999,1.6880000000000002,0.894,1.59,3.08,2.5840000000000005,2.88,2.882,4.67,5.563000000000001,3.8760000000000003,11.229000000000001,12.52,12.024,8.547,16.894,23.750999999999998,9.639999999999999,7.154,6.46,18.284,14.111,5.167,8.049,10.434,9.738,9.241999999999999,5.167,4.074,5.167,7.154999999999999,7.452999999999999,3.08,4.173,3.2779999999999996,2.981,4.867999999999999,3.776,9.440000000000001,7.055,7.949,9.043,13.316999999999998,10.136,13.714,11.725,12.421,8.943999999999999,7.751,9.042000000000002,10.533000000000001,6.458,13.216,16.297,14.012,18.482,26.533,27.924,17.788,14.011,15.700999999999999,13.812999999999999,11.228,14.210999999999999,14.21,13.912,17.588,16.595,23.85,28.42,25.142,21.962,20.67,16.496,29.416000000000004,13.216,18.682000000000002,17.391000000000002,9.440999999999999,13.415000000000001,8.546,4.372,6.856999999999999,4.074,3.677,1.49,0.994,0.298,0.795,0.0,0.398,0.0,0.596,1.888,4.372,0.0,0.0,9.54,11.129999999999999,6.46,2.683,2.286,1.391,10.136,0.7949999999999999,0.0,0.397,0.099,0.199,0.099,0.0,0.0
Jamaica,0.0,0.0,0.336,0.0,0.673,0.336,0.336,0.672,0.336,0.336,0.0,0.0,0.0,0.336,0.0,0.0,0.0,0.0,0.0,0.0,0.0,0.0,1.0090000000000001,0.336,0.672,1.009,3.363,2.6910000000000003,5.046,6.726000000000001,9.416,4.372,8.072,4.709,6.389999999999999,4.036,3.0269999999999997,2.019,4.371,3.0259999999999994,3.026,4.036,3.0280000000000005,3.026,1.344,4.0360000000000005,3.0269999999999997,3.0269999999999997,3.0280000000000005,3.699,6.39,7.398999999999999,8.744,11.435,11.77,11.097999999999999,13.788,16.144,14.798,10.424999999999999,7.398,7.398999999999999,11.771,20.515,8.071,6.054,8.743,10.761000000000001,6.727,8.408,9.754000000000001,8.744000000000002,5.045,6.390000000000001,8.071,19.505,23.878,31.614000000000004,34.303,33.631,22.868000000000002,14.798,17.824,32.285,25.897000000000002,16.815,14.124,14.461,12.443999999999999,10.763,6.727,7.061999999999999,3.699,5.715999999999999,6.053,3.699,4.372,7.398,15.469999999999999,21.189,17.489,9.753,11.098,10.426,4.708,4.709,4.708,4.036,4.708,3.0269999999999997,7.399000000000001,5.044,6.39,3.6999999999999997,7.398,8.745000000000001,6.053
Mexico,0.0,0.0,0.016,0.078,0.338,1.182,2.096,4.383,5.119,8.437,10.855,14.922999999999998,17.166,26.031,22.546,27.037000000000003,38.370000000000005,26.579,29.364,27.483000000000004,28.842000000000002,25.44,29.47,29.955,23.545,22.203,23.275,21.932,16.880999999999997,19.853,17.265,14.033,15.83,17.296,19.544999999999998,19.73,21.618000000000002,19.685,26.869,26.132,27.352999999999998,27.215000000000003,30.408,34.4,40.058,44.663999999999994,56.601,57.538000000000004,47.719,51.979,39.874,35.905,33.172,26.821999999999996,20.949,23.299000000000003,18.616,23.101000000000003,19.046,17.473,15.767999999999999,11.431000000000001,9.45,6.694,11.322,6.455,8.175,6.617999999999999,10.648,6.963,8.405,8.506,10.641,16.429000000000002,21.703,24.305,30.04,32.418,33.126,25.195,23.139,31.974000000000004,25.142,23.169,18.409000000000002,12.529,12.989,6.563,7.339,8.115,11.277999999999999,9.904,9.857,7.454,8.46,5.135,4.423,4.675,10.646999999999998,19.338,23.545,16.404,14.594000000000001,16.566000000000003,9.843,7.700000000000001,5.773,5.397,3.7849999999999997,2.9400000000000004,1.6270000000000002,0.73,1.334,0.123,1.006,1.167,1.159
Nicaragua,0.0,0.0,0.0,0.149,0.0,0.0,0.0,0.149,0.0,0.298,0.448,1.343,2.686,1.641,1.343,1.343,1.492,1.343,1.194,1.194,1.343,1.194,1.044,0.746,0.746,0.597,0.597,0.448,0.448,0.298,0.298,0.298,0.149,0.149,0.149,0.149,0.149,0.149,0.149,0.149,0.149,0.149,0.149,0.149,0.149,0.149,0.149,0.149,0.149,0.149,0.149,0.149,0.149,0.149,0.149,0.149,0.149,0.149,0.149,0.149,0.149,0.149,0.149,0.149,0.149,0.149,0.149,0.0,0.149,0.298,0.149,0.149,0.149,0.149,0.149,0.149,0.149,0.149,0.149,0.149,0.149,0.149,0.149,0.149,0.149,0.149,0.149,0.149,0.149,0.149,0.149,0.149,0.149,0.149,0.149,0.149,0.149,0.0,0.149,0.149,0.149,0.149,0.149,0.149,0.149,0.149,0.298,0.149,0.149,0.149,0.149,0.149,0.149,0.149,0.149,0.149,0.0
Panama,0.0,0.228,0.0,1.825,5.2490000000000006,5.706000000000001,7.9879999999999995,8.672,7.531000000000001,7.76,6.619,5.933000000000001,6.162,9.129000000000001,7.9879999999999995,12.781,18.715999999999998,24.193,32.637,33.093,40.852999999999994,33.31999999999999,32.409,28.529,25.79,20.084,18.259999999999998,14.836,16.89,14.605,18.943,13.693999999999999,14.607,14.834999999999999,13.693,15.975999999999999,17.117,14.834,19.173000000000002,26.246,31.038999999999998,39.484,52.263999999999996,60.480999999999995,59.339,64.589,55.23,42.68,41.538000000000004,31.952,20.54,21.224999999999998,17.346,16.204,10.956000000000001,10.270000000000001,8.216000000000001,5.706,5.933000000000001,2.966,5.705,5.250000000000002,6.162000000000001,5.706,8.445,4.564,7.303000000000001,5.934,8.444,10.499,10.727,13.922,10.499,13.237,11.867,10.27,11.641,8.216000000000001,6.848000000000001,9.357000000000001,8.673,6.161,6.619000000000001,5.476,5.478,4.109,1.826,1.597,3.652,2.053,1.824,2.2820000000000005,3.196,2.739,1.825,3.8800000000000003,5.250000000000001,9.586,14.379,24.192,26.246,25.791,14.151000000000002,14.379,7.531000000000001,4.566000000000001,5.022,2.0540000000000003,1.597,0.912,0.912,0.912,0.456,1.597,2.282,2.966,2.51
Paraguay,0.0,0.0,0.139,0.278,0.0,0.41600000000000004,0.278,0.139,0.139,0.0,0.139,0.0,0.0,0.0,0.0,0.278,0.0,0.555,0.0,0.971,1.247,1.2480000000000002,2.356,4.988,7.619,12.189,14.405000000000001,11.636000000000003,13.436,17.314,14.959999999999997,18.284,13.851999999999999,13.714000000000002,13.019,9.419,10.666,10.805,9.419,11.359,13.021,15.651,11.358,12.188,13.020999999999999,12.744,12.466999999999999,11.913,11.913,13.436,14.682,14.821000000000002,15.375,19.669,28.532000000000004,36.429,40.307,49.034000000000006,59.283,64.27,80.75099999999999,68.97800000000001,59.836000000000006,80.475,91.002,86.155,113.85600000000001,98.62,96.126,105.544,79.09,43.079,44.325,46.541,35.596999999999994,18.560000000000002,14.959,17.313,39.614000000000004,5.402000000000001,3.74,2.6329999999999996,7.758000000000001,0.8320000000000001,0.41700000000000004,2.771,1.9409999999999998,1.802,2.772,10.527999999999997,1.8030000000000002,14.959999999999999,3.325,3.187,10.112,3.879,4.709999999999999,1.662,30.057,45.016,33.935,39.615,41.969,17.175,19.252,8.589,5.818,11.775000000000002,9.418999999999999,0.416,0.0,8.450000000000001,0.0,0.277,0.0,1.8010000000000002,0.0
Peru,0.03,0.06,0.69,1.23,3.686,11.751999999999999,22.093,38.429,59.443999999999996,80.157,92.44800000000001,97.424,105.15700000000001,105.78800000000001,107.91700000000002,107.196,97.124,95.803,97.994,105.517,92.05799999999999,110.52400000000002,113.61200000000001,112.14099999999999,99.97200000000001,90.141,71.135,59.68300000000001,49.42999999999999,42.687,33.333999999999996,30.816,25.661,22.992,19.725,19.006,17.867,16.188,17.628,17.446,17.927,20.593999999999998,22.451999999999998,26.35,34.473,46.884,69.366,100.27099999999999,112.922,117.808,130.518,128.511,124.58200000000001,115.46899999999998,130.757,115.978,132.407,128.66,143.46699999999998,148.234,135.823,124.852,106.986,83.785,71.85400000000001,84.863,60.763000000000005,54.947,45.385,37.172,36.63,51.111,19.456,12.56,13.939,12.169999999999998,12.350999999999999,8.902999999999999,9.143,6.774,4.886,7.074,5.845000000000001,5.245,4.526,5.606,5.335,4.675,4.917,5.8740000000000006,5.784000000000001,7.643,8.693,10.282,8.992,6.054,7.194,8.484,18.526,23.952,45.984,32.195,29.677,27.908,17.626,11.721000000000002,8.062999999999999,7.075000000000001,4.6160000000000005,4.166,2.819,3.147,2.5799999999999996,3.088,2.398,2.1879999999999997,0.72
Saint Lucia,0.0,0.0,0.0,0.0,0.0,0.0,0.0,0.0,0.0,0.0,0.0,0.0,0.0,0.0,0.0,0.0,0.0,0.0,0.0,0.0,0.0,0.0,0.0,0.0,0.0,0.0,0.0,0.0,0.0,0.0,0.0,0.0,0.0,0.0,0.0,0.0,10.846,0.0,0.0,0.0,10.846,5.423,0.0,0.0,0.0,5.423,10.846,16.269,27.115,27.115000000000002,10.846,37.961,43.384,27.115000000000002,37.961,16.269,16.269,16.269,5.423,16.269,21.692,5.423,0.0,10.846,0.0,16.269,0.0,0.0,21.692,0.0,10.846,5.423,5.423,5.423,5.423,27.115000000000002,10.846,21.692,70.499,65.076,86.768,168.112,130.152,81.345,43.384,16.269,75.922,27.115000000000002,48.807,48.806999999999995,10.846,10.846,5.423,43.384,21.692,0.0,21.692,43.384,10.846,54.230000000000004,37.961,32.538000000000004,48.806999999999995,10.846,10.846,21.692,0.0,0.0,0.0,0.0,0.0,5.423,0.0,0.0,0.0,0.0,10.846
Saint Vincent and the Grenadines,0.0,0.0,0.0,0.0,0.0,0.0,0.0,0.0,0.0,0.0,0.0,0.0,0.0,0.0,0.0,0.0,0.0,0.0,0.0,0.0,0.0,0.0,0.0,0.0,0.0,0.0,0.0,0.0,0.0,0.0,0.0,0.0,0.0,0.0,0.0,0.0,0.0,0.0,0.0,0.0,0.0,0.0,0.0,0.0,0.0,8.987,8.987,0.0,8.987,26.961,0.0,0.0,0.0,0.0,8.987,8.987,0.0,0.0,0.0,0.0,8.987,8.987,0.0,0.0,0.0,0.0,0.0,0.0,0.0,0.0,0.0,0.0,0.0,0.0,0.0,0.0,0.0,0.0,0.0,0.0,8.987,26.961,80.884,62.91,44.936,116.833,53.923,26.961,17.974,17.974,8.987,0.0,26.961,0.0,35.948,0.0,26.961,8.987,44.935,26.961,17.974,17.974,17.974,17.974,0.0,0.0,0.0,0.0,0.0,0.0,0.0,0.0,0.0,0.0,0.0,0.0,0.0
Suriname,0.0,0.0,0.0,0.0,1.69,0.0,0.0,0.0,0.0,0.0,0.0,0.0,0.0,0.0,3.38,8.45,3.38,3.38,6.76,1.69,5.07,5.07,5.07,20.278000000000002,23.658,15.209,13.518999999999998,28.727000000000004,5.07,8.449,5.07,0.0,3.38,0.0,3.38,1.69,1.69,3.38,1.69,0.0,0.0,0.0,1.69,6.76,13.519,11.828999999999999,11.829,10.14,6.76,10.14,3.38,3.38,8.45,1.69,0.0,1.69,0.0,1.69,13.518999999999998,10.14,15.207,16.898,15.209,32.106,62.52000000000001,74.349,86.178,84.488,67.591,67.591,45.623,54.072,33.79599999999999,28.725999999999996,16.898999999999997,23.658,27.036,20.279,32.105000000000004,35.485,59.141000000000005,64.211,65.901,87.86699999999999,79.419,67.59,40.555,28.727,35.485,16.897,27.036,10.139999999999999,10.139,6.76,5.07,5.07,10.139999999999999,20.278999999999996,32.106,33.796,23.656,32.105,18.587999999999997,10.139,1.69,3.38,3.38,1.69,1.69,0.0,0.0,3.38,1.69,0.0,15.208,3.38,3.38
Trinidad and Tobago,0.0,0.0,0.0,1.426,2.138,1.426,0.0,0.0,0.0,0.0,0.0,0.0,0.0,0.0,0.0,0.0,0.0,0.0,0.0,0.0,0.0,0.0,0.0,1.425,1.426,4.276,8.552000000000001,12.114,6.413,6.413,4.276,7.127,3.5629999999999997,6.414999999999999,1.426,2.139,0.0,0.713,2.138,2.138,0.0,0.713,1.425,1.426,0.0,1.426,1.426,0.0,0.713,1.426,0.0,0.0,0.0,0.713,0.0,0.713,2.138,0.0,3.5629999999999997,4.989,8.55,17.814,44.179,51.305,66.27000000000001,61.281000000000006,57.006,40.61600000000001,42.042,47.03,36.341,33.489,25.653,27.078000000000003,33.491,27.079,29.929000000000002,34.203,31.352,24.226000000000003,26.366,19.952,27.078000000000003,25.653,31.352000000000004,28.504,24.940000000000005,50.592,45.605,49.168,81.233,89.072,89.072,102.61100000000002,112.585,93.34599999999999,90.49799999999999,77.67099999999999,69.832,61.281,47.743,37.765,24.227000000000004,32.779,22.802,17.101000000000003,16.389000000000003,14.964,17.814,14.251999999999999,17.101000000000003,7.84,8.552,11.401000000000002,13.539000000000001,13.539,4.276
Uruguay,0.0,0.0,0.0,0.0,0.861,0.574,0.574,0.861,0.861,0.287,0.287,0.287,0.0,0.287,0.0,0.287,0.287,0.574,0.287,0.574,0.287,0.287,0.574,0.287,1.148,0.287,0.287,0.0,0.287,0.287,0.287,0.287,0.287,0.574,1.4349999999999998,0.861,0.861,1.4349999999999998,1.4349999999999998,1.435,2.583,5.1659999999999995,8.321,13.199,11.190999999999999,12.339,18.937,16.641000000000002,13.485,13.198,8.610000000000001,9.183,9.758000000000001,12.626,17.788999999999998,28.407000000000004,40.171,83.784,107.31299999999999,108.748,95.548,104.156,82.349,97.843,88.08900000000001,97.555,92.678,72.019,59.108000000000004,48.205,36.439,18.364,11.478,9.183,6.313999999999999,3.444,4.018,2.87,2.009,0.861,2.009,0.861,1.148,1.435,0.861,0.861,1.722,2.009,4.018,2.583,3.444,2.009,2.5829999999999997,2.296,2.583,2.009,4.5920000000000005,7.175,16.930000000000003,30.989000000000004,48.778,29.842,31.562,24.102,20.085,12.338,10.618,4.305,3.157,5.452999999999999,3.444,1.148,1.722,2.009,0.861,0.574,3.443
Venezuela,0.0,0.0,0.0,0.035,0.17500000000000002,0.07,0.0,0.035,0.209,0.0,0.0,0.0,0.14,0.21000000000000002,0.035,0.21000000000000002,0.28,0.5940000000000001,0.733,0.766,0.835,0.9049999999999999,1.359,1.778,1.429,1.499,1.2879999999999998,1.674,1.8479999999999999,1.8120000000000003,1.499,1.2189999999999999,1.184,1.1489999999999998,0.8009999999999999,0.8009999999999999,0.6970000000000001,0.629,0.662,0.7310000000000001,0.975,1.0439999999999998,0.904,0.593,0.835,1.184,1.2189999999999999,1.219,1.394,1.3589999999999998,1.2189999999999999,0.905,1.045,1.5330000000000001,1.569,2.09,2.578,3.2060000000000004,3.867,4.215,3.7620000000000005,3.7619999999999996,2.9960000000000004,4.076,3.345,2.8930000000000002,3.1,3.8680000000000003,3.31,3.4480000000000004,3.17,2.508,2.822,3.518,3.169,3.0300000000000002,2.4379999999999997,2.4040000000000004,2.4379999999999997,3.7270000000000003,2.891,3.065,2.5780000000000003,3.797,3.0300000000000002,2.858,2.09,2.159,1.916,1.638,1.778,1.603,1.499,1.08,1.3940000000000001,0.5569999999999999,0.48800000000000004,0.976,0.802,0.976,1.3239999999999998,1.3940000000000001,2.161,0.907,0.488,0.28,0.279,0.35000000000000003,0.21000000000000002,0.24500000000000002,0.24500000000000002,0.14,0.10500000000000001,0.0,0.07,0.17500000000000002,0.035
