location,202009,202010,202011,202012,202013,202014,202015,202016,202017,202018,202019,202020,202021,202022,202023,202024,202025,202026,202027,202028,202029,202030,202031,202032,202033,202034,202035,202036,202037,202038,202039,202040,202041,202042,202043,202044,202045,202046,202047,202048,202049,202050,202051,202052,202053,202101,202102,202103,202104,202105,202106,202107,202108,202109,202110,202111,202112,202113,202114,202115,202116,202117,202118,202119,202120,202121,202122,202123,202124,202125,202126,202127,202128,202129,202130,202131,202132,202133,202134,202135,202136,202137,202138,202139,202140,202141,202142,202143,202144,202145,202146,202147,202148,202149,202150,202151,202152,202201,202202,202203,202204,202205,202206,202207,202208,202209,202210,202211,202212,202213,202214,202215,202216,202217,202218,202219,202220,202221
Antigua and Barbuda,0.0,0.0,10.129,0.0,60.772999999999996,81.031,40.515,20.258,10.129,10.129,0.0,0.0,0.0,0.0,10.129,0.0,0.0,395.025,40.515,60.773999999999994,20.258,60.773,91.15899999999999,10.129,10.129,10.129,0.0,10.129,0.0,0.0,20.258,81.031,40.516,10.129,30.387,30.387,20.258,20.258,50.644,20.258,30.387,30.387,40.516,30.387,40.516,81.031,151.933,81.032,232.965,597.602,1326.878,1225.5890000000002,1043.269,881.209,1337.007,496.31300000000005,901.467,303.865,121.547,162.062,60.772999999999996,50.644,0.0,91.16,141.804,20.258,40.516,0.0,0.0,0.0,10.129,20.258,20.258,91.16,232.964,253.222,445.668,698.8900000000001,1093.915,1134.43,3038.652,4426.303,2147.313,4395.916,2785.432,1215.46,1073.657,212.70499999999998,202.577,151.93200000000002,131.675,60.774,50.644,121.547,273.48,182.31900000000002,476.055,4375.657999999999,4071.7940000000003,5003.646,6350.782,1762.4180000000001,6067.173999999999,698.889,293.73699999999997,121.54599999999999,111.417,40.515,91.16,111.41799999999999,182.319,243.092,364.637,557.086,374.76700000000005,587.473,1914.3500000000001,405.154
Argentina,0.0,0.044,0.505,2.061,9.450999999999999,12.608,11.489999999999998,15.218,18.616,16.489,20.391,37.341,62.361000000000004,89.15599999999999,105.755,147.877,203.373,310.026,329.826,409.68500000000006,477.83400000000006,679.6500000000001,722.89,858.0920000000001,890.8080000000001,875.8320000000001,1210.525,1329.72,1401.114,1472.991,1497.638,1692.876,1768.4140000000002,1792.03,1978.893,1663.0120000000002,1357.0649999999998,1305.25,1188.357,901.0909999999999,904.621,646.761,806.301,819.742,1125.448,1502.396,1505.0259999999998,1356.208,1165.8600000000001,1046.906,850.921,726.398,835.485,825.7059999999999,855.878,940.406,1081.266,1573.57,2507.225,3098.9030000000002,3221.19,2883.2059999999997,2724.8489999999997,2923.048,4200.713,4116.558,4015.5840000000003,3378.208,2885.9480000000003,2547.766,2615.829,2216.033,2151.37,1721.9299999999998,1760.718,1604.773,1358.8390000000002,965.9959999999999,808.6910000000001,624.065,425.47200000000004,297.221,224.46800000000002,189.14299999999997,125.115,127.89999999999999,148.20499999999998,167.28199999999998,153.51100000000002,172.58800000000002,185.416,204.732,266.01800000000003,330.178,557.056,1288.9370000000001,4429.018,10117.305,15249.082999999999,14578.883000000002,10502.693,5301.187,3063.754,1907.3229999999999,1423.48,796.609,721.004,759.399,379.03,319.718,232.49299999999997,172.368,9.385,247.929,250.911,386.924,745.278,953.541
Bahamas,0.0,0.0,0.0,7.558,15.116,35.271,35.270999999999994,20.155,45.349,7.558,22.675,10.077,2.519,5.038,0.0,0.0,2.519,0.0,0.0,10.077,45.349000000000004,448.46000000000004,624.819,581.99,607.185,1136.268,735.675,632.379,851.569,627.339,1451.1950000000002,1083.357,959.906,1244.602,1612.441,947.308,423.26499999999993,544.1980000000001,513.9649999999999,254.464,173.841,133.531,214.15200000000002,138.569,249.424,206.593,131.01,173.841,166.283,206.59300000000002,138.56900000000002,231.788,292.255,204.07500000000002,146.127,357.76,340.124,594.587,486.251,680.248,861.6479999999999,1201.77,806.22,632.378,937.231,725.5980000000001,466.096,408.14799999999997,377.91499999999996,433.343,675.2090000000001,728.117,957.386,949.828,2257.4159999999997,1458.754,1819.034,2068.459,2464.0109999999995,1899.656,1463.7930000000001,1751.009,1443.638,1287.432,1174.058,0.0,1509.143,433.343,337.604,340.124,209.114,163.763,229.269,141.089,287.21500000000003,1370.574,2360.7129999999997,6666.432,7019.153,3174.4910000000004,1058.163,488.77,473.65500000000003,234.308,211.632,153.686,55.427,42.83,78.102,105.815,113.37400000000001,105.81700000000001,138.569,196.516,287.216,340.124,697.884,360.28
Barbados,0.0,0.0,0.0,17.378,62.563,86.894,52.136,24.33,6.952,6.952,6.952,3.476,13.902,0.0,0.0,13.903,3.476,0.0,0.0,3.476,3.476,13.902999999999999,6.951,55.611999999999995,34.758,24.331,27.805999999999997,27.805999999999997,6.952,17.378999999999998,17.379,10.427,27.805999999999997,45.184,24.329,31.281,17.378999999999998,24.33,13.902999999999999,52.136,48.66,24.33,52.136,139.028,149.457,1338.1630000000002,792.47,212.021,545.691,462.274,941.927,2141.059,969.734,622.158,441.419,375.382,243.30100000000002,194.64099999999996,139.03,159.88400000000001,163.36,121.65100000000001,236.349,97.32,69.514,62.563,59.087,10.428,13.904,86.893,27.805,159.88400000000001,364.95300000000003,274.58299999999997,139.029,225.923,208.54500000000002,358.002,559.595,1049.675,1776.1060000000002,1786.533,3037.8019999999997,4198.702,5529.911999999999,6117.313,6881.978,7302.542,7128.754999999999,6131.217,5383.93,3983.2039999999997,3555.688,2446.926,1341.638,1101.812,3253.2980000000002,7625.786,10170.034,11157.144999999999,14824.058,12662.143,10785.241,6749.900000000001,4250.839,3340.192,2752.792,2175.817,2120.205,4257.789,5328.318,7730.0599999999995,8557.287,8015.071,9255.912,9200.3,7601.457,3249.8219999999997
Belize,0.0,0.0,0.0,0.0,4.94,4.94,14.819000000000003,12.349,0.0,0.0,0.0,0.0,0.0,0.0,2.47,2.47,4.94,4.94,14.818,17.288,7.409000000000001,19.758,0.0,143.24,518.6279999999999,642.1099999999999,498.871,464.294,595.187,325.994,498.87,629.7620000000001,856.97,743.365,679.1550000000001,879.1969999999999,1306.448,1578.1080000000002,674.2149999999999,1178.025,4287.32,3368.6079999999997,1526.2469999999998,1726.2879999999998,706.321,975.5129999999999,649.519,422.311,382.79600000000005,259.31399999999996,239.55700000000002,202.513,121.01400000000001,103.726,86.439,74.09100000000001,37.046,101.256,71.62,130.893,150.649,170.406,44.454,69.15,123.48200000000003,66.68100000000001,172.877,190.164,162.99800000000002,328.46500000000003,508.74899999999997,432.18899999999996,407.49300000000005,577.899,607.534,679.155,1010.088,1402.763,1474.3829999999998,1822.605,1617.624,2783.3010000000004,2637.5910000000003,3464.9249999999997,2924.07,4452.786,3593.347,3341.441,2706.7419999999997,2482.002,1486.732,1639.8500000000001,1271.8719999999998,871.787,526.037,634.701,3301.9269999999997,7315.116,11879.036,12696.491000000002,11691.342999999999,7549.732,4047.762,2212.81,1279.281,689.033,390.206,269.192,217.329,143.24,71.62,32.106,217.32999999999998,192.63400000000004,284.01,701.381,1291.629,814.9860000000001
Bolivia,0.0,0.0,0.254,0.42400000000000004,3.551,4.902,10.902,16.056,26.536,30.677999999999997,67.269,96.342,148.14600000000002,237.979,265.023,301.78499999999997,391.619,499.538,519.0590000000001,633.317,752.306,702.953,719.009,768.871,751.715,700.504,505.538,357.13800000000003,416.718,343.87,232.57100000000003,222.00800000000004,140.032,92.87799999999999,76.228,72.002,49.522,54.256,56.875,48.341,61.946,101.834,179.076,322.828,560.807,768.9549999999999,911.9469999999999,1062.88,1132.685,888.452,673.543,392.12600000000003,517.201,401.422,369.647,405.986,363.393,392.54900000000004,522.441,489.312,721.0380000000001,553.287,647.5999999999999,817.802,1126.685,1563.4329999999998,1414.948,1209.59,1001.2719999999999,878.819,834.1970000000001,602.895,505.706,475.70599999999996,336.60200000000003,277.953,369.223,300.263,214.571,165.387,150.76500000000001,172.062,139.019,171.809,185.83800000000002,229.697,264.178,232.487,308.038,447.98699999999997,409.87399999999997,566.893,486.27000000000004,572.8929999999999,774.7860000000001,962.483,2070.999,4484.601000000001,4532.011,6694.705,3133.627,1680.9850000000001,772.59,467.002,295.193,97.356,215.24599999999998,183.639,111.637,102.08699999999999,51.888999999999996,39.719,34.311,49.776999999999994,32.199,47.833,73.27,45.889
Brazil,0.005,0.051000000000000004,0.645,3.0,11.196,24.075,43.358,60.539,81.24000000000001,153.639,232.689,300.15,472.24300000000005,556.224,701.8389999999999,718.658,892.074,911.71,1067.225,1069.5140000000001,971.5989999999999,1277.942,1268.535,1215.065,1237.5610000000001,1030.733,1057.008,1130.356,758.692,853.3719999999998,771.495,771.089,709.345,565.6800000000001,621.593,655.398,469.0799999999999,790.7900000000001,815.558,886.185,1135.4430000000002,1224.06,1332.362,1092.8700000000001,1095.501,1450.391,1502.1530000000002,1413.7350000000001,1428.511,1289.193,1259.941,1283.573,1504.6070000000002,1658.3270000000002,2012.0810000000001,2047.9320000000002,2140.887,1971.4959999999999,1988.3079999999998,1830.2520000000002,1585.9379999999999,1681.2849999999999,1697.799,1744.5339999999999,1814.299,1629.397,1740.638,1860.78,1987.355,2071.681,1410.511,1317.078,1123.1950000000002,1291.109,990.858,908.513,790.65,847.504,701.265,594.807,466.822,533.38,514.057,429.84000000000003,441.662,283.477,349.67799999999994,323.37,276.779,324.632,235.98899999999998,266.76,248.34799999999998,218.68,102.18,86.502,250.203,722.457,2026.997,3666.692,5229.096,5001.349,3807.548,2981.1749999999997,2347.287,1067.7910000000002,1273.0680000000002,1045.714,866.074,651.468,607.332,469.796,414.12500000000006,407.647,447.079,496.31899999999996,375.33399999999995,347.683
Chile,0.104,0.572,2.185,19.415,55.85,95.14699999999999,121.79500000000002,121.017,134.081,216.008,392.298,641.4110000000001,1063.324,1313.998,1438.71,1722.9010000000003,1548.951,1385.151,1057.808,907.073,750.0369999999999,648.437,628.5020000000001,581.24,577.127,513.576,534.24,544.4409999999999,525.755,528.879,478.546,552.301,483.959,447.3670000000001,463.399,417.908,423.374,419.157,411.66099999999994,421.604,426.496,484.375,590.975,649.374,737.547,909.779,1219.945,1279.02,1254.505,1099.24,1061.244,1017.2090000000001,1097.418,1250.862,1509.55,1700.6770000000001,1937.9189999999999,2163.816,2131.075,2123.0589999999997,2006.73,1844.333,1666.7920000000001,1641.652,1856.1490000000001,1976.2269999999999,2173.029,2142.007,1874.261,1363.4969999999998,1039.486,829.1540000000001,592.7950000000001,409.998,358.102,301.88800000000003,256.033,215.903,180.821,153.96399999999997,129.60399999999998,144.334,168.85,212.67499999999998,233.601,321.51099999999997,457.36099999999993,557.87,569.894,749.673,736.8690000000001,725.9390000000001,598.938,403.38599999999997,410.257,369.918,383.55600000000004,659.628,1683.655,3492.6990000000005,6559.7339999999995,9842.62,10971.322,10437.238,8672.903999999999,6860.374,5242.821,4279.952,2770.4559999999997,1764.28,1176.742,899.89,685.2879999999999,617.83,738.3790000000001,1032.096,1553.426,733.017
Colombia,0.0,0.02,0.23399999999999999,2.653,6.691,12.855999999999998,20.814999999999998,14.239,24.579,36.36,53.954,72.583,81.76899999999999,127.00399999999999,163.833,172.259,283.42499999999995,366.89,407.952,534.2139999999999,712.131,835.664,1067.241,1190.3249999999998,1331.121,1276.659,1119.4399999999998,978.7990000000001,851.093,809.643,778.6669999999999,692.3520000000001,900.269,831.1,908.421,1081.42,1044.5359999999998,902.1600000000001,815.5529999999999,975.64,1033.71,910.157,1267.8999999999999,1534.062,1364.9820000000002,1739.1689999999999,1927.521,1880.0819999999999,1456.4089999999999,1089.497,662.469,524.424,444.2320000000001,418.347,416.886,494.36400000000003,705.1480000000001,1023.2350000000001,1307.089,1964.4059999999997,2037.7700000000002,1998.4070000000002,1772.721,1929.6280000000002,1730.529,2570.522,3023.1620000000003,2880.8650000000002,3197.2360000000003,3421.342,3334.814,2875.052,2122.231,1647.7640000000001,1160.48,843.895,506.92499999999995,376.527,278.275,225.822,191.00599999999997,175.90699999999998,180.666,173.429,165.60700000000003,155.483,151.915,182.714,201.01200000000003,269.984,263.08,295.42100000000005,257.50199999999995,208.872,229.413,252.97599999999997,697.7760000000001,1931.248,3430.589,3405.504,2405.4210000000003,1715.08,1007.318,479.8520000000001,293.645,168.37900000000002,98.312,69.50099999999999,45.917,38.602000000000004,35.599,32.068000000000005,24.637,25.532000000000004,19.077,32.595,74.026,0.0
Costa Rica,0.0,0.195,4.28,12.259999999999998,28.41,23.544,23.933999999999997,14.011,6.227,6.228,7.785,12.259,11.286999999999999,20.236,35.22,67.911,77.05699999999999,137.963,259.192,432.76500000000004,532.783,606.727,626.5739999999998,757.7270000000001,803.4559999999999,855.605,1050.9719999999998,1163.8329999999999,1371.654,1346.552,1382.356,1124.7209999999998,1337.017,1344.411,1228.241,1124.3310000000001,1059.729,1120.829,1205.4740000000002,1493.467,1282.725,1413.101,1269.689,1073.739,1231.939,1613.721,1279.029,996.487,772.127,615.289,534.924,484.71900000000005,518.1890000000001,447.358,477.32500000000005,546.7940000000001,637.277,308.617,1124.72,1173.952,1625.397,2380.0099999999998,2820.558,3357.623,3206.4280000000003,2896.0579999999995,2700.302,2319.6890000000003,2087.934,2018.8550000000005,1984.9969999999998,1805.003,1812.786,1714.3229999999999,1596.792,1919.225,2260.727,2403.5559999999996,2945.4840000000004,3216.741,3399.264,2992.574,3117.111,2469.521,1974.683,1386.0520000000001,939.0840000000001,725.426,509.43299999999994,358.62600000000003,270.284,196.923,160.147,119.08800000000001,105.661,62.657,330.022,2722.486,4929.897,6540.895,7585.832,7684.49,6834.3330000000005,5126.237,3703.99,2356.66,1625.203,1258.014,1036.3790000000001,903.279,384.312,690.594,562.75,834.784,1014.973,1726.777,2212.275,2627.916
Cuba,0.0,0.0,0.353,1.06,5.214,13.254000000000001,24.387999999999998,26.772,26.421,17.671,11.486,7.599,4.772,6.539000000000001,9.542,5.301,5.921,1.413,2.7399999999999998,3.886999999999999,2.12,2.12,11.485999999999999,17.319,30.131,25.625,22.002,30.131,26.064999999999998,31.013,26.064999999999998,27.037,14.402000000000001,15.021,27.304,23.592,30.129999999999995,24.21,17.231,27.568,38.613,48.861000000000004,47.626000000000005,77.40299999999999,89.949,141.196,256.947,226.10899999999998,365.539,487.387,405.036,447.44900000000007,437.995,435.08000000000004,449.21500000000003,405.65500000000003,412.813,509.741,543.407,519.195,595.0070000000001,564.524,552.595,611.972,646.961,624.4300000000001,583.963,621.604,765.009,961.784,1554.849,2128.561,3355.6890000000003,3602.83,4559.842,4886.504,4543.7609999999995,4857.876,4732.496,3396.333,4301.304,4174.774,4157.103,3091.0540000000005,2119.461,1417.54,907.4449999999999,546.234,320.123,229.64499999999998,158.603,124.76200000000001,72.89699999999999,43.384,34.636,39.495999999999995,123.437,533.686,1540.8000000000002,1729.357,1606.275,971.7700000000001,594.3009999999999,379.41200000000003,299.625,283.36600000000004,277.62300000000005,320.211,416.878,415.463,333.378,248.111,156.926,111.68599999999999,71.747,45.681000000000004,34.902,9.896
Dominica,0.0,0.0,0.0,0.0,152.414,13.856,27.712,0.0,0.0,0.0,0.0,0.0,0.0,0.0,27.712,0.0,0.0,0.0,0.0,0.0,0.0,0.0,0.0,0.0,0.0,0.0,13.856,0.0,27.712,0.0,0.0,96.991,13.856,13.856,55.423,55.423,96.991,69.279,0.0,110.846,0.0,27.712,13.856,0.0,0.0,249.404,41.567,41.567,55.423,55.423,0.0,180.125,110.847,27.712,166.26999999999998,0.0,69.279,55.423,0.0,0.0,110.847,13.856,0.0,41.567,83.135,55.423,0.0,13.856,27.712,13.856,27.712,41.567,27.712,41.567,13.856,110.846,2688.0239999999994,5223.633,5348.335,2688.023,6207.394,6623.065999999999,6082.691,4960.371999999999,4794.104,2840.437,4918.804999999999,3810.3410000000003,2466.331,3796.487,4904.95,3186.832,4170.593,2036.801,734.357,3242.255,4073.602,5251.343,7246.578,8299.618,5777.864,8161.06,8161.059,5362.191,2978.995,3214.544,3519.371,2383.1949999999997,872.915,1441.002,859.059,484.953,318.683,304.827,4891.094,4142.88,5971.845,8812.282
Dominican Republic,0.0,0.182,0.274,5.569,42.816,70.204,103.343,124.798,129.087,124.341,164.144,169.531,171.54,192.538,164.328,256.807,227.868,363.89599999999996,413.46799999999996,523.202,638.962,689.995,799.09,574.599,521.284,394.569,258.269,264.476,315.50800000000004,332.308,264.477,218.465,322.356,222.39,177.84,211.25300000000001,208.33100000000002,265.571,324.912,365.813,367.637,437.933,396.578,545.112,573.139,508.776,760.018,895.222,721.673,718.752,512.703,429.352,338.05899999999997,281.002,254.89,263.471,213.90099999999998,200.755,221.56900000000002,269.041,259.547,238.91400000000002,282.735,436.20000000000005,489.149,602.8100000000001,720.121,640.605,564.558,480.02099999999996,501.19899999999996,365.904,332.30699999999996,196.737,168.07199999999997,175.649,135.662,128.723,147.529,144.244,119.50299999999999,150.177,153.464,243.11399999999998,364.718,343.90200000000004,458.4750000000001,426.33900000000006,484.85799999999995,558.167,569.4879999999999,374.94200000000006,128.449,147.62,107.634,159.034,446.515,2287.625,3509.8610000000003,3323.348,1347.5790000000002,657.859,569.4879999999999,198.654,203.036,138.856,44.186,79.79,32.501,26.383000000000003,26.108999999999998,22.55,20.175,26.84,45.19,54.137,57.697,45.099000000000004
Ecuador,0.0,0.7270000000000001,0.224,18.951,60.876000000000005,86.368,206.613,66.692,765.689,202.197,246.919,136.735,171.34,129.301,167.92899999999997,170.502,188.668,230.59599999999998,340.051,194.707,292.646,316.796,297.341,320.71,326.298,323.841,282.41600000000005,238.644,259.385,429.21500000000003,383.20799999999997,310.424,307.293,270.063,326.91499999999996,421.11000000000007,241.273,290.019,235.515,260.391,311.54100000000005,188.612,194.484,162.563,229.421,259.105,364.313,354.977,472.65099999999995,314.896,357.884,321.381,531.1800000000001,375.829,350.674,501.831,591.61,522.068,531.235,619.7850000000001,735.0540000000001,509.154,687.538,451.74300000000005,396.96000000000004,297.678,335.30100000000004,318.193,351.45599999999996,371.636,435.755,275.652,317.019,307.74,325.573,213.15500000000003,140.704,171.954,102.301,137.797,73.12,71.385,61.381,118.289,43.268,63.057,83.014,90.561,99.113,128.574,120.134,107.668,110.40599999999999,182.018,164.296,256.703,410.097,540.292,2163.6279999999997,2830.426,2354.701,1978.0890000000002,842.5540000000001,1534.787,1052.913,472.707,421.724,332.00100000000003,424.855,144.84199999999998,196.10399999999998,122.257,88.605,59.871,46.398,97.381,74.964,63.784
El Salvador,0.0,0.0,0.0,0.153,1.5350000000000001,4.142,9.358,9.051,12.887,23.010999999999996,45.409,65.352,70.56899999999999,70.414,69.648,83.915,111.375,159.85299999999998,236.251,250.825,278.591,350.38800000000003,369.87,382.604,358.365,242.53999999999996,152.64300000000003,86.215,86.983,75.938,184.39800000000002,98.02700000000002,90.97200000000001,183.325,148.04,160.46599999999998,174.88600000000002,161.081,136.84199999999998,153.563,173.65900000000002,189.154,233.18299999999996,260.336,248.984,222.751,290.40500000000003,289.636,236.09699999999998,199.74099999999999,182.71,167.215,147.733,142.82500000000002,129.784,142.825,130.552,132.238,47.71,269.694,140.216,111.989,162.15499999999997,101.25,136.534,157.398,137.302,185.62599999999998,206.489,120.733,196.671,175.19299999999998,294.546,282.12,295.928,268.621,269.694,392.269,210.785,307.893,315.257,242.234,356.37,356.524,508.70599999999996,387.20599999999996,322.467,173.66,0.0,197.284,48.937,0.0,135.614,0.0,250.67100000000002,39.42699999999999,31.296,44.335,206.029,526.962,0.0,283.348,0.0,1944.773,0.0,1315.947,0.0,702.309,0.0,0.0,79.466,22.091,0.0,0.0,0.0,0.0,0.0,0.0
Grenada,0.0,0.0,0.0,0.0,61.938,44.242000000000004,17.697,0.0,8.848,17.696,0.0,8.848,0.0,8.848,0.0,0.0,0.0,0.0,0.0,0.0,0.0,0.0,8.848,0.0,0.0,0.0,0.0,0.0,0.0,0.0,0.0,0.0,0.0,8.848,0.0,0.0,17.696,17.697,79.63499999999999,0.0,0.0,17.697,451.267,159.27100000000002,132.726,0.0,106.181,0.0,8.848,0.0,0.0,0.0,0.0,0.0,0.0,53.09,8.848,0.0,0.0,0.0,35.394,8.848,0.0,8.848,0.0,0.0,0.0,0.0,0.0,0.0,0.0,0.0,0.0,26.545,0.0,0.0,141.57399999999998,141.574,929.0799999999999,4424.191,7512.278,10131.399,11290.536000000002,4158.741,2300.58,902.5360000000001,663.629,212.362,150.423,17.697,26.545,159.27200000000002,106.18,53.089000000000006,53.090999999999994,256.603,1990.887,9538.557,14068.928,12608.947,9343.893,4096.802000000001,2990.7529999999997,2203.247,1203.38,97.332,0.0,2176.702,274.29999999999995,265.451,106.181,1247.622,1477.6799999999998,1778.525,5963.81,7618.458,7096.403000000001,2159.006
Guatemala,0.0,0.0,0.0,0.6020000000000001,0.603,0.8770000000000001,3.5620000000000003,4.218999999999999,10.684000000000001,9.369,11.616,37.042,53.699000000000005,85.096,95.672,120.0,165.36999999999998,168.385,268.276,280.44100000000003,285.537,287.18,290.249,235.125,287.071,253.592,277.537,184.166,193.317,147.18,204.165,185.644,174.63199999999998,158.192,157.481,148.329,140.43900000000002,168.385,166.46699999999998,148.768,164.76800000000003,174.74099999999999,162.357,136.16500000000002,167.946,205.37099999999998,242.90499999999997,238.79600000000002,243.618,174.084,183.344,175.563,157.973,185.26299999999998,199.289,222.523,245.15200000000002,108.82300000000001,331.837,439.83900000000006,409.975,348.716,285.975,289.701,276.111,319.07099999999997,335.18,433.757,398.797,495.347,441.20899999999995,718.5260000000001,730.964,787.402,806.143,933.048,989.2669999999999,1184.009,1210.857,1123.844,1031.296,849.7049999999999,942.9110000000001,802.91,616.553,411.455,316.27599999999995,315.291,174.467,203.892,180.002,182.138,84.658,126.137,70.192,74.90599999999999,177.098,384.879,618.3059999999999,780.443,905.759,947.294,1099.5700000000002,1058.693,930.1429999999999,717.375,591.784,515.183,403.784,313.536,204.715,118.57600000000001,210.90500000000003,191.727,123.893,134.79500000000002,184.658,44.986999999999995
Guyana,0.0,0.0,1.265,7.592,16.448999999999998,18.979,17.714,22.775,12.652999999999999,11.387,15.183000000000002,27.836,12.653,29.102,1.265,6.327,30.368,40.489000000000004,32.897999999999996,22.775,36.693,31.632,67.062,136.65300000000002,120.202,261.916,322.651,274.57,384.651,366.935,684.5240000000001,307.466,493.46600000000007,337.833,316.32399999999996,188.529,373.262,303.671,266.978,274.569,332.773,255.588,249.264,232.814,74.652,149.30399999999997,334.038,369.466,387.181,387.182,306.202,189.794,144.242,226.488,375.79200000000003,461.834,533.955,473.22,528.894,756.6469999999999,867.9920000000001,864.196,846.483,993.2570000000001,727.5440000000001,898.36,805.9929999999999,732.607,675.669,886.9720000000001,578.239,669.342,540.282,479.547,465.62899999999996,404.895,521.303,749.056,940.114,1448.7649999999999,1272.8890000000001,1632.2299999999998,1709.415,1452.5590000000002,1110.9289999999999,852.808,651.628,590.894,563.056,725.0150000000001,560.526,606.076,456.771,423.87300000000005,377.05899999999997,284.69100000000003,616.1990000000001,4365.2699999999995,6087.339,6967.984,2554.632,2097.8599999999997,951.502,542.811,275.835,168.284,84.774,60.735,50.611,32.897,54.406,61.99999999999999,49.347,55.672999999999995,75.91799999999999,255.58999999999997,468.15899999999993,144.243
Haiti,0.0,0.0,0.0,0.173,0.52,0.693,1.04,0.954,1.647,0.346,2.34,9.097,33.79,50.772,100.59299999999999,100.158,64.723,44.446,43.061,33.357,27.726,18.973999999999997,15.682,11.436,17.241999999999997,16.202,11.697,8.404,8.924,8.578,7.797,7.105,5.3709999999999996,4.678,4.678999999999999,4.765,4.766,3.726,3.466,3.898,4.244,7.538,14.037,17.155,14.642,16.289,28.419,28.419,31.798000000000002,20.102,22.354,16.462,8.491,9.184,8.317,4.852,3.119,4.506,2.426,3.1189999999999998,5.112,9.704,9.357,9.011,23.481,35.783,80.578,82.83,67.582,95.653,60.217,48.693999999999996,13.343,33.617000000000004,27.291999999999998,21.573,15.682,15.768,12.476,12.477,16.028,14.555999999999997,13.515,37.257,37.949,38.557,40.982,36.129999999999995,9.79,40.722,19.494,22.439999999999998,37.776,20.273999999999997,14.123000000000003,2.5999999999999996,3.032,27.64,67.408,101.199,45.314,62.209,29.978,19.32,15.076,3.639,4.592,2.7729999999999997,2.859,3.1189999999999998,2.513,0.7799999999999999,3.985,4.332,1.126,0.867,2.8600000000000003,3.032
Honduras,0.0,0.0,0.199,2.185,4.372,12.622000000000002,11.726999999999999,4.968,13.316,17.588,75.62299999999999,64.593,90.629,126.701,87.15100000000001,196.462,278.546,366.49199999999996,507.702,410.613,413.595,473.61699999999996,355.36100000000005,365.696,247.83900000000003,338.07,479.678,412.699,168.63799999999998,345.325,268.012,369.771,374.043,352.281,389.049,413.793,267.11699999999996,202.52499999999998,98.97699999999999,268.20900000000006,223.293,372.454,215.543,243.16899999999998,385.27200000000005,239.79,543.477,563.948,583.524,611.448,508.69499999999994,426.21599999999995,438.835,280.533,412.202,350.293,437.84200000000004,269.403,437.842,413.09700000000004,540.297,659.544,513.068,460.499,556.096,428.303,406.142,409.52099999999996,404.95,518.831,551.1270000000001,577.562,552.0219999999999,733.181,1041.042,876.9750000000001,1023.453,1052.868,701.581,706.549,702.7719999999999,579.152,532.942,423.134,174.401,281.328,164.86100000000002,105.833,89.437,55.648999999999994,54.356,43.625,38.955,17.092,26.035999999999998,0.0,32.694,0.0,117.858,504.323,433.172,0.0,0.0,1280.931,640.764,247.143,100.865,156.11700000000002,230.647,43.824,20.471,0.0,100.06899999999999,89.834,69.562,56.443999999999996,32.197,8.745
Jamaica,0.0,0.0,2.69,2.6910000000000003,3.364,5.7170000000000005,3.364,26.232,42.038000000000004,42.711,9.081999999999999,7.064,9.081,8.408000000000001,4.709,6.054,12.443999999999999,9.754,10.425999999999998,8.408000000000001,3.363,19.17,13.788,34.975,26.567999999999998,88.785,223.644,286.198,163.78199999999998,318.822,324.539,285.86199999999997,191.023,192.704,148.984,112.664,111.65299999999999,84.41199999999999,124.76899999999999,121.07,106.945,149.994,144.949,155.374,77.687,161.427,180.59700000000004,189.00500000000002,232.052,331.601,567.015,588.876,520.269,658.8290000000001,1373.483,1364.7400000000002,939.308,746.604,468.814,455.361,322.18399999999997,239.11599999999999,218.93699999999998,189.005,182.61700000000002,130.822,150.32999999999998,93.493,111.654,101.565,93.494,109.637,119.053,213.219,335.635,427.112,749.632,1075.8490000000002,1216.428,1363.73,1341.198,1107.463,908.3679999999999,578.4490000000001,424.75800000000004,363.549,248.195,207.166,187.99599999999998,140.576,137.54899999999998,133.177,83.06700000000001,77.688,83.068,113.336,473.186,1618.989,2665.9159999999997,2511.214,1452.85,830.6809999999999,319.82899999999995,184.971,114.346,76.006,51.119,41.365,43.047,53.137,54.146,65.917,80.042,164.454,272.073,401.21500000000003,647.057,479.91200000000003
Mexico,0.008,0.016,0.154,1.2429999999999999,3.577,6.446999999999999,15.0,20.39,41.263,52.947,72.42300000000002,88.835,118.091,144.102,172.83499999999998,196.34999999999997,213.377,254.794,249.105,284.112,276.597,302.253,304.01099999999997,270.331,272.274,245.81199999999998,226.636,240.88400000000001,221.78300000000002,191.774,205.255,204.656,399.709,209.83,258.45599999999996,245.74400000000003,231.578,272.181,174.387,445.15700000000004,425.042,468.163,461.454,449.61699999999996,460.36400000000003,494.287,657.896,783.2819999999999,687.428,427.145,405.90400000000005,320.85999999999996,296.37100000000004,270.047,244.92700000000002,184.513,201.17800000000003,172.367,175.56199999999998,165.19699999999997,148.424,138.314,108.198,102.69900000000001,92.53699999999999,103.238,139.167,131.41,147.947,204.326,213.293,304.639,424.89,422.53200000000004,671.4159999999999,736.774,799.0419999999999,807.117,720.8679999999999,586.747,453.846,354.9770000000001,507.684,403.00100000000003,271.851,272.281,170.01,158.341,95.584,99.061,102.356,161.252,135.235,109.486,96.414,132.571,226.642,723.172,1105.362,1891.6219999999998,2133.9429999999998,1457.8670000000002,652.3620000000001,633.7449999999999,625.015,322.872,287.72,148.301,132.248,115.399,418.026,22.108999999999998,38.131,41.002,3.071,45.846,52.118,56.286
Nicaragua,0.0,0.0,0.0,0.149,0.0,0.149,0.298,0.149,0.298,0.298,0.298,1.343,37.897,71.616,53.563,51.623,53.563,51.773,52.071,48.789,44.909,43.567,34.764,34.316,31.78,29.243,27.304,25.961,22.38,21.336,16.71,14.472,14.025,13.279,12.085,11.936,11.488,10.444,9.549,8.803,8.057,7.311,7.609,7.908,8.206,7.609,8.206,7.758,7.311,6.863,7.162,7.609,7.012,6.565,7.162,6.714,7.012,7.162,7.46,7.609,8.504,9.4,13.577,14.472,15.964,19.545,23.425,27.005,5.073,33.421,38.494,42.224,45.655,50.877,54.011,57.144,59.382,62.814,73.854,84.746,91.758,100.711,105.187,107.126,102.352,89.968,75.197,27.005,41.329,26.558,21.783,19.247,15.218,11.041,9.4,7.609,6.714,5.819,5.52,6.117,6.863,8.803,12.234,15.517,16.263,15.069,14.622,12.98,11.19,10.295,8.504,0.0,0.0,0.0,0.0,0.0,0.0,0.0
Panama,0.0,0.0,6.163,23.051,108.179,157.24900000000002,246.25899999999996,237.81199999999998,257.44100000000003,269.765,223.662,225.03300000000004,186.69,445.958,558.017,731.9280000000001,961.981,1068.7920000000001,1218.0520000000001,1431.902,1614.942,1308.203,1458.8339999999998,1409.7649999999999,1312.5400000000002,850.605,1174.004,972.0229999999999,918.6170000000001,875.9399999999999,874.113,879.5899999999999,955.818,874.571,857.9089999999999,993.248,949.885,1362.749,1593.0310000000002,1863.9379999999999,2317.428,2709.523,3588.8849999999998,3897.221,4794.842,4855.094999999999,3838.796,2630.098,1917.571,1377.127,1031.817,832.347,854.4860000000001,752.6959999999999,627.3990000000001,588.6,536.7929999999999,537.02,462.16100000000006,427.243,401.91,429.07,437.741,632.876,633.3320000000001,702.942,843.075,985.9459999999999,1150.041,1295.422,1400.4080000000001,1436.924,1430.761,1376.214,1227.182,900.1320000000001,1162.365,920.2159999999999,808.611,655.9290000000001,472.659,404.649,387.53100000000006,306.967,268.168,236.216,286.427,227.087,148.12,211.79600000000002,209.05599999999998,287.796,282.31800000000004,382.05400000000003,480.19100000000003,647.0260000000001,1989.2350000000001,4481.714,8313.662,13536.661,13406.113999999998,6583.237999999999,4174.518,1708.058,1192.947,492.06,396.433,406.245,461.249,353.982,381.826,448.696,578.558,913.3690000000001,1771.9640000000002,3735.408,4254.17,1780.4070000000002
Paraguay,0.0,0.0,0.9710000000000001,1.525,4.71,5.126,4.018000000000001,9.420000000000002,2.356,14.543999999999999,26.733000000000004,9.697000000000001,8.311,9.281,17.037,22.714999999999996,10.389,48.34100000000001,56.37500000000001,48.617999999999995,88.231,82.41499999999999,139.895,141.696,320.93,437.00300000000004,401.54400000000004,578.976,642.8290000000001,665.1299999999999,583.27,659.589,668.038,623.854,587.84,492.13000000000005,456.532,478.002,553.0740000000001,634.243,743.5269999999999,678.704,745.605,655.2969999999999,579.946,730.7839999999999,798.239,654.049,665.545,601.415,691.864,864.4479999999999,951.8469999999999,1007.529,1471.542,1582.7640000000001,1676.676,1563.652,1765.877,1809.0929999999998,2045.807,1908.8210000000001,1829.7299999999998,1846.6290000000001,2144.566,2455.386,2433.639,2308.425,1903.419,1419.045,1312.393,1105.3190000000002,935.503,565.264,438.664,298.352,224.24900000000002,122.305,95.158,60.667,40.028,43.908,27.563,26.04,24.102000000000004,20.915,49.44899999999999,36.705,41.693,48.34,79.507,56.375,82.275,54.019999999999996,61.776,129.09199999999998,148.623,910.295,417.334,5660.808,6761.139000000001,3836.893,2175.038,1804.107,595.3199999999999,590.611,282.01,148.899,109.97699999999999,71.61,12.882,0.0,81.445,58.313,36.428,0.0,78.259,0.0
Peru,0.0,0.03,0.81,5.875,9.503,27.699000000000005,124.432,199.07500000000002,216.67200000000003,453.486,578.936,583.942,694.1670000000001,975.1669999999999,951.1249999999999,690.3590000000002,814.642,630.287,587.84,616.498,684.274,793.2090000000001,945.19,1690.167,1571.4,1521.699,1376.823,1204.579,995.7919999999999,1002.0550000000001,1144.266,710.8340000000001,511.09999999999997,409.24,523.361,434.0,435.919,381.722,337.746,247.786,201.053,247.336,255.22,435.40999999999997,287.505,331.031,894.5899999999999,805.889,1102.477,960.149,1176.999,1230.717,1404.102,778.912,1087.459,1469.9,1820.746,1420.049,1635.46,1237.911,1439.744,1357.788,749.7739999999999,1018.992,938.596,635.5930000000001,857.6579999999999,529.534,753.1009999999999,602.019,428.424,498.56899999999996,340.534,270.209,170.597,334.658,216.10000000000002,216.67100000000002,181.358,174.073,155.1,121.49499999999999,148.53400000000002,150.543,144.93599999999998,142.748,148.894,143.138,137.233,178.60000000000002,228.003,248.68599999999998,248.146,251.234,219.848,274.166,540.297,1240.219,4619.505,8303.053,6780.275,5112.740000000001,2266.107,1378.891,529.206,362.717,262.20500000000004,131.357,106.267,82.256,81.02699999999999,82.765,126.02199999999999,156.327,133.93599999999998,65.649,147.36499999999998,40.438
Saint Lucia,0.0,0.0,0.0,5.423,5.423,54.23,5.423,0.0,0.0,10.846,5.423,0.0,0.0,0.0,5.423,0.0,0.0,0.0,16.269,0.0,5.423,5.423,5.423,0.0,0.0,5.423,0.0,0.0,5.423,0.0,0.0,0.0,5.423,16.269,81.345,140.99800000000002,173.536,178.959,233.188,227.76500000000004,54.230000000000004,48.807,32.538000000000004,124.728,260.303,227.76500000000001,748.37,780.908,2304.76,1957.6899999999998,3655.0769999999998,721.254,2689.791,2483.7179999999994,791.753,672.4449999999999,422.992,401.3,303.68600000000004,276.571,292.84000000000003,482.64300000000003,254.88,726.678,634.4870000000001,542.297,395.876,325.379,146.42000000000002,276.572,178.959,422.9920000000001,341.646,249.457,352.493,558.5640000000001,2250.5299999999997,3622.5389999999998,4110.607,4539.021,2049.881,4430.561,3047.706,2819.942,1659.426,862.252,970.7099999999998,677.8699999999999,618.218,650.756,363.339,325.378,395.87699999999995,319.954,271.15,607.372,1599.7749999999999,4197.375,12554.162,9636.608,5146.392,3259.202,2272.2219999999998,2906.708,981.5559999999998,455.52799999999996,542.297,244.03400000000005,222.343,216.92000000000002,276.572,113.883,580.2570000000001,840.559,1306.934,2868.748,3844.8819999999996,1404.548
Saint Vincent and the Grenadines,0.0,0.0,0.0,0.0,0.0,17.974,44.936,0.0,17.974,17.974,8.987,0.0,8.987,71.898,0.0,8.987,17.974,0.0,0.0,0.0,53.923,125.82000000000001,17.974,17.974,8.987,8.987,17.974,8.987,26.961,0.0,0.0,0.0,0.0,8.987,53.923,8.987,17.974,17.974,53.923,8.987,17.974,62.911,53.923,71.898,107.846,242.655,2022.126,2156.935,1581.7530000000002,2462.5009999999997,1509.854,683.029,188.732,799.863,260.63,107.847,224.68099999999998,278.603,305.565,260.628,71.898,305.565,278.60400000000004,179.74399999999997,269.617,368.477,341.515,575.183,323.539,215.69400000000002,98.858,107.84599999999999,152.78300000000002,98.86,179.745,62.910000000000004,89.87099999999998,107.846,53.923,242.65599999999998,539.233,1500.867,3864.509,2839.964,3612.8659999999995,1177.327,3558.942,1231.249,1267.199,1482.8919999999998,970.6210000000001,979.607,709.991,1015.5569999999999,593.157,629.106,197.719,3567.9300000000003,3001.7339999999995,305.56600000000003,25451.832,1186.314,979.608,1204.288,242.654,98.85900000000001,62.91,26.962,53.923,26.961,35.949,80.88499999999999,314.55299999999994,323.53999999999996,179.745,494.298,871.761,314.553
Suriname,0.0,0.0,0.0,5.069,6.76,3.38,0.0,0.0,0.0,0.0,0.0,0.0,1.69,1.69,128.422,147.01,163.906,145.31900000000002,158.838,272.05199999999996,341.333,513.6869999999999,454.547,748.566,898.9559999999999,843.1919999999999,471.445,503.55,353.16099999999994,189.253,182.495,114.905,158.838,131.80100000000002,54.07199999999999,59.141999999999996,40.556,57.452,25.347,27.037,16.898,25.346999999999998,201.083,623.524,572.831,863.4699999999999,778.982,804.3280000000001,615.074,364.98900000000003,216.29000000000002,101.386,96.316,79.42,69.28,55.76299999999999,45.623000000000005,59.141999999999996,189.253,368.36800000000005,653.94,620.145,853.332,1160.868,1544.445,2326.807,2524.51,2546.477,2477.1980000000003,1965.197,1694.8349999999998,1632.315,1287.6009999999999,866.851,827.9859999999999,848.262,871.9199999999998,1133.832,1843.5339999999999,2426.5029999999997,3766.486999999999,5664.095,4837.799,2911.4660000000003,3276.4559999999997,3146.3450000000003,2639.4150000000004,1556.2730000000001,736.738,753.6360000000001,579.589,506.92900000000003,370.05899999999997,294.02000000000004,327.815,265.293,1466.7169999999999,7063.22,9116.287,9854.714,5410.629000000001,3531.611,2490.7140000000004,1113.556,648.87,611.6949999999999,427.51099999999997,273.743,346.401,133.492,20.277,59.142,43.934,57.452,96.317,1039.206,392.026,297.399
Trinidad and Tobago,0.0,0.0,0.0,4.9879999999999995,12.115,17.101,4.276,1.426,0.713,0.713,0.0,0.0,0.0,0.0,0.0,0.0,4.275,0.713,2.85,2.138,2.138,3.563,15.677999999999999,37.054,107.59799999999998,261.51099999999997,444.64200000000005,281.465,423.978,468.87,302.129,225.885,218.04500000000002,141.08800000000002,146.79,117.57499999999999,75.533,101.185,131.113,186.693,74.82000000000001,71.97,64.845,87.64699999999999,38.48,40.617000000000004,70.545,61.279999999999994,50.591,46.318,17.815,17.102000000000004,19.951,17.102,19.239000000000004,37.054,71.257,115.436,133.251,210.921,411.15200000000004,952.703,1174.313,1608.2670000000003,2163.357,2263.118,1995.1909999999998,1363.856,1254.8329999999999,899.261,772.423,775.986,785.25,820.168,849.38,545.8280000000001,1014.697,828.717,738.934,715.419,889.284,818.029,917.788,770.2860000000001,840.1179999999999,861.4950000000001,937.7399999999999,993.321,1040.3490000000002,1812.773,2117.04,2510.38,2906.5669999999996,3351.922,2699.209,2957.871,1806.36,2756.9269999999997,2298.034,3330.545,2630.091,2249.578,3178.7670000000003,1933.911,2383.542,1700.8999999999999,1724.416,1237.732,1199.252,1138.685,1292.5990000000002,1339.6290000000001,1288.3229999999999,2202.549,1862.654,1593.3029999999999,1938.1850000000002,1043.2
Uruguay,0.0,0.0,1.148,29.842,39.884,23.816,26.972,8.033999999999999,13.199,14.921000000000003,12.051,8.609,5.738999999999999,14.921,3.731,0.574,1.722,17.217,8.036,8.608,14.633000000000001,35.005,25.825,13.485,24.676000000000002,23.528000000000002,10.044,23.814999999999998,29.840999999999998,31.563000000000002,18.076,28.406,37.013,52.222,74.028,78.90700000000001,70.586,126.824,149.204,212.043,350.056,540.5790000000001,794.8,944.2909999999999,1014.3029999999999,1166.09,1713.554,1291.478,1022.05,895.7999999999998,865.386,837.266,1256.473,1310.4159999999997,1739.952,2372.349,3563.6879999999996,4674.115,6898.406999999999,5218.9980000000005,4917.146,4620.1720000000005,4372.264,4707.399,5870.905,5792.860999999999,5829.875,5962.724,4277.5740000000005,2927.562,1881.6970000000001,1068.5339999999999,630.963,406.87,302.14,223.23200000000003,212.61700000000002,198.26899999999998,144.9,229.83099999999996,244.75300000000001,254.507,217.495,172.446,198.843,237.293,279.759,408.877,343.17100000000005,308.738,329.11100000000005,338.006,390.514,381.045,434.98699999999997,712.7379999999999,1803.078,6532.857,13540.297999999999,19732.282,18525.734,16361.122,13202.294,10115.769999999999,6593.398999999999,3701.4159999999997,2577.505,2746.796,2288.28,1516.433,1112.433,538.283,52.508,600.261,532.545,808.286,1589.027,2384.401
Venezuela,0.0,0.0,0.0,1.3940000000000001,1.2890000000000001,1.185,0.5569999999999999,1.0110000000000001,3.17,0.41900000000000004,1.498,1.986,15.329,12.540999999999999,23.898,19.613,23.933000000000003,34.489,49.016999999999996,71.52199999999999,70.128,96.84799999999998,126.982,164.53699999999998,223.655,195.506,171.469,209.96500000000003,226.372,193.137,185.474,170.00500000000002,141.091,115.137,84.62,85.248,79.84599999999999,60.72200000000001,72.601,72.775,73.749,88.41699999999999,77.269,63.474000000000004,67.341,55.182,93.504,121.547,88.173,101.30699999999999,91.135,82.6,93.78099999999999,91.16999999999999,101.062,131.196,160.217,246.196,283.01700000000005,237.69299999999998,260.511,249.43399999999997,220.02999999999997,224.666,280.231,282.008,272.044,282.392,272.81,262.638,238.84400000000002,228.009,236.26500000000001,179.30700000000002,206.305,180.944,181.81499999999997,159.276,177.461,180.701,252.91799999999998,231.528,217.106,241.352,365.372,270.99899999999997,255.18400000000003,164.43200000000002,185.85700000000003,192.51,164.88400000000001,171.364,125.901,103.816,87.476,77.165,56.994,41.735,209.127,454.034,388.33,393.764,235.185,236.37099999999998,100.12199999999999,66.92099999999999,39.784,43.407,21.529,14.632000000000001,21.494999999999997,19.962,1.8820000000000001,6.411,10.451,8.674,11.044,5.05
